reaction_id,l1_score_sd,l1_score_range,l1_spearman_vs_prior,mean_external_minus_prior_rank,mean_external_minus_prior_top1
45033,7.259472064618241,22.713121215502422,0.21666666666666667,0.3333333333333333,-0.3333333333333333
45034,4.8918928843550775,14.86834971110026,0.27777777777777773,0.0,0.0
45035,10.70769398987855,37.47865835825602,0.38181818181818183,0.0,0.0
45036,10.252859530711268,35.629302660624184,0.5555555555555555,0.3333333333333333,-0.3333333333333333
45037,5.122272522652249,15.726058801015219,0.7023809523809526,1.3333333333333333,-1.0
45038,10.29362406237621,31.771623611450195,-0.10555555555555556,0.6666666666666666,-0.3333333333333333
45039,0.0,0.0,,0.0,0.0
45040,7.756403588613023,20.232763131459553,0.44999999999999996,0.6666666666666666,-0.6666666666666666
45041,3.0780226800106614,9.149766445159912,0.1547619047619048,2.0,-0.6666666666666666
45042,8.728525203853044,28.029359340667725,0.5444444444444444,0.6666666666666666,0.0
45043,6.168566135556883,20.23894278208415,-0.02777777777777779,0.0,0.0
45044,3.460195024808248,6.920390049616496,-0.9999999999999999,1.0,-1.0
45046,15.561978991592051,42.93621222178141,0.3,0.0,0.0
45047,11.086333075993187,37.549139420191445,0.21904761904761907,0.0,0.0
45048,10.63784819740786,31.68058943748474,-0.4920634920634921,2.3333333333333335,-1.0
45050,3.9459486474250802,12.214849392573038,0.642857142857143,1.3333333333333333,-1.0
45051,6.7745134802170925,21.182022353013355,0.5793650793650794,0.0,0.0
45052,7.263092690140483,28.344571123520534,0.13535353535353536,0.0,0.0
45055,13.997432649917775,38.25175499916077,0.8571428571428572,-0.6666666666666666,0.6666666666666666
45056,6.657448732779025,19.65563889344533,0.8262626262626261,0.0,0.0
45057,4.431783031128688,14.514380892117819,0.15959595959595957,1.0,0.0
45058,6.632846033933089,23.228031436602276,0.4101010101010101,0.3333333333333333,0.0
45059,7.50089709546983,25.839352130889893,0.8277777777777778,0.0,0.0
45060,11.132038678748915,41.88057347138723,0.7575757575757575,0.0,0.0
45061,5.861313337039776,16.498176256815594,0.888888888888889,0.3333333333333333,-0.3333333333333333
45062,3.144629431715695,10.977671494086584,-0.002020202020202017,1.0,0.3333333333333333
45063,3.852360103781971,12.409549951553345,0.31717171717171716,1.0,-0.6666666666666666
45064,12.466259202912125,35.14316554864248,0.27777777777777785,-1.6666666666666667,0.6666666666666666
45065,10.774753324193336,26.811451315879822,0.6380952380952382,0.6666666666666666,-0.6666666666666666
45068,8.882939769588928,26.22112641731898,-0.2222222222222222,0.0,0.0
45069,9.053929897604698,31.799362262090046,0.6,0.0,0.0
45070,7.471058518031316,20.69583151737849,0.22619047619047625,0.6666666666666666,-0.6666666666666666
45071,11.181653691945838,28.22464148203532,0.3333333333333333,0.0,0.0
45072,13.28663524907684,40.62132994333903,0.06666666666666668,0.0,0.0
45073,10.169222372781975,34.24421246846517,0.6,1.6666666666666667,-1.0
45074,6.315883925996162,14.163235505421957,0.8333333333333334,0.0,0.0
45075,6.867752799729284,23.702744007110596,0.16767676767676765,-1.0,1.0
45076,10.74676169519683,38.61376643180847,0.7760927440982158,0.0,0.0
45078,7.306107166292801,26.680215001106262,0.7616161616161615,0.0,0.0
45080,8.4464511211898,31.975836435953777,0.6428571428571429,2.6666666666666665,0.0
45081,14.72899519059707,39.51001763343811,0.3650793650793651,0.0,0.0
45082,6.264422338368459,22.260619163513184,0.11904761904761907,0.0,0.0
45083,12.379733073085179,37.546149944265686,0.1507936507936508,-7.0,1.0
45084,8.58311875873733,25.935599486033123,0.37142857142857144,0.0,0.0
45085,8.159631851153733,22.728012323379517,0.8690476190476192,2.0,0.0
45087,10.472161106546713,28.221296379963558,0.19841269841269846,-0.6666666666666666,0.6666666666666666
45092,12.668348026621246,47.93063767751058,0.2929292929292929,-5.0,1.0
45093,4.252378802948236,14.947152535120646,-0.07777777777777778,7.0,-1.0
45094,16.339618537340197,43.38147481282552,0.7777777777777777,2.0,-1.0
45099,6.491355852788705,20.18509594599406,0.13333333333333333,-3.0,0.0
45100,8.738235611001892,34.9256394704183,0.2606060606060606,1.6666666666666667,-1.0
45101,4.456302105092142,13.95216989517212,0.03571428571428572,3.0,-1.0
45102,11.63198395465089,40.2508901755015,0.5676767676767676,0.6666666666666666,0.0
45103,6.4276959687636,21.66345453262329,0.6666666666666669,0.0,0.0
45104,10.588802034737336,35.23267833391825,0.29365079365079366,-1.3333333333333333,0.0
45105,15.46235164866817,44.10934376716614,0.3095238095238096,-1.0,1.0
45106,10.173349865342617,35.507069423794746,0.7818181818181817,2.3333333333333335,0.0
45107,7.518600166708534,22.90084441502889,0.07936507936507937,-2.0,0.0
45108,4.567774231790837,11.113462845484415,-0.5,2.0,-1.0
45109,8.914392217100215,32.43632684151331,0.8888888888888888,-1.0,1.0
45111,10.938235218485254,36.64210899670919,0.4262626262626263,0.0,0.0
45112,6.805931924074808,24.339287598927815,0.37777777777777777,0.6666666666666666,0.0
45113,7.114603858212017,23.119713226954143,-0.016666666666666677,3.0,-1.0
45115,4.915517723567302,14.463673035303751,0.038888888888888896,-4.666666666666667,0.3333333333333333
45116,4.767572906403683,13.782369693120321,0.5944444444444444,3.3333333333333335,-1.0
45117,11.193680113433432,35.00183375676473,-0.6242424242424242,1.0,0.0
45119,12.629077350099882,25.258154700199764,0.9999999999999999,0.0,0.0
45120,10.272853735454426,37.44125525156657,0.42777777777777776,-1.0,1.0
45121,7.582187926374967,28.84317922592163,0.5055555555555555,0.0,0.0
45122,6.309443961277197,21.111056168874104,0.22222222222222224,0.0,0.0
45123,9.736936483354333,33.18581827481588,0.7380952380952381,1.0,-1.0
45124,4.296229448461097,13.872949679692587,0.5878787878787879,0.0,0.0
45128,13.52491343260615,38.400705774625145,0.806060606060606,1.6666666666666667,0.0
45129,18.821289585618928,44.808489521344505,0.04761904761904764,-0.6666666666666666,0.6666666666666666
45130,9.04964919361115,28.982741832733154,0.37777777777777777,3.0,-1.0
45131,8.095559199320556,26.47744091351827,0.6587301587301587,0.0,0.0
45133,5.804667298569805,20.00150791803996,0.8174603174603176,0.0,0.0
45135,7.900281300285502,25.35245410601298,0.3656565656565656,4.666666666666667,0.0
45136,9.627313409461298,27.449194033940632,0.3809523809523811,2.3333333333333335,-1.0
45137,15.882384470945311,48.948992570241295,0.36904761904761907,0.0,0.0
45139,8.756457327056795,27.920212388038635,0.28571428571428575,-1.0,1.0
45140,9.5016258492166,30.432753920555115,0.4424242424242424,0.0,0.0
45142,13.18065212946422,38.00420467058817,0.642857142857143,0.0,0.0
45143,10.170041490327913,26.43183211485545,-0.20404040404040402,-0.3333333333333333,0.3333333333333333
45144,5.673530837964357,20.402130087216694,0.7333333333333333,1.6666666666666667,-1.0
45145,6.911623987324618,26.725249369939167,0.1595959595959596,0.0,0.0
45146,0.0,0.0,,0.0,0.0
45147,5.323053922058328,14.899391531944275,0.5476190476190478,0.0,0.3333333333333333
45148,4.721206556814626,15.798074722290039,-0.033333333333333326,6.666666666666667,-1.0
45149,9.433635249910981,20.886199712753296,0.16666666666666666,0.3333333333333333,-0.3333333333333333
45150,6.870016215584077,23.63312602043152,0.6,0.0,0.0
45151,7.191036095148941,21.48702722787857,-0.27619047619047626,2.3333333333333335,-1.0
45155,10.525390524974954,38.29440577824911,0.861111111111111,0.0,0.0
45156,9.323535008161523,31.142510255177815,0.8968253968253969,0.0,0.0
45157,12.393986980536681,33.60192358493805,0.30952380952380953,-2.0,1.0
45158,15.507432588369797,36.170934995015465,0.20555555555555557,2.0,-0.6666666666666666
45159,8.91439076510085,22.647508541742962,-0.5357142857142857,4.0,-1.0
45161,8.244527826060338,24.94206730524699,0.3571428571428572,0.0,0.0
45163,10.466487944456558,38.14610727628072,0.38585858585858585,0.0,0.0
45164,6.4656452019017125,20.609947323799133,0.7055555555555556,0.0,0.0
45165,14.043548332864527,44.66900682449341,0.7023809523809524,0.0,0.0
45166,17.052208451890312,60.86777140696844,0.8555555555555555,0.0,0.0
45168,10.899795150775832,32.83999252319336,0.8343434343434343,1.3333333333333333,-1.0
45169,8.809845248046491,29.736437062422436,0.2722222222222222,0.0,0.0
45170,15.555004516415496,47.36829034487406,0.49206349206349215,0.0,0.0
45171,17.620047781416634,54.894086043039955,0.5166666666666666,0.0,0.0
45172,0.9171586434046427,1.8343172868092854,0.3333333333333333,0.3333333333333333,-0.3333333333333333
45173,7.940353223678265,25.09715203444163,0.5277777777777777,0.0,0.0
45174,4.629250818621376,14.203368494908014,0.6686868686868687,1.3333333333333333,-1.0
45175,3.3316762306331307,10.433052241802216,0.25,1.3333333333333333,-0.6666666666666666
45176,3.9274648640620353,12.265328566233316,-0.02380952380952382,2.6666666666666665,-1.0
45178,10.561973258360135,38.403786977132164,0.7535353535353534,0.0,0.0
45179,12.825015707599745,41.03347531954447,0.3968253968253969,2.0,-1.0
45181,6.0861149707349815,14.59559186299642,1.0,0.0,0.0
45182,11.467656461236055,36.38263710339864,0.6929292929292928,-1.6666666666666667,0.6666666666666666
45183,3.11854759839855,10.45233698685964,0.3333333333333333,0.6666666666666666,-0.6666666666666666
45184,8.028173902559667,26.414981206258137,0.6666666666666669,0.3333333333333333,-0.3333333333333333
45185,12.889321595020158,43.29652738571167,0.2111111111111111,0.0,0.0
45186,10.360431504917925,31.432380259037018,0.6571428571428571,0.0,0.0
45187,7.853807922489289,23.362780779600143,0.6071428571428572,-0.3333333333333333,0.3333333333333333
45188,5.946265200565922,17.426365812619526,0.6071428571428573,0.3333333333333333,-0.3333333333333333
45189,9.381198635948051,29.09548024336497,0.06666666666666667,-5.0,1.0
45190,6.24314911163846,20.200632492701214,0.5499999999999999,-1.0,1.0
45191,10.373484118818489,34.478122313817344,0.8253968253968256,0.0,0.0
45195,8.187608479535124,19.535029033819836,0.5,0.0,0.0
45196,7.9234374480559415,25.060246254007023,0.5238095238095238,0.0,0.0
45197,2.888472302737284,8.690404256184896,-0.3142857142857143,3.3333333333333335,-1.0
45198,10.154805182229156,35.65437932809194,0.3833333333333333,-1.3333333333333333,0.0
45199,4.98209562375004,14.39915645122528,0.6428571428571429,2.3333333333333335,-1.0
45200,2.5478587171550244,9.178322792053223,0.4909090909090909,1.0,0.0
45201,7.99804063650125,21.133641322453816,-0.3690476190476191,0.0,0.0
45202,8.002033051636644,29.093581358591717,0.6080808080808081,0.0,0.0
45203,9.639913154256988,29.199979543685913,0.9603174603174603,0.0,0.0
45204,10.554745768135051,22.808961709340412,0.9333333333333332,0.0,0.0
45205,11.184671197687583,34.79881310462952,0.9166666666666669,1.0,-1.0
45206,4.186055275768439,11.729980245232582,0.2333333333333333,0.0,0.0
45208,4.406195434838218,13.634136199951172,0.6904761904761906,0.0,0.0
45209,3.258508495292835,11.003659129142761,0.10714285714285715,5.333333333333333,-1.0
45210,5.764045661829036,22.663578540086746,0.5111111111111111,1.6666666666666667,-1.0
45211,9.181476607932106,34.4944349527359,0.39393939393939387,0.0,0.0
45212,7.435786593708827,20.60261905193329,0.20634920634920637,0.3333333333333333,-0.3333333333333333
45213,9.281483634174078,30.4822572072347,0.19841269841269846,-1.0,1.0
45214,3.6613990648931503,9.288032432397207,0.6333333333333333,1.3333333333333333,-1.0
45215,5.98957446604805,16.325892210006714,0.43333333333333335,0.6666666666666666,-0.6666666666666666
45217,7.685660517036453,23.33461618423462,0.630952380952381,0.0,0.0
45218,16.951400412531424,38.627626498540245,0.5,0.0,0.0
45219,4.695345368417296,16.197439312934875,0.4777777777777778,5.333333333333333,-1.0
45220,10.965624354430203,33.652870416641235,-0.05952380952380954,1.3333333333333333,-1.0
45222,8.828843313354156,28.419694900512695,0.5595959595959595,0.0,0.0
45223,3.961295535993287,14.589618802070618,0.36161616161616156,-1.3333333333333333,0.0
45224,4.063723157150768,12.688873688379923,0.8809523809523809,0.0,0.0
45225,6.506014934937987,17.39301061630249,0.4285714285714286,-3.3333333333333335,0.3333333333333333
45226,8.208412285454722,27.43329842885335,0.8707070707070704,0.0,0.0
45227,4.043863488505639,14.112586061159769,0.1699323552111062,-6.0,1.0
45228,3.0042005807334626,9.478679140408834,0.3166666666666667,0.3333333333333333,-0.3333333333333333
45229,6.7211413289843405,20.844725131988525,0.6404040404040404,0.0,0.0
45231,11.747653355312574,41.403911113739014,0.7111111111111111,0.0,0.0
45232,10.3283737504739,24.806094884872437,1.0,0.0,0.0
45235,7.178896195688708,23.386055946350098,0.7222222222222223,0.0,0.0
45238,11.104062108735421,37.19902420043945,0.29444444444444445,0.0,0.0
45241,10.563121877388651,34.98433335622152,0.14285714285714288,0.0,0.0
45243,10.163863792424836,31.716885844866436,0.8253968253968256,0.6666666666666666,-0.3333333333333333
45245,3.226502264810358,10.900392850240072,0.7722222222222221,1.0,-1.0
45246,10.462480512330961,38.48945554097494,0.5777777777777776,0.0,0.0
45248,7.797096162416921,26.581698576609295,0.038888888888888896,-2.0,1.0
45249,3.6789028230873284,10.771113177140554,0.40952380952380957,1.0,-0.6666666666666666
45251,4.713260132214864,15.071947813034058,0.9717171717171715,0.0,0.0
45253,5.785749322947999,19.279172892371815,0.2833333333333333,1.6666666666666667,-1.0
45254,4.861130676694394,14.323937609791756,0.6282828282828282,0.0,0.3333333333333333
45256,11.448755412788707,38.65542038281759,0.5444444444444444,1.0,-1.0
45257,4.289530817948044,13.305567900339762,0.4333333333333333,0.6666666666666666,-0.3333333333333333
45258,6.252156468496853,22.033096353212994,0.38181818181818183,-0.3333333333333333,0.3333333333333333
45261,17.09324638644055,51.66280587514242,0.3214285714285715,0.0,0.0
45262,5.837306367617547,19.60551166534424,0.5357142857142857,0.0,0.0
45263,13.725125019260423,35.328164840737976,-0.03571428571428572,-1.0,1.0
45264,18.38330288728078,36.76660577456156,0.9999999999999999,0.0,0.0
45266,3.7812490872228657,13.015362898508707,0.6646464646464646,0.0,0.0
45267,12.027637639044414,37.11806567509969,0.2142857142857143,0.0,0.0
45268,6.332534376815694,22.387781341870625,0.5722222222222222,0.0,0.0
45269,8.130320330078932,32.51840170224508,0.13939393939393938,-1.0,1.0
45270,6.218521498060425,17.52045528093974,0.7904761904761907,0.0,0.0
45271,17.47192819000534,55.63653055826823,-0.16363636363636364,0.0,0.0
45272,7.657258250778305,25.327892621358234,0.7857142857142859,0.0,0.0
45273,10.533334587106689,37.21810185909271,0.6388888888888888,1.3333333333333333,-1.0
45275,9.867109519971388,30.352663586537044,0.45,1.0,-1.0
45276,13.858651191056872,41.46887888511022,0.03174603174603176,-5.333333333333333,0.3333333333333333
45277,6.80995618791714,19.877262751261394,0.5952380952380953,0.3333333333333333,-0.3333333333333333
45278,10.131561592254954,36.413795391718544,0.634920634920635,0.0,0.0
45280,6.074307837967335,15.796521027882894,0.06666666666666667,-2.0,1.0
45281,11.276921305644988,34.20445990562439,0.8452380952380953,-0.6666666666666666,0.6666666666666666
45282,6.0783790116383285,15.776021639506022,0.7023809523809526,-0.6666666666666666,0.6666666666666666
45283,12.368294833277576,42.50039831797282,0.27777777777777785,0.0,0.0
45284,7.6608566139907674,25.982543110847473,0.08333333333333333,0.0,0.0
45285,6.188762285055677,22.159827550252277,0.1313131313131313,1.0,-1.0
45287,9.466008415590542,32.56171532471975,0.7000000000000001,2.0,-1.0
45288,5.894242059115641,20.189057151476543,0.6722222222222222,0.3333333333333333,-0.3333333333333333
45289,9.420476260798049,30.047996898492176,-0.4707070707070707,0.0,0.0
45290,14.470229584139675,47.388336499532066,0.6888888888888888,0.0,0.0
45291,15.690412004788717,31.380824009577434,0.9999999999999999,0.0,0.0
45292,8.597278338108763,25.074177255233128,-0.05858585858585858,0.3333333333333333,-0.3333333333333333
45293,6.5846669479894215,25.174407323201496,0.11666666666666665,3.3333333333333335,-1.0
45294,5.143117878487673,18.47892169157664,0.4424242424242424,0.0,0.0
45295,3.4033206862478433,12.164286295572916,-0.13535353535353534,7.333333333333333,-1.0
45296,13.523977235093449,39.81604687372843,0.8412698412698414,0.0,0.0
45297,13.64717658498535,33.08121530214945,0.2222222222222222,-1.6666666666666667,0.6666666666666666
45298,6.367661912377901,22.87708838780721,0.3333333333333333,0.0,0.0
45299,7.753923815626359,26.212408502896626,0.7292929292929292,0.0,0.0
45300,7.756242712289544,27.526487509409588,0.07222222222222223,0.3333333333333333,-0.3333333333333333
45302,8.7617429076362,27.6122477799654,0.5634920634920636,1.0,-0.6666666666666666
45303,14.52839359951441,38.05401198069254,0.6646464646464646,1.3333333333333333,0.0
45304,10.630278118866636,28.508608023325603,0.7999999999999999,0.0,0.0
45305,11.62991850439328,34.9704844156901,0.2611111111111111,0.6666666666666666,-0.6666666666666666
45307,8.170835003976713,26.30034891764323,-0.1547619047619048,-1.0,1.0
45308,6.430749860842844,26.83432940642039,0.6929292929292928,0.0,0.0
45311,13.342335594294417,42.431122620900474,0.6727272727272725,0.0,0.0
45312,13.00333959582428,30.278125127156574,0.5,0.0,0.0
45313,10.05935303990802,28.579553723335266,0.055555555555555546,2.3333333333333335,-1.0
45314,7.036498556659505,23.03998076915741,0.6428571428571429,1.3333333333333333,-1.0
45316,8.73315635635469,32.53986008961996,0.6565656565656565,0.0,0.0
45317,14.174435654260302,49.09482921163241,0.18253968253968259,0.3333333333333333,-0.3333333333333333
45318,3.486486846513676,11.254703839619955,0.4841269841269842,1.3333333333333333,-1.0
45319,3.550079837148457,11.751382867495218,0.4166666666666667,0.0,0.0
45321,7.798155913391885,27.619529406229656,0.8464646464646464,0.0,0.0
45323,0.0,0.0,,0.0,0.0
45325,9.705683003080033,28.684414863586426,0.5873015873015873,0.0,0.0
45327,9.206696463419398,37.51447677612305,0.6202020202020201,0.0,0.0
45329,11.660073028690812,41.900271813074745,0.002020202020202024,0.0,0.0
45330,3.5997998665376154,12.017464319864908,0.4761904761904763,2.0,-0.3333333333333333
45333,15.550186653606445,48.16056251525879,0.5396825396825399,0.0,0.0
45334,6.414904065171075,21.905790328979492,0.5111111111111111,0.0,0.0
45335,13.769574387251481,37.42544730504354,0.8999999999999998,0.0,0.0
45336,9.52372927617179,29.9165784517924,0.8690476190476192,0.0,0.0
45338,4.717213063605233,13.727415521939596,-0.07142857142857144,4.666666666666667,0.0
45339,0.0,0.0,,0.0,0.0
45340,7.8374258009195685,28.754674116770428,0.08333333333333333,-1.0,1.0
45342,8.751575290437339,33.2373366355896,0.688888888888889,0.0,0.0
45343,7.18637760416888,20.883426308631897,0.5434343434343434,0.3333333333333333,-0.3333333333333333
45344,8.940651231628602,29.92454195022583,0.7944444444444444,2.3333333333333335,-1.0
45345,9.28211010627723,37.610289891560875,0.515151515151515,0.0,0.0
45346,7.311501166372529,20.479090929031372,0.14444444444444443,2.0,-1.0
45347,6.244553902644526,19.02436602115631,0.3142857142857143,2.0,-1.0
45349,7.855865102926526,27.253166755040485,0.18888888888888888,-2.0,1.0
45350,4.638056866707162,16.051318645477295,0.3666666666666667,0.6666666666666666,0.0
45352,6.891387708524124,22.872137188911438,0.8989898989898988,1.0,-1.0
45353,9.364363832744287,26.386064688364666,0.6333333333333332,0.0,0.0
45354,8.271442013795209,23.722105344136555,0.09523809523809525,3.0,-1.0
45355,7.768990192592928,28.263530651728313,-0.05555555555555556,0.0,0.0
45356,5.017303222106031,14.065402666727701,0.21904761904761907,0.3333333333333333,-0.3333333333333333
45358,5.056037950932175,16.214991996685665,0.06262626262626263,3.0,0.0
45359,14.383946724035146,46.07150054474672,0.1904761904761905,3.3333333333333335,-1.0
45360,5.248501940281726,18.312316099802654,-0.13333333333333333,0.0,0.0
45363,6.356610357672001,14.882970889409384,0.39999999999999997,1.0,-1.0
45364,3.420841052485557,10.119191686312357,0.39444444444444443,-4.333333333333333,0.3333333333333333
45365,6.939104937160509,19.45998231569926,0.08730158730158732,3.3333333333333335,-1.0
45366,13.180772478147652,49.849528789520264,-0.01666666666666666,0.0,0.0
45367,5.992870582334972,18.162325859069824,0.7500000000000001,0.0,0.0
45368,5.457795521238146,15.733547727266947,0.39444444444444454,-0.3333333333333333,0.3333333333333333
45369,8.92925945131149,23.22522846857707,0.6761904761904763,0.0,0.0
45370,5.445027404274069,19.287908633550007,0.5595959595959595,2.0,0.0
45371,10.545440565290967,35.668159087498985,0.746031746031746,0.0,0.0
45373,15.389520324555633,62.122493823369346,-0.11515151515151516,-1.0,1.0
45376,10.667581655920541,25.38190499941508,-0.2619047619047619,-0.6666666666666666,0.6666666666666666
45377,10.818021041663059,38.051811059316,0.709090909090909,0.0,0.0
45378,12.806002134441298,43.75436417261759,-0.022222222222222216,-3.0,1.0
45380,15.097926079649293,32.175342400868736,1.0,0.0,0.0
45381,16.591423393719023,50.590183893839516,0.373015873015873,2.0,-1.0
45382,5.476858475687183,18.360636631647747,0.6363636363636362,3.0,-1.0
45384,6.943023939811352,19.309114535649616,0.8666666666666667,0.0,0.0
45385,10.052448074022928,20.104896148045857,0.9999999999999999,0.0,0.0
45386,9.751936144540847,24.291477640469868,-0.02857142857142857,-2.0,0.3333333333333333
45387,7.155635633623483,21.720664540926617,0.5158730158730159,0.3333333333333333,-0.3333333333333333
45389,10.004071926366159,27.24466037750244,0.8333333333333331,0.0,0.0
45390,9.298515548036484,32.595768451690674,0.26060606060606056,0.0,0.0
45391,13.513002882401148,27.026005764802296,0.9999999999999999,0.0,0.0
45392,13.122599956658162,29.842222849527996,0.6666666666666666,0.0,0.0
45393,10.804325354562963,38.258871833483376,0.3333333333333333,0.0,0.0
45395,10.700186657375497,33.98922813932101,0.6,0.0,0.0
45396,5.75886041948818,18.34318035840988,0.8222222222222221,0.0,0.0
45401,4.649840957430938,16.09290091196696,0.22777777777777777,-2.6666666666666665,0.0
45402,2.3989634328854836,8.047508319218954,0.2767676767676767,-3.0,1.0
45404,8.521565537692771,27.05684034029643,0.14747474747474745,1.0,-1.0
45405,5.2749315413669615,17.93813959757487,-0.13939393939393938,0.3333333333333333,-0.3333333333333333
45406,12.798732984208057,46.651719093322754,0.04761904761904764,0.0,0.0
45407,9.465377885622766,26.842877089977264,0.8333333333333335,1.3333333333333333,-1.0
45408,7.165568508609257,22.67275936404864,0.5357142857142858,0.0,0.0
45409,6.5503279821356095,20.055578251679737,0.2952380952380953,0.0,0.0
45410,10.059456285489917,35.11760115623474,0.34126984126984133,0.0,0.0
45411,5.951886503970212,16.05122419198354,0.48888888888888893,1.3333333333333333,-0.6666666666666666
45413,5.647559290052519,18.270317395528156,0.5222222222222223,0.3333333333333333,-0.3333333333333333
45414,5.112597446059151,14.737919569015503,-0.2333333333333333,4.0,-1.0
45415,6.396256053384182,22.735817114512127,0.5515151515151514,0.0,0.0
45416,15.930718969760889,47.530537923177086,0.8262626262626264,1.6666666666666667,-1.0
45418,10.953511577407523,29.181219617525738,0.3253968253968255,0.3333333333333333,-0.3333333333333333
45419,12.170374660003453,39.18823532263438,0.1919191919191919,1.0,-1.0
45423,12.652520001827334,38.1925955315431,0.8015873015873017,0.0,0.0
45427,12.208087909263446,28.309904098510742,0.4666666666666666,0.0,0.0
45428,10.439852647800095,29.41336675484975,0.3333333333333333,0.0,0.0
45429,8.041970341691998,20.30103741089503,0.7999999999999999,0.0,0.0
45430,8.799107714280124,29.245088855425518,-0.1636363636363636,2.0,0.0
45431,11.791015136185479,30.097084760665894,0.6190476190476192,-1.0,1.0
45432,14.565143931868084,42.00227149327596,0.6848484848484849,0.0,0.0
45433,12.836388139495517,43.14127175013224,0.7142857142857144,-2.0,1.0
45434,5.2188524117924855,17.821375370025635,0.3650793650793651,3.3333333333333335,-1.0
45435,13.022653812978804,39.68114519119263,-0.32142857142857145,-2.6666666666666665,0.6666666666666666
45436,7.426211500419345,25.35951328277588,0.13095238095238096,0.0,0.0
45437,3.8941948364266854,11.818199872970581,0.2936507936507937,5.333333333333333,-1.0
45438,3.7503664887453616,12.53222676118215,-0.2767676767676767,-6.333333333333333,0.3333333333333333
45439,14.855375016517348,42.43085710207621,0.05555555555555556,-3.0,0.3333333333333333
45440,8.90730423783503,31.07374171415965,0.7857142857142859,2.0,-1.0
45441,11.184299312138785,26.27492618560791,0.5,0.0,0.0
45442,9.68171352600274,26.678741852442425,0.03571428571428572,-2.0,1.0
45443,4.374737051925976,14.22246519724528,0.5476190476190477,1.6666666666666667,-1.0
45445,0.0,0.0,,0.0,0.0
45446,8.182165536957347,27.10885190963745,0.8333333333333335,0.0,0.0
45447,8.95005493087136,27.600470026334126,0.8214285714285715,0.0,0.0
45448,5.964322008285965,22.275464216868084,0.3131313131313131,0.0,0.0
45449,8.512898437123122,27.202269713083904,0.7535353535353533,-1.0,1.0
45450,9.001561823787318,36.164206087589264,0.406060606060606,-3.0,1.0
45451,10.256473413927184,37.78832680980364,0.22424242424242422,0.0,0.0
45452,4.927897761011897,15.781331380208334,0.4505050505050505,-0.6666666666666666,0.6666666666666666
45453,10.20487909392745,37.09116852283478,0.7380952380952381,0.0,0.0
45457,8.658808651398209,23.98289465904236,0.507936507936508,1.0,-0.6666666666666666
45458,5.733353494384812,14.75780280927817,0.39999999999999997,0.0,0.0
45460,17.11533614758603,47.045119285583496,0.7523809523809524,0.0,0.0
45462,9.011190754718152,26.908427198727924,0.5313131313131313,0.3333333333333333,-0.3333333333333333
45465,9.807203164523315,27.45538028081258,0.3333333333333333,0.0,0.0
45468,12.427764584053454,30.216809670130413,0.3333333333333333,1.3333333333333333,-1.0
45469,2.4907576443009836,7.212037404378255,-0.23015873015873023,-0.6666666666666666,0.0
45470,4.563494392932822,15.81455934047699,0.7616161616161615,0.0,0.0
45471,14.509417482484308,49.20587968826294,0.6333333333333334,1.0,-1.0
45472,8.417221283636733,27.304208676020306,0.8464646464646464,0.3333333333333333,0.0
45473,3.7309360253007555,12.495214859644571,0.5959595959595959,-0.3333333333333333,0.3333333333333333
45474,9.042252700179764,30.592272122701008,0.47878787878787876,2.0,0.0
45477,6.449184679255393,21.136045972506206,0.4126984126984128,1.0,-1.0
45478,6.985842431040552,24.978312651316326,0.5555555555555555,0.6666666666666666,-0.6666666666666666
45479,6.182321378064337,19.160662333170574,0.4444444444444446,1.0,-1.0
45480,6.574715071405845,22.040911038716633,0.6323232323232323,3.6666666666666665,0.0
45482,4.6651178787174175,13.67720095316569,0.7523809523809524,-0.3333333333333333,0.0
45483,7.263946353270988,23.10412174463272,0.654761904761905,0.0,0.0
45484,3.8651819257948987,12.730058391888937,-0.09494949494949494,-1.0,0.0
45485,12.548821373121042,29.853663285573322,0.02380952380952381,0.6666666666666666,-0.6666666666666666
45486,6.520023481810957,19.31953962643941,0.7555555555555555,1.3333333333333333,-1.0
45489,5.393684466764366,15.75450941423575,0.6952380952380953,0.0,0.0
45491,9.752321021413072,29.340467383464176,0.6222222222222222,0.0,0.0
45492,11.257387135889855,35.46113689740499,0.7777777777777777,0.0,0.0
45493,12.050461715264063,35.81370453039805,0.8424242424242423,0.6666666666666666,-0.6666666666666666
45495,7.279606502431704,22.291326363881428,0.6190476190476192,0.0,0.0
45496,4.974771627526258,14.953223069508871,0.8095238095238096,0.0,0.0
45497,9.472866159508657,27.685554613669712,0.6388888888888888,0.0,0.0
45498,4.39750593717365,15.031452362736067,0.19841269841269846,0.0,0.0
45499,5.184656697380518,16.118915915489197,0.7055555555555554,4.0,0.0
45500,5.034733895756143,18.298233429590862,0.7696969696969695,-1.0,1.0
45501,6.042452474783985,22.013400693734486,0.301010101010101,0.0,0.0
45502,8.18378675361493,29.16426674524943,0.37777777777777777,3.0,-1.0
45503,5.291212259444792,19.54161775112152,0.7696969696969697,2.0,0.0
45504,10.289713332041616,28.161678870519,0.7666666666666666,1.3333333333333333,-0.6666666666666666
45505,7.365027303010119,22.391911764939625,-0.4989898989898989,-7.0,1.0
45507,8.176667055136262,32.275654673576355,0.38585858585858585,4.333333333333333,0.0
45508,9.051188012868561,28.1769102315108,0.7616161616161615,0.0,0.0
45509,8.629195031303736,24.187411149342854,0.9285714285714288,0.0,0.0
45511,6.435425699168856,14.693381071090698,0.8333333333333334,0.0,0.0
45512,14.092511770944883,32.06405994296074,0.04761904761904762,0.3333333333333333,-0.3333333333333333
45513,6.518482427356005,25.262362202008564,-4.625929269271485e-18,1.0,0.0
45514,3.9388895624534324,14.57116679350535,-0.21111111111111114,6.333333333333333,-1.0
45515,4.727101686462942,14.664998690287272,0.8015873015873017,0.6666666666666666,-0.6666666666666666
45516,16.28474913994292,55.97107140223185,0.48571428571428577,0.0,0.0
45517,6.3410317938311715,20.584213534990948,0.3333333333333333,5.666666666666667,-1.0
45519,6.38393324106512,18.832299143075943,0.5,2.6666666666666665,-1.0
45520,10.32126703417668,30.698510368665058,0.5952380952380952,0.0,0.0
45521,11.534036394969013,35.185868422190346,0.25,0.0,0.0
45522,3.0010974425790304,9.040056626001993,-0.14285714285714288,0.3333333333333333,-0.3333333333333333
45523,3.3793141642954887,10.266161680221558,0.28484848484848485,0.0,0.0
45524,12.063859595741269,33.96966062982877,0.3888888888888889,0.0,0.0
45525,7.740049088921084,21.564817905426025,0.28888888888888886,6.0,-1.0
45526,14.198259960965904,49.6716825167338,0.7292929292929292,0.0,0.0
45527,6.5967648049765275,19.195265293121338,-0.06666666666666667,0.0,0.0
45529,7.987588864317016,27.143044312795002,0.8650793650793651,-2.0,0.0
45531,7.422068964073611,23.534573594729107,0.253968253968254,0.0,0.0
45532,4.764109739328112,15.62553850809733,0.6777777777777777,2.3333333333333335,0.0
45533,7.488460201358545,22.660456707080204,-0.015873015873015883,4.333333333333333,-1.0
45535,10.32010413724393,28.644628365834553,1.0,0.0,0.0
45536,5.135087648187073,13.94108255704244,0.8857142857142858,0.0,0.0
45537,9.263911774298085,29.5758798122406,0.08686868686868686,-7.666666666666667,0.6666666666666666
45538,12.412817224172565,37.26890011628469,0.8222222222222221,0.0,0.0
45540,10.436914527266472,32.77734732627869,0.5944444444444444,0.0,0.0
45541,11.806757761760613,39.596213499704994,0.6031746031746033,-1.0,1.0
45542,8.949749030984107,31.955510934193928,0.6190476190476192,0.0,0.0
45543,8.167398299958224,29.065386533737183,0.6166666666666666,0.0,0.0
45545,15.815240554310074,47.35293102264404,-0.15873015873015875,0.0,0.0
45546,6.353037395404232,19.92350737253825,0.4206349206349207,0.6666666666666666,-0.6666666666666666
45547,6.507527694986101,24.00517325103283,0.2525252525252525,3.6666666666666665,-1.0
45548,5.810739116285061,21.41549030939738,0.05858585858585858,2.0,-1.0
45549,11.0436876046196,36.42910114924113,0.5757575757575757,0.0,0.0
45550,17.613109642991514,43.80555645624796,0.19999999999999998,0.0,0.0
45552,6.873965068760913,21.94956890741984,0.8262626262626261,0.0,0.0
45553,3.674795303892557,11.415105183919271,0.01190476190476191,2.3333333333333335,0.0
45554,11.516224650289184,33.39471145470937,0.19841269841269846,1.0,-1.0
45556,10.292667327117288,28.68702115615209,0.8095238095238096,0.3333333333333333,-0.3333333333333333
45557,7.2047362364953225,21.086328824361164,0.7611111111111111,1.0,-1.0
45558,7.095364278209179,19.407593965530396,0.22222222222222224,1.3333333333333333,-1.0
45559,6.147256783610921,17.94127869606018,0.0,-2.0,1.0
45560,8.340822917112229,26.05310144027074,0.4444444444444445,0.0,0.0
45562,16.72950969946156,41.88926434516907,0.19999999999999998,0.0,0.0
45563,5.568732676122896,18.049516836802166,0.8492063492063493,0.0,0.0
45564,7.442492780891652,22.826687653859455,-0.26666666666666666,-1.0,1.0
45565,8.73074196444555,23.77863335609436,0.5714285714285715,2.0,-1.0
45566,7.198588491430564,20.996846357981365,0.21904761904761907,1.0,-1.0
45568,5.189189325078831,17.273919939994812,0.6404040404040403,0.0,0.0
45569,7.433833743165651,28.659742434819538,-0.4101010101010101,5.666666666666667,-1.0
45570,8.22353348970504,28.242272694905598,0.6611111111111111,1.0,-1.0
45572,4.540735032623452,13.029271086057028,0.8666666666666667,0.6666666666666666,0.0
45573,8.106260391107876,27.308555275201797,0.8095238095238096,0.0,0.0
45574,5.184664655259351,15.61845072110494,0.8666666666666667,-1.0,0.0
45575,2.4758328795433044,4.951665759086609,-0.9999999999999999,1.0,-1.0
45576,5.82030894218637,15.55252742767334,-0.06666666666666667,-0.6666666666666666,0.6666666666666666
45577,7.717354885187032,25.81154505411784,0.7698412698412699,0.3333333333333333,0.0
45578,10.267806261235705,33.202160547176994,0.7904761904761904,0.0,0.0
45580,11.187671301101298,36.655103047688804,0.6666666666666666,0.0,0.0
45581,15.342252890268961,30.684505780537922,0.9999999999999999,0.0,0.0
45582,12.774313341732801,31.411027471224468,0.7333333333333333,0.6666666666666666,-0.3333333333333333
45583,11.507547830752378,26.802123705546062,0.6666666666666666,0.0,0.0
45584,9.594613526543192,27.035379479328792,0.48571428571428577,1.3333333333333333,-1.0
45585,10.76928265965268,26.073725392421085,0.4761904761904763,0.3333333333333333,-0.3333333333333333
45586,3.77894701578899,10.801822066307068,0.13333333333333333,0.0,0.0
45587,8.975373377729001,26.351185242335003,0.6777777777777777,0.3333333333333333,0.0
45588,11.999714974931218,34.2686239083608,0.6071428571428573,0.0,0.0
45589,5.278854852348292,15.828720758358637,0.11111111111111112,1.0,-1.0
45590,10.333215513524895,38.22262699405352,0.08888888888888889,0.0,0.0
45591,12.944074069739175,49.337374687194824,0.19595959595959597,0.0,0.0
45593,6.753091807068796,21.864545106887817,0.32121212121212117,0.3333333333333333,-0.3333333333333333
45594,5.8721043594134175,18.022372563680012,0.5952380952380953,0.0,0.0
45595,6.965362481232392,25.132513244946797,0.4841269841269842,0.0,0.0
45596,8.554599317846177,30.789821942647297,0.8015873015873017,0.0,0.0
45597,8.44509896331887,22.802730878194172,0.3333333333333334,0.6666666666666666,-0.6666666666666666
45600,0.0,0.0,,0.0,0.0
45601,7.1356913216543605,24.310028394063313,-0.5166666666666666,2.6666666666666665,-1.0
45603,8.23955466407436,31.196273962656658,0.6242424242424242,0.0,0.0
45604,11.448599890929827,33.69963694612185,0.8412698412698414,1.0,-1.0
45605,5.816539699120093,19.54831663767497,0.388888888888889,0.0,0.0
45606,13.025717404307878,38.867650389671326,0.15873015873015875,0.6666666666666666,-0.3333333333333333
45607,10.22416248108035,30.212230801582336,-0.03571428571428572,0.0,0.0
45608,3.7579700309609065,11.09247941772143,0.12380952380952381,0.6666666666666666,-0.6666666666666666
45610,0.0,0.0,,0.0,0.0
45612,6.078298083833008,18.85899829864502,0.5555555555555557,-1.0,1.0
45613,6.104258039644274,19.113436222076416,0.6190476190476192,3.3333333333333335,-1.0
45615,0.0,0.0,,0.0,0.0
45617,7.621965821035186,18.651978651682537,0.4666666666666666,0.6666666666666666,-0.6666666666666666
45618,5.42166075742102,18.022634267807007,0.42857142857142866,0.0,0.0
45620,8.690812145670256,17.38162429134051,0.9999999999999999,0.0,0.0
45621,14.428943789529109,43.19528834025065,0.5944444444444444,0.0,0.0
45623,5.7543686405949295,15.454478571812311,0.7055555555555556,1.6666666666666667,-1.0
45624,8.550361633214608,27.858348468939464,0.5952380952380953,-2.6666666666666665,0.6666666666666666
45625,5.465287637047138,16.576590081055958,0.5434343434343435,0.0,0.0
45626,7.437528572055129,20.960834821065266,0.7666666666666666,0.0,0.0
45627,9.70289079131212,30.207935720682144,0.8747474747474747,1.6666666666666667,-1.0
45628,4.971554159626246,16.209454258282978,0.39285714285714296,1.3333333333333333,-1.0
45629,11.088384348015019,33.75689466794332,0.8303030303030302,0.0,0.0
45630,7.3208662445211745,22.210198760032654,0.6349206349206349,2.3333333333333335,0.0
45631,8.828901526647888,32.45221773783366,0.65,1.0,0.0
45632,6.403407124106217,18.703971823056538,-0.2571428571428572,-1.0,1.0
45634,16.341452109711334,46.716291189193726,0.26984126984126994,-1.0,1.0
45635,10.718149652924026,37.414034048716225,0.642857142857143,-1.0,1.0
45636,0.0,0.0,,0.0,0.0
45639,9.06461295983909,31.24754746754964,0.14343434343434344,7.666666666666667,-1.0
45641,4.236756551147687,15.57158096631368,0.5353535353535354,0.0,0.0
45643,13.799494823047665,48.514851888020836,0.5232323232323232,-1.0,1.0
45644,13.657887972332967,43.020829836527504,0.07142857142857142,-1.0,0.0
45646,5.8359099150000135,18.354307174682617,0.3333333333333333,-2.0,1.0
45647,8.101255780054139,26.750808199246723,0.11919191919191918,0.0,0.0
45648,0.0,0.0,,0.0,0.0
45649,7.811187878394628,24.168083826700848,0.4880952380952382,0.0,0.0
45650,12.698361671039365,45.5537371635437,0.6363636363636362,0.3333333333333333,-0.3333333333333333
45651,6.230107399052329,18.281293233235676,0.27619047619047626,-1.3333333333333333,0.6666666666666666
45652,10.998197727417045,29.496095180511475,0.3904761904761905,-1.3333333333333333,0.3333333333333333
45653,6.544045841237566,22.374714533487957,0.2619047619047619,0.0,0.0
45655,7.716870098345833,26.290733019510906,0.10317460317460318,2.0,-1.0
45656,7.085309017095003,19.54436989625295,-0.5714285714285715,-2.3333333333333335,0.3333333333333333
45657,8.160180380159163,29.507027467091877,0.022222222222222227,0.0,0.0
45659,6.862729498403964,25.54025965432326,0.07222222222222223,5.0,-1.0
45660,7.388823698793325,23.130025506019592,0.13095238095238096,0.0,0.0
45661,10.623222555050567,34.47310105959574,0.7222222222222223,0.0,0.0
45663,12.069467697240754,37.23516877492269,0.6848484848484849,-1.0,1.0
45664,5.44642462569454,17.597872455914814,0.4141414141414141,2.3333333333333335,-1.0
45667,3.262428627185102,11.521356185277304,0.5833333333333334,1.6666666666666667,0.0
45668,10.542918217592847,36.35720006624857,0.0634920634920635,0.0,0.0
45669,5.55246073323804,15.913327097892761,0.23809523809523814,-1.0,1.0
45670,7.114086528901049,19.34746519724528,0.6999999999999998,0.0,0.0
45673,8.067923051514654,18.13167142868042,-1.0,0.0,0.0
45674,6.143640110480515,18.780216072996456,0.5952380952380953,2.0,-1.0
45675,22.01151791096709,62.90079800287882,0.46666666666666673,0.3333333333333333,-0.3333333333333333
45676,5.3567174636354755,16.532230138778687,0.5317460317460319,-0.6666666666666666,0.6666666666666666
45677,2.622208359251574,7.051223079363505,0.20000000000000004,1.6666666666666667,-1.0
45679,7.908319393836071,23.522542516390484,0.7833333333333333,-0.6666666666666666,0.6666666666666666
45680,6.296810874948595,22.46056682864825,0.25,0.0,0.0
45681,11.727193679732487,31.996363441149395,-0.011904761904761906,0.0,0.0
45682,12.228047171596783,40.24684023857117,0.7619047619047622,0.0,0.0
45683,3.6134550842942406,10.21702629327774,0.7000000000000001,0.6666666666666666,-0.3333333333333333
45684,5.190022318299868,13.887221177419027,0.7857142857142859,1.6666666666666667,-0.6666666666666666
45685,10.072730740146367,34.43638833363851,0.6242424242424242,0.0,0.0
45686,3.6457166512095256,11.80660660068194,0.5757575757575757,-1.0,1.0
45687,6.154809574266422,17.34295768539111,0.4682539682539683,1.3333333333333333,-1.0
45688,7.888711333380989,30.30538558959961,0.7939393939393938,0.0,0.0
45689,5.811015489035953,21.621220007538795,0.6727272727272725,1.0,-1.0
45691,12.187999063647515,38.575434605280556,0.380952380952381,0.6666666666666666,-0.3333333333333333
45692,6.4424543133806464,22.656239713231724,0.8928571428571431,0.0,0.0
45693,2.9252975825548524,10.208567500114441,0.010101010101010093,4.333333333333333,-1.0
45695,7.5977156590544235,16.78386378288269,1.0,0.0,0.0
45696,4.430669617527536,15.740095218022665,0.5959595959595959,-0.3333333333333333,0.3333333333333333
45697,10.120466924487365,34.304621974627175,0.24603174603174607,0.0,0.0
45698,10.594368147034094,34.29626981417338,-0.14343434343434341,-2.0,1.0
45700,10.786852258460014,31.156277139981587,0.48686868686868684,0.0,0.0
45701,14.539527269198809,41.415836254755654,0.43434343434343425,0.3333333333333333,-0.3333333333333333
45702,5.617912462706433,20.3330889493227,0.3414141414141414,0.0,0.0
45703,8.636887230057473,28.718308448791504,-0.5313131313131313,-5.0,1.0
45704,4.666460691751432,13.545724709828695,-0.12222222222222222,-3.3333333333333335,0.6666666666666666
45705,9.959055292851081,28.33121156692505,0.5317460317460319,0.0,0.0
45706,11.449358769534015,34.20150486628214,0.7500000000000001,3.0,-1.0
45707,10.312161088183815,27.05544153849284,0.37142857142857144,0.0,0.0
45708,9.560926802076064,35.72252480189005,0.612121212121212,0.0,0.0
45709,0.0,0.0,,0.0,0.0
45710,9.833169465263822,31.482937812805176,0.6999999999999998,0.0,0.0
45711,9.096265833529051,29.841758122046787,0.1272727272727273,-4.333333333333333,0.0
45712,8.978110643315455,31.084517161051433,0.7936507936507938,1.3333333333333333,0.0
45713,15.859546497141864,43.79608980814616,0.4285714285714286,0.0,0.0
45714,5.691626041504112,17.18226953347524,0.6525252525252525,-2.3333333333333335,0.3333333333333333
45716,8.06032366743142,28.928542216618855,0.8666666666666667,0.0,0.0
45717,0.0,0.0,,0.0,0.0
45720,10.105309141021387,27.9914968808492,0.34126984126984133,1.0,-1.0
45721,2.870895783106486,5.741791566212972,-0.9999999999999999,-1.0,1.0
45722,9.372273523955498,30.385932286580402,0.4761904761904763,1.0,-1.0
45723,4.287111769016933,13.181023706992468,0.4642857142857144,0.3333333333333333,-0.3333333333333333
45724,0.0,0.0,,0.0,0.0
45725,4.71624522307703,14.241270621617636,0.22619047619047625,1.0,-1.0
45726,7.159395798143795,18.974008202552795,0.5357142857142858,0.3333333333333333,0.0
45727,6.051803390076589,20.482442140579224,0.1666666666666667,-1.0,1.0
45728,5.377620847795513,17.587429126103718,0.4383838383838384,1.3333333333333333,0.0
45729,18.817282429319874,51.877967834472656,0.6571428571428573,0.0,0.0
45730,7.538189574765968,24.272543162107468,-0.054545454545454536,2.0,-1.0
45731,12.289840261570163,39.994266986846924,0.8777777777777778,0.0,0.0
45732,11.35807134953295,36.122360706329346,0.5595238095238096,1.0,-1.0
45734,9.478559405330042,29.430589596430462,0.7696969696969695,0.3333333333333333,-0.3333333333333333
45736,0.0,0.0,,0.0,0.0
45737,6.134082533574092,18.925685207049053,0.507936507936508,0.0,0.0
45740,7.937890014429847,28.633516430854797,0.9126984126984127,0.0,0.0
45741,8.530171407816372,20.86857549349467,0.8333333333333331,0.0,0.0
45743,3.508782776293774,10.080984806021055,0.3095238095238096,0.0,0.0
45746,14.685810981976973,44.943135261535645,0.45555555555555555,0.0,0.0
45748,5.435890359303566,15.97158678372701,0.8388888888888889,1.0,0.0
45749,10.949434762523529,39.17060152689616,0.8333333333333335,0.0,0.0
45750,10.971654153128819,40.66538441181183,0.16767676767676767,0.0,0.0
45751,9.380888576902622,30.17608094215393,0.9285714285714287,0.0,0.0
45752,6.60571293608785,24.393653631210327,0.5717171717171716,0.0,0.0
45754,8.00164034951386,19.514070590337116,1.0,0.0,0.0
45755,4.463949995184129,13.764213353395462,0.8343434343434343,1.0,-0.3333333333333333
45756,4.909881463945672,16.42109179496765,0.2404040404040404,0.0,0.0
45757,5.9433145598144845,15.179327646891275,0.6666666666666666,-1.0,1.0
45759,5.547992142613221,18.536551753679912,0.6525252525252524,-1.0,1.0
45761,4.974167305282731,15.374648690223694,0.4523809523809525,0.0,0.0
45762,4.770400373119976,16.70549343029658,0.2063492063492064,-6.0,1.0
45763,11.56440159793822,32.0694195429484,0.4909090909090909,2.6666666666666665,-1.0
45764,7.541061152651058,20.6337407430013,-0.5555555555555556,-0.3333333333333333,0.0
45767,6.376276323368739,21.153834184010822,0.5797979797979798,0.0,0.0
45768,12.992958036055226,42.55292932192484,0.861111111111111,0.0,0.0
45769,7.414824743513026,23.513881762822468,0.8333333333333334,-0.6666666666666666,0.6666666666666666
45773,4.973693724692018,15.96112326780955,0.7222222222222223,0.0,0.0
45774,7.591850071367698,26.55849289894104,0.5888888888888889,0.0,0.0
45775,2.685790292161403,6.870592872301738,0.7333333333333333,1.0,-0.6666666666666666
45776,8.108743942381661,30.062277793884277,0.5959595959595959,0.0,0.0
45777,5.862342202911646,19.40583149592082,0.22222222222222224,1.6666666666666667,-1.0
45778,5.387328861426515,16.03276753425598,0.03333333333333334,-1.0,1.0
45779,13.32526748613194,40.96272842089335,0.7833333333333332,1.0,0.0
45780,7.913151458793496,28.69510857264201,0.43434343434343425,0.0,0.0
45781,2.954797069231669,5.909594138463338,0.9999999999999999,0.0,0.0
45782,5.1095161953606665,16.01073695719242,0.31313131313131315,0.3333333333333333,-0.3333333333333333
45785,5.038828324315982,15.773912707964579,0.41111111111111115,0.0,0.0
45786,15.138025190411431,36.58995723724365,0.5,1.0,-1.0
45787,9.141398212513236,30.740320682525635,0.41111111111111115,0.0,0.0
45788,2.405511772925868,8.131824056307474,0.3499999999999999,1.3333333333333333,0.0
45789,4.999565344055019,17.378824869791668,0.6031746031746031,0.0,0.0
45790,9.048027326238405,24.675072073936462,0.6666666666666666,-2.0,1.0
45791,8.177024622391754,27.20516912142436,0.888888888888889,0.0,0.0
45793,3.731965426918329,10.593466599782309,0.6031746031746033,0.0,0.0
45794,10.707131955123112,28.416147232055664,0.3,0.0,0.0
45795,7.537090315932755,23.09492301940918,0.8650793650793652,-1.0,1.0
45796,12.124487677692537,39.86037015914917,0.7818181818181816,0.0,0.0
45798,6.7665695033059405,23.890986839930218,0.503030303030303,0.0,0.0
45800,5.034838442517657,18.50602189699809,0.15873015873015875,0.0,0.0
45801,4.673184844332839,14.478700081507364,0.4880952380952383,0.0,0.0
45802,4.671753688859508,13.445427338282267,0.7023809523809526,0.0,0.0
45803,11.734269959041407,32.93042290210724,0.6565656565656565,2.0,-1.0
45804,9.493709832027747,28.453216036160786,0.9272727272727271,-1.0,0.0
45805,13.331706159062419,38.37215383847555,-0.26060606060606056,4.333333333333333,-1.0
45806,16.159016963076073,48.31677830219269,-0.05555555555555557,1.3333333333333333,-1.0
45807,5.10327319947791,15.757506877183914,0.21428571428571433,0.0,0.0
45808,8.458237795710827,24.400746549169224,0.5777777777777778,0.0,0.0
45809,7.207514004693059,21.78332829475403,0.7833333333333332,0.0,0.0
45810,3.4428131561981985,9.725895921389261,0.5476190476190478,0.3333333333333333,-0.3333333333333333
45812,5.982338681952103,20.029978672663372,0.44999999999999996,1.6666666666666667,-1.0
45813,2.452622930136053,7.9126407106717425,0.2833333333333334,3.3333333333333335,-0.6666666666666666
45814,7.25513441328454,26.525641918182373,0.6404040404040403,0.0,0.0
45815,0.0,0.0,,0.0,0.0
45816,17.526192595273073,49.57506850361824,0.25,3.6666666666666665,-1.0
45818,4.264519638421042,13.380298932393393,0.7277777777777779,0.6666666666666666,-0.6666666666666666
45819,8.231301482508874,31.019817352294922,0.18888888888888888,0.0,0.0
45820,7.756384382361152,25.778409004211426,0.08686868686868687,-4.0,1.0
45821,12.785171098810125,39.82149213552475,0.6190476190476192,0.0,0.0
45822,7.482755622551566,24.20512656370799,-0.3454545454545454,-7.0,1.0
45823,2.3238882148566518,7.627967298030853,0.511904761904762,0.0,0.0
45824,3.670392771562824,11.551590840021769,0.48686868686868684,-3.0,0.0
45825,8.528682174388589,29.09735365708669,0.5444444444444444,0.0,0.0
45826,5.8106461948942725,20.87185462315877,0.6722222222222222,0.0,0.0
45827,8.718187959575285,22.666999141375225,0.7999999999999999,0.0,0.0
45828,5.5946201166468805,21.529640197753906,-0.026262626262626265,3.3333333333333335,0.0
45829,2.6609210243951567,6.218114693959554,-0.8333333333333334,1.6666666666666667,-1.0
45830,15.417936328096024,36.25272528330485,1.0,0.0,0.0
45832,4.9990587277435905,16.49265030026436,0.2388888888888889,0.3333333333333333,-0.3333333333333333
45834,0.4875360205769539,0.9750720411539078,0.3333333333333333,0.3333333333333333,-0.3333333333333333
45835,10.410499195306633,31.383933703104656,0.65,0.6666666666666666,-0.6666666666666666
45836,10.754068773366095,31.877167741457622,0.2565656565656565,-2.3333333333333335,0.3333333333333333
45838,5.416755637254987,17.599140405654907,-0.23015873015873023,3.0,-1.0
45841,8.911168484126152,28.390225927035015,0.31717171717171716,0.0,0.0
45842,12.599412915969177,39.842347621917725,0.4166666666666667,5.333333333333333,-1.0
45843,3.939240422727894,14.27903818587462,0.19595959595959592,0.0,0.0
45845,8.88799039145349,31.04718488951524,0.15,0.6666666666666666,0.0
45846,9.83224003172777,33.443041960398354,0.3253968253968254,-1.6666666666666667,0.3333333333333333
45847,7.964209971288308,29.01088269551595,0.6686868686868687,0.3333333333333333,0.3333333333333333
45848,13.587759326768568,30.20191176732381,1.0,0.0,0.0
45849,14.937989026644601,37.65950016180674,0.11904761904761907,-3.3333333333333335,0.0
45850,9.853580937770765,24.655446141958237,0.4666666666666666,0.0,0.0
45851,6.542299150838704,19.989185015360516,0.11904761904761907,4.333333333333333,-1.0
45852,3.927978846651277,12.622520645459494,0.7575757575757575,0.3333333333333333,-0.3333333333333333
45853,15.071888117272351,51.752999703089394,0.0303030303030303,-3.6666666666666665,0.0
45854,5.855252963051608,20.35443139076233,0.12323232323232321,-2.0,0.0
45855,5.411261521644818,15.843858997027079,0.5166666666666666,1.0,-1.0
45857,6.5950107013794375,22.427748521169026,0.7976190476190478,-0.3333333333333333,0.3333333333333333
45858,8.619526136606328,26.407227635383606,0.6242424242424242,0.6666666666666666,0.0
45859,6.038784003272014,20.55529424548149,-0.12777777777777777,7.0,-1.0
45860,6.654703563500729,18.455782612164814,0.21904761904761907,1.3333333333333333,-1.0
45861,4.2040179996462115,14.34353737036387,0.4222222222222222,0.0,0.0
45862,11.466000993780435,37.634127140045166,-0.049999999999999996,0.0,0.0
45863,4.085943400332698,11.586729049682617,-0.10714285714285716,0.6666666666666666,-0.3333333333333333
45864,7.753073909251775,25.629496097564697,0.13333333333333333,1.0,-1.0
45865,6.828556578222364,23.459544976552326,-0.2727272727272727,-5.0,1.0
45866,18.677354222012603,51.441503405570984,0.25000000000000006,0.0,0.0
45867,5.4733254979929065,18.172611117362976,0.7898989898989898,-4.0,0.0
45868,7.298606875034031,23.556254307428997,0.7414141414141414,1.3333333333333333,-1.0
45869,1.8770404656728108,3.7540809313456216,-0.9999999999999999,1.0,-1.0
45870,8.614983991359761,21.180150667826336,0.5333333333333333,0.0,0.0
45871,6.864528238371347,19.007582028706867,0.6666666666666669,-1.0,0.3333333333333333
45872,9.94344402640398,31.20384645462036,-0.11111111111111109,0.0,0.0
45873,11.478081385294596,22.95616277058919,0.9999999999999999,0.0,0.0
45876,8.396308676711191,30.041919618844986,0.5888888888888889,4.333333333333333,-1.0
45877,3.6952616300556946,12.671317140261332,0.4000000000000001,4.666666666666667,-1.0
45878,13.487852974418615,38.342838207880654,0.1349206349206349,-1.0,1.0
45879,6.137507841169921,17.51711805164814,0.3055555555555555,0.0,0.0
45880,4.60343904411574,14.406312147776285,0.7166666666666667,1.0,-1.0
45881,9.500367493483576,36.01419301827749,0.4383838383838383,1.3333333333333333,0.0
45882,13.88435513901045,38.0525209804376,0.3051285766293647,-1.0,0.3333333333333333
45883,11.827993990673319,38.31813192367554,0.7055555555555554,1.0,-1.0
45884,11.798638535751865,34.029173811276756,-0.10555555555555556,0.0,0.0
45885,2.910354058274129,9.246875683466593,0.5,0.0,0.0
45886,7.661204678898422,24.073391531904537,0.7111111111111111,0.0,0.0
45888,11.316984236806297,37.55823703606924,0.5444444444444444,0.0,0.0
45890,9.683269825128273,33.99862241744995,0.7777777777777778,0.0,0.0
45892,12.050308563826512,35.57724153995514,0.8214285714285715,0.0,0.0
45893,5.753645340416426,14.909314632415771,0.06666666666666667,1.0,-0.6666666666666666
45894,4.876070426430769,15.63356101512909,-0.253968253968254,4.0,-1.0
45896,10.207643871055225,37.32625864942869,0.0707070707070707,4.0,-1.0
45897,6.414614790958571,22.362861315409344,0.32525252525252524,-1.0,1.0
45898,12.762368687326246,45.45157558719317,0.8388888888888889,0.6666666666666666,-0.6666666666666666
45902,7.8458566523207836,21.65082812309265,0.9333333333333332,0.0,0.0
45903,3.6171597038564705,11.634836435317993,-0.02777777777777778,3.0,-1.0
45904,10.090010863982393,30.02066119511922,0.6825396825396827,0.0,0.0
45905,6.542141787817431,19.37248953183492,0.4523809523809524,-3.6666666666666665,0.0
45906,8.842607599683527,35.260796546936035,0.4424242424242424,-1.0,1.0
45907,9.889277712232166,34.4419633547465,0.11111111111111115,5.333333333333333,-1.0
45911,7.134498576312889,19.727405389149983,0.942857142857143,0.0,0.0
45912,5.726308457766152,17.651638398567837,0.6666666666666669,0.6666666666666666,-0.3333333333333333
45913,8.289858583239202,25.78869390487671,-0.29523809523809524,3.0,-1.0
45914,4.942504668842943,15.075662771860758,0.806060606060606,0.6666666666666666,-0.6666666666666666
45915,9.044206944639432,24.72196674346924,0.7619047619047622,0.6666666666666666,-0.6666666666666666
45916,8.454705632960076,26.872294267018635,0.7777777777777777,0.0,0.0
45919,4.531115484773227,12.475516676902771,-0.009523809523809525,3.0,-1.0
45920,6.25923310924058,19.002666354179382,0.5166666666666666,0.3333333333333333,-0.3333333333333333
45921,0.0,0.0,,0.0,0.0
45922,4.695512170669686,14.773207068443298,0.6190476190476191,0.0,0.0
45923,3.9653809467951455,7.930761893590291,0.9999999999999999,0.0,0.0
45924,19.686951003230586,42.16432372728983,0.6666666666666666,0.0,0.0
45925,9.482217845730483,36.492260773976646,0.7696969696969695,0.0,0.0
45926,8.522365308640731,29.357435291012127,0.705050505050505,0.0,0.0
45927,10.285851823150232,24.90753944714864,0.5,0.0,0.0
45928,11.66549209930803,36.9954514503479,0.49444444444444446,0.0,0.0
45929,4.9883469778412675,15.185519417126974,0.4707070707070707,-1.0,1.0
45931,8.722956880084668,27.720784823099773,0.4047619047619049,0.0,0.0
45934,7.710457765235547,23.469969272613525,0.6722222222222222,1.0,-1.0
45935,6.309000107733872,21.45182670156161,0.7222222222222223,0.0,0.0
45936,11.135626496053758,25.48054091135661,0.5,0.0,0.0
45938,7.79595084925752,21.76581557591756,0.2571428571428572,0.0,0.0
45939,7.335289238895238,22.802134732405346,0.5595238095238096,0.0,0.0
45940,9.72993683607415,34.65765508015951,0.03888888888888889,0.0,0.0
45941,7.391335000019986,23.853103081385296,-0.7500000000000001,4.666666666666667,-1.0
45942,10.957294609075902,26.287380933761597,0.46666666666666673,0.0,0.0
45943,2.903884987210288,8.851216673851013,0.4444444444444445,0.3333333333333333,-0.3333333333333333
45944,7.344494293191737,17.999884714682896,0.6666666666666666,0.0,0.0
45946,4.125781702102031,14.280826807022095,0.6525252525252524,0.0,0.0
45948,18.71714723110199,37.43429446220398,0.9999999999999999,0.0,0.0
45949,13.502645572905331,31.81722855567932,0.5,0.0,0.0
45950,11.96487650207189,47.5684974193573,0.8585858585858586,2.0,-1.0
45951,4.729329100937911,16.38679575920105,0.6202020202020201,1.0,-1.0
45952,6.281508571820435,18.451021750768025,0.46262626262626255,3.0,-1.0
45953,14.840490022889155,37.72164297103882,0.5833333333333334,0.0,0.0
45955,20.06338039852575,58.12538157403469,0.923809523809524,0.0,0.0
45956,5.077599261884179,12.487247943878174,0.7333333333333334,0.3333333333333333,-0.3333333333333333
45957,10.141023007159466,23.628074904282887,1.0,0.0,0.0
45958,5.726033147179705,18.846033851305645,0.5634920634920636,0.0,0.0
45959,10.21241936398023,34.14724532763163,0.8571428571428572,1.3333333333333333,-0.6666666666666666
45963,7.759904800016869,27.397369543711346,0.38181818181818183,0.0,0.0
45964,8.909788956566256,28.868722180525463,0.8690476190476192,0.3333333333333333,-0.3333333333333333
45965,8.61905853897456,26.59002224604289,0.5555555555555555,-0.3333333333333333,0.3333333333333333
45966,14.320279995600382,28.640559991200764,0.9999999999999999,0.0,0.0
45967,6.192613118070146,18.744904041290283,0.3095238095238096,0.0,0.0
45969,12.30905508993373,37.15004746119181,0.612121212121212,1.3333333333333333,0.0
45970,11.596022420962349,35.925975481669106,0.5714285714285715,3.3333333333333335,-1.0
45971,8.509031889480502,29.041651566823322,0.6363636363636362,0.0,0.0
45972,8.829030259163586,24.132703860600788,0.2571428571428572,0.0,0.0
45973,7.947036326276188,27.593605279922485,-0.11904761904761907,0.0,0.0
45974,9.154519541776324,33.31039261817932,0.6825396825396827,0.0,0.0
45976,8.504320117530062,27.32871864239375,0.03838383838383839,4.333333333333333,-1.0
45977,8.649758033119047,25.750633438428242,0.6277777777777778,2.6666666666666665,-1.0
45978,6.109654376109219,18.963061292966206,0.21428571428571433,0.3333333333333333,-0.3333333333333333
45979,5.986330198918552,15.125104467074076,0.942857142857143,0.0,0.0
45980,7.124420792334877,21.05496088663737,0.36969696969696964,0.0,0.0
45982,6.69831767911598,21.45490614573161,0.17575757575757575,1.0,-1.0
45983,11.223292720444567,36.25139152010282,0.4404761904761905,2.0,-1.0
45984,8.576927792017953,30.919614503781002,0.2722222222222222,4.0,-1.0
45985,13.100461033446384,43.321147441864014,0.5873015873015873,0.0,0.0
45987,4.33468133020364,14.418755292892456,0.6222222222222222,-1.3333333333333333,0.3333333333333333
45988,6.438754154095959,21.063778479894,0.19999999999999998,0.0,0.0
45990,4.094060695063656,11.289121126135191,0.3111111111111111,4.333333333333333,-1.0
45991,9.76087204919448,25.64703830083211,1.0,0.0,0.0
45995,4.849740340916572,14.422908782958984,0.4444444444444445,0.3333333333333333,-0.3333333333333333
45996,5.249945891176114,18.087722728649776,0.7454545454545453,0.0,0.0
45997,19.83473785718282,39.66947571436564,0.9999999999999999,0.0,0.0
45998,10.4172227823054,27.204786976178486,0.6190476190476192,0.3333333333333333,-0.3333333333333333
46000,8.330787405386305,27.12223508954048,0.5555555555555555,0.0,0.0
46001,5.961226356305295,19.440910240014393,0.18253968253968259,4.666666666666667,0.0
46002,12.951474302490107,34.66303062438965,0.6666666666666666,0.0,0.0
46003,10.167722450785739,39.022905468940735,0.6565656565656565,2.3333333333333335,0.0
46005,15.175157445095733,45.55723348259926,-0.14343434343434344,4.333333333333333,0.0
46006,5.602066050692698,20.008120616277058,0.39444444444444443,0.0,0.0
46007,9.391857604172046,32.68094778060913,0.7818181818181816,-0.3333333333333333,0.0
46010,8.320923688029639,28.898699194192886,0.10555555555555556,2.0,0.0
46012,10.480283298003117,34.02356478075186,0.3571428571428572,0.0,0.0
46013,7.976238244406588,25.71204121907552,0.4777777777777778,0.0,0.0
46016,9.779699622286056,28.273051420847576,0.21428571428571433,0.0,0.0
46017,7.281128270132157,24.334181149800617,0.3888888888888889,2.0,0.0
46018,11.223516054596189,36.1674485206604,0.8571428571428572,0.0,0.0
46019,6.585932276951688,20.74079943696658,0.6825396825396828,0.6666666666666666,0.0
46020,7.329452922115898,27.25686724980672,0.6848484848484847,0.0,0.0
46021,10.180139605244229,32.651795625686646,0.4047619047619049,0.0,0.0
46022,11.60860651554426,41.40038629372915,0.6666666666666669,-2.0,1.0
46023,6.310434959048625,22.97504198551178,0.5722222222222223,0.0,0.0
46024,7.244883054454614,25.473779837290447,0.13888888888888887,0.0,0.0
46025,6.4957453443136615,18.31332724293073,0.6777777777777777,-0.3333333333333333,0.3333333333333333
46026,4.086982379391891,13.751778880755106,0.7010101010101009,1.0,-1.0
46028,11.077745187453543,30.996058742205303,0.7857142857142859,0.0,0.0
46030,4.2296920697064975,11.170543670654297,0.8476190476190477,0.3333333333333333,-0.3333333333333333
46031,4.298802120617823,14.635949730873108,0.20404040404040402,2.0,-1.0
46032,4.570210316964936,13.853867004315058,-0.022222222222222216,3.0,-1.0
46033,7.834074937890879,27.754650274912517,0.5797979797979798,-1.0,1.0
46034,6.674495451425057,19.847836017608643,0.7111111111111111,0.3333333333333333,-0.3333333333333333
46036,6.442411729203022,18.50253752867381,0.5428571428571428,0.0,0.0
46038,11.817982262269437,34.807040294011436,0.8015873015873017,0.3333333333333333,-0.3333333333333333
46039,6.725093052210222,17.46496444940567,0.23809523809523814,1.3333333333333333,-1.0
46040,10.081751946554979,27.74959107240041,0.5714285714285715,0.0,0.0
46041,14.278051271078084,39.66656947135925,-0.15873015873015875,0.0,0.0
46042,7.584531365538218,20.721174478530884,0.580952380952381,3.0,0.0
46044,9.463516438442658,41.01914246877035,0.7777777777777777,-2.0,1.0
46045,18.22883361216429,48.18429104487101,0.7494949494949493,0.0,0.0
46046,3.3126705971564565,10.57439931233724,-0.33333333333333326,6.666666666666667,-1.0
46047,11.128920861685414,42.8735556602478,0.34545454545454546,0.3333333333333333,-0.3333333333333333
46048,6.675178466976316,21.91942544778188,0.41818181818181815,1.6666666666666667,-1.0
46049,6.504432989721754,23.201412667830784,0.3212121212121212,0.0,0.0
46050,7.891688194459843,28.854756752649944,0.011111111111111112,0.0,0.0
46051,14.540354242178998,39.53723700841268,0.26666666666666666,0.0,0.0
46053,7.474091414196697,23.767214735349018,0.22020202020202018,-2.0,0.0
46054,9.669647461583706,27.49678913752238,-0.03968253968253969,-5.0,0.3333333333333333
46055,16.50924621778106,44.77086488405863,-0.3690476190476191,-2.0,1.0
46056,6.3671012774992946,20.568667193253834,-0.31717171717171716,0.3333333333333333,-0.3333333333333333
46058,8.622646809437894,28.14007842540741,0.5714285714285715,-1.0,1.0
46059,6.713314733039971,23.94612677892049,0.6071428571428572,-1.0,1.0
46060,12.236274033567435,34.60469675064087,0.5833333333333334,1.6666666666666667,-1.0
46061,3.631720473616395,10.624240398406982,0.38888888888888884,0.0,0.0
46062,6.8494016669176245,20.326380024353664,0.7055555555555556,0.6666666666666666,-0.6666666666666666
46063,5.563450204719054,16.475464900334675,0.35000000000000003,1.6666666666666667,-1.0
46064,6.162971705667612,20.683154582977295,-0.12380952380952383,-1.0,1.0
46065,10.56659619817045,30.793543954690296,0.8412698412698414,1.0,-1.0
46066,5.984465772828872,13.785726189613342,-0.16666666666666666,0.6666666666666666,-0.6666666666666666
46067,9.537730566959581,30.303653319676716,0.25,0.3333333333333333,-0.3333333333333333
46068,17.03010614669491,54.941964745521545,-0.2333333333333333,3.0,-1.0
46069,10.954610542494033,41.56923111279806,0.861111111111111,1.0,-1.0
46070,0.0,0.0,,0.0,0.0
46071,6.5053530826895285,24.64657135804494,0.4909090909090909,0.0,0.0
46072,5.0614021660597395,15.128642082214355,0.6984126984126986,1.3333333333333333,-0.6666666666666666
46073,0.0,0.0,,0.0,0.0
46074,10.354413618534748,33.535622457663216,0.7050505050505049,0.0,0.0
46076,0.0,0.0,,0.0,0.0
46078,6.742015623667794,22.827646096547443,0.20808080808080806,0.0,0.0
46080,7.460594203767588,24.317671696345013,0.7142857142857144,1.0,-1.0
46081,5.18309655347196,14.523139476776123,0.511904761904762,0.0,0.0
46082,9.975837935171363,33.127511183420815,0.9365079365079366,0.0,0.0
46083,6.796173342235559,23.49068244298299,0.4222222222222222,0.0,0.0
46084,10.957506036059565,28.347910086313885,0.7999999999999999,0.0,0.0
46085,9.365552687906126,27.55179136991501,0.3737373737373737,0.0,0.0
46088,6.548807930764627,23.44380195935567,0.6587301587301588,0.0,0.0
46089,5.731345614271422,16.634417057037354,0.7500000000000001,0.0,0.0
46091,4.347493728139395,14.596598669886589,0.5595238095238096,1.3333333333333333,-0.6666666666666666
46092,3.7689499743369743,11.904571652412415,0.10714285714285715,1.3333333333333333,-0.6666666666666666
46093,6.070661339882515,19.804062008857727,0.380952380952381,0.6666666666666666,-0.6666666666666666
46094,13.943284312446545,40.133281191190086,0.4841269841269842,0.0,0.0
46095,4.241281310421093,12.67958668867747,0.7111111111111112,0.6666666666666666,-0.6666666666666666
46096,10.93176500381172,32.67019438743591,0.3968253968253969,0.0,0.0
46097,2.8104627331573284,10.201769828796387,0.2722222222222222,5.0,-1.0
46098,23.27807774456657,56.75264549255371,0.7714285714285717,0.0,0.0
46099,3.270319170484594,10.324243585268656,0.6547619047619049,0.0,0.0
46100,12.047532335683252,42.76213534673055,0.7738095238095241,-1.0,1.0
46101,7.954941062609582,30.217128833134968,0.612121212121212,-1.0,0.0
46103,0.0,0.0,,0.0,0.0
46105,6.430633802009139,18.008671919504803,0.4523809523809524,-0.3333333333333333,0.3333333333333333
46106,7.87586089135877,21.98740855852763,0.05555555555555557,1.3333333333333333,0.0
46109,6.439035166304005,24.228733142217,-0.25656565656565655,-1.0,1.0
46112,7.352715252392906,19.404474020004272,0.15873015873015875,-5.0,0.0
46113,10.877635333618835,37.458411475022636,0.22424242424242422,0.0,0.0
46114,8.116625032194179,24.23566011587779,0.6484848484848484,0.6666666666666666,-0.6666666666666666
46115,7.884120043480358,21.95581356684367,0.011111111111111108,0.3333333333333333,-0.3333333333333333
46116,14.824978313494816,46.38450002670288,0.6904761904761907,-1.0,1.0
46117,8.640576067437712,29.871586481730144,0.22777777777777777,0.0,0.0
46118,11.532193278680495,36.428859074910484,0.5878787878787878,0.0,0.0
46120,4.254631540237716,14.625876545906067,0.1547619047619048,-4.0,1.0
46121,8.145169725908538,24.168044318755467,0.05050505050505049,0.6666666666666666,-0.6666666666666666
46122,3.832043659033404,13.273570656776428,0.14285714285714288,0.0,0.0
46123,6.777909331410984,21.8103380103906,0.561111111111111,0.0,0.0
46124,10.100853103757121,29.875752925872803,0.6404040404040403,3.6666666666666665,-1.0
46125,3.2011105774890267,10.036621888478598,0.39285714285714296,2.0,-1.0
46126,4.801789259224749,16.53594120343526,0.4047619047619048,0.6666666666666666,-0.6666666666666666
46127,3.5059522857942844,9.42801276842753,0.49999999999999994,1.6666666666666667,-1.0
46129,7.173868181638388,24.444043238957722,0.753968253968254,0.0,0.0
46131,0.0,0.0,,0.0,0.0
46132,8.417347044113805,32.47773504257202,0.7292929292929292,0.0,0.0
46134,4.564925958615356,14.39202070236206,0.5634920634920636,-0.3333333333333333,0.3333333333333333
46135,10.55755681230393,32.67131884892782,0.18333333333333335,2.0,0.0
46136,8.398381598995604,28.801859378814697,0.8262626262626261,-0.6666666666666666,0.6666666666666666
46137,7.2842008894704575,26.29398822784424,0.5636363636363635,-1.0,1.0
46138,14.695755766282714,46.93122794230779,0.630952380952381,0.3333333333333333,-0.3333333333333333
46140,6.8235270927033325,20.866595427195232,-0.4841269841269842,4.0,-1.0
46141,9.362832926664952,27.237496361136436,-0.6785714285714287,-5.0,1.0
46144,6.3236604740515645,19.94981597860654,0.8666666666666667,-1.3333333333333333,0.0
46145,4.598817646171951,14.431216756502787,0.28571428571428575,1.6666666666666667,-1.0
46146,3.0655160906037495,10.310883447527885,0.4206349206349207,3.0,-1.0
46147,13.315638782864895,33.12794025739034,0.19595959595959597,-3.3333333333333335,0.3333333333333333
46148,6.771145433321236,25.83603036403656,0.2686868686868687,1.0,0.0
46149,3.6060417836709266,10.484955509503683,-0.17575757575757575,2.6666666666666665,-1.0
46151,9.282730523953335,23.0290443499883,-0.1349206349206349,-2.0,1.0
46152,3.5623617282392064,8.098803281784058,0.5,0.0,0.0
46153,12.411094357945727,43.29195785522461,0.14285714285714288,0.0,0.0
46154,11.703019768794007,40.52806580066681,0.5793650793650795,-1.6666666666666667,0.6666666666666666
46155,11.720279443085687,39.46441515286764,0.7857142857142859,0.0,0.0
46157,4.820329845730762,13.710713585217794,0.3015873015873017,2.0,-1.0
46159,10.887485778169278,25.136553208033245,0.3333333333333333,0.0,0.0
46160,9.21007618829107,37.4618174235026,0.2767676767676768,0.0,0.0
46161,3.729085542540318,10.08515759309133,-0.26666666666666666,-1.3333333333333333,0.0
46162,4.709780157762155,11.864861796299616,0.8999999999999999,0.6666666666666666,-0.6666666666666666
46164,5.863640978753726,18.41602415839831,0.3968253968253969,2.0,-1.0
46165,10.087428966521946,28.728018547097843,0.5238095238095238,0.3333333333333333,-0.3333333333333333
46166,4.0430456603471185,12.40523612499237,-0.24444444444444446,5.666666666666667,-1.0
46167,4.424122955926308,14.609444618225098,-0.4761904761904763,1.6666666666666667,-1.0
46169,5.09444040659507,16.18239877621333,0.5878787878787879,-2.0,1.0
46170,7.406079753164853,25.003820419311523,-0.25656565656565655,1.3333333333333333,0.0
46171,8.21443653097158,25.87969207763672,0.26464646464646463,-1.0,1.0
46172,4.029224746523481,12.720215578873953,0.6277777777777778,1.0,-0.6666666666666666
46173,4.968410169278418,16.014992872873943,0.9285714285714287,0.0,0.0
46174,8.305223269419916,28.657702287038166,0.09523809523809525,1.6666666666666667,0.0
46175,11.450829767241176,33.61258779962858,0.32142857142857145,0.0,0.0
46176,6.74350734714983,24.239057421684265,0.7010101010101009,0.0,0.0
46177,4.199472846910542,14.654311895370483,0.34949494949494947,2.0,-1.0
46179,8.783012541509029,30.657302697499592,0.22424242424242422,0.0,0.0
46180,12.208118134186478,33.90150479475657,0.9047619047619048,1.0,0.0
46181,7.7032682465409765,21.42010024189949,0.753968253968254,0.0,0.0
46182,8.436810297948456,29.666521668434143,0.9434343434343434,0.3333333333333333,-0.3333333333333333
46183,9.952601273218418,28.769591957330704,0.6571428571428573,-1.0,1.0
46185,6.098417414238433,19.22181550661723,0.7714285714285717,1.3333333333333333,-1.0
46186,12.97519972259107,36.52242807547251,0.39999999999999997,0.0,0.0
46190,6.045277184223186,19.82693115870158,0.45454545454545453,0.3333333333333333,-0.3333333333333333
46191,5.9014548157703315,18.81843562920888,0.19841269841269846,0.0,0.0
46192,14.506250811756594,55.71765343348185,0.6999999999999998,1.0,0.0
46194,7.705294709976807,26.50466012954712,0.305050505050505,2.0,-1.0
46195,6.2194421479360384,20.562376131614048,0.3333333333333333,0.3333333333333333,-0.3333333333333333
46196,4.563157261811376,16.684473077456158,0.5111111111111111,0.0,0.0
46198,4.6568764095804625,16.554002900918324,0.09523809523809525,0.0,0.0
46199,7.47101730836732,20.834345817565918,0.5166666666666667,-3.3333333333333335,0.0
46201,4.769357998066984,13.48102299372355,-0.08333333333333336,1.6666666666666667,0.0
46202,8.261397133233931,20.183974822362263,0.8666666666666666,0.0,0.0
46203,4.433350266392299,16.618595391511917,0.47222222222222215,1.6666666666666667,-1.0
46204,5.303607255247975,20.85037296017011,0.12323232323232321,0.0,0.0
46205,8.351974799765932,24.64698664347331,-0.03333333333333333,-1.0,1.0
46206,10.563858275755178,28.64582633972168,-0.6507936507936508,-5.666666666666667,0.6666666666666666
46208,15.504865667972323,44.885038097699486,0.6055555555555555,1.0,-1.0
46209,12.846307732748462,37.66953134536743,0.4285714285714286,3.0,-1.0
46210,9.861343247143855,36.33538564046224,-0.049999999999999996,0.0,0.0
46211,10.569886607871133,35.58611949284872,0.0634920634920635,0.0,0.0
46212,9.63289568877218,28.1794269879659,0.8747474747474747,3.3333333333333335,-1.0
46214,11.765609175027963,39.647944420576096,0.5515151515151514,0.3333333333333333,-0.3333333333333333
46215,9.131750877719789,33.88798574606577,0.6166666666666667,0.0,0.0
46216,9.563317248915837,30.945371468861897,0.5833333333333334,1.0,-1.0
46218,7.514643109775574,26.453284939130146,0.18333333333333335,0.0,0.0
46219,0.0,0.0,,0.0,0.0
46220,9.368018225253174,30.33148507277171,-0.0396825396825397,-1.0,1.0
46221,8.138395750182468,22.269350429375965,0.46262626262626255,0.6666666666666666,-0.6666666666666666
46222,7.6931932969466965,24.84043788909912,0.49494949494949486,2.0,-1.0
46223,6.060147251633995,15.533488790194193,0.6333333333333333,1.3333333333333333,-1.0
46224,10.250463965706897,32.308754205703735,-0.08333333333333336,0.0,0.0
46225,4.078976735771777,13.373988151550293,0.5634920634920636,0.6666666666666666,-0.6666666666666666
46226,8.55931707814649,31.54899271329244,0.6646464646464646,0.0,0.0
46227,13.997864871995661,40.307528495788574,0.06666666666666668,0.0,0.0
46228,5.925082505089002,18.92482860883077,0.5952380952380953,0.3333333333333333,-0.3333333333333333
46229,6.700984403775567,21.022544145584106,0.43333333333333335,0.0,0.0
46230,8.302225638733978,20.631889780362446,0.26666666666666666,0.0,0.0
46231,14.276761008333615,43.97469838460287,0.7055555555555556,-1.0,1.0
46232,4.3931547476995405,14.062317108114561,0.07777777777777778,2.3333333333333335,0.0
46233,15.92527953783671,31.85055907567342,0.9999999999999999,0.0,0.0
46234,3.932911261681413,13.615612149238586,0.22777777777777775,3.3333333333333335,0.0
46235,6.200553687664413,16.912355184555054,0.8968253968253969,0.3333333333333333,-0.3333333333333333
46236,14.893729676803327,34.65388882160187,0.13095238095238096,0.0,0.0
46237,10.153903506787499,35.23795986175537,0.6646464646464646,0.0,0.0
46238,8.970385684610953,30.969757715861004,0.08730158730158732,0.0,0.0
46239,7.1838049020919295,19.668527483940125,0.8666666666666666,-0.6666666666666666,0.0
46240,2.6150443194156305,8.421105146408081,0.7904761904761907,0.6666666666666666,0.0
46241,7.4173059085281166,23.4206067721049,0.7616161616161614,0.3333333333333333,-0.3333333333333333
46242,7.052609168043424,20.910021483898163,0.8452380952380953,1.3333333333333333,-0.6666666666666666
46244,7.847548915104866,28.17431092262268,0.8868686868686867,1.0,-1.0
46246,7.650169299135896,25.69656976064046,0.23809523809523814,3.6666666666666665,-1.0
46247,8.886438979644089,28.118191758791607,0.3277777777777778,0.0,0.0
46248,7.836949720708719,23.636015971501667,0.2833333333333333,1.3333333333333333,-1.0
46249,14.34147103486543,52.850716511408486,0.8505050505050503,-0.3333333333333333,0.3333333333333333
46250,11.007190695850328,34.77972702185313,0.2222222222222222,0.0,0.0
46251,13.5093134065721,36.60512514909109,-0.13095238095238096,1.0,-1.0
46252,5.892414689398215,20.764057159423828,0.4222222222222222,0.0,0.0
46253,9.361529974229287,26.22937611738841,0.10317460317460318,2.0,-1.0
46254,12.69323543597084,39.129351456960045,0.25000000000000006,0.0,0.0
46255,8.781645180619241,30.531086603800457,0.9404761904761907,0.0,0.0
46256,5.74569424949539,19.026942253112793,0.9523809523809524,0.0,0.0
46257,5.124433151782923,13.954158862431845,0.21428571428571433,0.6666666666666666,-0.6666666666666666
46258,6.71184050936009,22.159140904744465,9.25185853854297e-18,-0.3333333333333333,0.3333333333333333
46259,4.877381714434203,17.61145074168841,-0.18888888888888888,0.3333333333333333,0.0
46260,6.00444270931149,18.152322212855022,0.253968253968254,0.0,0.0
46261,7.050586242972588,24.221698462963104,0.5444444444444444,0.0,0.0
46263,11.118628252355913,36.49407486617565,0.873015873015873,-0.3333333333333333,0.3333333333333333
46264,6.312477781930821,24.512078762054443,0.4222222222222221,0.0,0.0
46267,9.05738272541435,33.05676952997843,0.7939393939393938,0.6666666666666666,-0.6666666666666666
46268,5.878281582302659,17.93390687306722,0.7777777777777778,0.3333333333333333,-0.3333333333333333
46269,6.887211652310861,21.788693090279896,0.18888888888888888,0.3333333333333333,0.3333333333333333
46270,8.733672705240183,21.139910062154133,0.6333333333333333,0.3333333333333333,-0.3333333333333333
46271,3.2182642189074073,11.112329483032227,0.26984126984126994,-0.6666666666666666,0.0
46272,2.799153295176995,8.794801076253256,0.14444444444444446,0.6666666666666666,-0.6666666666666666
46273,0.0,0.0,,0.0,0.0
46274,6.019607134899721,16.474320327242214,0.6666666666666666,1.3333333333333333,-1.0
46275,7.3550595459282135,23.17689037322998,0.7738095238095238,0.0,0.0
46276,19.137104147672474,54.45608361562093,0.3,0.0,0.0
46278,7.3046180591630945,23.228909730911255,0.49494949494949486,0.6666666666666666,-0.6666666666666666
46279,8.446879550239435,26.24763294061025,0.27619047619047615,0.0,0.0
46281,14.49273328157237,43.510235249996185,0.22828282828282828,0.6666666666666666,-0.3333333333333333
46282,7.619603495680848,23.560925881067913,0.5555555555555557,0.0,0.0
46283,7.424289030510124,20.315922339757282,0.6333333333333333,0.0,0.0
46284,11.276875512642022,32.23111208279928,0.05555555555555556,-5.333333333333333,0.3333333333333333
46285,10.510989065459542,33.32775413990021,0.14285714285714288,-0.6666666666666666,0.6666666666666666
46286,5.614168658137402,18.52393941084544,0.17777777777777778,0.0,0.0
46289,4.9034275033756245,16.590035756429035,0.059523809523809534,0.0,0.0
46290,7.209905864257318,22.335562070210774,-0.08333333333333336,0.0,0.0
46291,6.824277480072495,20.32083998123805,0.3222222222222222,1.3333333333333333,-1.0
46292,8.791223726451948,25.78638545672099,-0.1547619047619048,-1.0,1.0
46295,3.4113932107867035,11.00312582651774,0.25,1.0,-0.3333333333333333
46296,7.522490647300784,19.151097059249878,0.6825396825396827,0.0,0.0
46297,5.309821380955879,14.588906725247702,0.7333333333333333,1.3333333333333333,-1.0
46298,0.0,0.0,,0.0,0.0
46299,12.323934397793295,35.19019063313802,-0.03571428571428572,0.0,0.0
46300,8.40605617281163,30.98783875008424,0.05050505050505052,1.0,-1.0
46301,5.576999153087385,17.887702703475952,-0.06349206349206349,-2.0,1.0
46304,4.173475654630478,14.742123325665792,0.6404040404040403,0.3333333333333333,-0.3333333333333333
46305,10.542774612213707,35.85600050290426,0.29365079365079366,0.0,0.0
46306,11.275499900182089,22.550999800364178,0.9999999999999999,0.0,0.0
46307,6.214177919330389,20.511212189992268,0.45555555555555555,2.3333333333333335,-1.0
46308,11.189325031006419,30.792495330174763,0.6606060606060605,0.0,0.0
46309,12.367493882059016,43.97130151589712,0.626984126984127,0.0,0.0
46310,5.949285474933721,22.43674898147583,0.21616161616161614,5.333333333333333,-1.0
46311,8.726928587525537,32.28885889053345,0.6323232323232323,0.6666666666666666,-0.3333333333333333
46312,8.886532727251847,27.157276968161266,0.7857142857142859,1.0,-1.0
46314,2.538244224606058,6.671877543131511,0.8666666666666666,0.3333333333333333,-0.3333333333333333
46316,0.0,0.0,,0.0,0.0
46317,13.25527998907567,29.23532037436962,0.16666666666666666,0.3333333333333333,-0.3333333333333333
46318,4.862834124150741,15.000385011235872,0.1388888888888889,0.0,0.0
46319,6.214621039535392,18.776124517122906,0.9285714285714287,0.0,0.3333333333333333
46320,8.228172177586718,28.349143703778584,0.42777777777777776,0.3333333333333333,0.0
46321,8.550005815292968,31.48031198978424,0.42857142857142866,4.0,-1.0
46322,0.0,0.0,,0.0,0.0
46323,3.4552318465201797,12.763489107290903,0.8343434343434343,0.0,0.0
46324,11.25912564334336,35.25545913974444,0.13492063492063494,0.0,0.0
46326,5.826828347961819,17.957027713457745,0.5714285714285715,0.0,0.0
46327,10.86101065491261,24.811231931050617,-0.5,-1.0,1.0
46328,0.0,0.0,,0.0,0.0
46329,7.545010930342474,28.27146131793658,0.5777777777777778,0.0,0.0
46330,9.828963619531159,34.8145724038283,0.8262626262626261,0.0,0.0
46331,0.0,0.0,,0.0,0.0
46332,9.235423227332804,24.82098372777303,0.8095238095238096,0.0,0.0
46333,14.044123313906654,44.66768328348795,0.3174603174603175,0.0,0.0
46334,18.582655216124802,47.76755015055338,0.7999999999999999,0.0,0.0
46335,14.029371288330394,36.033010601997375,-0.03333333333333334,-1.0,1.0
46336,11.4974833668053,41.832338651021324,0.34545454545454546,0.0,0.0
46337,3.9249174084867633,9.403174797693888,0.16666666666666666,1.3333333333333333,-1.0
46338,8.921622029027377,25.523508826891582,0.8571428571428572,0.3333333333333333,-0.3333333333333333
46339,10.191381679467362,34.907662868499756,0.3214285714285715,0.0,0.0
46340,6.897800401976448,22.927589575449627,0.654761904761905,0.0,0.0
46341,7.381171967015015,22.13357901573181,0.007936507936507941,0.0,0.0
46342,11.5769183981687,36.266411542892456,0.1717171717171717,0.0,0.0
46343,6.770032759626758,24.07961146036784,0.5474747474747473,0.0,0.0
46344,11.79776941350102,38.64285504817963,0.4222222222222222,0.0,0.0
46345,13.236678461747081,33.5665488243103,0.5833333333333334,-1.0,1.0
46346,6.472753460628603,17.877816299597423,0.3571428571428572,1.6666666666666667,-0.6666666666666666
46347,6.588186543331488,21.46420733133952,0.5833333333333335,0.3333333333333333,-0.3333333333333333
46348,10.814477629057635,28.931404948234558,0.0,-1.0,1.0
46349,7.605743141567092,26.321308692296345,0.46262626262626255,0.0,0.0
46350,10.466120768422138,37.492252975702286,0.027777777777777776,0.0,0.0
46352,7.901764306140527,27.082938989003498,0.6848484848484849,0.0,0.0
46353,9.095142946619983,31.846297601858776,0.05000000000000001,0.0,0.0
46356,7.444175717062166,21.32915699481964,0.29761904761904767,0.0,0.0
46357,2.5483740028955517,7.448723802963893,0.6999999999999998,0.0,0.0
46358,11.632686601011711,35.939060846964516,0.2111111111111111,0.0,0.0
46359,15.386193660142917,44.24530176321665,0.4920634920634921,0.6666666666666666,-0.6666666666666666
46361,11.871948773104144,34.41928152243296,0.35555555555555557,0.6666666666666666,-0.6666666666666666
46362,6.449376225419612,19.212350646654766,0.7023809523809526,1.3333333333333333,0.0
46363,11.898241654046075,31.1098313331604,0.8452380952380953,-0.3333333333333333,0.0
46365,8.741767620323643,22.49811648329099,0.39999999999999997,0.0,0.0
46366,6.679679391599348,19.639206568400066,0.4603174603174604,1.0,-0.6666666666666666
46367,15.281384553723113,46.70356412728628,0.36565656565656557,0.0,0.0
46368,8.580764191603167,28.13448804616928,-0.08888888888888889,4.666666666666667,-1.0
46369,6.912184329685281,17.63649833202362,0.18253968253968256,-0.3333333333333333,0.0
46370,8.286907765024774,19.756506820519764,0.26666666666666666,0.0,0.0
46371,9.09702309004997,24.087498476107914,0.3214285714285715,3.6666666666666665,-1.0
46374,8.523829493429737,26.91826492547989,0.5833333333333335,0.0,0.0
46375,9.47849844866374,36.52114820480347,-0.2525252525252525,0.0,0.0
46376,8.358211943243607,28.304988106091816,0.4642857142857144,0.0,0.0
46378,3.0258948454746033,9.108348528544107,0.5555555555555557,0.6666666666666666,-0.3333333333333333
46380,6.561361690319437,18.70185899734497,0.6333333333333333,0.0,0.0
46381,14.25125047337879,45.52360566457113,0.6031746031746033,0.0,0.0
46382,14.128316687381806,42.84881623586019,0.7936507936507938,0.3333333333333333,-0.3333333333333333
46383,6.068895190954208,12.137790381908417,0.9999999999999999,0.0,0.0
46384,5.143618309461377,15.395957628885904,0.380952380952381,0.6666666666666666,0.0
46385,4.928053493257757,16.664786219596863,0.7277777777777779,4.333333333333333,0.0
46386,0.0,0.0,,0.0,0.0
46387,5.077350431142686,16.38068171342214,-0.1388888888888889,3.3333333333333335,-1.0
46388,9.872800530275791,29.54310221473376,0.8650793650793651,1.0,-1.0
46389,7.407143197156963,19.700947244962055,-0.18787878787878787,-2.3333333333333335,0.3333333333333333
46390,15.44641438105292,46.3202608426412,0.15555555555555556,-4.0,1.0
46391,8.405744882860928,18.15970786412557,0.8333333333333334,0.0,0.0
46392,5.859569098042704,20.320377826690674,0.24603174603174605,0.0,0.0
46393,8.892106923486457,28.54346474011739,0.7904761904761907,-1.0,1.0
46394,4.926786779213566,14.38234806060791,0.005555555555555554,1.6666666666666667,-0.6666666666666666
46395,11.369441034770276,28.494283358256023,0.9666666666666665,0.0,0.0
46396,17.07331095910082,44.05194060007731,-0.126984126984127,-4.0,1.0
46398,7.521530016975174,25.43839756647746,0.38585858585858585,1.6666666666666667,0.0
46399,11.738506677012518,40.97776242097219,0.46825396825396837,0.0,0.0
46400,4.402874496378579,15.52738889058431,0.06666666666666667,-0.3333333333333333,0.0
46401,7.181447552118814,22.063603123029072,-0.010101010101010102,-6.0,0.0
46402,9.57400928236108,32.43831173578898,0.7656565656565656,0.3333333333333333,0.3333333333333333
46403,10.089009205497444,34.850104649861656,0.7777777777777777,3.6666666666666665,0.0
46404,6.80818739902332,18.373570064703625,0.7523809523809524,1.3333333333333333,-0.6666666666666666
46405,6.395818791694507,20.892819046974182,0.6746031746031748,0.0,0.0
46406,7.243860845837524,24.367631276448567,0.6055555555555555,-2.6666666666666665,0.6666666666666666
46407,7.831869413784198,22.433554530143738,0.8095238095238096,0.0,0.0
46408,5.127825500696314,17.40383545557658,0.5,0.6666666666666666,-0.6666666666666666
46409,9.439293609969353,25.429997603098553,0.9047619047619048,1.0,-0.6666666666666666
46410,6.086903456671739,16.594101016720135,1.0,0.0,0.0
46411,10.313486438943544,31.86806360880534,9.25185853854297e-18,-2.6666666666666665,0.6666666666666666
46412,6.058396594590661,16.87652273972829,0.511904761904762,0.0,0.0
46413,11.554812499579349,31.11001972357432,0.6904761904761907,0.0,0.0
46415,7.573976955714689,21.36641812324524,-0.011111111111111115,0.0,0.0
46416,0.706483662847008,1.6128644943237305,-0.5,-0.3333333333333333,0.6666666666666666
46418,8.861462086358783,29.30542282263438,0.8650793650793651,0.0,0.0
46419,11.733058601125,35.63584852218628,0.24444444444444444,0.3333333333333333,-0.3333333333333333
46421,13.581891923290973,38.447075913349785,0.7976190476190479,1.0,-0.6666666666666666
46422,4.817622044940428,16.143803293506306,0.7373737373737373,0.6666666666666666,-0.3333333333333333
46423,1.2681971391042073,2.5363942782084146,0.9999999999999999,0.0,0.0
46424,6.750469852907077,22.02404546737671,0.4285714285714286,0.0,0.0
46425,10.121897365309723,33.196008771657944,0.29761904761904767,1.6666666666666667,-1.0
46428,6.002817181263346,19.589195728302002,0.709090909090909,-0.3333333333333333,0.3333333333333333
46429,10.50714629056243,36.76002732912699,0.32142857142857145,1.6666666666666667,0.0
46430,10.5774030033056,33.35178677241007,0.8999999999999999,0.0,0.0
46431,15.15064677370031,43.140318681796394,0.907070707070707,-0.3333333333333333,0.6666666666666666
46432,13.651200097902867,45.340574741363525,-0.08333333333333333,1.3333333333333333,-1.0
46433,10.402926686965872,37.597909371058144,-0.11111111111111112,0.0,0.0
46434,5.750278594894198,14.488828857739767,0.4666666666666666,0.0,0.0
46435,10.676034231081445,33.81296098232269,0.6808080808080806,-1.0,1.0
46436,5.78243787056456,18.073736826578777,0.6746031746031748,-0.6666666666666666,0.6666666666666666
46437,6.454469635460478,19.12829665342967,0.23809523809523814,-2.0,1.0
46438,12.306448717912039,24.612897435824078,0.9999999999999999,0.0,0.0
46439,6.915870667199006,24.10137403011322,0.6969696969696969,3.3333333333333335,-0.6666666666666666
46440,5.6492186575067285,19.83545716603597,0.688888888888889,1.3333333333333333,0.0
46441,6.407121359186604,19.80083719889323,0.5428571428571429,-1.6666666666666667,0.0
46442,7.53458637116504,26.232071955998737,0.5555555555555555,1.0,-1.0
46443,7.84912656558927,23.64266347885132,0.8015873015873017,0.0,0.0
46444,5.683411130802704,17.742569118738174,0.7555555555555555,0.0,0.0
46445,9.52167044552994,29.721425414085388,0.7857142857142859,0.0,0.0
46446,10.024552271464886,34.30275126298269,-0.44999999999999996,-4.666666666666667,0.6666666666666666
46447,2.9740500125996205,8.356008807818094,0.6,-1.0,0.6666666666666666
46449,7.023386960593466,24.34430209795634,0.5636363636363636,0.0,0.0
46452,6.27718357063711,18.140593647956848,0.8285714285714286,1.6666666666666667,0.0
46453,5.939039856033282,16.254064480463665,-0.42063492063492064,2.6666666666666665,-1.0
46454,11.488929942346834,37.58831528822581,0.7171717171717171,0.3333333333333333,0.0
46455,9.884706235804302,36.654434402783714,0.3611111111111111,1.3333333333333333,-1.0
46456,10.569989556837527,29.478503227233887,0.8095238095238096,0.0,0.0
46457,2.738270371444814,9.116207619508108,0.6565656565656565,0.3333333333333333,-0.3333333333333333
46458,8.483075526936068,22.944923917452495,0.5357142857142858,0.0,0.0
46459,8.303616840408457,22.722710172335308,0.23809523809523814,0.3333333333333333,-0.3333333333333333
46460,9.10276832137637,31.659513851006825,0.22222222222222224,1.6666666666666667,-1.0
46461,7.388517317967225,27.76421554883321,0.3444444444444444,2.0,-1.0
46463,3.601157624566769,9.907600084940592,0.7936507936507936,0.6666666666666666,-0.3333333333333333
46464,5.1897411966376685,17.28233273824056,0.7166666666666667,0.3333333333333333,-0.3333333333333333
46465,10.36652737852686,36.01397442817688,0.5070707070707071,0.3333333333333333,-0.3333333333333333
46466,5.672699470291377,16.92324956258138,0.6888888888888888,2.0,0.0
46467,15.728116783371982,43.58972724278768,0.6190476190476191,2.0,-1.0
46468,9.424836775583355,38.53824965159098,0.0505050505050505,7.666666666666667,-1.0
46469,11.947319247474562,36.832484662532806,0.2857142857142858,0.0,0.0
46470,13.522105335025786,46.004777709643044,0.7500000000000003,0.0,0.0
46472,9.145001559845701,35.5562941233317,0.6565656565656565,-1.6666666666666667,0.0
46473,6.033935002344896,17.686721682548523,0.8666666666666668,0.0,0.0
46474,8.172328029962747,22.816855867703755,0.9365079365079366,1.3333333333333333,-1.0
46475,6.8282182852262325,22.034984707832336,-0.14285714285714288,0.0,0.0
46477,7.703738372757665,20.864662965138752,0.28571428571428575,1.0,-1.0
46479,5.8899782194726455,18.04580807685852,0.8214285714285716,-0.6666666666666666,0.0
46480,5.762300342051614,16.101246158281963,0.5952380952380953,0.6666666666666666,-0.6666666666666666
46481,9.265968441333515,29.971259474754333,0.32539682539682546,0.0,0.0
46483,14.300965400450698,39.583266735076904,0.32142857142857145,0.0,0.0
46484,5.691214929658884,18.212417403856914,0.7055555555555556,0.6666666666666666,-0.6666666666666666
46485,11.244608242421052,44.592129707336426,0.34545454545454546,0.0,0.0
46486,7.27145895277626,21.381646911303203,0.4047619047619049,4.0,-1.0
46487,7.213127209200191,25.90955877304077,0.4611111111111111,1.0,-1.0
46488,5.712968755366313,13.220565478006998,0.8333333333333334,0.0,0.0
46489,6.5784137667577225,27.43837507565816,0.026262626262626262,0.0,0.0
46490,7.4280523122347235,23.792590488990147,0.5191919191919191,5.333333333333333,-1.0
46491,8.90402372117851,24.691507160663605,0.32222222222222224,1.0,-0.6666666666666666
46492,4.801517783410012,14.827108482519785,0.5238095238095238,0.6666666666666666,-0.6666666666666666
46493,9.016513737639272,29.134710510571797,0.7777777777777777,0.0,0.0
46494,11.016925162222917,34.718289375305176,0.8747474747474747,0.3333333333333333,0.0
46495,10.66167707626303,32.71819814046224,0.5111111111111111,0.0,0.0
46496,2.4500815728826435,7.740498820940654,0.7055555555555556,1.3333333333333333,-0.6666666666666666
46498,4.398259090698827,14.079354484875997,0.25555555555555554,-4.0,0.3333333333333333
46499,9.532399756481796,27.982277462879818,0.6888888888888888,-2.0,0.0
46500,12.987964386008251,38.155237754186,-0.08730158730158732,0.0,0.0
46501,11.088912689438908,31.946802457173664,0.7619047619047622,0.0,0.0
46502,5.2231990767232785,13.227356473604837,0.8666666666666666,0.0,0.0
46503,3.201432581865072,9.488540371259054,0.8214285714285716,0.0,0.0
46505,10.89713192420344,30.715408245722454,0.4285714285714286,0.3333333333333333,-0.3333333333333333
46506,9.545357864696102,29.180553833643597,0.6111111111111112,0.3333333333333333,-0.3333333333333333
46507,10.526098789133465,30.78676442305247,0.3131313131313131,0.0,0.0
46508,12.730756483129518,47.06964715321859,0.5317460317460319,0.0,0.0
46509,3.510256957393549,11.485561927159628,0.04761904761904762,1.0,-0.6666666666666666
46510,12.52569364167168,33.838129967451096,0.7333333333333334,0.0,0.0
46511,6.169634210974249,22.283462921778362,0.380952380952381,0.0,0.0
46512,0.0,0.0,,0.0,0.0
46514,0.8043764432271322,1.6087528864542644,0.3333333333333333,0.3333333333333333,-0.3333333333333333
46516,4.613938692711625,16.348557074864704,0.5515151515151514,2.6666666666666665,-1.0
46518,8.000342091189339,28.058204412460327,0.3575757575757575,1.0,-1.0
46519,10.13653568507832,32.05662822723389,0.2571428571428572,0.0,0.0
46520,10.72500782925379,31.330802122751873,0.7833333333333333,1.0,-1.0
46521,11.385117185856965,42.21038250128428,-0.044444444444444446,0.3333333333333333,0.0
46522,8.094145684937962,28.532952944437664,0.32222222222222224,1.0,-1.0
46523,5.614959087874109,21.27849268913269,0.7535353535353536,0.0,0.0
46524,9.944412709671314,31.032482624053955,0.7142857142857144,1.0,-1.0
46525,6.427282059050909,15.046650012334188,1.0,0.0,0.0
46526,8.562315285115618,23.178320556879044,0.6071428571428572,-0.6666666666666666,0.0
46527,2.213309129079183,4.426618258158366,0.3333333333333333,-0.3333333333333333,0.3333333333333333
46528,13.662595908777824,36.021411418914795,0.39999999999999997,0.0,0.0
46529,4.922082907314757,15.81664510567983,0.1919191919191919,6.333333333333333,-1.0
46531,1.900970887004501,5.425697008768718,0.2261904761904762,1.3333333333333333,-0.6666666666666666
46532,12.288208389562191,37.9480295976003,0.1547619047619048,2.0,-1.0
46535,7.862116397564517,26.956713040669758,0.8253968253968256,0.0,0.0
46536,5.024143613168808,16.660029649734497,0.7142857142857144,0.3333333333333333,0.0
46537,10.813126106634988,25.88394037882487,0.5,0.0,0.0
46538,5.229283813841407,18.10697813828786,0.2404040404040404,-1.3333333333333333,0.3333333333333333
46539,16.061327188952102,42.016321221987404,0.7857142857142859,2.6666666666666665,-1.0
46540,7.749356156790147,24.635059515635174,0.018181818181818177,1.0,-0.6666666666666666
46541,11.9604758864985,36.323631048202515,0.85,0.0,0.0
46542,5.403352283959933,17.49483867486318,0.3611111111111111,-1.0,1.0
46543,4.474924799641667,13.59613049030304,0.34126984126984133,-2.0,1.0
46544,7.036414676970961,25.086775302886963,0.6746031746031748,4.333333333333333,-1.0
46546,3.399394547373403,10.853849530220032,0.2888888888888889,2.3333333333333335,0.0
46547,4.44985580806556,15.64800469080607,0.7277777777777779,0.0,0.0
46548,3.8256917330110944,14.302920659383139,0.09898989898989898,0.0,0.0
46549,4.482926220104124,14.328590114911398,0.8452380952380955,0.0,0.0
46550,15.886391153516891,43.45137770970663,0.25,1.0,-1.0
46552,7.226557220925336,22.325851758321125,0.380952380952381,0.0,0.0
46555,0.0,0.0,,0.0,0.0
46556,9.01536925663487,31.871081511179607,0.634920634920635,0.0,0.0
46558,9.551422231815048,31.131855299075443,0.7666666666666667,0.3333333333333333,-0.3333333333333333
46559,6.867079907156341,26.263178875048954,-0.1388888888888889,0.0,0.0
46560,7.345261736145389,22.72086998820305,0.3575757575757576,0.3333333333333333,-0.3333333333333333
46561,7.123946803130359,26.098176817099255,0.15,1.0,-1.0
46562,5.174421546242281,16.3053297996521,0.41111111111111104,0.3333333333333333,-0.3333333333333333
46563,11.37626588882128,30.573551734288532,0.4642857142857144,0.0,0.0
46564,7.426836301379019,22.80715759595235,0.7857142857142859,0.0,0.3333333333333333
46565,9.566956702357018,31.034932096799213,0.11111111111111112,0.0,0.0
46566,8.962905884078369,28.591046164433163,0.5595959595959595,1.0,-1.0
46567,5.123151928899423,15.967838823795319,0.2333333333333333,-3.3333333333333335,0.0
46569,11.022069524511437,31.028557896614075,0.16666666666666666,2.6666666666666665,-1.0
46570,9.612740094404254,28.949169158935547,0.44646464646464645,1.3333333333333333,0.0
46571,7.342590419895001,28.158188422520954,0.10555555555555556,0.0,0.0
46573,3.2544401822407902,11.916914184888205,0.36969696969696964,0.3333333333333333,-0.3333333333333333
46574,4.440548036540828,14.290340960025787,0.13939393939393938,0.3333333333333333,-0.3333333333333333
46575,4.104245908122425,12.687896172205607,0.40952380952380957,1.6666666666666667,-1.0
46576,6.60921323257283,21.09019406636556,-0.09999999999999999,0.0,0.0
46578,6.695917969692194,20.557535886764526,0.2619047619047619,0.0,0.0
46579,14.938106966880978,57.441188176472984,0.3656565656565656,0.0,0.0
46580,4.681884565682896,15.080565253893534,0.6055555555555555,0.6666666666666666,-0.6666666666666666
46581,5.898628057334388,19.201205889383953,-0.126984126984127,3.3333333333333335,-1.0
46582,14.761172517436862,44.78325613339742,0.7252525252525251,0.0,0.0
46583,6.407317232922682,16.23518626888593,0.7380952380952382,2.6666666666666665,-1.0
46587,7.3917339642748345,25.285245100657146,0.010101010101010102,-2.0,1.0
46588,8.861137749182776,27.742661674817402,0.3650793650793651,0.0,0.0
46589,7.709832938462892,27.50399422645569,0.25,-1.0,1.0
46591,9.010222380749108,29.235861976941425,0.13095238095238096,0.0,0.0
46592,13.918069396612571,40.74588712056478,0.9070707070707069,0.6666666666666666,-0.6666666666666666
46593,12.582683616551881,38.70326900482178,0.9070707070707069,1.0,-1.0
46594,2.8769083819301287,8.335125784079233,0.16666666666666666,0.0,0.0
46595,5.392791465375886,16.889289021492004,0.85,2.0,-0.6666666666666666
46596,7.562149511507844,28.046414693196613,0.4166666666666667,5.0,-1.0
46597,13.212702016724455,37.58003870149454,0.5232323232323232,2.6666666666666665,0.0
46598,2.6216502821221694,8.093794683615366,0.2698412698412699,0.0,0.0
46599,7.179746469599298,21.539066632588703,-0.11515151515151516,0.3333333333333333,0.0
46600,13.737937081726505,38.29251422484716,0.22222222222222224,0.0,0.0
46601,7.1814381332172035,23.839610417683918,0.7388888888888889,1.0,-1.0
46602,4.385705458285817,13.010866641998291,0.29761904761904767,0.0,0.0
46603,10.43859932682271,35.545561830202736,0.20634920634920637,0.0,0.3333333333333333
46604,5.4765176090439915,17.689547737439472,0.4523809523809524,1.3333333333333333,-1.0
46605,6.22698005188586,20.75497241814931,0.45050505050505046,0.6666666666666666,0.0
46606,20.437052187398923,48.08414204915365,1.0,0.0,0.0
46608,12.817185065336126,38.01822280883789,0.511904761904762,0.0,0.0
46609,7.821616401558313,21.994652191797893,0.36666666666666664,0.0,0.0
46610,10.004239128554525,32.30794986089071,0.9126984126984127,0.0,0.0
46611,7.262795163664105,23.392595132191975,0.6166666666666667,0.0,0.0
46612,6.315840096509933,24.310613135496776,0.1313131313131313,2.6666666666666665,-1.0
46613,6.61304780188883,17.541892608006794,0.7666666666666666,0.0,0.0
46615,0.0,0.0,,0.0,0.0
46617,3.2041993646553935,10.245880444844564,-0.10714285714285714,1.0,-1.0
46618,6.962730454172569,22.157991369565327,0.65,-1.0,0.0
46619,6.986344988489944,24.766898075739544,0.4523809523809524,0.0,0.0
46620,8.590018423038359,24.75952359040578,0.23809523809523805,-1.0,1.0
46621,6.895648373873324,23.946225384871166,0.7833333333333332,0.3333333333333333,0.3333333333333333
46622,9.123008543058752,31.247048060099285,0.6055555555555555,1.0,-1.0
46623,6.222478465320008,24.4351087808609,0.1515151515151515,1.3333333333333333,0.0
46625,5.661296278229251,16.88326021035512,0.7333333333333334,2.0,-1.0
46626,6.971898009954305,24.79756697018941,-0.03888888888888889,-2.0,1.0
46627,3.6859963341813287,11.839294910430908,0.6761904761904761,2.0,-1.0
46628,5.691110956248882,18.820475896199543,0.888888888888889,1.0,0.0
46629,4.802519593659618,15.516516158978144,0.2388888888888889,0.3333333333333333,-0.3333333333333333
46630,2.9739642843334333,10.319223880767822,0.25656565656565655,0.6666666666666666,-0.6666666666666666
46632,9.868084281345178,30.02454985678196,0.6323232323232322,1.6666666666666667,0.0
46633,6.071574470074776,19.564924875895183,0.43650793650793657,0.0,0.0
46634,8.024106710009374,27.734939138094585,0.5919191919191918,1.0,-1.0
46635,8.192779517357833,18.39869435628255,0.5,0.0,0.0
46637,16.77194171263232,48.701916535695396,0.5919191919191918,0.0,0.0
46638,10.3260481319894,33.83522768815359,0.5515151515151514,0.0,0.0
46639,10.343237467958454,31.70020129283269,0.11515151515151516,-4.0,0.0
46640,6.742980996703985,24.84093983968099,0.7373737373737373,0.6666666666666666,0.0
46641,10.089613061915761,30.72115691502889,0.5238095238095238,0.0,0.0
46642,8.225572139413115,23.44214803973834,0.022222222222222216,4.666666666666667,-1.0
46643,10.463072552664448,25.337190250555675,0.5,0.0,0.0
46644,10.861669767508417,34.58667023976644,0.25,0.6666666666666666,-0.6666666666666666
46645,9.936831174768537,31.354552268981934,0.058585858585858575,0.0,0.0
46646,6.553493894041144,18.42431330680847,0.7142857142857144,1.0,-1.0
46647,4.753787934068808,16.768572986125946,0.19999999999999998,0.0,0.0
46649,9.291531029670539,30.490155736605328,0.7976190476190478,0.3333333333333333,-0.3333333333333333
46650,7.123672351315238,24.053876558939617,0.7063492063492065,0.0,0.0
46651,11.649670829390855,36.138435577352844,0.09494949494949495,-1.0,1.0
46652,13.854657159900649,49.57544585069021,0.14747474747474745,0.0,0.0
46654,9.2227484037086,23.43752606709798,0.12380952380952383,-1.0,0.0
46655,6.05703677124234,20.976044267416,0.4166666666666667,1.0,-1.0
46656,10.754330553537272,27.157909552256267,0.5272727272727272,3.0,-1.0
46657,8.069382825538177,23.04485805829366,0.49999999999999994,0.0,0.0
46659,12.673079727397022,34.86459751923879,0.3095238095238096,0.0,0.0
46660,5.183345049370629,17.852538108825684,0.2525252525252525,0.0,0.0
46661,10.65515059498775,33.34528843561808,0.4262626262626263,0.0,0.0
46662,10.601552133506015,38.401349345842995,0.5000000000000001,0.0,0.0
46663,3.7448532868532287,11.346751779317856,0.6428571428571429,0.6666666666666666,-0.6666666666666666
46665,4.974073763274466,12.805179754892984,0.8343434343434343,2.6666666666666665,-1.0
46666,12.054713852977253,36.52197424570719,0.8015873015873017,1.0,-1.0
46668,9.022221049049318,25.202061971028645,0.4523809523809524,0.0,0.0
46671,8.0543634485994,25.185767610867817,-0.11111111111111112,1.3333333333333333,-1.0
46673,4.589864736687028,13.868831922610601,0.5952380952380953,0.6666666666666666,-0.6666666666666666
46674,6.772819574636327,19.75835092862447,0.6833333333333332,1.3333333333333333,-1.0
46678,4.530992610573911,12.942986289660135,0.48571428571428577,1.6666666666666667,-1.0
46679,6.292366463247267,19.681910037994385,0.7142857142857144,0.0,0.0
46681,10.611853535975046,32.86221754550934,0.5873015873015873,2.0,-1.0
46682,0.0,0.0,,0.0,0.0
46683,7.61361654497028,20.027726004521053,0.6565656565656565,0.3333333333333333,0.0
46684,4.440906432039567,15.200960954030355,0.12777777777777777,0.0,0.0
46685,13.261361396273331,49.84565035502116,0.7380952380952381,0.0,0.0
46686,8.32025230599128,24.58249529202779,-0.45,-7.333333333333333,0.3333333333333333
46688,9.258195668539253,33.11822203795115,0.18333333333333335,0.6666666666666666,-0.3333333333333333
46689,4.583741133159944,13.624926090240479,0.007936507936507936,1.0,-0.3333333333333333
46690,14.383804239460595,41.007810751597084,-0.13333333333333333,0.0,0.0
46691,8.186445894167667,22.654684901237488,0.507070707070707,1.0,-0.6666666666666666
46693,4.680637070740953,16.18768084049225,0.380952380952381,0.0,0.0
46694,7.325025030872737,23.247346083323162,-0.4585858585858585,7.333333333333333,0.0
46695,16.208412764245434,42.30987310409546,0.13333333333333333,0.0,0.0
46696,8.444727136142204,25.736487835645676,0.05555555555555556,0.0,0.0
46697,8.76120115697623,29.612557252248127,0.1595959595959596,0.0,0.0
46698,3.203344496171967,9.637490073839823,0.1785714285714286,0.3333333333333333,-0.3333333333333333
46700,8.771340691719638,26.878162403901417,0.6111111111111112,0.0,0.0
46701,7.390332674985476,25.31850004196167,0.3055555555555555,1.0,-1.0
46702,0.0,0.0,,0.0,0.0
46703,6.482120107278074,21.053883870442707,-0.028571428571428577,1.3333333333333333,-1.0
46705,9.556175289906914,32.81018670399984,0.3214285714285715,0.0,0.0
46706,11.177365383727258,34.66487646102905,0.7611111111111111,0.3333333333333333,0.0
46707,8.048624531975662,17.44939441482226,0.8333333333333334,0.0,0.0
46708,9.427882683847821,28.309665352106094,0.7460317460317462,-1.0,0.0
46709,18.4424295702981,62.21759708722433,-0.6727272727272725,-1.0,0.0
46710,9.77881948710233,28.413145899772644,0.4761904761904762,0.3333333333333333,-0.3333333333333333
46711,3.8136074269610165,10.492801571885744,-0.11904761904761908,0.0,0.0
46712,8.70036110812026,24.14467517534892,0.8999999999999998,0.0,0.0
46713,8.63348607181125,30.413937091827393,0.6202020202020201,-1.0,1.0
46714,10.192612568357754,35.87489911913872,0.5952380952380953,-1.0,1.0
46715,14.179021229501194,35.66144593556722,0.7999999999999999,0.0,0.0
46716,6.308505013277871,19.38143827021122,0.3690476190476191,0.0,0.0
46717,9.419169262383035,31.600866317749023,0.6833333333333335,0.0,0.0
46718,9.082510072707557,27.559480508168537,0.611111111111111,-1.0,1.0
46719,3.6133757788229155,9.513061761856079,0.6,-0.6666666666666666,0.6666666666666666
46720,3.258765295249992,9.3791450659434,0.6190476190476192,1.3333333333333333,-0.6666666666666666
46721,15.728995588276192,48.33372481664022,0.373015873015873,0.0,0.0
46722,11.091877296955436,39.14256109793981,0.507070707070707,0.0,0.0
46723,5.45812520436924,16.198379119237263,-0.19595959595959597,2.3333333333333335,-1.0
46724,9.068184393419823,29.48595881462097,0.4365079365079365,1.0,-1.0
46725,7.006142151159892,24.52026166518529,0.5353535353535354,-2.3333333333333335,0.0
46726,8.957593114531472,31.480137904485066,0.49898989898989893,0.3333333333333333,-0.3333333333333333
46729,7.816286953930068,24.61008596420288,0.380952380952381,-5.0,0.0
46730,3.9874206642172467,12.935123721758524,0.06666666666666665,-7.0,0.0
46731,8.168651629941698,28.190715432167053,0.75,0.0,0.0
46732,7.737752428171292,21.36050804456075,0.5393939393939394,1.6666666666666667,-1.0
46733,6.4437298792984095,24.092483679453533,0.01414141414141413,1.3333333333333333,0.0
46734,6.441037841914368,21.83333174387614,0.42063492063492075,2.3333333333333335,-1.0
46735,0.0,0.0,,0.0,0.0
46736,4.2324408843027355,11.647389451662699,0.16666666666666666,5.333333333333333,-1.0
46737,10.022261998907707,29.023588716983795,0.1619047619047619,1.6666666666666667,-1.0
46738,9.485351972924066,26.53339470922947,0.6428571428571429,0.0,0.0
46739,11.713966790149337,42.36253515879313,-0.007936507936507941,0.0,0.0
46740,9.26148484887254,27.123388449350994,0.39999999999999997,0.0,0.0
46743,8.164651940495004,28.590337872505188,0.2333333333333333,5.666666666666667,-1.0
46745,7.862104051809048,22.55451610684395,0.5636363636363636,0.6666666666666666,-0.6666666666666666
46747,11.384502600999083,31.958821952342987,0.4909090909090908,-0.6666666666666666,0.6666666666666666
46749,4.658473097133565,15.312926292419434,-0.19841269841269846,4.333333333333333,0.0
46750,10.506472539857798,33.669795870780945,0.4222222222222222,-1.0,1.0
46751,2.328962678925424,8.071623802185059,0.507936507936508,1.3333333333333333,-1.0
46753,4.817794828272394,14.687799135843912,0.4444444444444444,0.0,0.0
46754,2.784971172066383,9.41496329009533,0.24444444444444446,0.3333333333333333,-0.3333333333333333
46755,4.7843093572878805,15.086734970410665,0.5396825396825397,1.0,-0.6666666666666666
46756,9.341382822039547,27.779976894458134,0.4206349206349207,-3.0,1.0
46758,3.529088850272725,10.82872200012207,0.18333333333333335,5.333333333333333,0.0
46759,8.883452296629928,27.28538179397583,-0.18253968253968256,0.0,0.0
46760,16.594628224857868,45.48841508229574,0.3174603174603175,0.0,0.0
46761,2.9987684505590884,8.575525909662247,0.04761904761904764,0.3333333333333333,0.0
46763,5.517551708104906,18.26811949412028,0.098989898989899,0.0,0.0
46764,9.920551287432458,32.4732359846433,0.1595959595959596,0.6666666666666666,-0.3333333333333333
46765,5.972146900629983,16.99370837211609,0.7777777777777778,-0.6666666666666666,0.6666666666666666
46766,18.007670814598423,55.50372076034546,0.6507936507936508,0.0,0.0
46767,7.525343598466171,22.7884548107783,0.580952380952381,0.0,0.0
46768,12.071578762776626,37.20875573158264,0.7999999999999999,0.0,0.0
46770,10.925095973906032,39.95873975753784,0.01587301587301587,0.0,0.0
46771,0.0,0.0,,0.0,0.0
46773,9.178804592198134,30.872029304504395,0.4555555555555555,0.0,0.0
46774,10.511380683381853,30.046176274617512,-0.05555555555555556,0.0,0.0
46775,4.336160020471165,15.177215605974197,-0.15873015873015875,2.3333333333333335,0.0
46776,4.96815320398569,17.03245711326599,0.7777777777777777,-1.0,0.0
46777,9.952706389409489,33.608630657196045,0.6111111111111112,0.0,0.0
46778,9.019378644719211,28.16992978254954,0.6428571428571429,2.0,-1.0
46779,6.454486436242522,15.812560687462488,0.39999999999999997,0.0,0.0
46780,8.339177113438536,29.387297610441845,-0.35000000000000003,5.666666666666667,-1.0
46781,7.829755116956385,25.282931645711262,0.4666666666666666,-2.0,1.0
46782,9.860693101522381,31.73340956370036,0.034343434343434336,-1.3333333333333333,0.6666666666666666
46783,5.473413553408171,21.28696362177531,0.43650793650793657,0.0,0.0
46784,8.75484225653358,29.283113966385525,0.904761904761905,0.0,0.0
46785,8.047920326642291,21.721829622983932,0.6525252525252524,0.0,0.3333333333333333
46786,10.62598927318828,34.68518797556559,0.8222222222222221,0.0,0.0
46789,15.760033757718832,48.61216688156128,0.34523809523809534,0.0,0.0
46790,5.401098236599531,20.171975135803223,0.7171717171717171,0.0,0.0
46791,8.030914664904193,28.0049622853597,0.6428571428571429,0.3333333333333333,0.0
46792,3.861077002372184,11.757264335950216,0.14285714285714288,0.0,0.0
46793,7.064650411473742,20.916365106900532,0.2767676767676768,3.6666666666666665,-1.0
46794,7.370774258729639,21.146746794382732,0.5,2.6666666666666665,-1.0
46795,10.290915943810408,34.38124370574951,-0.1547619047619048,0.0,0.0
46796,7.204644026778422,16.049009924133617,0.5,0.0,0.0
46797,4.821300047429712,14.557468493779501,0.5676767676767677,4.0,-1.0
46798,0.0,0.0,,0.0,0.0
46799,3.106968118435484,8.88800080617269,-0.3666666666666667,-2.6666666666666665,0.0
46801,3.833895419498497,11.80892817179362,0.7539682539682541,-1.0,1.0
46802,7.435603589352351,21.986084659894306,0.6785714285714287,0.3333333333333333,0.0
46803,10.982128878403836,36.15672743817171,-0.06666666666666667,1.0,0.3333333333333333
46804,7.483816680818083,22.643171350161236,0.6686868686868687,1.3333333333333333,-0.3333333333333333
46805,9.274225589705305,25.67322079340617,0.08282828282828282,1.3333333333333333,-1.0
46808,5.556622976962501,19.236340085665386,0.3090909090909091,0.6666666666666666,0.0
46809,6.556437937596563,21.256428599357605,0.8571428571428573,0.6666666666666666,-0.3333333333333333
46810,5.969174132935659,19.675339599450428,0.7380952380952381,0.0,0.0
46811,6.761839091644185,20.541247606277466,0.5238095238095238,0.0,0.0
46815,5.156448457819376,16.15476168692112,0.18888888888888888,2.3333333333333335,-1.0
46817,5.616353720143543,18.50505729516347,0.46031746031746046,0.0,0.0
46818,16.05316348208794,47.004201571146645,0.5166666666666666,0.0,0.0
46819,3.076367061445744,9.641841212908426,0.7737373737373736,2.3333333333333335,0.0
46820,5.562723584851478,13.917374193668365,0.7666666666666666,0.3333333333333333,-0.3333333333333333
46821,8.227058228364445,24.546923240025837,0.3174603174603175,-1.6666666666666667,0.6666666666666666
46822,7.8338552181238725,22.730235477288563,0.1619047619047619,0.0,0.0
46823,8.020046920062056,27.02385087807973,0.7414141414141414,0.3333333333333333,-0.3333333333333333
46824,4.59060435463592,14.48161550362905,0.24603174603174605,0.0,0.0
46826,5.202804670507241,18.05287265777588,-0.3656565656565656,4.666666666666667,-1.0
46829,9.138058151428515,24.98961591720581,0.9999999999999999,0.0,0.0
46830,7.335417544661694,26.847250908613205,0.098989898989899,-4.0,1.0
46831,3.3762068959606153,12.608768224716187,0.6444444444444444,2.3333333333333335,-1.0
46832,7.3717027920066895,27.951776693264645,0.43888888888888894,0.0,0.0
46833,8.85378699458522,32.41874849796295,0.793939393939394,0.0,0.0
46835,4.624681788069721,13.198050022125244,-0.0909090909090909,2.3333333333333335,-1.0
46836,10.032327851715829,32.714893420537315,0.7494949494949493,-1.0,1.0
46837,13.299455431640494,35.064703146616615,0.34126984126984133,0.3333333333333333,-0.3333333333333333
46840,9.217261016330399,29.86319835980733,0.28571428571428575,1.3333333333333333,-0.6666666666666666
46843,4.98260106308348,17.096882184346516,0.24444444444444438,4.666666666666667,-1.0
46844,13.205513105788995,31.534461220105488,0.5,0.0,0.0
46845,6.161049110311883,17.821563879648846,0.12777777777777777,0.0,0.0
46846,7.873455815335884,24.645111719767254,0.02777777777777778,-4.666666666666667,0.3333333333333333
46847,4.663255310666943,14.378172636032104,-0.14285714285714288,2.0,-1.0
46848,5.943955500714004,21.064036687215168,0.6727272727272725,0.3333333333333333,-0.3333333333333333
46850,8.397381137121725,19.723853667577107,0.5,0.0,0.0
46851,6.171398545865382,18.37975590924422,0.5238095238095238,3.6666666666666665,-1.0
46852,8.11433368255703,28.81438386440277,0.7858585858585858,-1.0,1.0
46853,7.3636552161791835,22.987335681915283,0.5499999999999999,0.6666666666666666,-0.6666666666666666
46855,10.590727425400326,37.35788504282633,0.49444444444444446,0.6666666666666666,-0.6666666666666666
46856,9.03402871750946,30.506862958272297,0.41269841269841273,0.0,0.0
46857,4.271751935639921,13.290462891260782,0.3690476190476191,2.0,0.0
46858,10.737461638654386,29.541772683461506,0.6666666666666666,0.0,0.0
46860,11.014982789678784,41.63504961133003,0.7277777777777777,0.0,0.0
46861,4.907958859279137,19.351423546671867,0.19999999999999996,0.3333333333333333,-0.3333333333333333
46862,6.171903489939406,18.641028215487797,0.8055555555555555,0.3333333333333333,-0.3333333333333333
46863,5.967412160268236,20.11428467432658,0.7656565656565655,0.0,0.0
46864,7.788991780676902,18.687973191340763,0.5,0.0,0.0
46865,5.1753232043449815,14.100936591625214,0.7301587301587302,1.3333333333333333,-1.0
46866,0.0,0.0,,0.0,0.0
46867,0.0,0.0,,0.0,0.0
46869,3.253234642847742,10.04505173365275,0.18383838383838383,3.0,0.0
46870,7.85035290841332,21.866104245185852,0.3333333333333333,0.0,0.0
46871,5.804590074240615,13.941019048293432,-0.26666666666666666,0.6666666666666666,-0.6666666666666666
46873,7.852608698868008,24.117082754770916,0.2142857142857143,0.3333333333333333,-0.3333333333333333
46875,1.7003058362342014,4.666720032691956,-0.13333333333333333,0.6666666666666666,-0.6666666666666666
46876,6.908548059609405,22.2278759876887,0.4761904761904763,1.0,-1.0
46877,4.195407941101506,15.091590970754623,-0.11904761904761907,3.6666666666666665,-1.0
46878,3.4142869691186406,11.60734780629476,0.6929292929292927,-0.3333333333333333,0.3333333333333333
46881,10.95467514953431,33.49560904502869,0.7939393939393938,1.3333333333333333,-1.0
46883,8.437613092344083,21.252623478571575,0.27777777777777773,0.0,0.0
46884,10.725840403291556,34.47054123878479,0.3,-0.6666666666666666,0.0
46885,8.624691938529622,29.783404509226482,0.03434343434343434,0.0,0.0
46886,6.920261763237998,24.409537235895794,0.6565656565656565,0.0,0.0
46888,6.157880958916484,18.57159725824992,0.08333333333333333,2.3333333333333335,-1.0
46889,7.61922683048567,28.014681180318195,0.6282828282828282,0.0,0.0
46890,3.993902093015196,12.37833058834076,0.7666666666666666,0.0,0.0
46891,7.314473230092465,21.76741159458955,0.8650793650793651,0.3333333333333333,-0.3333333333333333
46893,6.627499132227501,20.79751192529996,0.6363636363636364,0.0,0.0
46894,10.026902185452904,32.63286542892456,0.6,2.3333333333333335,0.0
46895,12.125437269377587,41.78044562538465,0.5714285714285715,0.0,0.0
46896,6.489224818851517,23.964202562967937,0.34949494949494947,0.0,0.0
46897,5.54880540603786,15.572627584139505,-0.08730158730158732,5.0,-1.0
46898,11.12331294279245,27.04657470683257,1.0,0.0,0.0
46899,0.0,0.0,,0.0,0.0
46900,8.076450335538189,25.024414380391438,0.9166666666666666,1.0,-1.0
46901,7.728378564776822,25.308143456776936,0.8222222222222221,-1.0,1.0
46903,5.349458721686514,19.435939987500507,0.3253968253968254,0.0,0.0
46904,9.656153182715409,24.612927714983623,0.48571428571428577,-1.0,0.0
46905,7.5986248152064055,29.930805683135986,0.811111111111111,0.0,0.0
46906,5.752449055079711,16.702651341756184,0.8999999999999998,0.0,0.0
46907,5.891403900885574,19.625098943710327,0.1777777777777778,6.666666666666667,-1.0
46908,6.174565551969927,21.26245101292928,-0.007936507936507945,-1.0,1.0
46909,5.249449710829606,15.414698292811712,0.7666666666666666,0.0,0.0
46910,4.091552941600115,11.667075872421265,0.261904761904762,1.0,-0.3333333333333333
46911,5.769882640320614,20.994490544001263,0.43434343434343425,0.0,0.0
46912,8.596428730639557,31.44087314605713,0.18253968253968256,0.0,0.0
46913,7.180185748631218,29.092581311861675,0.21616161616161614,0.0,0.0
46914,6.482152622368791,24.885648652911186,0.39797979797979793,3.6666666666666665,-1.0
46915,0.0,0.0,,0.0,0.0
46916,5.976502398318036,22.401127815246582,-0.04242424242424243,-2.3333333333333335,0.3333333333333333
46918,8.143904489693002,26.18980284531911,0.6722222222222222,0.3333333333333333,-0.3333333333333333
46922,3.46837584177653,6.93675168355306,-0.9999999999999999,1.0,-1.0
46923,15.121111029666794,52.145424683888756,0.4424242424242424,0.0,0.0
46924,7.61913719582719,24.841563781102497,0.33888888888888885,0.0,0.0
46925,7.512730065271917,21.360330541928608,0.380952380952381,2.0,-1.0
46926,9.544397240535993,30.253348524371784,0.6746031746031748,0.0,0.0
46929,5.590259366551407,17.196974873542786,0.28571428571428575,2.0,-1.0
46930,9.177593311623015,35.02940877278646,0.7494949494949493,0.0,0.0
46931,3.717509660881618,12.049676130215326,0.6190476190476191,2.3333333333333335,-1.0
46933,14.025704558396404,49.37063540021578,0.41111111111111104,2.0,0.0
46934,8.448779627169714,27.27396519978841,0.7857142857142859,0.0,0.0
46935,4.251873256584213,12.409961660703024,0.5333333333333333,1.0,-0.6666666666666666
46936,6.797179776648321,21.21604433655739,0.4404761904761905,0.0,0.0
46937,6.469667031297796,20.59288426240285,0.7261904761904763,0.0,0.0
46938,12.607033888498941,25.214067776997883,0.9999999999999999,0.0,0.0
46939,5.5561833764678115,16.765824874242146,-0.2111111111111111,-1.0,1.0
46940,8.812937256945636,32.88260214527448,0.5222222222222223,-2.3333333333333335,0.0
46941,8.369543826144,32.145628015200295,0.5353535353535354,0.3333333333333333,-0.3333333333333333
46942,7.072768638040472,27.600370407104492,0.7010101010101009,0.3333333333333333,-0.3333333333333333
46943,6.489194584823338,19.364390810330708,0.36904761904761907,1.0,-1.0
46944,7.928063767447912,24.238070329030354,0.6507936507936508,0.3333333333333333,-0.3333333333333333
46945,17.577707688013714,35.15541537602743,0.9999999999999999,0.0,0.0
46946,3.003831767820186,9.86498769124349,0.6785714285714288,2.6666666666666665,0.0
46947,8.4043632368895,25.332248369852703,-0.09999999999999999,-4.666666666666667,0.0
46948,7.159162422863797,20.589277585347492,-0.030303030303030304,0.6666666666666666,-0.3333333333333333
46949,5.7321581956817615,15.87113352616628,0.8095238095238096,-1.3333333333333333,0.0
46950,11.933877942290374,35.53451911608378,0.5166666666666667,0.3333333333333333,-0.3333333333333333
46952,7.611291524805242,22.826314210891724,0.3174603174603175,4.333333333333333,-1.0
46953,3.095592855559776,10.877480392654737,-0.18888888888888888,4.666666666666667,-1.0
46954,12.378736190808034,44.62211358547211,0.2888888888888889,0.0,0.0
46955,6.828483860659387,25.896861374378204,-0.3737373737373737,7.0,-1.0
46957,10.605685857268083,32.05519409974416,-0.03888888888888889,0.3333333333333333,-0.3333333333333333
46958,4.968815964259009,18.79098955790202,0.24848484848484845,0.0,0.0
46959,13.397765508847884,34.681691447893776,0.8666666666666666,0.0,0.0
46960,14.4680062063371,40.191351572672524,0.7500000000000003,1.0,0.0
46961,5.2176784452596285,15.733767966429392,-0.15873015873015875,4.0,0.0
46962,6.625031009195716,19.967176099618275,0.15873015873015875,3.0,-1.0
46963,10.753074105022025,30.45983098944028,0.5357142857142858,0.3333333333333333,-0.3333333333333333
46965,10.490807950496674,20.981615900993347,0.9999999999999999,0.0,0.0
46966,3.8647045152056445,12.458813230196634,0.4444444444444446,0.0,0.0
46967,5.054461630039838,16.554871127009392,0.41111111111111115,0.0,0.0
46969,2.153941023307897,6.679337739944458,0.5000000000000001,0.0,0.0
46972,11.997838711090594,43.50678936640421,0.7857142857142859,-1.0,1.0
46974,6.266556945503036,18.84237829844157,0.3888888888888889,0.0,0.0
46975,1.2112612359113994,2.7612682978312173,-0.8333333333333334,1.6666666666666667,-1.0
46976,8.205107512260343,25.709449648857117,0.8166666666666665,0.6666666666666666,-0.6666666666666666
46977,3.591450473462615,10.879987915356955,0.35714285714285715,-1.0,1.0
46978,4.538957615409196,13.418247858683268,0.4761904761904763,3.6666666666666665,-1.0
46979,5.366278882847567,18.979333470265072,0.49444444444444446,4.333333333333333,0.0
46980,11.907393360503931,31.457445979118347,0.5555555555555557,0.3333333333333333,-0.3333333333333333
46981,13.770715248144553,41.73391532897949,0.6587301587301587,1.6666666666666667,-1.0
46982,9.161525644285474,29.083754777908325,0.5722222222222221,0.0,0.0
46983,12.596823615784407,28.393856525421143,0.6666666666666666,0.0,0.0
46986,5.671337829263457,18.11089865366618,-0.031746031746031765,0.3333333333333333,-0.3333333333333333
46987,8.135588955160038,29.687166690826416,0.6929292929292928,1.3333333333333333,-1.0
46989,7.721865099049954,20.24293029308319,0.7999999999999999,0.0,0.0
46990,8.090685277320324,24.83264382680257,0.9642857142857145,0.0,0.0
46991,8.464507568724464,26.309834996859234,0.061111111111111116,-0.3333333333333333,0.0
46992,5.447902841831838,17.820511082808178,0.5238095238095238,0.0,0.0
46994,11.733667722870834,31.781447013219196,0.7999999999999999,0.0,0.0
46996,10.226999953912623,38.30989404519399,0.30101010101010095,2.0,0.0
46997,9.005080304902728,30.148160139719646,0.9555555555555556,0.0,0.0
46998,5.340242770032546,16.006015698115032,-0.18888888888888888,5.0,-1.0
46999,9.201934126165176,28.176085631052654,0.7277777777777779,1.3333333333333333,-1.0
47000,12.155945275395396,37.21683540940285,0.6727272727272725,1.0,-0.3333333333333333
47001,8.395831655430761,30.44472535451253,0.4603174603174604,0.0,0.0
47002,13.10868616013429,35.160799185434975,0.8333333333333331,0.0,0.0
47004,11.157439642161316,35.37004860242208,0.8333333333333335,1.0,-1.0
47005,4.384667114600073,14.474261591831842,0.08686868686868686,1.6666666666666667,-0.6666666666666666
47007,2.834368427779643,8.613291700681051,0.34545454545454546,1.0,-1.0
47008,4.6406035092799796,10.260862906773886,1.0,0.0,0.0
47010,4.511793599524746,14.691964586575827,0.6282828282828282,0.3333333333333333,-0.3333333333333333
47011,10.667341239342164,32.657632191975914,0.03333333333333333,0.0,0.0
47012,6.320510044982595,21.705917716026306,0.1349206349206349,0.0,0.0
47013,5.094552215744019,14.692856709162394,0.8928571428571429,-0.6666666666666666,0.0
47015,14.572147289911905,29.14429457982381,0.9999999999999999,0.0,0.0
47016,5.166585366424569,17.33904496828715,-0.3611111111111111,0.0,0.0
47017,10.062683446910478,26.46824378768603,0.3333333333333333,0.0,0.0
47018,8.298663130084982,26.210301359494526,0.4166666666666667,-1.0,1.0
47020,9.443531801992256,32.031846553087234,0.7777777777777778,3.0,0.0
47021,5.317267839549057,17.237130403518677,0.36904761904761907,0.0,0.0
47022,5.168276579378974,19.907405694325764,0.24040404040404037,0.0,0.0
47023,9.310078617900976,30.270991325378418,0.4424242424242424,0.3333333333333333,-0.3333333333333333
47024,6.521789381963537,25.502588589986164,0.6444444444444444,0.0,0.0
47025,5.193193138862278,16.283090750376385,0.8333333333333335,1.0,-0.6666666666666666
47026,9.090556748470275,28.856124957402546,0.5873015873015874,1.0,-1.0
47027,3.805199400141985,12.837723533312479,0.14747474747474745,-1.0,1.0
47028,4.326538761864003,13.864521761735281,0.7380952380952381,0.0,0.0
47029,3.9874338054435134,13.089320341746012,0.7142857142857144,1.0,-1.0
47030,10.057471363803685,25.949431757132214,0.3690476190476191,0.3333333333333333,0.3333333333333333
47032,4.279972272415392,10.424816767374674,1.0,0.0,0.0
47034,7.122303465715927,21.060062090555828,0.7460317460317462,0.6666666666666666,-0.6666666666666666
47035,7.468950163413712,21.65032172203064,0.6000000000000001,0.0,0.0
47036,8.713606268907197,27.026034355163574,0.21212121212121207,0.0,0.0
47037,13.581827681287889,33.19807147979736,1.0,0.0,0.0
47038,7.550689253422921,25.04609191417694,0.4666666666666666,-1.0,1.0
47039,8.9369728800705,29.80805617570877,-0.402020202020202,-4.0,0.0
47041,0.0,0.0,,0.0,0.0
47042,5.172525298856242,14.967127273480097,0.6111111111111112,0.6666666666666666,0.0
47043,7.542426680000858,26.20692269007365,0.806060606060606,0.0,0.0
47044,11.653587823143035,34.71978843212128,0.580952380952381,0.3333333333333333,-0.3333333333333333
47045,7.595104242196254,24.803999185562134,0.2571428571428572,0.0,0.0
47046,9.842196990711377,30.059529383977253,0.20404040404040402,0.0,0.0
47047,6.218656763769393,23.384403919180233,-0.055555555555555546,6.666666666666667,-1.0
47048,10.652019103279398,31.21005368232727,0.5476190476190478,0.6666666666666666,-0.6666666666666666
47049,5.497435713144394,17.852455774943035,0.8424242424242423,-1.0,0.3333333333333333
47050,6.65266785153069,26.856560627619427,0.3277777777777778,0.0,0.0
47051,9.164164822265498,27.38921018441518,0.4841269841269842,-1.3333333333333333,0.6666666666666666
47052,7.125062380370764,26.57836314042409,0.5030303030303029,-0.6666666666666666,0.6666666666666666
47053,15.01475715637207,30.02951431274414,0.9999999999999999,0.0,0.0
47055,7.237760186285147,21.836662769317627,0.6888888888888888,1.0,-0.6666666666666666
47056,3.8978212589108203,11.257349689801535,0.5474747474747473,1.0,0.0
47058,12.777689010417333,30.64886563519637,0.4404761904761905,0.0,0.0
47060,4.747340972969492,14.577075958251953,0.3904761904761904,-1.0,1.0
47061,13.653948014930235,41.534266740083694,0.7063492063492065,0.0,0.0
47062,12.476350122106242,36.39333939552307,-0.05000000000000001,0.0,0.0
47063,7.168341057323776,24.772228558858234,0.2777777777777778,0.0,0.0
47064,4.689976370406156,14.760425567626953,0.7111111111111111,1.3333333333333333,0.0
47066,11.134169903180998,28.730785648028057,0.8285714285714286,-1.0,1.0
47067,6.251554093749449,20.853559335072834,0.7738095238095238,1.3333333333333333,-1.0
47068,10.744562850097227,23.837339123090107,1.0,0.0,0.0
47069,10.668145703846678,31.871809482574463,-0.3571428571428572,0.0,0.0
47070,4.2218267004906656,14.888508160909018,0.5476190476190478,0.0,0.0
47071,5.13699962909757,16.95188780625661,0.3666666666666667,-1.6666666666666667,0.6666666666666666
47072,7.001215697442363,26.95512068271637,0.03333333333333334,2.0,-1.0
47073,10.804098940497404,29.926275809605915,0.08333333333333333,1.6666666666666667,-1.0
47074,2.261764875652382,7.480605324109395,0.37777777777777777,1.6666666666666667,-1.0
47076,7.6881598810888585,22.88938796520233,0.5555555555555555,0.6666666666666666,-0.6666666666666666
47077,13.717124783755034,40.854877630869545,0.3373737373737374,1.6666666666666667,-1.0
47078,11.65573108260922,38.70979277292887,0.27777777777777785,0.0,0.0
47079,3.6673289901641692,12.139657537142435,0.4828282828282828,0.0,0.0
47080,10.890563277531053,32.73565193017324,0.4611111111111111,-1.0,1.0
47081,7.65702809906173,22.60087792078654,0.4880952380952382,0.0,0.0
47082,10.205154344486145,25.324808875719707,0.4857142857142857,1.0,-0.6666666666666666
47083,12.968577356762724,35.53483819961548,0.4642857142857144,-2.0,0.0
47084,11.26821517738311,31.37111226717631,-0.02380952380952381,0.0,0.0
47085,8.606121452021636,26.75759420792262,0.24603174603174605,1.0,-1.0
47086,3.3772473815164843,9.841524283091227,0.03571428571428572,2.6666666666666665,-1.0
47087,12.184747734562883,36.390528321266174,0.31666666666666665,0.0,0.0
47088,6.179803990263708,21.745994011561077,0.4989898989898989,1.6666666666666667,0.0
47089,12.628173392614698,44.93681001663208,0.5272727272727272,3.6666666666666665,-1.0
47090,12.323618423760275,41.19190788269043,0.6202020202020201,0.0,0.0
47091,8.63326664151763,26.116431713104248,0.4424242424242424,1.6666666666666667,0.0
47092,8.532288693738058,27.39639214674632,-0.1666666666666667,4.0,-1.0
47093,9.915646781631372,28.293500820795696,0.6031746031746033,0.6666666666666666,0.0
47094,20.257978042162925,58.29268995920817,0.4285714285714286,0.0,0.0
47095,4.629727942104793,15.102588653564453,0.7898989898989898,1.0,-0.6666666666666666
47097,20.183569679160282,49.8876207669576,0.14285714285714288,0.0,0.0
47098,9.815435778557067,25.725108067194622,0.6686868686868687,1.6666666666666667,-1.0
47099,8.460423163420124,23.94455263018608,0.8492063492063493,2.0,-1.0
47100,9.212155640827893,25.411102185646694,0.22222222222222224,0.3333333333333333,-0.3333333333333333
47101,6.2770325742997874,23.32920293013255,0.36969696969696964,0.0,0.0
47102,9.952764986163162,39.591511249542236,0.5595959595959595,0.0,0.0
47104,0.0,0.0,,0.0,0.0
47105,11.80089672849472,36.59695474306742,0.373015873015873,1.6666666666666667,-1.0
47106,6.742639554132935,20.514315525690716,0.5,0.0,0.0
47107,13.63126718238098,37.259226977825165,0.7555555555555555,0.3333333333333333,0.0
47108,3.595251917246191,9.661200364430746,0.6666666666666666,1.3333333333333333,-1.0
47110,4.590594914895081,15.335679173469543,0.23636363636363636,0.6666666666666666,-0.3333333333333333
47111,9.767153470407957,34.12672483921051,0.75,0.0,0.0
47112,12.179684099906241,40.58523039023081,0.5333333333333333,0.0,0.0
47113,6.2477552485445385,18.04097616672516,0.8095238095238096,-1.6666666666666667,0.0
47114,11.075239047844738,33.76662389437357,0.6888888888888888,1.6666666666666667,-1.0
47115,8.86295631979923,34.06490544478098,0.4101010101010101,0.0,0.0
47116,9.138430136475614,29.054457823435467,0.48571428571428577,0.0,0.0
47117,2.988371471094697,10.17282215754191,-0.07777777777777778,0.6666666666666666,-0.6666666666666666
47118,10.817058404862536,26.989962458610535,0.0020202020202020193,-3.0,0.0
47119,10.314530006842022,26.346050540606182,0.8857142857142858,0.0,0.0
47120,5.154115682299441,15.704360802968344,0.4611111111111111,0.0,0.0
47121,8.262754014430959,26.428101698557537,0.07142857142857144,1.0,-0.6666666666666666
47122,0.8550054663603653,2.012869397799174,0.0,-0.6666666666666666,0.6666666666666666
47123,5.214697147129256,16.98758888244629,0.9285714285714288,0.0,0.0
47124,7.404971371040422,26.07157615820567,0.3444444444444444,0.0,0.0
47125,8.048295910419158,21.699899514516193,-0.1785714285714286,1.0,-0.6666666666666666
47128,7.6763144060297215,26.387022256851196,0.06111111111111111,0.6666666666666666,-0.6666666666666666
47130,6.361879632264103,19.411351323127747,0.22020202020202018,1.3333333333333333,-0.3333333333333333
47131,8.34905361194162,24.182302554448444,0.5634920634920636,-0.3333333333333333,0.3333333333333333
47132,3.4659179295121816,11.456411997477213,0.25000000000000006,0.0,0.0
47133,6.736640647762147,16.70295763015747,0.16666666666666666,0.0,0.0
47134,8.942810221834376,34.74073381225268,-0.24848484848484845,1.3333333333333333,-1.0
47135,10.37261569802329,40.93890949090322,0.43030303030303024,0.0,0.0
47136,2.725022744788012,9.404488245646158,-0.6,5.0,0.0
47137,5.149856731567747,18.300121784210205,0.41111111111111115,0.0,0.0
47138,3.1665415157267947,10.479174296061197,0.392857142857143,0.6666666666666666,0.3333333333333333
47139,5.414151784566685,21.36700447400411,0.12727272727272726,0.0,0.0
47140,8.81795285472311,27.604319031039875,0.8833333333333333,0.0,0.0
47141,6.627585263345895,18.270296573638916,0.8571428571428572,0.0,0.0
47142,5.531345351988622,19.015960852305096,0.20555555555555552,0.0,0.0
47143,5.4835818349933065,14.162958775957426,-0.6,2.0,-1.0
47144,5.482648471463225,17.60428790251414,0.3833333333333333,0.0,0.0
47145,5.641755350904643,18.16250991821289,0.5111111111111111,0.0,0.0
47146,4.069199674585211,13.30931043624878,0.777777777777778,0.0,0.0
47147,9.759980655099591,31.379971583684284,0.44761904761904764,0.0,0.0
47151,12.627097617399485,36.75193119049072,0.5055555555555555,0.0,0.0
47152,5.601467579396497,17.188684423764546,0.7373737373737371,0.0,0.0
47154,7.522363255050107,20.208322564760845,0.16666666666666666,0.0,0.0
47155,9.18259144390074,32.070195799072586,0.8707070707070707,1.0,-1.0
47156,3.716122140719836,11.946403741836548,0.8214285714285716,0.0,0.0
47157,11.090461940630625,36.16128615538279,-0.4777777777777778,-6.0,0.0
47158,0.0,0.0,,0.0,0.0
47159,4.177622847711473,14.275074998537699,0.7979797979797979,1.6666666666666667,-1.0
47160,9.484696649994774,29.45562179883321,0.8571428571428572,-0.3333333333333333,0.3333333333333333
47161,5.3344697872856335,15.895643552144369,0.6380952380952382,1.3333333333333333,-1.0
47163,17.986651640183457,49.52433284123739,0.4285714285714286,0.0,0.0
47165,11.737567270297015,30.698378185431164,0.3714285714285715,-3.0,1.0
47166,6.787108498929413,19.700714866320293,0.3333333333333333,1.3333333333333333,-1.0
47168,6.176030683437964,20.046531955401104,0.7142857142857144,1.0,-1.0
47169,0.0,0.0,,0.0,0.0
47170,9.601727663035613,30.799961785475414,0.19841269841269846,-2.6666666666666665,0.0
47171,10.058034551884743,33.55675665537516,0.5634920634920636,0.0,0.0
47172,7.715712503757874,24.128153721491497,0.612121212121212,0.0,0.0
47175,7.528943613861768,26.64672017097473,0.4880952380952382,0.0,0.0
47177,7.260600856014835,27.31860179702441,0.4055555555555556,-5.0,1.0
47179,10.70948130163678,32.99980847040812,0.8253968253968255,-1.0,1.0
47181,11.058869569246559,35.28152736028036,0.8015873015873017,-1.0,1.0
47182,9.702976093301805,34.867769281069435,0.507936507936508,0.0,0.0
47183,6.923901840481122,22.40688459078471,-0.126984126984127,0.6666666666666666,-0.6666666666666666
47185,7.018381324589562,19.72859529654185,0.5634920634920636,1.0,-0.6666666666666666
47186,11.000943575136999,35.926997343699135,0.611111111111111,4.0,0.0
47187,4.742420085869006,15.80721124013265,0.3090909090909091,3.3333333333333335,0.0
47188,10.771433477984218,39.841069062550865,0.5959595959595959,3.3333333333333335,-1.0
47189,9.11913047056261,35.39080651601156,0.40202020202020194,0.0,0.0
47191,0.0,0.0,,0.0,0.0
47192,5.460026426015022,13.239479223887125,0.19999999999999998,0.0,0.0
47193,5.442321708035149,16.099059263865154,0.15873015873015878,0.6666666666666666,-0.3333333333333333
47197,9.048562366430941,30.539089878400166,0.6525252525252524,0.0,0.0
47198,13.84964198605003,44.891425132751465,0.38888888888888884,0.0,0.0
47199,4.062577384637898,13.377214272816977,0.9222222222222222,0.0,0.0
47200,6.409644706598246,21.568689227104187,0.3571428571428572,4.0,-1.0
47201,9.791911813945534,34.04715840021769,0.07222222222222223,-7.0,0.0
47202,9.201451880687763,26.64123146732648,0.48571428571428577,0.0,0.0
47203,7.995830313155284,25.002562244733173,0.7444444444444444,0.3333333333333333,-0.3333333333333333
47205,11.782323002850353,35.89274994532267,0.793939393939394,0.0,0.0
47207,6.248058074250075,23.053244868914287,0.17575757575757578,-1.0,1.0
47209,8.43422536055247,16.86845072110494,0.9999999999999999,0.0,0.0
47210,3.971369191079964,12.525542259216309,0.7380952380952382,0.0,0.0
47211,12.400226059509999,42.28649882475535,0.6484848484848484,0.6666666666666666,-0.6666666666666666
47212,8.022468207791109,22.272363821665447,-0.29696969696969694,4.0,-1.0
47213,8.098032194692193,27.20260699590047,0.08282828282828282,-5.0,0.0
47214,6.994794499572048,22.860382239023846,-0.04761904761904762,1.3333333333333333,-1.0
47216,17.217800425761173,41.59016259511312,0.5,0.0,0.0
47217,12.450539871303855,44.689469496409096,0.7222222222222223,-1.0,1.0
47219,10.403565661679542,33.230509320894875,0.8707070707070707,0.0,0.0
47220,9.147856787137961,32.524471044540405,0.35353535353535354,0.6666666666666666,-0.6666666666666666
47221,6.903296755667252,23.87171983718872,0.8585858585858585,0.0,0.0
47222,2.1483219179991604,7.262013842662175,-0.15873015873015875,1.6666666666666667,-1.0
47223,6.824020304737256,22.989251136779785,0.3373737373737373,0.0,0.0
47225,9.626825842632025,27.60746677716573,0.5833333333333334,-1.0,1.0
47226,5.491003595031401,16.21903661886851,0.8444444444444444,-0.6666666666666666,0.6666666666666666
47227,5.691567082090425,18.279599746068318,0.5636363636363636,0.0,0.3333333333333333
47228,9.92394920519794,39.35785146554311,0.39797979797979793,0.0,0.0
47229,7.8207672716573144,20.841287930806477,0.13492063492063497,1.0,0.0
47230,4.843441380485296,17.930732255180676,0.31717171717171716,-1.0,1.0
47231,9.66576059541131,31.18336510658264,0.28571428571428575,0.0,0.0
47233,8.539723664113659,29.62711453437805,0.7333333333333333,0.0,0.0
47234,7.932140708173513,30.65600857635339,0.5595959595959595,0.0,0.0
47235,10.427806521191634,28.504761298497517,-0.03174603174603175,0.6666666666666666,-0.3333333333333333
47236,6.6744928906134655,23.117437760035198,-0.010101010101010102,-2.0,1.0
47237,6.961686556922643,16.222673892974854,0.5,0.0,0.0
47239,4.469448552950685,15.240677038828531,0.4611111111111111,0.3333333333333333,-0.3333333333333333
47241,4.342813518159931,14.281905392805735,0.7380952380952381,0.0,0.0
47242,14.077423013245701,40.40037948886553,0.9047619047619048,0.0,0.0
47243,8.617407022395204,22.624428113301594,-0.21212121212121207,1.6666666666666667,-1.0
47245,10.078046852737833,27.25476038455963,0.7142857142857144,-1.0,0.0
47247,6.157073787490133,16.631417671839397,0.5333333333333333,0.0,0.0
47248,7.96088034793118,26.336913267771404,0.4126984126984128,3.6666666666666665,0.0
47249,12.267229908206408,31.645517031351726,0.3690476190476191,-0.3333333333333333,0.3333333333333333
47250,10.199818885891526,31.542830655972164,0.5357142857142858,0.0,0.0
47251,7.7413081534180925,26.055222312609356,0.6746031746031748,-2.6666666666666665,0.0
47252,5.210381468062345,15.291551361481348,0.6071428571428573,2.3333333333333335,0.0
47253,11.735740190606206,32.740121841430664,0.41269841269841273,1.0,-1.0
47254,11.207054863373438,22.414109726746876,0.9999999999999999,0.0,0.0
47256,17.308158834775288,34.616317669550575,0.9999999999999999,0.0,0.0
47258,9.219358491387444,37.18947331110636,0.48686868686868684,0.0,0.0
47259,10.913617814483421,31.41097942988078,0.7777777777777778,2.0,0.0
47261,8.364872665584803,25.22934126853943,0.16666666666666666,0.0,0.0
47263,4.895096066330773,17.781624803940456,0.1717171717171717,1.0,-0.6666666666666666
47264,13.404039266915554,31.734052340189617,0.5,-1.0,1.0
47265,8.10501558609332,26.05655374129613,-0.11904761904761908,0.3333333333333333,-0.3333333333333333
47266,15.859566840046812,52.478038469950356,0.5353535353535354,0.0,0.0
47268,9.87276671670165,28.2374263604482,0.09523809523809527,0.0,0.3333333333333333
47269,6.517156913334559,20.720760742823284,0.6269841269841271,0.0,0.0
47271,2.8692983176931377,9.235894600550333,0.15873015873015875,2.0,-1.0
47273,11.095936370717126,36.09856104850769,0.7666666666666666,1.6666666666666667,0.0
47274,0.0,0.0,,0.0,0.0
47276,3.3674724852075,11.48619149128596,0.8095238095238096,1.0,-0.6666666666666666
47278,6.014363804720055,20.95662260055542,0.3174603174603175,-4.0,1.0
47279,4.941659707011575,14.793459276358286,0.7722222222222221,-1.3333333333333333,0.6666666666666666
47280,3.771328170297236,13.46191813548406,0.4383838383838383,1.6666666666666667,-0.6666666666666666
47281,3.828988062378064,12.550692995389303,0.3656565656565656,3.6666666666666665,-1.0
47284,9.832761130282739,39.01717027028402,0.7111111111111111,0.0,0.0
47286,6.416682421590829,22.688143849372864,0.3166666666666667,0.0,0.0
47287,6.877728953193665,20.539456794659298,0.761904761904762,1.6666666666666667,0.0
47289,14.414900396669404,41.47948968410492,0.3333333333333333,0.0,0.0
47290,9.794855347018474,34.63845237096151,0.2525252525252525,0.6666666666666666,-0.3333333333333333
47291,6.929376532058242,23.01014166076978,0.49444444444444446,-1.0,1.0
47293,0.0,0.0,,0.0,0.0
47294,3.2662950034386875,9.748635917901993,0.4666666666666666,0.0,0.0
47297,5.3898155927814075,16.151562213897705,-0.25555555555555554,0.0,0.0
47298,14.779277654018356,49.17594571908315,0.4424242424242424,1.0,-1.0
47299,13.787675381562885,42.35305738449097,0.1904761904761905,0.3333333333333333,-0.3333333333333333
47300,8.944411114462225,27.727729494373005,0.6547619047619049,0.0,0.0
47301,6.78266946439781,19.439638535181682,0.777777777777778,2.6666666666666665,0.0
47303,13.007625649254232,51.865808407465614,0.5474747474747473,0.0,0.0
47304,2.9666107246494864,10.923352400461832,0.36161616161616156,1.0,-0.3333333333333333
47305,6.57898135972215,22.9959823290507,0.20238095238095244,0.0,0.0
47306,6.040495423415777,22.018073121706646,0.16767676767676765,1.6666666666666667,-1.0
47307,3.4489432396917294,11.8759838839372,0.12777777777777777,-1.3333333333333333,0.0
47308,13.302366062791267,34.18411742647489,-0.06666666666666668,0.0,0.0
47310,10.108163548192875,35.33539819717407,0.2833333333333333,0.0,0.0
47311,14.241121282029582,38.814714988072716,0.8999999999999998,0.0,0.0
47312,6.219005672456254,14.819804261128107,-0.5,-1.0,1.0
47313,6.368557239325966,20.422390540440876,0.39285714285714296,0.0,0.0
47316,7.13990054455785,25.080519040425617,0.49898989898989893,0.0,0.0
47317,5.318510339774424,18.4900697072347,0.6444444444444444,0.6666666666666666,-0.3333333333333333
47318,4.8066828732737195,15.92574063440164,0.03333333333333333,0.6666666666666666,-0.6666666666666666
47320,4.327474274920498,13.393263280391693,0.36565656565656557,2.3333333333333335,-0.6666666666666666
47321,9.65647572907415,32.281904165943466,0.4166666666666667,-2.3333333333333335,0.3333333333333333
47322,4.297087400678101,14.137078737219175,0.406060606060606,1.0,-0.6666666666666666
47324,0.0,0.0,,0.0,0.0
47325,3.2136947193608467,9.409579515457153,-0.2333333333333333,1.3333333333333333,0.0
47326,4.191513668446173,12.141624997059504,0.3,0.0,0.0
47327,10.399569509462227,32.86802879969279,0.7539682539682541,1.3333333333333333,-1.0
47328,8.72903712725472,22.333101610342663,0.7261904761904763,1.0,-1.0
47329,17.752533109935715,56.570754528045654,0.1777777777777778,0.0,0.0
47330,12.243417952386414,41.63695780436198,0.5055555555555555,0.0,0.0
47332,7.179149272914952,23.548112948735554,0.7714285714285715,0.0,0.0
47334,4.188387064929421,13.122531230250994,-0.6825396825396824,6.666666666666667,-1.0
47335,9.626583093280619,29.89815592765808,0.4841269841269842,2.0,-1.0
47336,3.6564374358200404,8.793183783690134,0.7999999999999999,1.0,0.0
47337,12.745028879033784,34.29019391536713,0.48809523809523814,0.0,0.0
47338,6.596610631488654,23.24077792962392,0.35555555555555546,2.3333333333333335,0.0
47341,7.9492339746228,25.99146858851115,0.4920634920634921,0.0,0.0
47342,2.6852779287186563,7.675651391347249,-0.01666666666666669,-4.666666666666667,0.6666666666666666
47343,10.056166134569176,28.367993593215942,0.5714285714285715,3.6666666666666665,-1.0
47344,9.877935213330996,34.512234369913735,0.24444444444444444,0.0,0.0
47345,7.199124029184509,27.20740818977356,0.7212121212121211,0.0,0.0
47346,6.1330534601417455,20.862375179926556,0.06262626262626261,4.333333333333333,-1.0
47347,3.4645006282498882,10.45743441581726,0.09523809523809523,2.3333333333333335,-0.6666666666666666
47348,14.51598652071049,38.24381764729818,0.6999999999999998,0.0,0.0
47350,3.4193127013969558,10.221940338611603,0.4444444444444445,0.3333333333333333,0.0
47351,4.236723402237927,12.451724529266357,0.0857142857142857,2.6666666666666665,0.0
47352,12.828911530984344,38.17490609486898,0.6929292929292928,1.6666666666666667,-1.0
47353,17.688389407889392,51.80414358774821,0.09999999999999999,0.0,0.0
47354,6.239900306896579,20.815094888210297,0.4523809523809524,0.0,0.0
47355,7.785315432987734,22.87660487492879,0.8333333333333335,1.0,-1.0
47356,17.455921128206736,41.22439273198446,0.5,0.0,0.0
47358,2.077824173540921,5.415408506989479,-0.8666666666666666,2.3333333333333335,-1.0
47359,12.443651426205264,39.13195912043253,0.4841269841269842,0.0,0.0
47361,12.352510095668222,46.033259789148964,0.7212121212121211,0.0,0.0
47362,8.425755261122292,27.55583866437276,0.34545454545454546,2.3333333333333335,-1.0
47364,5.339014415005605,16.774509261051815,-0.08333333333333333,4.333333333333333,-1.0
47365,3.08820820858899,11.468253950277964,0.2404040404040404,-2.3333333333333335,0.0
47367,12.342569611842189,36.85804828008016,0.8388888888888889,0.0,0.0
47368,11.672469854242628,37.930463095506035,0.8571428571428573,1.3333333333333333,-0.6666666666666666
47369,7.7150920403927605,21.4087332089742,0.5555555555555557,3.0,-1.0
47371,9.656135255034181,32.653244853019714,0.309090909090909,-1.6666666666666667,0.0
47372,5.787969161196044,20.998053163290024,0.09494949494949494,0.0,0.0
47373,9.739618275845528,34.920026222864784,0.24040404040404037,0.6666666666666666,0.0
47374,4.802597039204602,16.491206765174866,0.6242424242424242,0.0,0.0
47375,7.300170899436939,23.254430691401165,0.27777777777777773,1.0,-1.0
47377,7.603215499744832,27.44217775265376,-0.22777777777777777,6.0,-1.0
47380,6.806102179111186,20.686191201210022,0.5595238095238096,0.0,0.0
47381,6.522281138604076,21.79548780123393,0.1595959595959596,0.0,0.0
47382,3.920864226733565,12.70373564461867,0.6444444444444445,0.6666666666666666,-0.6666666666666666
47384,7.901021714080258,27.809824923674267,-0.09999999999999999,1.6666666666666667,-1.0
47385,8.388823418889697,26.0624476869901,-0.21428571428571433,2.0,-1.0
47386,3.324185506568249,11.87628185749054,0.5111111111111111,1.3333333333333333,-1.0
47387,13.865617041182427,37.07563138008118,0.8666666666666667,0.3333333333333333,-0.3333333333333333
47388,7.963164930943509,25.686655680338543,0.580952380952381,0.0,0.0
47390,9.946285910035579,31.428765674432118,0.9126984126984127,0.0,0.0
47391,3.7648355054639437,12.246266320347786,0.6190476190476192,0.6666666666666666,-0.3333333333333333
47392,2.4548536042372384,4.909707208474477,-0.9999999999999999,1.0,-1.0
47393,9.702881664409736,28.74550990263621,0.5158730158730159,4.333333333333333,-1.0
47394,9.833195715610238,33.441845178604126,0.4761904761904763,0.0,0.0
47396,6.356577503671804,22.577413082122803,0.6166666666666667,1.3333333333333333,-1.0
47397,5.8901378220135285,19.05518404642741,0.6166666666666667,0.0,0.0
47399,5.072168178614249,13.77091540892919,0.7904761904761904,2.0,-1.0
47400,8.316812352657047,29.3472793896993,0.7858585858585858,-1.0,0.0
47401,4.654080472461466,14.675797820091248,0.5714285714285715,0.6666666666666666,-0.6666666666666666
47402,9.083355211611767,23.90552481015523,0.888888888888889,0.3333333333333333,-0.3333333333333333
47404,10.444279982436706,31.99891249338786,0.7714285714285715,0.0,0.0
47405,10.611024079826736,32.93871267139912,0.20555555555555557,0.0,0.0
47406,9.468056390058237,33.95198861757914,0.7818181818181817,0.6666666666666666,-0.6666666666666666
47408,4.594867136571209,16.059690356254578,0.6055555555555555,0.6666666666666666,0.0
47409,6.7217082001931585,18.6634468237559,0.18253968253968259,0.6666666666666666,-0.6666666666666666
47411,2.1528089220224698,6.187384366989136,0.13888888888888892,5.333333333333333,0.0
47412,7.612668951582228,26.410301605860393,0.6888888888888888,0.0,0.0
47413,6.657338533899096,17.601684778928757,0.3904761904761905,0.0,0.0
47415,10.21706562513838,30.675479809443157,0.8333333333333335,0.0,0.0
47417,14.389625012525824,48.53410689036051,0.19444444444444442,1.0,0.0
47418,0.0,0.0,,0.0,0.0
47419,5.521068323164131,16.3942907055219,0.5499999999999999,0.6666666666666666,-0.6666666666666666
47420,9.827170274417487,37.71868852774302,0.5277777777777778,1.6666666666666667,-1.0
47421,6.889795502573347,19.529064138730366,0.9393939393939394,-0.6666666666666666,0.6666666666666666
47422,7.84462537547272,29.67655376593272,0.1838383838383838,0.0,0.0
47425,9.47675079538101,31.86848517258962,0.05858585858585858,-8.666666666666666,0.6666666666666666
47426,9.07260307128439,29.292899310588837,0.04444444444444445,0.0,0.0
47427,8.911949654420217,17.823899308840435,0.9999999999999999,0.0,0.0
47428,15.949979049409473,36.7046434978644,-0.4047619047619048,-0.3333333333333333,0.3333333333333333
47429,1.787482815484206,3.574965630968412,0.9999999999999999,0.0,0.0
47431,6.809718171411429,19.937020301818848,0.7944444444444444,0.6666666666666666,-0.3333333333333333
47432,6.468170020710271,21.436739762624104,0.3611111111111111,1.0,-1.0
47433,4.905783514181773,9.811567028363546,0.9999999999999999,0.0,0.0
47434,8.854716377306756,27.57149537404378,0.04761904761904762,0.0,0.0
47435,11.73041449072,33.68159929911295,0.5191919191919192,0.0,0.0
47436,8.564182711569282,30.803614735603333,0.43434343434343425,5.666666666666667,0.0
47437,8.671170482106962,27.70563793182373,0.2142857142857143,0.0,0.0
47438,8.789128978936501,25.62093464533488,-0.14285714285714288,0.0,0.0
47439,5.702945602714933,16.397376378377277,0.21904761904761905,0.3333333333333333,-0.3333333333333333
47440,7.412390695003524,19.671650528907776,0.7858585858585858,0.6666666666666666,0.0
47441,4.822038921872806,15.985827525456747,0.9682539682539684,0.0,0.0
47442,9.501589611953294,29.584479649861652,0.9151515151515152,-1.0,1.0
47443,7.042682486848311,24.756643295288086,-0.21428571428571433,-4.0,1.0
47444,12.189382394154867,24.378764788309734,0.9999999999999999,0.0,0.0
47445,12.666250121192363,36.259383161862694,0.6686868686868687,0.6666666666666666,-0.3333333333333333
47446,5.042602280668393,12.083932836850485,0.8333333333333331,0.6666666666666666,-0.6666666666666666
47447,10.032332552844853,33.671547849973045,0.3333333333333334,0.0,0.0
47448,6.505280437938169,20.97406729062398,0.5238095238095238,0.0,0.0
47449,6.57307348629785,18.893847167491913,0.06666666666666667,3.6666666666666665,-1.0
47450,7.270690898575421,22.938982089360554,0.6746031746031748,0.3333333333333333,0.0
47453,2.9256844952417915,8.011757016181946,0.7666666666666665,0.6666666666666666,-0.3333333333333333
47454,7.456037087079707,27.062371015548706,0.7999999999999999,0.0,0.0
47456,8.815227503375572,27.765746836860973,0.4222222222222222,2.6666666666666665,-1.0
47457,6.301464976869767,21.182995676994324,0.7555555555555555,0.0,0.0
47458,9.771315161835036,32.56728502114614,0.7888888888888889,0.0,0.0
47461,6.088512620236878,19.949859340985615,0.5555555555555557,1.0,-1.0
47463,9.728539113585422,34.310853550831474,0.7611111111111111,2.6666666666666665,0.0
47464,12.984876399586561,35.76556531588236,0.39999999999999997,0.0,0.0
47465,5.045374922252122,15.71963663895925,0.6888888888888888,-0.6666666666666666,0.6666666666666666
47466,11.238854267824394,28.506916761398315,0.3333333333333333,0.0,0.0
47467,6.288942610416117,18.47067580620448,0.6000000000000001,-0.6666666666666666,0.6666666666666666
47469,5.0945421552949695,18.882314920425415,0.43888888888888894,0.0,0.0
47470,7.575448911990002,20.78237251440684,0.6190476190476191,0.0,0.0
47472,9.044436339613863,27.833730220794678,-0.07878787878787878,0.6666666666666666,0.0
47474,14.907430723945453,52.92463924487432,-0.6,-6.333333333333333,0.3333333333333333
47475,5.230308343962012,15.07137668132782,0.6,2.0,-1.0
47476,7.46702446367378,27.739482641220093,0.4222222222222221,0.6666666666666666,0.6666666666666666
47477,7.498886215139734,25.82642388343811,0.4888888888888889,0.0,0.0
47478,12.776375068190852,43.369117975234985,0.6190476190476192,0.0,0.0
47479,18.17109146019658,41.677613735198975,0.5,0.0,0.0
47480,7.084824454163749,21.781805644432705,0.14444444444444446,0.0,0.0
47481,5.997573664972566,14.879114866256714,0.5333333333333333,0.0,0.0
47482,9.340593716093267,38.524818420410156,0.2686868686868687,0.0,0.0
47483,7.985590109072182,30.543552080790203,0.5838383838383838,0.0,0.0
47484,13.75564674536387,27.51129349072774,0.9999999999999999,0.0,0.0
47485,7.145649880968296,26.107962131500244,0.1919191919191919,0.0,0.0
47486,9.239939077653425,30.559245427449543,0.5714285714285715,0.0,0.0
47487,5.864041888818527,17.85227354367574,0.903030303030303,0.0,0.0
47488,4.79355159684357,14.41164513429006,0.8111111111111112,0.3333333333333333,0.3333333333333333
47490,15.343137137691334,38.195153380433716,0.03571428571428572,1.6666666666666667,-1.0
47491,9.529644051678963,21.911728143692017,1.0,0.0,0.0
47493,4.427722483768435,12.43281782666842,0.9166666666666669,0.0,0.0
47494,3.9952609654773834,12.506433566411337,0.39393939393939387,0.0,0.0
47498,10.472755563946583,31.49524450302124,0.3174603174603175,0.0,0.0
47499,6.0286458061826105,18.688397645950317,0.8285714285714287,0.0,0.0
47500,9.509657966814279,32.654118498166405,0.44999999999999996,0.0,0.0
47501,6.598021486004005,19.67912483215332,0.05555555555555556,-2.0,1.0
47502,11.430831387639046,22.86166277527809,0.9999999999999999,0.0,0.0
47503,3.711719204002845,10.850552479426065,0.5357142857142858,1.6666666666666667,0.0
47504,3.3274522775036472,10.669312675793966,0.5797979797979798,2.3333333333333335,-1.0
47505,8.457963590362551,26.854423930247624,0.21111111111111114,0.0,0.0
47506,5.266686429956424,19.706904729207356,0.4262626262626263,0.0,0.0
47508,4.2578046197965485,12.546785990397135,0.40952380952380957,0.0,0.0
47509,3.394894756981074,9.922210057576498,0.6333333333333332,0.0,0.0
47510,13.296011224568966,56.09640391667684,0.22424242424242422,0.0,0.0
47511,8.144621904144813,21.18344622850418,0.6,-1.0,1.0
47512,8.204422001048725,29.63372262318929,0.47222222222222215,1.0,0.0
47514,9.954098647882725,24.198009808858234,0.5,0.0,0.3333333333333333
47515,10.376952700803725,38.65931010246277,0.8505050505050504,0.6666666666666666,-0.3333333333333333
47516,3.813322689753368,12.72884198029836,-0.04242424242424242,1.0,-0.6666666666666666
47517,11.773425229451057,37.73795795440674,-0.05555555555555556,0.0,0.0
47518,5.415475667592098,16.153370936711628,0.3968253968253968,2.0,-1.0
47519,8.941266981927273,27.42823378245036,-0.030303030303030293,1.6666666666666667,0.0
47521,5.698572704737792,14.753602186838785,0.3575757575757576,1.0,0.0
47523,10.307554493791699,30.861464500427246,0.5722222222222223,1.0,-1.0
47525,12.49035414099533,46.30008323987325,0.11111111111111112,4.0,-1.0
47526,11.173880446118021,43.89929453531901,0.713131313131313,0.0,0.0
47529,4.895279717509101,18.437529762585957,-0.1393939393939394,3.3333333333333335,-1.0
47530,4.9185930032954435,14.725553512573242,0.14285714285714288,0.0,0.0
47532,7.723223340108976,22.200575987497967,0.5396825396825398,0.0,0.0
47533,4.70733518183314,15.816597898801168,0.507070707070707,0.0,0.0
47534,8.77314733936124,28.23140557607015,0.09523809523809525,0.0,0.0
47535,9.388989691411117,27.739439328511555,0.630952380952381,0.3333333333333333,0.0
47536,4.194926004197002,14.323556939760843,0.8333333333333334,1.6666666666666667,-1.0
47538,11.301788378408993,40.62634960810343,0.28571428571428575,0.0,0.0
47539,5.970417564570062,19.488454659779865,0.6944444444444443,0.0,0.0
47540,9.726044217578346,35.15280898412069,0.6969696969696969,3.6666666666666665,-1.0
47542,9.44738232998563,34.336054722468056,0.1515151515151515,-1.0,1.0
47544,5.287212937598576,15.735844572385153,0.8095238095238096,1.0,-1.0
47545,5.287323429380767,15.599583864212036,0.3055555555555555,0.6666666666666666,-0.3333333333333333
47546,6.155999692422541,17.78429965178172,0.6904761904761907,0.0,0.0
47547,5.1101199893775435,12.361443638801575,-0.5,1.0,-1.0
47548,9.656451761458134,30.300928195317585,0.7373737373737373,0.0,0.0
47550,7.962568617452045,20.344902276992798,0.5047619047619047,1.6666666666666667,-1.0
47551,9.412517559197424,29.694302876790363,0.8787878787878788,1.0,-0.6666666666666666
47553,14.698295935344495,36.30208055178324,0.0,1.0,-1.0
47554,15.92621552099053,46.990798403819404,-0.018181818181818177,0.3333333333333333,-0.3333333333333333
47555,7.514925846498162,23.900498112042744,0.023809523809523808,0.0,0.0
47556,6.327269880542173,21.037818948427837,0.09999999999999999,2.6666666666666665,-1.0
47557,7.119503565043055,24.387922604878742,0.8333333333333335,0.0,0.0
47558,14.406335168223729,42.648956934611,0.8492063492063493,0.0,0.0
47559,10.80536252119093,35.22915506362915,0.35714285714285715,1.0,-1.0
47561,8.60843115718144,20.889645497004192,0.8666666666666666,0.0,0.0
47562,2.6747070068535757,9.396217425664267,0.5555555555555555,-1.0,1.0
47563,6.177874866436473,20.827014843622845,0.22222222222222224,0.0,0.0
47564,3.3204689807200434,12.882748837272326,0.35353535353535354,2.6666666666666665,-1.0
47566,6.438491668061956,15.985873619715372,0.6666666666666666,0.3333333333333333,0.0
47567,5.651511935802617,17.71993923187256,0.006060606060606062,2.6666666666666665,-1.0
47568,16.881003787261562,43.85347270965576,0.7380952380952382,0.3333333333333333,-0.3333333333333333
47569,7.8490404049870035,23.071301301320393,0.580952380952381,0.3333333333333333,-0.3333333333333333
47570,4.433148506527143,13.99538161357244,0.16767676767676765,1.0,0.0
47571,17.133294809064292,58.95134949684143,0.33888888888888885,0.0,0.0
47572,13.036874243842275,38.46189943949381,0.777777777777778,1.0,-1.0
47573,9.881720027781977,26.974532107512157,0.13095238095238096,0.3333333333333333,-0.3333333333333333
47574,10.349090108179487,38.80701438585917,0.4989898989898989,-1.0,0.0
47575,10.464087109379879,34.761054158210754,0.5238095238095238,2.6666666666666665,0.0
47576,12.975730749925631,39.12866759300232,0.6190476190476192,0.0,0.0
47577,10.221423752258849,34.50455725193024,0.1919191919191919,1.0,-0.3333333333333333
47578,11.847123146451478,35.44787756601969,0.5474747474747473,0.0,0.0
47580,4.744161002707212,15.092804829279581,0.6444444444444444,1.0,-0.6666666666666666
47581,7.389077165021614,24.050395329793293,0.19841269841269846,-1.0,1.0
47582,3.231166253768841,9.38587374985218,0.20555555555555557,0.3333333333333333,-0.3333333333333333
47583,9.36084510380048,34.317124009132385,0.4101010101010101,0.0,0.0
47584,12.812008748433996,36.10858037074407,0.0,1.6666666666666667,-1.0
47586,3.190307810928358,10.16959140698115,0.3888888888888889,0.0,0.0
47587,15.82982056326501,33.91793409983317,0.5,0.0,0.0
47588,8.366191009482714,25.451012134552002,0.46825396825396837,1.0,-1.0
47589,4.113339574565795,14.478068272272745,0.7698412698412701,0.0,0.0
47591,5.777030533203939,21.22651020685832,0.8545454545454545,0.0,0.0
47593,7.2999536257728,23.30895185470581,0.11111111111111115,3.0,-1.0
47594,3.321188370355562,11.481793170173964,0.5388888888888889,0.0,0.0
47595,10.474140912268595,32.82320431868235,0.21428571428571433,-1.0,1.0
47597,10.346073549438719,30.7327827612559,0.634920634920635,0.0,0.0
47598,6.936927821414426,23.150047461191814,0.43434343434343425,0.3333333333333333,-0.3333333333333333
47601,12.66840101994527,30.908982033530872,0.6,0.0,0.0
47602,12.196818647353552,35.75110995769501,0.3095238095238096,-5.0,0.0
47603,7.263678551849163,25.284473299980164,0.5476190476190477,0.0,0.0
47604,11.23824827375551,29.792329748471577,0.9333333333333332,0.0,0.0
47605,3.5707344897317164,12.14130155245463,-0.01414141414141414,1.3333333333333333,0.0
47607,8.330564655687787,27.37969760100047,0.32525252525252524,0.0,0.0
47608,6.37735781450609,20.07877055803935,-0.023809523809523808,0.3333333333333333,-0.3333333333333333
47609,9.270791672771983,31.30463008582592,0.8650793650793652,0.6666666666666666,-0.6666666666666666
47612,13.527581637355397,37.97498591740926,0.8095238095238096,0.0,0.0
47613,7.26013617284423,22.676361242930096,-0.19444444444444445,-1.0,1.0
47614,7.233843991101587,22.451650460561115,0.1636363636363636,1.3333333333333333,-1.0
47615,5.2129979506674795,15.172019004821777,0.6848484848484847,0.3333333333333333,-0.3333333333333333
47616,6.84600131042033,20.054353713989258,0.14285714285714288,0.0,0.0
47617,13.477673994547738,48.53862075010935,0.36969696969696964,0.0,0.0
47618,6.8359574885763985,19.093290487925213,0.009523809523809518,0.0,0.0
47619,12.34440266361844,27.542565663655598,0.5,0.0,0.0
47621,7.129161519662266,25.883702675501507,0.7460317460317462,2.6666666666666665,-1.0
47622,8.802119148329693,29.019781748453777,0.5277777777777778,3.0,-1.0
47623,8.890772219180372,31.76773194471995,0.4277777777777778,0.6666666666666666,-0.3333333333333333
47624,9.697945811289376,28.77099855740865,0.5515151515151514,1.0,-1.0
47625,5.422385272898491,21.601577242215473,0.5595959595959595,0.0,0.0
47626,0.0,0.0,,0.0,0.0
47627,5.656974378903043,18.002718329429626,0.8174603174603176,0.0,0.0
47628,0.0,0.0,,0.0,0.0
47629,6.058510485151857,19.450478951136272,0.7460317460317462,0.0,0.0
47631,13.60978470926631,38.146157026290894,0.2619047619047619,0.0,0.0
47632,6.552978565175919,21.41087019443512,0.7171717171717171,1.0,0.0
47633,5.550214654608912,21.207247734069824,0.33888888888888885,0.0,0.0
47634,13.254254773438307,46.01336216926575,0.7616161616161615,0.0,0.0
47636,20.813313396638208,69.90777444839478,0.5396825396825398,0.0,0.0
47638,8.285971774780363,29.754552135864895,0.29444444444444445,0.3333333333333333,-0.3333333333333333
47639,7.916005892982281,25.818979024887085,0.5878787878787878,0.0,0.0
47640,6.0225276548564,21.269244074821472,0.6547619047619049,-2.0,1.0
47642,7.864865380812682,30.111201604207356,0.6565656565656565,0.0,0.0
47643,9.330710331678103,35.789023319880165,0.1636363636363636,-9.0,1.0
47644,7.077888179704222,23.138553748528164,0.7142857142857144,0.0,0.0
47646,9.003636305630025,27.258660634358723,0.8303030303030304,0.6666666666666666,-0.6666666666666666
47647,10.961010169852637,31.5373322168986,0.7722222222222223,0.0,0.0
47648,5.209810499214355,16.57392430305481,0.6000000000000001,1.6666666666666667,-1.0
47649,0.0,0.0,,0.0,0.0
47650,7.3968554741145764,23.004661719004314,0.7388888888888889,0.0,0.0
47651,8.927512654403538,30.87199854850769,0.6444444444444444,0.6666666666666666,0.0
47652,7.057627715419585,24.99897113442421,0.5151515151515151,0.0,0.0
47655,6.770091556774969,25.621341625849407,0.5676767676767677,0.0,0.0
47656,12.20975001815757,35.19165301322937,0.8999999999999998,0.0,0.0
47657,10.229519183286634,26.774619102478027,0.7999999999999999,0.0,0.0
47658,4.34965101760872,14.352010806401571,0.6040404040404039,-0.3333333333333333,0.6666666666666666
47659,3.508506291954559,11.962035616238913,0.22828282828282828,-0.6666666666666666,0.6666666666666666
47660,6.508547666800631,20.28318778673808,0.2833333333333333,-1.3333333333333333,0.3333333333333333
47661,11.898261499515955,36.79127780596415,0.8464646464646464,0.6666666666666666,-0.3333333333333333
47662,8.125120639737341,24.20972702403863,0.3809523809523811,0.0,0.0
47663,6.265171883654719,23.00333422422409,0.7010101010101009,4.333333333333333,0.0
47664,11.046765302799868,38.446086744467415,0.7222222222222222,2.0,-1.0
47665,6.269777404113296,22.340551535288494,0.5055555555555555,0.0,0.0
47666,6.337419333670174,20.615690271059673,0.6666666666666669,0.0,0.0
47667,7.30263614639987,24.413574695587158,1.0,0.0,0.0
47668,7.389785429937089,26.28736750284831,-0.36161616161616167,3.0,-1.0
47669,7.264524936792636,24.965831915537517,0.7818181818181817,3.3333333333333335,0.0
47670,7.306740477982231,25.97693081696828,-0.13888888888888887,2.3333333333333335,0.0
47671,9.977540834312817,32.79175388813019,0.4909090909090909,-1.0,1.0
47673,7.978804929909899,28.545980632305145,0.5555555555555555,0.0,0.0
47674,4.0189406524908025,12.519214868545532,0.7857142857142859,0.6666666666666666,0.0
47675,2.3064567500625057,7.590083201726277,0.709090909090909,3.0,-0.6666666666666666
47676,9.672519076873849,29.35969591140747,0.8868686868686867,0.0,0.0
47677,4.730001130827014,17.192434668540955,0.4666666666666666,-1.0,1.0
47678,6.3384253299192705,18.79238756497701,0.6606060606060605,4.0,0.0
47680,4.842843615926912,17.305774132410686,0.3090909090909091,0.0,0.0
47682,6.201129858735996,23.942969749371212,0.5353535353535354,2.0,-1.0
47683,2.792017362985033,8.708537737528482,0.5714285714285715,3.6666666666666665,0.0
47684,4.926705745987757,14.610601107279459,0.4404761904761905,2.0,0.0
47685,4.6563230850889274,14.952367583910624,0.3333333333333334,3.3333333333333335,0.0
47687,14.706952969233194,29.41390593846639,0.9999999999999999,0.0,0.0
47688,5.386279175734948,18.950335065523785,0.1611111111111111,-1.6666666666666667,0.0
47689,5.019151454050109,17.454186886548996,0.8214285714285716,0.3333333333333333,0.0
47690,11.23110573869573,38.65940316518148,0.6507936507936508,0.0,0.0
47691,10.646575916737616,32.27111625671387,0.7444444444444445,1.0,0.0
47692,10.546908686955454,37.17805305123329,0.7000000000000001,0.6666666666666666,-0.3333333333333333
47693,13.084901686965168,32.32073871294657,0.7142857142857144,-0.6666666666666666,0.6666666666666666
47694,8.10373484448356,24.569654941558838,0.7414141414141414,-1.0,1.0
47695,4.697826172589486,18.251485188802082,0.7737373737373736,-1.6666666666666667,0.0
47696,8.803314880083514,31.47059416770935,0.04444444444444445,3.0,0.0
47698,12.595073229377446,34.59452096621195,-0.2857142857142858,-0.6666666666666666,0.0
47700,4.962854900624397,18.043063680330913,-0.17575757575757575,-5.0,1.0
47701,19.157411617902458,52.343303640683494,-0.1919191919191919,0.0,0.0
47702,7.917908296459679,23.521504799524944,0.7656565656565656,0.0,0.0
47703,8.638331378384738,22.357557495435078,0.11111111111111112,0.6666666666666666,-0.3333333333333333
47705,7.8145197861760245,27.237070957819622,0.7380952380952381,0.0,0.0
47706,14.430042744790669,43.34316762288412,0.7301587301587302,0.0,0.0
47707,12.2303471583987,28.602051893870037,-0.11904761904761907,-1.0,1.0
47708,9.52596123206905,29.264522030949593,0.11111111111111112,0.0,0.0
47709,4.785413405475554,16.52259436249733,0.11515151515151513,-4.666666666666667,0.0
47710,9.080774401864646,26.227766195933025,0.11919191919191918,0.0,0.0
47711,4.03067457001266,11.442063440879187,0.4666666666666666,2.0,-0.6666666666666666
47713,11.243202150194259,24.834837277730305,0.6666666666666666,0.0,0.0
47714,4.058438471271866,12.329347252845764,0.24444444444444438,-0.6666666666666666,0.6666666666666666
47715,4.740173543553811,14.64961568514506,0.8095238095238098,0.0,0.0
47716,17.710394802598525,52.108078956604004,-0.04761904761904762,0.0,0.0
47718,11.713505750718658,47.83934834599495,0.4424242424242424,0.0,0.0
47720,0.0,0.0,,0.0,0.0
47721,8.87433243094685,31.506781260172527,0.6606060606060605,0.0,0.0
47722,3.55498633078914,10.467626740535101,0.5666666666666667,1.0,-0.6666666666666666
47723,0.0,0.0,,0.0,0.0
47724,7.473956465920165,24.67593240737915,0.5777777777777778,1.6666666666666667,-0.6666666666666666
47726,8.005046786769922,30.14398129781087,0.17575757575757575,5.666666666666667,0.0
47727,16.497830869235703,45.02126741409302,0.7063492063492065,1.0,-1.0
47728,0.0,0.0,,0.0,0.0
47730,8.539468728877694,30.290650884310406,0.6825396825396827,3.0,0.0
47731,6.272699064303229,23.829461495081585,0.29696969696969694,0.0,0.0
47732,9.448007125291053,27.478590394059818,0.4222222222222222,0.3333333333333333,-0.3333333333333333
47733,6.251093589473421,19.584519624710083,0.20555555555555557,2.0,-1.0
47734,8.442220217277452,27.164759159088135,0.4277777777777778,0.6666666666666666,-0.6666666666666666
47735,7.199614022960432,24.9395588239034,0.2619047619047619,0.0,0.0
47736,4.8825758760232985,18.499526143074036,0.3095238095238096,1.0,-1.0
47737,16.813364663055097,55.101046005884804,-0.28571428571428575,-4.0,1.0
47738,6.318624441974329,23.290221909681957,0.03888888888888888,2.0,-1.0
47740,6.619660761165902,21.942440112431843,0.380952380952381,0.0,0.0
47741,14.968177466706521,48.60529466470083,0.6904761904761906,0.0,0.0
47743,5.778190066117983,21.361299335956573,-5.782411586589357e-18,0.0,0.0
47744,6.758345858781882,22.437933286031086,0.6952380952380954,0.3333333333333333,0.0
47745,12.254092925040716,42.30712471405665,0.6944444444444445,2.6666666666666665,-1.0
47746,4.998457046858597,15.688921531041464,0.701010101010101,-1.3333333333333333,0.3333333333333333
47747,5.426801719402653,20.434059063593548,-0.19595959595959592,-6.0,1.0
47748,6.1746931346062155,20.588847597440083,0.2698412698412699,1.0,-0.6666666666666666
47749,10.391400674275156,33.869861821333565,0.4585858585858585,4.0,0.0
47750,22.095246092211088,52.25373946626981,0.0857142857142857,0.6666666666666666,-0.6666666666666666
47752,12.86271731046221,38.15413999557495,0.04761904761904762,0.0,0.0
47753,10.478713420875627,31.700432976086933,0.8707070707070707,0.3333333333333333,0.0
47754,15.277956466811895,39.78526355822881,0.34126984126984133,-1.6666666666666667,0.6666666666666666
47755,2.673790753069273,8.35505207379659,-0.13095238095238096,5.333333333333333,-1.0
47756,6.084058800868552,22.5818612575531,0.20808080808080806,-2.0,1.0
47757,11.783651675444517,30.431083997090656,0.6071428571428572,-0.6666666666666666,0.6666666666666666
47758,3.7201994472913498,12.791254371404648,0.25,0.0,0.3333333333333333
47759,11.501643573793507,41.701030333836876,0.43434343434343425,1.0,-1.0
47760,18.39879139628889,58.3020388285319,0.5873015873015874,0.0,0.0
47761,13.433063905068295,37.55717031657696,0.18333333333333332,0.3333333333333333,0.0
47762,7.056712397420412,22.62522037823995,0.6825396825396827,0.0,0.0
47763,7.0357954512979655,19.42869107921918,0.8857142857142858,0.6666666666666666,-0.3333333333333333
47764,4.523134242944661,16.63217504819234,0.14343434343434344,0.0,0.0
47766,9.679198919660879,37.64446131388346,0.7944444444444444,0.0,0.0
47767,4.684737381422226,16.059738318125408,0.6808080808080806,2.0,-1.0
47768,9.365713243338334,30.11385182539622,0.7666666666666666,1.3333333333333333,-1.0
47770,7.145866287506586,22.423206965128582,0.511904761904762,3.0,-1.0
47771,7.721121887365977,15.442243774731955,0.9999999999999999,0.0,0.0
47772,7.481935246281637,29.54720151424408,0.22828282828282823,-0.6666666666666666,0.0
47773,8.01816308163669,25.089348991711933,0.46428571428571436,1.3333333333333333,-1.0
47775,11.72065388959794,40.50316834449768,0.8000000000000002,0.0,0.0
47776,8.867999445253806,25.712491566936176,0.4603174603174604,0.0,0.0
47777,5.310687057063464,18.4406901995341,0.4055555555555556,0.3333333333333333,-0.3333333333333333
47778,11.035278943615134,36.497635900974274,0.626984126984127,0.3333333333333333,0.0
47779,7.359772509403633,27.403616150220234,0.0909090909090909,0.0,0.0
47780,10.731408203556123,42.26104784011841,-0.26464646464646463,-5.0,1.0
47782,5.000342256921157,15.882932345072428,0.14285714285714288,5.0,0.0
47783,5.354850310261884,17.311336676279705,0.31111111111111106,0.6666666666666666,-0.6666666666666666
47784,5.473169465342427,18.464727719624836,0.4841269841269842,0.0,0.0
47785,7.977576393034717,26.470468560854595,0.12777777777777777,-1.6666666666666667,0.6666666666666666
47786,5.467385187017418,17.095772832632065,0.022222222222222227,2.6666666666666665,-0.6666666666666666
47788,6.596270868901409,20.17111110687256,0.753968253968254,0.0,0.0
47790,3.7485505053903654,10.205100059509277,1.0,0.0,0.0
47791,12.504752488629435,40.7561260064443,0.28571428571428575,0.0,0.0
47792,6.026046594768452,20.2939711411794,0.5952380952380952,0.0,0.0
47793,6.415405125492186,25.97637669245402,0.6525252525252524,1.6666666666666667,-1.0
47794,4.845038995403644,16.375904897848766,0.24444444444444444,0.3333333333333333,-0.3333333333333333
47797,9.175175369768214,31.435999910036724,0.654761904761905,3.0,0.0
47799,5.980101136391315,16.540704886118572,0.7301587301587302,2.0,-1.0
47800,5.591332365311558,20.611338138580322,0.22424242424242422,2.0,-1.0
47801,6.0230302564089895,20.758156140645344,0.4585858585858585,1.3333333333333333,-0.6666666666666666
47802,1.9594086582461994,3.9188173164923987,-0.3333333333333333,0.6666666666666666,-0.6666666666666666
47804,9.852883797298501,32.91465218861898,0.818181818181818,0.0,0.0
47805,5.579930532960032,17.048677444458008,0.746031746031746,1.3333333333333333,-1.0
47806,13.325974816416263,49.6014928817749,0.37777777777777777,0.0,0.0
47807,13.86162635049149,41.6516006787618,0.6571428571428571,0.0,0.0
47808,6.252932678217924,19.54341761271159,0.7539682539682541,0.0,0.0
47809,11.080914935798438,34.30420461793741,0.8476190476190477,0.0,0.0
47811,4.816950957906482,15.906203726927439,0.41666666666666674,-4.0,1.0
47812,5.087636629496628,15.311043620109558,0.2833333333333333,-0.6666666666666666,0.6666666666666666
47813,6.895572382264923,22.274749249219894,0.4707070707070707,-1.0,1.0
47814,10.933753210912677,34.55439939101537,0.35000000000000003,0.0,0.0
47815,9.791325169973788,33.39150631427765,0.4603174603174604,0.3333333333333333,-0.3333333333333333
47816,9.975936300291337,33.57099850972494,0.8626262626262626,0.0,0.0
47817,9.373592360031049,29.711062967777252,-0.36161616161616167,3.6666666666666665,-1.0
47818,9.752838909160635,27.296807368596394,0.9404761904761907,0.0,0.0
47819,12.499274046986429,39.00374492009481,0.6833333333333332,-0.6666666666666666,0.6666666666666666
47820,10.596189183416586,33.278270641962685,0.21428571428571433,0.0,0.0
47821,11.24688408538834,43.674514174461365,-0.1313131313131313,-4.0,1.0
47823,4.717296140343908,16.214016517003376,0.22828282828282828,1.0,-1.0
47824,9.479846248795404,30.696649471918743,0.3888888888888889,0.0,0.0
47826,4.138801862519693,11.738407691319784,-0.3523809523809524,-1.6666666666666667,0.0
47827,6.333286022562661,23.070930530627567,0.3333333333333333,0.3333333333333333,-0.3333333333333333
47828,6.310385084840533,17.675018628438313,0.059523809523809534,1.0,-1.0
47829,10.238347254932963,34.81012996037801,0.3131313131313131,0.0,0.0
47830,8.611605255910556,28.373648802439373,0.1611111111111111,3.0,-1.0
47831,7.242140127927577,24.029283205668133,0.23232323232323235,1.0,-1.0
47832,5.4721127998025025,15.120421171188354,0.4666666666666666,0.0,0.0
47836,8.13151835156318,27.69452651341756,0.5595959595959595,0.0,0.0
47837,5.057003750073231,16.482463240623474,-0.5793650793650795,-7.0,1.0
47840,4.123950248304136,13.183626015981039,0.503030303030303,2.0,0.0
47841,9.631950219696993,35.54147879282633,0.018181818181818177,0.0,0.0
47844,5.113171522797791,12.413678169250488,1.0,0.0,0.0
47846,9.408657081289013,26.533478538195293,0.6,0.0,0.0
47847,2.8566913621962002,8.023331383864084,0.40952380952380957,2.6666666666666665,-1.0
47848,8.22873457988221,28.459226806958515,0.19047619047619055,0.0,0.0
47849,6.414479945140081,20.51121473312378,0.5555555555555555,0.0,0.0
47850,4.082019488016765,8.16403897603353,0.9999999999999999,0.0,0.0
47851,9.021365449372343,30.709503213564556,0.6222222222222222,0.0,0.0
47852,5.228505572810451,17.5236922899882,0.34949494949494947,4.666666666666667,-1.0
47855,8.31653519308225,26.33060661951701,0.8253968253968255,0.0,0.0
47856,3.7766963657868864,13.040092239777247,0.5030303030303029,0.0,0.0
47857,6.061785726490463,23.589035352071125,0.7414141414141414,-1.0,1.0
47859,4.615458023453699,19.193532466888428,0.7777777777777777,0.0,0.0
47860,8.134949779634075,31.68474029501279,0.638888888888889,0.0,0.0
47861,9.45896661617636,27.80238389968872,0.21904761904761905,0.0,0.0
47862,3.774768691100283,10.438407897949219,0.48571428571428577,2.0,-1.0
47863,12.26759491214205,38.2848539352417,0.7333333333333334,0.0,0.0
47866,11.360488755346495,39.69091780980428,0.5634920634920636,0.0,0.0
47868,11.0401983409568,35.17639001210531,0.7696969696969695,-1.0,1.0
47871,12.712669117997086,37.98371764024099,0.17222222222222225,0.0,0.0
47872,7.461756404028832,20.684304237365723,0.39999999999999997,0.0,0.0
47873,12.92048774404782,42.17970164616903,-0.10303030303030303,0.0,0.0
47874,9.307081727973246,29.833115140597027,0.6767676767676766,0.0,0.0
47875,5.827626544143079,19.339657704035442,0.11919191919191918,-7.333333333333333,0.6666666666666666
47876,8.604259300049328,28.80571746826172,0.23636363636363633,0.0,0.0
47877,3.0411723057428994,6.082344611485799,0.9999999999999999,0.0,0.0
47878,8.09886791560289,28.848731915156048,0.5232323232323232,0.0,0.0
47882,14.443542231343267,42.12603028615316,0.5151515151515151,0.0,0.0
47883,7.4973058603826646,26.745575209458668,0.3212121212121212,0.0,0.0
47884,6.552391852703429,22.183013995488484,0.8333333333333335,0.0,0.0
47885,8.75884782907033,21.441220204035442,-0.18095238095238098,1.3333333333333333,-1.0
47886,9.224621130330243,29.362515966097515,0.5722222222222223,5.0,-1.0
47887,6.724907960379006,26.31378920873006,0.793939393939394,0.3333333333333333,0.0
47888,5.814615383701493,21.68238217631976,0.7722222222222223,2.0,-1.0
47889,4.000990311246604,11.018516937891642,0.0,-1.0,0.0
47890,8.167120360547324,26.632652123769123,0.6555555555555556,0.0,0.0
47891,2.875866740308572,9.32412584622701,0.17777777777777778,0.0,0.0
47892,0.0,0.0,,0.0,0.0
47894,8.005658023783239,26.654579639434814,0.4343434343434343,-3.6666666666666665,0.6666666666666666
47895,10.287328389132798,36.71258286635081,0.5388888888888889,2.3333333333333335,0.0
47897,6.9803965847813325,23.560404260953266,0.6111111111111112,0.6666666666666666,-0.6666666666666666
47898,10.85421357489127,33.97733211517334,0.6746031746031748,0.0,0.0
47901,15.71574979725031,49.680062890052795,0.2686868686868687,0.3333333333333333,-0.3333333333333333
47902,7.777769707936785,24.589626908302307,0.8388888888888889,0.6666666666666666,-0.6666666666666666
47903,13.234245408801208,41.11047609647115,0.8690476190476192,0.3333333333333333,-0.3333333333333333
47905,7.949418654893897,26.48918577035268,-0.11515151515151513,-1.0,1.0
47906,6.872275589317369,21.656070391337078,0.7277777777777779,0.6666666666666666,-0.6666666666666666
47909,4.130015670132905,13.04160181681315,0.6777777777777777,0.0,0.0
47910,8.082026658107468,19.781079173088074,0.4642857142857144,0.3333333333333333,-0.3333333333333333
47911,10.523266619626472,33.27990516026815,0.6282828282828282,0.0,0.0
47912,7.199908141757805,21.15179713567098,0.5888888888888889,0.0,0.0
47913,8.813626260904703,28.367019365231197,0.8571428571428572,0.0,0.0
47914,19.73881734750543,57.843267957369484,0.1785714285714286,1.0,-1.0
47915,5.424960493213955,19.63744608561198,0.3666666666666667,0.0,0.0
47916,10.037698401162379,28.61031241218249,0.8333333333333331,0.0,0.0
47917,6.288142114806777,21.29761842886607,0.7936507936507938,0.6666666666666666,0.0
47918,6.29726346264448,22.279232223828632,0.8722222222222221,1.3333333333333333,0.0
47919,4.3531606190920895,13.968551794687906,0.880952380952381,0.0,0.0
47920,10.956286189710069,24.367423057556152,-1.0,0.0,0.0
47921,7.032854611242125,24.05821939309438,0.2525252525252525,2.6666666666666665,-1.0
47923,6.54027173289473,17.527395486831665,0.7142857142857144,1.6666666666666667,-1.0
47925,9.964627066541077,27.846107840538025,0.6,-1.0,1.0
47926,11.971920028471525,34.16981474558512,0.6555555555555556,0.0,0.0
47928,4.326491493024811,11.414413253466288,0.8214285714285715,0.0,0.0
47929,7.7062627332730145,24.952690720558167,0.3333333333333334,0.6666666666666666,-0.6666666666666666
47930,8.578359688377837,29.195998549461365,0.4047619047619049,0.0,0.0
47931,7.035806066589902,19.209763129552204,0.27619047619047626,0.3333333333333333,-0.3333333333333333
47932,6.305710582124161,22.624780495961506,0.3333333333333333,0.0,0.0
47933,9.591433337924245,32.401175022125244,0.4055555555555556,0.6666666666666666,-0.6666666666666666
47934,10.221636065778304,31.833136558532715,0.4761904761904762,0.0,0.0
47935,3.6189280474711794,10.878719945748648,0.7142857142857144,1.3333333333333333,-1.0
47936,6.018742386043139,17.6438973347346,0.630952380952381,1.0,-0.6666666666666666
47937,9.707304107372286,29.081655979156494,0.06666666666666665,-0.3333333333333333,0.3333333333333333
47938,9.890739268286383,27.037242253621418,0.3,0.0,0.0
47940,5.396228153059188,16.559718529383343,0.7976190476190478,0.0,0.0
47942,11.439903383204493,45.13857936859131,0.4333333333333333,0.0,0.0
47943,9.009374850041604,29.980573296546936,0.5777777777777778,0.0,0.0
47944,8.76624826396154,31.5831880569458,0.1313131313131313,2.6666666666666665,0.0
47945,12.63869061864195,43.84788783391317,0.7976190476190478,0.0,0.0
47946,7.292639096577962,14.585278193155924,0.9999999999999999,0.0,0.0
47947,0.0,0.0,,0.0,0.0
47949,18.687543687640638,46.70222485562166,0.6952380952380953,1.0,-1.0
47951,5.109535723793987,20.66880734761556,0.36161616161616156,4.0,-1.0
47952,9.397553909000232,28.214473148187,0.42777777777777776,2.0,-1.0
47953,4.295019444134453,12.440889577070871,0.7857142857142859,0.3333333333333333,-0.3333333333333333
47954,8.579673620701861,24.458569884300232,0.8999999999999998,0.0,0.0
47956,7.170871589251678,23.291320979595184,0.11666666666666668,-3.3333333333333335,0.0
47957,14.761330970080204,34.24237219492594,0.5,0.0,0.0
47958,9.311129216795093,29.254422783851624,0.5000000000000001,0.0,0.0
47959,5.4619865267071726,17.15061581134796,0.507070707070707,-3.6666666666666665,0.0
47961,2.362466929041279,7.890520552794139,0.5676767676767677,0.6666666666666666,0.0
47962,9.950467683139578,34.66751843690872,0.6222222222222222,0.0,0.0
47964,8.130461234411579,20.29520297050476,0.5333333333333333,0.0,0.0
47965,4.077331312770639,12.862135171890259,0.6944444444444445,-2.0,1.0
47966,7.725846284413831,28.80111159880956,0.16767676767676765,5.666666666666667,-1.0
47967,9.826106839065714,29.6367244720459,0.08571428571428573,0.0,0.0
47969,8.181738448519077,24.24093230565389,0.23809523809523814,0.0,0.0
47970,7.284746015646722,18.270216464996338,0.6746031746031748,0.0,0.0
47971,8.275182468639562,21.688685417175293,0.630952380952381,0.6666666666666666,-0.6666666666666666
47972,3.066421758343347,9.58077879746755,0.4642857142857144,0.0,0.0
47973,10.519568218053768,31.98867877324422,0.4285714285714286,0.0,0.0
47974,6.061550130747274,18.308342536290485,0.5722222222222222,-1.0,1.0
47976,11.16423470054609,37.66811257600784,0.4343434343434343,0.0,0.0
47977,8.536174170380614,29.920206149419148,0.8262626262626261,0.0,0.0
47978,5.277633750338635,20.028074224789936,0.4343434343434343,4.0,0.0
47979,10.500243999830326,29.870804607868195,0.20000000000000004,0.0,0.0
47980,8.379243182149702,19.91152552763621,0.7999999999999999,0.0,0.0
47981,8.761759892295592,29.064783493677776,0.49206349206349215,0.3333333333333333,-0.3333333333333333
47982,5.6272738955249215,18.929813345273335,0.380952380952381,-1.0,1.0
47983,7.073740005493164,14.147480010986328,0.9999999999999999,0.0,0.0
47985,5.546434595811683,13.556544860204061,0.19999999999999998,-1.0,1.0
47986,14.873146968300558,41.00475319226583,0.6,0.0,0.0
47987,3.735942189171347,12.925349275271097,0.2142857142857143,0.0,0.0
47988,9.456080028558551,26.436763604482014,0.19999999999999998,1.0,-0.6666666666666666
47989,7.9436374666781555,25.71056858698527,0.44646464646464645,0.0,0.0
47990,4.9192672371935835,13.859731197357178,0.2619047619047619,1.6666666666666667,-1.0
47991,0.0,0.0,,0.0,0.0
47992,15.510858081576513,47.87114707628886,0.5151515151515151,-1.0,1.0
47993,8.300543102835666,27.053413311640423,-0.002020202020202017,0.0,0.0
47994,7.951399574390135,25.737257093191147,0.8505050505050504,1.0,-0.6666666666666666
47995,7.88556032362181,29.55670388539632,0.3571428571428572,0.0,0.0
47996,3.91592791876961,14.068746442596117,0.18253968253968256,7.0,-1.0
47998,14.626400344611307,48.999438762664795,0.2738095238095239,0.0,0.0
48000,6.111282081480279,18.577234745025635,0.5555555555555556,-0.6666666666666666,0.0
48001,7.173102799979515,24.090111056963604,0.18888888888888888,0.0,0.0
48002,5.894234804238721,19.049585620562237,0.3095238095238096,0.0,0.0
48003,5.668025940190991,15.06752880414327,0.5333333333333333,0.0,0.0
48005,5.5911526288509235,17.26128609975179,0.10476190476190476,0.0,0.0
48006,8.25173677843769,19.78865309556325,0.5,0.0,0.0
48007,8.834380609828179,32.445692698160805,0.19191919191919185,0.6666666666666666,0.0
48009,6.368159172113941,21.638749361038208,0.5666666666666665,0.0,0.0
48010,6.086401030229747,18.411056478818256,0.7656565656565656,0.0,0.0
48012,9.068238594020963,30.794078121582668,0.8747474747474747,1.0,-1.0
48013,6.255700731502672,19.923295736312866,0.25555555555555554,1.0,-0.6666666666666666
48014,9.394353345683085,35.25239086151123,0.5797979797979796,0.0,0.0
48015,7.2829552570741845,28.43923290570577,0.612121212121212,0.0,0.0
48016,4.34341067221662,13.41464122136434,0.6904761904761907,-1.0,1.0
48017,14.04029045119559,43.13292400042216,0.9666666666666665,0.0,0.0
48019,5.346359642791268,17.615994612375896,0.5555555555555555,0.0,0.0
48021,5.8566716960251926,19.207946976025898,0.17777777777777778,5.333333333333333,-1.0
48022,10.613406396343775,27.6201593875885,-0.37142857142857144,2.6666666666666665,-1.0
48023,5.18803705937849,18.34969727198283,0.3095238095238096,0.0,0.0
48024,13.17414589687595,39.28436438242594,0.6606060606060605,-0.6666666666666666,0.6666666666666666
48025,9.759610738452468,28.352816939353943,0.8857142857142858,1.0,-1.0
48026,7.700212056980921,23.03428602218628,0.7936507936507938,0.0,0.0
48029,9.482032570834955,29.19618918498357,0.6848484848484847,0.6666666666666666,-0.6666666666666666
48030,6.659234166145325,13.31846833229065,-0.9999999999999999,1.0,-1.0
48031,5.7823610488514765,19.903801282246906,0.4126984126984128,0.3333333333333333,-0.3333333333333333
48032,7.471326675355619,17.715147614479065,0.5,0.0,0.0
48036,6.363578120588581,22.97165536880493,0.75,0.0,0.0
48038,8.981106793027212,32.44730361302694,0.5055555555555555,0.0,0.0
48041,11.884673854903738,41.416658560434975,0.7575757575757575,0.0,0.0
48042,5.597065319836433,17.134456793467205,0.18888888888888888,0.0,0.0
48044,4.165047707021797,14.05656119187673,0.8333333333333335,1.0,-1.0
48045,11.693484268891643,33.60595334569613,-0.04761904761904762,1.3333333333333333,0.0
48047,10.298995285750815,27.288798650105793,-0.17575757575757575,0.3333333333333333,-0.3333333333333333
48048,11.114214244887629,31.682942549387615,0.580952380952381,-0.3333333333333333,0.3333333333333333
48049,0.0,0.0,,0.0,0.0
48050,11.49931793076252,31.74808208147685,0.7063492063492065,0.0,0.0
48051,8.183294847191673,18.598036646842957,0.8333333333333334,0.0,0.0
48052,14.5075177201319,40.052214001615845,0.6666666666666669,0.3333333333333333,0.0
48053,14.36513189513355,43.731238593657814,0.27777777777777773,1.3333333333333333,-1.0
48055,6.180560023437274,19.443642536799114,-0.3650793650793651,-3.0,1.0
48056,2.7504169569594654,9.364612480004629,0.22424242424242422,8.0,-1.0
48057,10.112024996748962,28.832167704900105,0.13095238095238096,0.0,0.0
48058,6.526694759077348,21.644178013006847,0.20404040404040402,-0.6666666666666666,0.0
48060,7.214482904294698,21.73282225926717,0.44761904761904764,0.0,0.0
48061,7.423369761829911,21.46214829881986,0.6071428571428573,1.0,-1.0
48062,6.246277565540076,23.127503981192906,0.6121212121212121,0.0,0.0
48064,4.458762791704813,13.683273673057556,0.49444444444444446,-0.3333333333333333,0.0
48065,10.82015212361143,31.580052375793457,0.22619047619047628,1.6666666666666667,-1.0
48066,8.704933094247888,27.691731601953506,0.8388888888888889,-0.6666666666666666,0.6666666666666666
48067,2.719237168506254,9.75980036954085,0.2727272727272727,1.0,0.0
48068,9.604770225029482,31.56017057100932,-0.507936507936508,-5.0,1.0
48069,4.028469041640437,10.419447481632233,0.7523809523809524,0.3333333333333333,-0.3333333333333333
48071,5.66865339925155,16.8664231300354,0.06262626262626263,1.6666666666666667,0.0
48074,16.3798066149277,44.94958110650381,0.1547619047619048,0.0,0.0
48076,12.677402735667137,37.561124324798584,0.5952380952380953,1.6666666666666667,-1.0
48077,8.499507081509963,24.541492233673733,0.9047619047619048,0.0,0.0
48078,5.677805580050475,16.99580681324005,0.4047619047619048,1.0,0.0
48079,3.7798365433868253,13.991808573404947,0.4424242424242424,4.0,-1.0
48080,12.416009985932421,36.60939311981201,0.3444444444444445,2.3333333333333335,-1.0
48082,9.774147046556019,28.96276601155599,0.009523809523809523,-5.0,1.0
48083,6.205428514501539,16.27750261624654,0.8666666666666666,0.3333333333333333,-0.3333333333333333
48085,7.449888482465657,24.094508449236553,0.5396825396825399,1.3333333333333333,-1.0
48086,5.285063564016894,15.578638792037964,0.6040404040404039,0.0,0.0
48088,3.1162050427020116,9.358747204144796,0.2619047619047619,1.0,-1.0
48090,11.89783585434474,41.956050634384155,0.6055555555555555,0.0,0.0
48092,6.264561081563381,22.14217233657837,0.5111111111111111,0.3333333333333333,0.0
48093,5.54878792441209,17.44451638062795,0.41818181818181815,0.0,0.0
48094,5.694396940139256,18.695435484250385,0.5047619047619049,2.0,-1.0
48096,19.935011053839357,54.03870391845703,0.19999999999999998,0.0,0.0
48097,11.348606642484127,40.07144864400228,-0.23636363636363633,-0.6666666666666666,0.3333333333333333
48098,16.74851498938982,52.05698617299398,0.6380952380952382,0.0,0.0
48099,9.167440520318388,29.958846728007,0.3015873015873017,0.0,0.0
48100,6.600159173294682,20.56942884127299,0.3212121212121212,-3.0,1.0
48101,0.0,0.0,,0.0,0.0
48102,7.481411140524208,22.351307193438213,0.2698412698412699,1.0,-1.0
48104,15.337475545589369,45.12041997909546,0.12380952380952381,0.0,0.0
48105,5.259281511946148,18.0948543548584,0.1111111111111111,2.3333333333333335,0.0
48108,6.116550811875732,20.76535979906718,0.5714285714285715,0.0,0.0
48109,3.2893459502647264,11.266962925593058,0.5333333333333333,-1.6666666666666667,0.6666666666666666
48110,7.585641574603668,26.09112294514974,0.3333333333333333,0.0,0.0
48111,4.550113019985153,14.886334503690401,-0.253968253968254,5.0,-1.0
48114,5.653573171274395,16.314971526463825,-0.18888888888888888,-2.0,1.0
48116,4.589582862332516,13.811040242513021,0.2142857142857143,-3.0,1.0
48118,7.43806115170771,20.14078414440155,1.0,0.0,0.0
48119,7.267245442484014,18.166788856188457,0.3730158730158731,1.0,-1.0
48120,6.089357727928111,19.16150473554929,0.19047619047619055,1.0,-1.0
48121,10.607369087247482,36.42516613006592,0.28571428571428575,0.0,0.0
48122,11.127116847088992,36.815576473871864,0.19841269841269846,0.0,0.0
48123,3.612797325658954,11.999869525432587,0.20555555555555557,0.6666666666666666,0.0
48124,10.168857569241405,33.122602701187134,0.2611111111111111,-0.3333333333333333,0.6666666666666666
48125,9.273571030974006,27.486330946286518,0.8999999999999998,0.0,0.0
48126,11.479929782302513,39.95133145650228,-0.0707070707070707,0.0,0.0
48127,4.198870873120287,13.75008507569631,0.1611111111111111,0.0,0.0
48128,9.542734013520574,32.07208530108134,0.5878787878787878,0.6666666666666666,-0.6666666666666666
48129,11.511911183346816,33.398972511291504,-0.03333333333333333,1.0,-1.0
48130,8.23373728664358,28.641268571217854,0.3444444444444444,-1.6666666666666667,0.6666666666666666
48131,7.446200089849778,26.00030775864919,0.8424242424242423,-1.6666666666666667,0.6666666666666666
48132,8.1000729037102,27.656056384245556,0.5636363636363636,0.0,0.0
48133,5.999307152003614,19.77922983964284,0.030303030303030307,-6.0,1.0
48137,4.169698068486315,10.797053376833597,-0.7333333333333334,2.6666666666666665,-1.0
48138,11.341517777405457,39.809449116388954,0.7166666666666668,2.6666666666666665,0.0
48139,3.5605000090369257,11.492609729369482,0.3714285714285715,2.3333333333333335,0.0
48141,2.232780996567922,7.058353900909424,0.3452380952380953,0.0,0.0
48142,6.103072908870247,20.86646008491516,0.7979797979797979,0.6666666666666666,-0.6666666666666666
48143,12.286790058553024,35.65332425634066,0.6428571428571429,0.6666666666666666,-0.3333333333333333
48144,5.412207941054825,18.95902355511983,0.5833333333333334,0.3333333333333333,-0.3333333333333333
48145,8.088832643307146,27.7562794983387,0.34545454545454546,0.0,0.0
48147,15.99619475805497,48.192547082901,0.3015873015873016,0.0,0.0
48148,3.9627220685310376,14.384764870007833,0.8868686868686867,0.6666666666666666,-0.6666666666666666
48149,11.350189715397994,27.277061263720196,0.08571428571428573,0.3333333333333333,-0.3333333333333333
48150,4.436881374959935,12.577010691165924,0.43333333333333335,1.0,-1.0
48151,14.032328826924891,43.92672276496887,0.34126984126984133,0.0,0.0
48152,8.926262013224255,26.393107016881306,0.6565656565656565,-0.3333333333333333,0.3333333333333333
48153,7.690509590870639,27.7746266523997,-0.19595959595959592,0.0,0.0
48154,9.287682589409938,25.717044353485107,0.7999999999999999,-1.0,1.0
48155,7.04250281261363,17.87515099843343,0.6547619047619048,1.6666666666666667,-1.0
48157,13.433741681909467,32.089832067489624,0.1547619047619048,2.0,-1.0
48158,9.383483140872004,36.224487821261086,0.3252525252525252,-2.0,1.0
48159,8.885535514958379,30.573673407236736,0.7333333333333334,0.0,0.0
48160,7.337390450606748,27.478508631388348,0.3277777777777778,-1.0,0.0
48162,4.286745673438734,13.297272165616354,0.7714285714285715,-1.6666666666666667,0.6666666666666666
48164,6.638399952149979,22.25474480787913,0.42777777777777776,1.0,-1.0
48165,8.660694778629795,25.298470099767048,0.638095238095238,0.3333333333333333,-0.3333333333333333
48166,13.827416957746522,36.83422837654749,0.5317460317460317,-0.3333333333333333,0.3333333333333333
48167,16.339104748511843,47.32374302546183,0.09523809523809525,2.3333333333333335,-1.0
48168,8.482644431679345,28.919745256503422,0.4262626262626263,5.0,-1.0
48170,11.384520920562016,30.33865076303482,0.5333333333333333,0.0,0.0
48171,9.32886225671952,28.763123273849487,0.14285714285714288,0.0,0.0
48173,7.197860425872289,19.287179311116535,0.21904761904761905,0.3333333333333333,-0.3333333333333333
48174,9.045948124644527,33.90382035573324,0.3650793650793651,0.0,0.0
48175,4.320373792590083,13.303695837656656,0.42857142857142866,1.3333333333333333,0.0
48176,3.053046676830123,9.869967848062515,0.15873015873015875,3.0,-1.0
48177,7.544512672036446,21.280768632888794,0.8999999999999998,0.0,0.0
48178,3.4423004095927063,13.355869253476461,0.4424242424242424,0.0,0.0
48179,5.096343662284313,16.873039205869038,0.23232323232323235,4.0,-1.0
48180,3.152935954531255,9.158762812614441,0.35555555555555557,0.0,0.0
48181,8.690384986213854,28.029022534688313,0.7414141414141414,-1.0,0.0
48182,15.6129372229963,36.20818610986074,0.8253968253968255,0.6666666666666666,-0.3333333333333333
48184,9.020104844206314,27.354589382807415,0.39285714285714296,0.6666666666666666,-0.6666666666666666
48185,10.1567154889279,32.6631409128507,0.6686868686868687,-3.3333333333333335,0.0
48186,2.65366661442255,8.314219236373901,-0.18888888888888888,6.666666666666667,-1.0
48187,6.005387734616645,22.000592470169067,0.5878787878787878,0.0,0.0
48188,4.701333815809661,13.084004600842794,0.18095238095238098,-1.0,1.0
48189,6.110374686188135,21.748817523320515,0.6904761904761906,0.6666666666666666,-0.6666666666666666
48190,6.890093123071774,24.453890870014828,0.5793650793650794,-3.0,0.0
48191,3.220981025417587,8.628655711809794,0.04761904761904762,-0.3333333333333333,0.3333333333333333
48192,19.577163840405692,56.77312032381693,0.6190476190476191,0.0,0.0
48194,5.087860265221306,16.90645933151245,0.12777777777777777,0.0,0.0
48196,7.753967769747643,18.28523674607277,1.0,0.0,0.0
48197,8.925559468212466,27.060415903727215,0.3253968253968255,0.0,0.0
48198,4.175291409184845,15.024248798688253,0.5353535353535354,1.6666666666666667,-0.6666666666666666
48199,9.530456758767405,33.01901571949323,0.22424242424242424,4.666666666666667,-1.0
48200,11.963292981427577,36.6650804678599,0.2142857142857143,0.0,0.0
48201,8.831306899232297,25.213875611623127,0.4841269841269842,0.6666666666666666,-0.3333333333333333
48203,5.69839446075309,16.434049010276794,0.7999999999999999,-0.3333333333333333,0.3333333333333333
48205,6.04905859229552,18.38104502360026,0.5793650793650794,0.3333333333333333,-0.3333333333333333
48206,7.396626746946279,21.580103268225987,0.126984126984127,1.6666666666666667,-1.0
48207,6.681032598086408,24.844841986894608,0.28888888888888886,-3.0,1.0
48208,14.170903471420894,44.36925427118937,0.4603174603174604,0.0,0.0
48209,4.690775536110678,16.96194859345754,0.611111111111111,0.0,0.0
48210,6.823946078980646,24.396069685618084,0.6848484848484847,1.6666666666666667,0.0
48211,0.0,0.0,,0.0,0.0
48215,6.4881329347850185,22.008436520894367,0.6190476190476192,0.0,0.0
48216,14.5608085782741,47.24059240023295,0.688888888888889,0.0,0.0
48217,13.970268242412802,33.45616467793783,0.23809523809523814,-1.0,1.0
48219,5.9496689902498865,19.825735290845234,0.5313131313131313,0.0,0.0
48220,0.0,0.0,,0.0,0.0
48221,8.885818003976352,27.93808062871297,0.16111111111111112,0.3333333333333333,-0.3333333333333333
48222,10.518281160993148,35.22889451185862,0.1507936507936508,0.0,0.0
48224,16.024793131276358,40.466504414876304,0.29761904761904767,0.0,0.0
48226,5.998172127473027,19.440929889678955,0.42777777777777776,1.3333333333333333,-1.0
48227,0.0,0.0,,0.0,0.0
48228,6.998145436580608,19.975192705790203,-0.030303030303030304,-2.0,0.3333333333333333
48229,8.274737170920739,25.10355480511983,0.7656565656565656,1.0,0.0
48230,7.73275168909642,28.433393160502117,0.7833333333333333,0.0,0.0
48232,3.1372519651753095,9.586869597434998,0.3373737373737373,3.6666666666666665,-1.0
48235,4.904629770557007,17.125459869702656,-0.26666666666666666,0.0,0.0
48236,9.519175212365523,32.46710093319416,0.4787878787878787,0.6666666666666666,-0.3333333333333333
48237,7.450020461049005,26.874916394551594,-0.0020202020202020146,1.6666666666666667,-1.0
48239,7.104082952752083,18.186308940251667,0.02857142857142857,0.0,0.0
48240,3.808960392054972,10.833161036173502,0.34126984126984133,-3.6666666666666665,0.6666666666666666
48241,10.907207541982066,36.10677218437195,0.7142857142857143,0.0,0.0
48243,7.664138103431417,30.098215848207474,0.2333333333333333,5.0,-1.0
48244,4.764697945491727,13.92641051610311,0.7333333333333333,0.0,0.0
48245,10.61334724291448,33.073011000951134,0.6904761904761907,0.0,0.0
48246,12.115846028573463,35.16938058535258,0.28484848484848485,6.0,-1.0
48247,8.632976617670582,29.83500490585963,0.5238095238095238,0.0,0.0
48248,10.702473797748588,35.577102571725845,0.47222222222222227,0.0,0.0
48249,4.040331595539519,13.661133408546448,-0.16767676767676765,0.0,0.0
48250,11.153443040399665,30.22696320215861,0.5000000000000001,0.0,0.0
48252,7.432923342662343,21.43424991766612,0.7261904761904764,0.0,0.0
48253,4.850171891920275,17.08133550484975,0.2722222222222222,1.3333333333333333,-1.0
48255,8.029929307473887,23.056135098139446,0.6380952380952382,0.0,0.0
48256,8.731676004260242,30.36832598845164,0.515151515151515,0.0,0.0
48257,9.250511411283783,31.196659247080486,0.19999999999999998,0.0,0.0
48258,5.075658558437102,14.48831065495809,-0.09999999999999999,-0.6666666666666666,0.6666666666666666
48259,5.301080027438018,12.570989027619362,-0.16666666666666666,1.6666666666666667,-1.0
48260,4.315298276268627,15.324384927749634,0.4666666666666666,0.0,0.0
48261,5.315514549653897,18.038315494855244,0.41111111111111115,0.3333333333333333,0.0
48262,6.939657262422842,22.449605186780293,0.28571428571428575,0.0,0.0
48263,11.443503966110725,34.103019873301186,-0.17575757575757575,1.3333333333333333,0.3333333333333333
48264,11.717111274808373,30.111581722895306,0.3333333333333334,2.0,-1.0
48266,6.039154325335382,18.316628615061443,0.21904761904761905,0.6666666666666666,-0.6666666666666666
48267,8.658371768460222,30.1968435049057,0.2380952380952381,0.0,0.0
48268,12.289812498395584,37.09154438972473,0.7611111111111111,1.6666666666666667,-1.0
48269,5.815977108014459,19.942698796590168,0.05555555555555556,4.0,-1.0
48270,9.74041724098209,29.03656546274821,0.41111111111111115,0.0,0.0
48271,7.694449465568208,29.70979775985082,0.46666666666666656,2.3333333333333335,-1.0
48272,11.728736996431003,32.85674277941386,0.8999999999999998,0.0,0.0
48273,5.466267645204199,17.760178486506145,0.3111111111111111,0.0,0.0
48274,4.123833990830991,12.15291598935922,0.3333333333333334,0.0,0.0
48275,9.397734859701716,30.231782873471577,0.2388888888888889,0.0,0.0
48276,13.709263317515896,45.15966955820719,0.9393939393939394,0.0,0.0
48277,13.791615801132814,42.66755350430807,-0.19595959595959597,2.0,-1.0
48278,6.632355128886021,19.40328089396159,0.612121212121212,-1.0,1.0
48280,8.149274143542732,30.757137537002563,-0.1388888888888889,4.0,-1.0
48281,1.4291923036381622,4.799274047215779,-0.11111111111111112,1.0,0.0
48282,18.459687362397627,46.07333437601725,0.942857142857143,0.0,0.0
48283,6.873111055667405,23.283254941304524,0.4166666666666667,0.0,0.0
48284,2.4576932656627273,6.688622842232387,0.4682539682539683,1.0,-0.6666666666666666
48286,5.9705827485510525,18.247947891553242,0.8444444444444444,-0.6666666666666666,0.6666666666666666
48287,6.884555236954398,25.208009878794353,0.7373737373737373,0.0,0.0
48288,13.374995667085457,41.05849838256836,0.13888888888888887,0.0,0.0
48290,10.078127726612102,33.617876658837,-0.6269841269841271,5.0,-1.0
48291,13.554856865060955,31.00707443555196,0.2333333333333333,0.0,0.0
48294,8.135403019420368,21.821672916412354,0.6666666666666666,0.0,0.0
48295,6.228959972543858,19.988682230313618,0.7555555555555555,0.0,0.0
48296,7.472687914755395,26.8092044989268,0.28571428571428575,0.0,0.0
48297,14.58537853237762,51.166235287984215,0.5,0.0,0.0
48298,0.0,0.0,,0.0,0.0
48299,13.81392815225997,41.817432244618736,0.4666666666666666,0.3333333333333333,-0.3333333333333333
48300,13.512137685469318,55.23156976699829,0.1388888888888889,0.0,0.0
48301,5.727419028547787,19.2574542760849,-0.04242424242424242,0.6666666666666666,-0.3333333333333333
48303,7.9656785724825205,22.988462497790653,0.8424242424242424,2.6666666666666665,-1.0
48305,8.537455809267358,28.794334332148235,0.3968253968253969,0.0,0.0
48306,3.1923115303285847,9.691604971885681,0.18787878787878787,1.6666666666666667,0.3333333333333333
48307,14.409161967840404,43.05867556730906,0.880952380952381,0.0,0.0
48308,3.8646116094464555,12.964988986651102,0.1313131313131313,0.0,0.3333333333333333
48309,4.682930471675928,13.382760206858316,0.7380952380952381,-0.3333333333333333,0.3333333333333333
48310,5.9261729575110245,17.485087951024372,0.6666666666666669,-1.0,1.0
48311,5.986006733245318,19.993707060813904,0.38888888888888884,1.3333333333333333,-1.0
48312,7.640811279976269,25.503325174252193,0.6686868686868687,1.0,0.0
48313,7.471987149503559,19.935116012891132,0.6190476190476192,0.0,0.0
48315,7.167253414742578,23.93594805399577,0.7944444444444444,1.0,-1.0
48316,7.165443017646346,24.844706972440083,-0.2380952380952381,1.3333333333333333,-1.0
48318,10.543385951036038,24.532937049865723,1.0,0.0,0.0
48321,7.609440354619804,27.68737918138504,0.07222222222222224,0.0,0.0
48322,9.059153272443048,23.971173008282978,0.6587301587301587,1.0,0.0
48325,5.631787681463659,16.49621907869975,0.8571428571428573,0.0,0.0
48326,7.7038069912319145,28.003656576077145,0.07777777777777778,0.3333333333333333,-0.3333333333333333
48328,3.232236080666706,8.586324642101923,0.06666666666666667,2.3333333333333335,-1.0
48329,3.5812740391755304,10.971430659294128,-0.0634920634920635,0.0,0.0
48330,10.793894652332199,44.30116653442383,0.45454545454545453,0.0,0.0
48331,4.731459235679194,13.347804506619772,0.11904761904761907,7.0,-1.0
48332,10.00300442874544,36.49062315622965,0.49494949494949486,-2.6666666666666665,0.6666666666666666
48333,5.839810301566906,20.04812463124593,0.42777777777777776,0.3333333333333333,-0.3333333333333333
48335,3.607991627779485,11.691349188486734,0.16767676767676767,3.0,0.0
48336,0.0,0.0,,0.0,0.0
48337,4.838109187016129,17.22143316268921,-0.0909090909090909,0.0,0.0
48339,7.878164175309116,25.435240189234417,0.7454545454545455,3.0,0.0
48340,4.394335566241926,12.311968008677164,0.8095238095238096,0.6666666666666666,-0.6666666666666666
48341,7.340725752837859,22.742871284484863,0.7050505050505049,0.3333333333333333,-0.3333333333333333
48342,4.60149611585737,13.148892124493917,-0.13333333333333333,-1.0,1.0
48343,7.379367915058293,19.86010718345642,0.75,0.3333333333333333,-0.3333333333333333
48344,5.633588482640246,16.808490713437397,0.39393939393939387,0.3333333333333333,-0.3333333333333333
48345,5.434423238883617,19.376206556955974,0.044444444444444446,0.0,0.0
48347,8.36632149322959,25.97735161582629,0.65,-3.3333333333333335,0.3333333333333333
48348,6.075339752521658,21.051558415095013,-0.17777777777777773,2.3333333333333335,-1.0
48349,3.1349576381177418,8.932927131652832,0.7333333333333333,1.3333333333333333,-1.0
48350,9.085372566989527,21.610586762428284,-0.16666666666666666,0.6666666666666666,-0.6666666666666666
48351,16.42220072704647,54.8408268292745,0.2767676767676767,0.0,0.0
48352,4.85866935838284,18.236937363942463,-0.2727272727272727,-1.3333333333333333,0.0
48353,9.483484440037051,30.076466242472332,0.5396825396825398,0.0,0.0
48355,2.594177100216982,6.0885666608810425,0.5,1.0,-1.0
48356,3.833475525026518,10.76147190729777,-0.16666666666666666,2.3333333333333335,-1.0
48357,13.292503160999495,35.809884905815125,-0.03571428571428572,0.0,0.0
48359,9.03323691044452,27.786338249842327,0.9126984126984127,-0.3333333333333333,0.3333333333333333
48360,7.49792015599357,23.25032393137614,0.5873015873015873,0.6666666666666666,-0.6666666666666666
48361,7.366263646239624,20.159010102351505,0.42857142857142866,0.3333333333333333,-0.3333333333333333
48362,5.009761425155526,14.52307396630446,0.19444444444444442,0.3333333333333333,-0.3333333333333333
48363,6.9789959305174,23.00695053736369,0.5317460317460317,-2.3333333333333335,0.0
48364,7.760961271870023,24.69432719548543,0.7212121212121211,-2.3333333333333335,0.0
48365,3.429293284388592,8.563875436782837,-0.26666666666666666,-2.6666666666666665,0.6666666666666666
48366,9.027665351145721,33.18181173006693,0.43030303030303024,0.3333333333333333,-0.3333333333333333
48367,14.64759279648108,43.25429832935333,-0.15,0.0,0.0
48368,6.25585994001911,18.5061533053716,0.14285714285714288,0.0,0.0
48371,7.7173630237554915,28.145806948343914,0.777777777777778,-1.0,0.0
48372,4.690063556503828,13.296176274617514,0.6333333333333332,0.0,0.0
48373,19.344549576441448,38.689099152882896,0.9999999999999999,0.0,0.0
48374,12.071283798469379,36.304933389027916,0.8388888888888889,0.0,0.0
48375,7.469987983898811,23.717392762502033,0.6686868686868687,0.0,0.0
48378,9.52369141195614,30.526330192883808,0.6808080808080806,-0.3333333333333333,0.3333333333333333
48379,15.157547431903899,48.66852378845215,0.8571428571428573,0.0,0.0
48380,11.70145422713793,35.21147437890371,0.5476190476190477,0.0,0.0
48381,7.274107714527233,22.125133832295734,0.7333333333333334,0.0,0.0
48382,6.412197908836905,24.53275130192439,0.4222222222222222,5.0,-1.0
48383,9.71128096061906,34.967057387034096,0.5272727272727272,0.0,0.0
48384,6.075887544045773,19.167995373408,0.611111111111111,4.0,-1.0
48385,0.0,0.0,,0.0,0.0
48386,7.67599288057743,22.22416416803996,0.746031746031746,1.0,-1.0
48387,15.760537102206698,50.0294623374939,0.8571428571428573,1.3333333333333333,-1.0
48389,13.956177966619101,48.09243873755137,0.03838383838383838,3.6666666666666665,-1.0
48390,8.226185713364652,33.39118893941244,0.30505050505050507,0.0,0.0
48392,9.008240797205465,21.05603563785553,1.0,0.0,0.0
48393,10.944607603649713,35.828773021698,0.761904761904762,0.0,0.0
48394,9.136108414914291,24.413126309712727,0.0,-1.0,1.0
48395,6.6820162301862895,19.133858760197956,0.2203645509723404,3.6666666666666665,-1.0
48396,5.898882795377037,22.725402514139812,0.5272727272727272,-0.3333333333333333,0.0
48398,2.5426469503129723,7.26101715862751,-0.10714285714285716,5.0,-1.0
48399,6.450503647622759,22.18170913060506,0.4222222222222222,0.3333333333333333,-0.3333333333333333
48400,11.670900425935452,29.548824906349182,0.6666666666666666,0.0,0.0
48403,10.391773143511477,27.35829782485962,0.07142857142857144,0.6666666666666666,-0.3333333333333333
48407,12.359992375483897,28.02908484141032,0.03333333333333333,0.3333333333333333,-0.3333333333333333
48409,7.62445212020688,27.661855657895405,0.7131313131313131,0.6666666666666666,0.0
48410,7.89923971371523,27.427712271610897,0.35000000000000003,0.0,0.0
48411,7.96247072138454,25.8936439404885,0.04761904761904761,5.666666666666667,-1.0
48412,9.56500752016938,34.66012724240621,0.3737373737373737,1.3333333333333333,-0.6666666666666666
48414,9.18121945387834,26.51893424987793,0.7023809523809524,0.0,0.0
48415,3.37984654970003,12.73442574342092,0.2929292929292929,-1.0,1.0
48416,9.713386009260512,28.01362657546997,0.34545454545454546,0.0,0.0
48417,18.62058668634411,57.64033857981364,0.42063492063492075,0.0,0.0
48419,2.740704638972435,8.438754200935364,0.6190476190476192,0.3333333333333333,-0.3333333333333333
48420,5.377284805593605,14.415981988112131,0.7171717171717171,1.3333333333333333,-0.6666666666666666
48421,5.770844420225451,15.348307212193808,0.6571428571428571,0.0,0.0
48422,8.84433693626663,27.545710841814678,0.46031746031746046,0.0,0.0
48423,15.317560705512934,35.84466028213501,0.5,0.0,0.0
48424,8.241213969305617,24.115075275301933,0.04761904761904764,0.0,0.0
48425,4.629400107879713,16.792356848716736,0.37222222222222223,0.0,0.0
48426,5.142292815574531,16.40502142906189,0.6242424242424242,-0.3333333333333333,0.3333333333333333
48427,14.55501921971639,29.11003843943278,0.9999999999999999,0.0,0.0
48428,5.242663270271678,16.60030968983968,0.5047619047619047,1.0,-1.0
48429,11.156619007730171,33.12187643845876,0.6333333333333333,1.0,-0.6666666666666666
48430,10.9569164986598,33.3456007639567,0.23015873015873023,0.6666666666666666,-0.6666666666666666
48431,9.477802520584863,25.22901527086894,0.36666666666666664,0.0,0.0
48432,4.433280582769359,13.676947792371115,0.006060606060606057,0.3333333333333333,-0.3333333333333333
48433,8.154394551959632,22.845196922620136,0.6055555555555556,2.0,-1.0
48434,12.01569871173995,41.093852957089744,0.4383838383838383,0.6666666666666666,-0.6666666666666666
48435,7.460534237016108,23.080422947804134,0.634920634920635,-2.0,1.0
48436,14.200597600831145,44.21520781517029,0.5717171717171717,2.3333333333333335,-1.0
48437,8.590184251588783,27.55557282269001,-0.011904761904761906,3.0,-1.0
48438,9.621916899416789,30.443381428718567,0.8333333333333334,1.3333333333333333,-1.0
48439,7.187398939853338,23.471912880738575,0.4365079365079365,0.0,0.0
48441,6.185521767868711,19.911372741063435,0.6888888888888888,0.0,0.0
48442,6.097201857354942,19.172722180684406,0.23809523809523814,0.0,0.0
48443,9.437215813557367,35.56568602720896,0.3111111111111111,0.0,0.0
48445,6.94038773586247,22.553073803583782,0.4383838383838383,-0.3333333333333333,0.6666666666666666
48446,13.16245361626777,39.17212645212809,0.507936507936508,1.0,-1.0
48447,2.1913445666308387,5.522229154904683,0.8666666666666666,0.3333333333333333,-0.3333333333333333
48448,6.491885294928202,16.77884554862976,0.8333333333333331,0.0,0.0
48449,11.06914568372227,37.571697076161705,0.48888888888888893,0.0,0.0
48450,4.690365751716248,14.623238563537598,0.8277777777777778,-0.3333333333333333,0.0
48451,0.0,0.0,,0.0,0.0
48452,9.285688239275311,38.59340476989746,0.4909090909090908,4.666666666666667,-1.0
48455,7.0636962630781275,25.724935054779053,0.25,0.0,0.0
48456,9.093323180931316,27.616749087969463,0.31717171717171716,2.3333333333333335,-1.0
48457,5.477392176598389,17.74182864030202,0.48686868686868684,1.0,-1.0
48458,7.917520431992334,25.911046624183655,0.7380952380952381,2.0,-1.0
48459,4.17961417741277,16.44491398334503,0.7050505050505049,-2.0,0.0
48460,3.4565499066280605,8.245235045750936,1.0,0.0,0.0
48461,4.7537248051177015,13.488685538371405,0.6190476190476192,0.0,0.0
48463,4.4433537954327,12.295318206151327,-0.4333333333333333,2.6666666666666665,-1.0
48464,13.641883823813894,41.05592212577661,0.8095238095238096,0.3333333333333333,-0.3333333333333333
48465,16.512002842171487,58.711860497792564,0.8690476190476192,0.0,0.0
48467,5.7696766091474965,17.945396463076275,0.611111111111111,0.3333333333333333,0.0
48468,11.94193003343016,39.46004772186279,0.604040404040404,1.0,-1.0
48469,10.574697399306064,30.442238797744114,0.1619047619047619,0.0,0.0
48470,8.790505379435531,26.05157349507014,0.9206349206349208,0.0,0.0
48471,1.9067451357841492,3.8134902715682983,-0.9999999999999999,1.0,-1.0
48472,4.3274471335581985,12.042884518702826,0.1904761904761905,1.3333333333333333,0.0
48473,4.766221836708637,17.718194325764973,0.11919191919191918,-3.0,1.0
48474,7.822181517602485,24.29174796740214,0.37222222222222223,0.0,0.0
48475,5.658475099996654,17.779370486736298,0.13888888888888887,0.3333333333333333,-0.3333333333333333
48476,5.150050182769907,17.724069118499756,0.13535353535353536,1.6666666666666667,-1.0
48477,10.651658005265784,33.99126907189687,0.7535353535353536,0.0,0.0
48478,10.762592207284202,33.87840708096822,0.21428571428571433,-4.0,0.0
48481,10.79195694867393,34.78709932168325,0.6282828282828281,0.0,0.0
48482,6.2627473224312284,20.909995396931965,0.23809523809523814,0.6666666666666666,-0.6666666666666666
48484,8.820416209284142,24.95016098022461,0.23809523809523814,0.0,0.0
48485,5.9423722925996865,19.540112018585205,0.8141414141414142,-0.6666666666666666,0.0
48486,5.862735451536274,17.588934580485027,0.9047619047619048,-1.3333333333333333,0.3333333333333333
48487,11.127782464027405,22.25556492805481,0.9999999999999999,0.0,0.0
48488,6.582599462044378,22.302244345347088,0.46825396825396837,2.0,-1.0
48489,2.496731262269727,6.861587921778361,0.2808080808080808,2.0,-1.0
48490,4.424590979735568,15.692666212717691,0.5272727272727272,0.0,0.0
48491,13.341226243824153,45.12867339452108,-0.031746031746031744,0.0,0.0
48493,11.436888912962319,30.49129553635915,0.7142857142857144,0.0,0.0
48494,5.570849168192204,16.591613799333572,0.5833333333333334,1.0,-1.0
48496,4.667134561172571,13.664969285329184,-0.05555555555555556,3.0,-1.0
48497,5.160012776351214,17.984736839930218,0.818181818181818,0.0,0.0
48498,8.081327709350091,24.67986197769642,0.5030303030303029,0.3333333333333333,-0.3333333333333333
48499,7.928324377980293,29.49795118967692,0.5777777777777778,0.0,0.0
48500,15.06268190566412,46.70259062449137,0.6929292929292928,0.0,0.0
48501,4.158497959979155,12.093061938881874,0.7292929292929292,0.6666666666666666,0.3333333333333333
48502,18.12058206549898,53.17617233594259,0.7142857142857143,0.0,0.0
48503,14.70178063958064,41.943665504455566,-0.1785714285714286,-6.0,1.0
48504,8.905739821522936,26.949142932891846,0.3174603174603175,0.0,0.0
48507,5.6249360093130525,18.54236837228139,0.42857142857142866,0.0,0.0
48509,10.411670042987483,31.008849779764812,0.7898989898989898,0.0,0.0
48510,6.1451126919495485,21.292831023534138,0.3650793650793651,-2.6666666666666665,0.0
48512,5.475153152509512,17.70475361744563,0.7698412698412699,1.0,-1.0
48513,6.602361775849129,20.75047032038371,-0.406060606060606,2.0,-1.0
48514,2.3319941400902633,6.443222502867381,-0.07142857142857144,0.0,0.3333333333333333
48515,6.503394034077993,20.439557393391926,0.45,-1.0,1.0
48516,4.138756776872135,12.93122302989165,0.40952380952380957,0.0,0.0
48517,10.518854310530603,25.687784552574158,1.0,0.0,0.0
48519,7.060957610707148,17.80217210451762,0.46666666666666673,1.3333333333333333,-1.0
48520,8.356919014015626,26.248968159159023,-0.39797979797979793,3.0,-1.0
48521,16.50060244632952,42.81244174639384,0.2380952380952381,1.0,-1.0
48522,3.205448083581396,10.506535092989603,0.1904761904761905,1.0,-1.0
48523,6.469484658844745,23.383439898490906,0.4666666666666666,0.0,0.0
48524,0.0,0.0,,0.0,0.0
48525,10.136087846676764,32.604036808013916,0.42857142857142866,0.0,0.0
48526,5.561270867248855,18.572015007336933,0.3571428571428572,0.6666666666666666,-0.3333333333333333
48527,4.388559861000739,15.029496828715006,0.23809523809523814,2.0,-1.0
48528,12.027336235227166,39.98171043395996,0.4828282828282828,2.0,-1.0
48530,5.795713563760121,11.591427127520243,0.9999999999999999,0.0,0.0
48531,11.139141665413282,41.67713189125061,0.2686868686868687,0.0,0.0
48532,8.43443193536247,27.613266905148823,0.12727272727272726,0.0,0.0
48533,4.680810049105861,16.018542170524597,0.6727272727272727,1.0,-0.6666666666666666
48534,6.98521210697357,22.8289479414622,0.6555555555555556,0.0,0.0
48535,14.874816294326664,51.45117203394572,0.1666666666666667,0.0,0.0
48536,11.335124579935266,34.88562194506327,0.5873015873015874,0.0,0.0
48538,4.664210844221915,17.36510419845581,0.36161616161616156,-1.0,1.0
48539,9.754469170801023,35.47945912679037,0.6111111111111112,-1.0,1.0
48541,12.066320358790223,46.137781620025635,0.1904761904761905,0.0,0.0
48542,12.353691542982716,40.392507235209145,0.05555555555555555,-1.0,1.0
48543,5.155224231021626,14.427650213241577,0.7222222222222224,1.6666666666666667,-1.0
48544,7.501583202291175,25.525404771169026,0.3650793650793651,0.6666666666666666,0.0
48545,8.713817419355575,25.8283944328626,0.009523809523809525,1.0,-1.0
48546,4.511226134388688,14.980647762616476,0.1547619047619048,2.0,-1.0
48547,9.241620194381953,30.71525712807973,0.5944444444444444,-0.6666666666666666,0.6666666666666666
48548,8.313583577684357,32.110090573628746,0.6282828282828282,0.0,0.0
48550,7.008797033839181,22.92412869135539,0.6611111111111111,1.3333333333333333,-1.0
48551,6.0072237215926485,15.396662394205729,0.3333333333333333,-0.6666666666666666,0.6666666666666666
48552,14.758440509427379,47.17404588063558,0.6666666666666666,0.0,0.0
48553,9.094761391968268,31.66663420200348,0.28571428571428575,0.0,0.0
48554,6.876164891190648,24.124072233835857,0.6,0.0,0.0
48555,5.10665858887026,17.356317857901256,0.5777777777777777,0.0,0.0
48556,6.988133399858307,23.80740197499593,0.3222222222222222,-1.0,1.0
48557,8.515215254366536,24.51901586850484,0.6666666666666666,1.3333333333333333,0.0
48558,7.425280178827698,23.40688673655192,-0.04646464646464646,0.3333333333333333,-0.3333333333333333
48559,7.928868380337032,28.47600857416789,0.301010101010101,0.0,0.0
48560,6.891850251671098,20.04774236679077,0.48809523809523814,0.0,0.0
48561,10.592241306433342,24.250690460205078,0.5,0.0,0.0
48562,10.010847189384515,36.26547908782959,-0.24999999999999997,3.0,-1.0
48563,6.712991189956859,22.611098210016888,0.1919191919191919,3.6666666666666665,0.0
48564,9.078990699586397,26.41301925977071,0.46262626262626255,1.0,-1.0
48565,4.737262391959303,15.051586469014486,0.5000000000000001,-4.0,1.0
48566,10.826736843159901,41.23073478539785,0.4166666666666667,0.0,0.0
48567,6.355288736105481,20.054757674535114,0.630952380952381,0.0,0.0
48568,3.606050684316145,10.84386975566546,0.026262626262626262,-1.6666666666666667,0.6666666666666666
48569,7.125637304581397,24.536014477411907,0.07070707070707072,0.0,0.0
48570,5.164427952506222,16.42677068710327,0.25000000000000006,1.0,0.0
48574,2.0443365599844214,6.230320493380229,0.5238095238095238,0.0,0.0
48576,13.807479203751825,40.41652521491051,0.3888888888888889,0.0,0.0
48577,6.275067374469647,24.19352400302887,0.22020202020202018,2.3333333333333335,-1.0
48578,6.932176987959946,26.538690090179443,0.45,-3.0,1.0
48579,6.224622909445749,20.484366416931152,0.36111111111111116,0.6666666666666666,0.0
48580,6.066716241269589,20.484905242919922,0.7737373737373735,0.0,0.0
48581,0.0,0.0,,0.0,0.0
48582,6.078985897712954,22.13445512453715,0.4444444444444446,0.0,0.0
48583,12.927635504105021,32.05572382609049,0.6666666666666666,0.0,0.0
48584,5.514600948105972,16.782188455263775,0.49999999999999994,0.0,0.0
48585,5.633135209630734,19.75991318623225,0.39999999999999997,-0.6666666666666666,0.0
48587,8.98957884935051,31.638493537902832,0.6055555555555555,0.0,0.0
48588,9.924560441236233,38.76648453871409,0.6121212121212121,0.0,0.0
48589,8.27521666030118,25.354846835136414,0.5714285714285715,2.6666666666666665,-1.0
48590,10.63476165426627,35.131741404533386,-0.11904761904761907,2.0,-1.0
48591,4.658451776928568,14.545836726824442,0.34141414141414134,1.6666666666666667,-0.6666666666666666
48592,8.160792723546047,32.09580890337626,0.5717171717171716,1.3333333333333333,-1.0
48593,9.184104533905904,27.995631376902264,0.5714285714285715,1.3333333333333333,-1.0
48595,4.647925868125963,14.559281150499979,0.6587301587301587,0.6666666666666666,0.0
48596,9.179076748951374,25.044798016548157,0.8928571428571431,0.3333333333333333,-0.3333333333333333
48597,5.343989046172841,18.1635103225708,0.5238095238095238,0.0,0.0
48598,9.60494876595583,29.935287316640217,0.6404040404040404,0.0,0.0
48599,5.331516594037602,20.166084051132202,0.2686868686868687,0.0,0.0
48601,6.0081383087684594,22.43746217091878,0.5474747474747474,0.0,0.0
48602,7.282561700246403,24.598483959833782,0.5388888888888889,1.3333333333333333,0.0
48603,11.435103979532824,34.99596381187439,0.6444444444444444,0.0,0.3333333333333333
48605,3.4688760981302296,10.531124631563822,-0.21666666666666667,1.0,0.0
48606,8.310501753716862,25.323991934458416,0.7460317460317462,0.3333333333333333,-0.3333333333333333
48607,6.3507723201381125,25.41508976618449,0.25252525252525254,0.0,0.0
48608,8.625722990992545,29.224543929100037,0.5111111111111111,0.0,0.0
48609,7.782748406829277,23.100825548171997,0.16666666666666666,0.0,0.0
48610,6.338708911207065,21.445371374487877,0.5158730158730159,0.0,0.0
48612,2.4434634826279407,7.881426652272542,0.6952380952380953,2.6666666666666665,0.0
48614,4.622877711048608,14.740506052970886,0.5238095238095238,0.6666666666666666,-0.6666666666666666
48616,7.676334663355935,25.39370649556319,0.777777777777778,1.0,-1.0
48617,10.172093876600163,39.06124893824259,0.8333333333333334,0.0,0.0
48618,6.4120961720906875,20.52612606684367,0.6190476190476192,0.0,0.0
48619,8.998247708202742,24.563763817151386,0.2023809523809524,-1.0,1.0
48620,8.950737250278896,31.681832790374756,0.688888888888889,0.3333333333333333,-0.3333333333333333
48621,2.7979255089793207,9.494266480207443,0.35555555555555557,-1.0,1.0
48622,10.625369008056099,28.857274283965427,-0.023809523809523826,0.3333333333333333,-0.3333333333333333
48623,7.400316401017899,22.93336884180705,0.6190476190476191,0.0,0.0
48625,11.416144277770897,32.71974881490072,0.7301587301587302,1.0,0.0
48626,5.734620047126807,21.533511479695637,0.7858585858585858,0.0,0.0
48628,11.40289808522842,43.128809134165444,0.41111111111111115,0.0,0.0
48630,10.095109493142019,33.213976542154946,0.7722222222222221,0.0,0.0
48632,10.179057800083465,35.809881726900734,0.7222222222222223,1.0,-1.0
48633,7.849023168459536,21.494418541590374,0.4343434343434343,-1.6666666666666667,0.3333333333333333
48635,6.533896469861098,23.914048194885254,0.6666666666666666,0.3333333333333333,-0.3333333333333333
48636,4.722991324108571,16.864598910013836,0.7777777777777778,-1.3333333333333333,0.3333333333333333
48637,2.814467543455765,9.166557043790817,0.37222222222222223,0.6666666666666666,-0.3333333333333333
48639,8.189228373185914,25.29914915561676,0.5676767676767677,0.3333333333333333,-0.3333333333333333
48640,10.59302147922775,32.43450319766998,0.1595959595959596,0.0,0.0
48641,4.782675426039364,16.08093484242757,0.5595238095238096,1.0,-1.0
48642,12.145123815557866,35.30605483055115,0.5055555555555556,1.0,-1.0
48643,10.4069768139053,25.20914101600647,-0.10714285714285716,0.6666666666666666,0.0
48644,6.01534284502855,21.44429882367452,0.19999999999999996,2.3333333333333335,0.0
48645,5.2921596663141335,16.323637803395588,0.5833333333333334,0.6666666666666666,-0.6666666666666666
48646,4.603716808036055,16.113617142041523,0.4047619047619048,0.0,0.0
48647,7.368440586300085,24.065679391225178,0.8388888888888889,0.0,0.0
48648,6.373631808598415,21.58719579378764,0.3055555555555556,0.0,0.0
48649,6.310503593409714,18.391955534617107,-0.1333333333333333,1.3333333333333333,-1.0
48650,11.236851984757825,39.828497727712,0.806060606060606,0.6666666666666666,-0.6666666666666666
48652,10.338279163735528,39.58801285425822,0.07878787878787878,1.0,-1.0
48653,5.420674467964013,16.85901180903117,0.21616161616161614,-4.333333333333333,0.0
48655,4.138437915123822,12.056058088938395,0.09523809523809525,1.0,-0.3333333333333333
48656,18.621167245399555,64.09436162312825,0.7737373737373736,0.0,0.0
48657,4.88812497389065,12.93459383646647,-0.19999999999999998,1.0,-1.0
48658,2.6641165901940322,8.979079882303873,-0.20404040404040402,6.666666666666667,0.0
48660,15.37568116221316,37.9842346906662,0.1666666666666667,0.0,0.0
48661,8.323365001216844,24.341829737027485,0.630952380952381,0.6666666666666666,-0.3333333333333333
48662,11.971994129998839,34.87107233206431,0.8095238095238096,1.0,-1.0
48664,10.355985404973442,31.333287835121155,0.7333333333333333,0.3333333333333333,-0.3333333333333333
48665,9.089525227841698,35.00308935840925,0.7222222222222222,1.3333333333333333,0.0
48667,8.421084942018187,29.449604868888855,0.8989898989898991,0.3333333333333333,0.0
48668,10.278659355584645,31.294711351394653,0.6363636363636362,1.0,-1.0
48669,6.442358423339969,20.006732086340588,0.16111111111111112,0.0,0.0
48670,6.143541961935951,17.391377558310825,0.5333333333333333,0.6666666666666666,0.0
48671,11.256676466663734,36.229286313056946,0.9272727272727272,0.0,0.0
48672,5.802712747871744,16.949840625127155,0.2929292929292929,1.6666666666666667,-1.0
48673,5.065671922145365,15.98471474647522,0.777777777777778,0.0,0.0
48674,3.9335220453748296,12.24234672387441,0.40952380952380957,0.0,0.0
48675,9.045995167243651,32.82511909802755,0.07142857142857144,-3.0,0.0
48676,8.236756862975506,26.717582027117412,0.42857142857142866,1.0,-0.6666666666666666
48677,11.980399927659201,42.22777032852173,0.6111111111111113,1.0,-1.0
48678,6.887961462422942,24.206852674484253,0.15555555555555553,0.0,0.0
48679,6.520452351020899,21.07577592631181,0.41666666666666674,0.0,0.0
48680,6.991695768361687,21.8346532980601,0.5619047619047619,0.0,0.0
48682,5.406299017534138,17.1864337126414,0.9166666666666669,0.0,0.0
48683,5.21192979225478,16.211365898450214,0.1111111111111111,0.0,0.0
48684,4.713788871095544,14.35930903752645,0.7976190476190478,0.3333333333333333,-0.3333333333333333
48685,6.278189886148451,20.454913944005966,0.3650793650793651,-3.0,1.0
48686,4.663356640820852,16.586597363154095,0.6444444444444444,1.0,0.0
48687,3.153750070252356,10.193466504414877,0.126984126984127,0.3333333333333333,-0.3333333333333333
48689,1.858706496401006,5.804602265357971,0.6761904761904763,0.3333333333333333,-0.3333333333333333
48690,6.537311287876109,21.572088758150738,-0.13095238095238096,0.0,0.0
48691,21.33537733856295,66.59336884816487,0.8333333333333335,0.3333333333333333,-0.3333333333333333
48693,3.3394954824689136,8.35702665646871,0.0,-2.3333333333333335,0.3333333333333333
48694,7.469813672737245,27.44370412826538,0.8055555555555555,0.0,0.0
48696,0.0,0.0,,0.0,0.0
48697,9.135057630009973,34.31671555836996,0.5055555555555555,0.0,0.0
48698,4.974197783806791,15.95924162864685,0.4761904761904763,0.0,0.0
48699,12.464960472283176,40.18956251939138,0.13888888888888887,0.0,0.0
48700,7.971941018078442,29.03619686762492,0.2080808080808081,0.0,0.0
48701,6.604686679745669,20.791928201913834,-0.27777777777777785,2.6666666666666665,0.0
48702,8.01854336786833,27.743521571159363,0.05555555555555555,0.0,0.0
48703,5.893375071255622,19.594788645704586,0.507936507936508,4.0,-1.0
48704,6.426497543179035,14.748630921045939,1.0,0.0,0.0
48705,4.142776155422159,14.896239846944809,0.616161616161616,-0.6666666666666666,0.0
48707,7.385583849462687,20.033636212348938,-0.19999999999999998,-1.0,1.0
48708,3.6191687778693122,12.728242556254068,0.48809523809523814,2.6666666666666665,-1.0
48709,11.08047877648547,34.94414428869883,0.8452380952380953,1.6666666666666667,-1.0
48710,10.249104794914201,30.732880274454754,0.3656565656565656,0.0,0.0
48711,7.239459705286593,23.794594446818035,-0.13492063492063494,3.0,-1.0
48712,13.22512374110221,48.572230100631714,0.7535353535353534,3.6666666666666665,0.0
48713,4.327230655668113,13.839394003152847,0.4444444444444445,1.3333333333333333,-1.0
48714,17.887564138173637,41.617424964904785,0.5,0.0,0.0
48715,9.044013685326744,29.053520758946735,0.1507936507936508,0.0,0.0
48716,8.512291696969339,31.73459529876709,0.8909090909090908,0.0,0.0
48717,5.481171788589173,16.86694089571635,0.6,0.3333333333333333,-0.3333333333333333
48718,2.954546046041969,10.122402469317118,0.2404040404040404,-5.333333333333333,0.0
48719,7.519720491189166,26.88279716173808,0.5151515151515151,-3.6666666666666665,0.0
48720,2.1106715393130844,5.591006676355998,0.44047619047619063,0.6666666666666666,-0.6666666666666666
48722,7.930754555959631,27.114082495371502,0.15,0.0,0.0
48723,6.367741278998975,15.455548147360483,-0.2738095238095239,-0.6666666666666666,0.6666666666666666
48724,4.072854352500262,14.01174654563268,0.30101010101010095,-0.3333333333333333,0.3333333333333333
48725,9.720306697747823,35.670483668645225,0.5191919191919191,0.0,0.0
48726,8.77590489675149,24.23086602985859,0.8333333333333335,0.3333333333333333,-0.3333333333333333
48727,8.522797244319138,30.608975410461426,0.15555555555555553,2.0,-1.0
48728,10.368052543445138,32.217413584391274,0.6190476190476191,0.0,0.0
48729,6.156402479559415,17.829039414723713,0.5111111111111112,0.0,0.0
48731,11.02635892884672,34.353980938593544,-0.1507936507936508,0.0,0.0
48732,9.55383806590058,33.720450480779014,0.6565656565656565,-1.0,0.0
48733,7.830245960166249,27.620132118463516,0.022222222222222227,4.333333333333333,-1.0
48734,8.847962193430863,32.00112231572469,0.3833333333333333,2.3333333333333335,-1.0
48735,13.554929939142923,49.050591786702476,0.5444444444444444,0.0,0.0
48736,2.845000317106413,7.66958733399709,0.7333333333333333,0.3333333333333333,-0.3333333333333333
48737,4.149592217147851,13.098564187685648,0.1507936507936508,0.0,0.0
48738,5.463621600720763,19.645946860313416,0.6777777777777777,0.0,0.0
48740,7.524543424447377,15.049086848894754,0.9999999999999999,0.0,0.0
48741,13.859345792141985,41.015368650356926,0.8101010101010101,0.3333333333333333,-0.3333333333333333
48742,11.638388703221175,30.84780728816986,0.642857142857143,0.0,0.0
48743,5.471865414923955,18.023287932078045,0.07142857142857144,0.0,0.0
48744,7.427121721510956,24.442402283350628,-0.03968253968253969,0.3333333333333333,-0.3333333333333333
48745,14.98521082830706,45.785704135894775,0.26666666666666666,0.0,0.0
48747,7.884967968879903,28.28360652923584,0.31717171717171716,1.0,-1.0
48748,9.095499200688975,26.242125113805134,0.3055555555555555,0.0,0.0
48749,5.005492628893669,19.792097250620525,0.44646464646464645,-2.6666666666666665,0.0
48750,4.040337528117633,11.101167837778727,0.3333333333333333,2.6666666666666665,-1.0
48751,10.949054893267954,28.52554460366567,0.29523809523809524,0.0,0.0
48752,2.8696282449507655,9.180846641461054,0.753968253968254,0.6666666666666666,-0.6666666666666666
48753,5.042997435458599,15.64817581574122,0.11111111111111112,0.3333333333333333,0.3333333333333333
48754,6.199249891050467,21.342321515083313,0.26868686868686864,0.0,0.0
48755,9.222926427018708,25.220274090766907,0.3714285714285715,0.0,0.0
48756,7.454954168372081,20.517895340919495,0.4761904761904763,3.3333333333333335,-1.0
48757,6.962936048766404,23.681333541870117,0.3015873015873016,-1.0,1.0
48758,11.457041878675684,28.18853895366192,0.21904761904761907,0.6666666666666666,-0.6666666666666666
48760,6.789785641798441,18.499733249346416,0.29523809523809524,0.0,0.0
48761,9.851787435738173,34.2460302511851,0.38888888888888884,0.0,0.0
48762,11.111585881502135,39.278495033582054,0.6269841269841271,0.0,0.0
48763,10.423211379830782,30.594263633092243,0.6888888888888888,0.6666666666666666,-0.6666666666666666
48765,11.833009473670662,31.651529997587204,0.05555555555555557,0.0,0.3333333333333333
48766,8.531202828391526,25.369653065999348,0.10476190476190478,-1.0,1.0
48767,3.7454764166556185,12.664414246877035,0.059523809523809534,0.0,0.0
48768,18.428105133082173,44.19585128625234,0.961904761904762,-0.6666666666666666,0.6666666666666666
48770,8.512130435658706,23.599807540575664,0.7333333333333333,0.0,0.0
48771,5.655745368903624,18.37472426891327,0.709090909090909,-0.3333333333333333,0.3333333333333333
48772,8.039946401017266,24.16585922241211,0.03571428571428572,0.0,0.0
48773,8.942474141621132,27.27512836456299,0.6428571428571429,-1.0,1.0
48774,6.094577768325148,19.788801709810894,0.4444444444444445,2.6666666666666665,-1.0
48775,11.2474171880027,28.99656615157922,0.380952380952381,0.6666666666666666,-0.3333333333333333
48776,14.960949724298098,39.59179365634918,0.4880952380952382,0.3333333333333333,-0.3333333333333333
48777,9.536727841981508,30.55986825625102,0.5191919191919192,0.0,0.0
48778,4.501814808137892,15.022708048423132,-0.15079365079365079,1.3333333333333333,-1.0
48779,3.757056648954835,11.351880470911661,-0.3333333333333333,2.0,-1.0
48780,5.259002730953827,16.351590236028034,0.061111111111111095,3.0,0.0
48781,7.466619101988459,24.67986532052358,0.8444444444444444,2.0,-1.0
48783,7.774288741945935,27.42060821255048,0.8833333333333332,1.0,0.0
48784,4.584020677548421,14.508384868502617,0.7777777777777778,1.6666666666666667,-1.0
48785,13.04107815979402,33.046157677968345,0.39999999999999997,0.0,0.0
48788,5.942464517974756,17.63063128789266,0.6606060606060605,0.3333333333333333,0.3333333333333333
48789,6.541250237744779,17.148532072703045,0.7023809523809526,0.6666666666666666,-0.6666666666666666
48790,4.0317624643528776,10.76993610461553,0.2380952380952381,0.0,0.0
48791,7.109854898053186,24.239203204711277,0.688888888888889,3.3333333333333335,-1.0
48792,7.193548187667744,20.83069944381714,-0.1904761904761905,-1.0,0.3333333333333333
48794,6.399739200810427,23.166778842608135,0.3898989898989899,1.0,-1.0
48795,5.830861515562845,22.587790936231613,0.5499999999999999,0.0,0.0
48796,12.004527087638541,46.929588754971824,0.5636363636363636,0.0,0.0
48797,8.064536498678903,24.699766318003338,0.46666666666666673,0.0,0.0
48798,8.683285170485886,21.7711927096049,0.3333333333333333,0.0,0.0
48800,16.42339019665523,44.96902370452881,0.4642857142857144,0.0,0.0
48801,14.218683994413809,41.25269063313802,0.2619047619047619,0.0,0.0
48802,5.625535890034388,17.175525148709614,0.6825396825396827,0.0,0.0
48803,10.164980261253223,31.186025321483612,0.5714285714285716,3.3333333333333335,-1.0
48804,7.202688365514082,25.759037653605144,0.7898989898989898,0.0,0.0
48805,7.4297997377178175,24.28518295288086,0.6166666666666666,-0.6666666666666666,0.6666666666666666
48806,4.956074922752957,18.360509554545086,0.5166666666666666,0.0,0.0
48807,9.935656968518009,30.441556533177693,0.37142857142857144,1.3333333333333333,0.0
48808,12.399542076629338,38.53887323538462,0.296969696969697,0.3333333333333333,-0.3333333333333333
48810,9.299977807798344,28.69851803779602,0.5714285714285715,0.0,0.0
48811,5.657699013912247,19.78112868467967,0.29444444444444445,0.0,0.0
48812,5.577848481409806,19.378074645996094,0.3575757575757575,0.0,0.0
48813,10.872045243878551,34.4681662718455,0.9206349206349206,0.0,0.0
48814,7.070970155994639,22.755733211835224,0.7261904761904763,0.0,0.0
48815,10.573626375647903,36.37347745895386,0.34949494949494947,0.3333333333333333,-0.3333333333333333
48816,4.946425917946839,15.6014355023702,0.2380952380952381,-2.6666666666666665,0.6666666666666666
48817,9.573425022389577,31.221305688222248,0.3737373737373737,3.6666666666666665,0.0
48818,16.32019519309203,32.64039038618406,0.9999999999999999,0.0,0.0
48820,6.1684294610305,15.550333579381308,1.0,0.0,0.0
48821,9.838024311384181,31.61397139231364,0.07222222222222223,0.0,0.0
48822,6.434851221743951,20.963815053304035,0.7656565656565656,-1.3333333333333333,0.0
48823,5.037725783949354,16.046528617540996,0.6484848484848483,-2.0,1.0
48825,5.419562727898963,17.55950156847636,0.3730158730158731,0.0,0.0
48826,9.111767620760668,25.44233596821626,0.6969696969696968,4.0,-1.0
48827,10.436906365542994,24.777027308940887,0.5,1.0,-1.0
48828,8.894952960235733,31.75690245628357,0.42777777777777776,0.3333333333333333,-0.3333333333333333
48829,5.194073380202829,17.687819997469585,0.373015873015873,2.3333333333333335,-1.0
48830,10.442509572676315,35.86409465471903,0.8253968253968256,0.0,0.0
48831,3.0938065528990255,10.390281120936075,0.4747474747474747,-0.3333333333333333,0.6666666666666666
48832,5.2404429769477,16.250292976697285,0.7301587301587302,0.0,0.0
48833,5.796646823705603,20.689408441384632,0.11111111111111109,0.0,0.0
48834,3.6240940337794743,11.265197455883026,0.5396825396825399,-1.0,1.0
48836,9.476554733218887,34.57095350821813,0.5232323232323232,3.0,-1.0
48837,13.25685707728068,26.51371415456136,0.9999999999999999,0.0,0.0
48838,9.18522538025616,23.709291458129883,0.44721359549995787,0.0,0.0
48839,10.139032027426156,33.376668771107994,0.41111111111111104,0.0,0.0
48840,10.582496420153904,39.15228160222372,-0.3898989898989898,-0.3333333333333333,0.0
48841,4.248499716285228,13.175541957219442,0.6222222222222222,0.6666666666666666,-0.6666666666666666
48842,6.592347547143324,24.275084654490154,-0.37222222222222223,-3.0,1.0
48843,3.768981658404114,10.671516180038452,-0.18095238095238098,5.0,-1.0
48844,4.818203108936511,16.581801275412243,0.8253968253968255,0.0,0.0
48845,7.607570627583129,21.5189392020305,0.28571428571428575,4.0,-1.0
48846,7.382079862562407,25.0832093556722,0.4055555555555556,0.0,0.0
48847,4.637301625560919,11.100677013397217,0.8333333333333334,0.0,0.0
48848,8.389110910557266,23.968199531237286,-0.15555555555555553,0.3333333333333333,-0.3333333333333333
48849,7.079574310920086,27.840304791927338,0.17777777777777778,0.0,0.0
48850,4.272340933771605,13.93062436580658,0.32142857142857145,-1.6666666666666667,0.0
48851,12.135938016302754,38.72215088208517,0.3166666666666667,2.0,-1.0
48852,8.271237271959338,27.440538480877876,0.41111111111111104,-1.0,0.0
48853,13.985824457740705,52.50380484263102,0.7898989898989899,0.0,0.0
48854,9.31114982687429,31.745713988939922,0.2722222222222222,0.6666666666666666,-0.6666666666666666
48855,9.004640288420942,28.290663744012516,0.6587301587301587,0.0,0.0
48856,17.144509616858095,40.158450762430824,0.49999999999999994,0.0,0.0
48858,0.0,0.0,,0.0,0.0
48859,12.637709132120845,39.11728318532308,0.8253968253968255,0.0,0.0
48861,6.541275552482787,23.46336191892624,-0.0101010101010101,6.666666666666667,-1.0
48862,5.383430782708228,16.481331860025723,0.7999999999999999,-1.0,1.0
48863,8.217379035979553,27.462899049123127,0.3575757575757576,3.0,-1.0
48864,0.0,0.0,,0.0,0.0
48865,7.306056898077739,26.21636301279068,0.4505050505050505,0.3333333333333333,-0.3333333333333333
48866,7.586472132011406,24.126784642537434,-0.09494949494949494,-1.0,1.0
48867,4.446589765080805,14.910866061846415,0.5555555555555557,3.0,-1.0
48868,4.1222415002337796,13.880794336398443,0.21111111111111114,-1.0,0.3333333333333333
48870,4.575272262949611,13.58126680056254,-0.511904761904762,2.6666666666666665,-1.0
48871,6.378346454388191,20.549203872680664,0.7131313131313131,0.6666666666666666,-0.6666666666666666
48872,7.772025114734867,27.54891236623128,0.6929292929292927,0.0,0.0
48873,4.7223993801099455,14.097419420878092,0.8055555555555555,0.0,0.0
48874,3.4346640310958017,10.998406569163004,0.43030303030303024,1.0,0.0
48876,14.425743074959385,47.357611656188965,0.6,1.0,-1.0
48877,4.199014102326053,12.8305770556132,0.7976190476190476,1.6666666666666667,0.0
48878,1.9960180328191146,6.118590831756592,0.02380952380952381,5.0,-1.0
48879,5.391060314929537,19.78308840592702,0.561111111111111,0.0,0.0
48881,15.270755762690541,42.16915601988634,-0.015873015873015876,4.333333333333333,-1.0
48882,10.456931401528463,23.792635718981426,0.6666666666666666,0.0,0.0
48885,13.365040379122652,37.99634917577108,0.3174603174603175,0.0,0.0
48886,7.467708873540097,25.905643741289776,0.3666666666666667,0.6666666666666666,-0.6666666666666666
48887,4.440113715508317,16.603154977162678,-0.24444444444444438,2.3333333333333335,0.0
48888,11.160943086629702,36.87532409032186,0.6825396825396827,0.0,0.0
48889,9.969096357186281,32.77968962987264,0.8650793650793651,1.6666666666666667,-1.0
48892,10.751690418040242,34.53774746259054,0.5476190476190477,0.0,0.0
48894,6.541427911272636,19.89812543988228,0.6761904761904763,0.0,0.0
48896,10.942300686261504,35.59616895516714,0.1666666666666667,3.0,-1.0
48897,8.799909592770632,32.59549631178379,0.612121212121212,0.6666666666666666,-0.6666666666666666
48898,6.041759841206471,18.431087096532185,0.12380952380952381,3.3333333333333335,-1.0
48899,2.243669604816713,7.8816453615824384,0.11515151515151516,6.333333333333333,0.0
48900,2.186960307277128,6.102205276489258,0.7444444444444445,0.6666666666666666,-0.3333333333333333
48902,7.902678493706856,28.0598550538222,0.21666666666666667,1.3333333333333333,0.0
48903,9.784233825293994,36.66099194685618,0.2777777777777778,-8.0,1.0
48904,6.562945133621042,22.680333177248638,0.4747474747474747,-1.0,1.0
48905,8.270210957336497,28.344044367472332,0.7222222222222222,-2.0,1.0
48906,12.31821939982306,36.50666222969691,0.4444444444444445,1.0,-1.0
48907,10.897601885957195,29.786086797714233,0.6666666666666666,1.0,-0.6666666666666666
48908,6.257340536683611,20.76761571566264,0.7939393939393938,-0.6666666666666666,0.6666666666666666
48909,2.8998377265661497,7.422645886739095,0.7333333333333334,1.0,-0.6666666666666666
48910,6.744092312583594,20.48745063940684,0.23809523809523814,0.0,0.0
48915,7.332938441483694,26.53334665298462,0.5111111111111111,-1.0,1.0
48916,12.092915792353368,37.87605746587118,0.6333333333333333,0.0,0.0
48917,7.096420803447855,25.368017276128132,0.6984126984126985,0.0,0.0
48918,7.131223095860079,23.796747306982677,0.5317460317460319,0.6666666666666666,-0.6666666666666666
48919,16.759348202111017,43.228965014219284,0.7999999999999999,-1.0,1.0
48920,13.390024601543397,34.0334889292717,-0.5,1.6666666666666667,-1.0
48921,11.854761373226273,37.066272616386414,0.5272727272727272,1.0,-0.6666666666666666
48923,7.286462483259258,26.915565649668377,0.5474747474747474,0.0,0.0
48925,8.964831230786137,35.782525618871055,0.7010101010101009,0.0,0.0
48926,7.952375204991217,24.580118750532467,0.10303030303030301,-1.6666666666666667,0.3333333333333333
48927,9.30296845857068,28.996666351954143,0.7898989898989898,2.3333333333333335,-1.0
48928,7.549876765719421,22.857226371765137,-0.21212121212121213,0.6666666666666666,-0.6666666666666666
48929,6.82538937196042,21.50471285978953,0.8730158730158731,0.0,0.0
48930,9.810892390614628,37.832155068715416,0.5313131313131313,0.0,0.0
48931,11.3156594071878,35.19815651575724,0.5888888888888889,2.3333333333333335,-1.0
48932,4.79800716734018,13.61360208193461,0.12323232323232321,0.3333333333333333,-0.3333333333333333
48933,5.370226485592037,18.60573649406433,0.3666666666666667,-2.3333333333333335,0.6666666666666666
48935,11.183952071092127,37.91586967309316,0.709090909090909,0.0,0.0
48936,9.973247987144134,38.71237818400065,0.8333333333333334,1.3333333333333333,-1.0
48937,10.078173646816898,28.57316615184148,0.7575757575757575,4.666666666666667,0.0
48938,8.896629474077924,33.60166827837626,0.4222222222222222,0.0,0.0
48939,4.941289786911754,16.096195856730144,-0.880952380952381,-6.0,1.0
48940,6.741842013243343,23.855132952332497,0.85,-1.0,1.0
48941,5.517731389210295,16.872067133585613,0.3333333333333333,5.0,-1.0
48942,8.494900070038437,28.902651071548462,0.5888888888888889,0.6666666666666666,0.3333333333333333
48943,15.820947337634513,43.86611819267273,1.0,0.0,0.0
48944,11.502734180518232,40.459076245625816,0.6722222222222222,1.3333333333333333,-1.0
48945,8.88073694599585,31.790658354759216,0.49444444444444446,0.0,0.0
48946,4.640645859658901,13.455676237742106,-0.6333333333333333,-2.6666666666666665,0.6666666666666666
48949,13.089048492522323,44.096861044565834,0.4404761904761905,0.0,0.0
48950,10.667168236412193,29.25929033756256,0.7999999999999999,0.0,0.0
48951,6.646489280782035,19.629725138346355,-0.011904761904761911,-0.3333333333333333,0.3333333333333333
48952,9.197891273291987,30.355253378550213,0.8928571428571429,0.0,0.0
48953,7.121684477161154,19.49454923470815,0.373015873015873,2.6666666666666665,-1.0
48955,13.865871708556659,36.86975510915121,0.29761904761904767,2.3333333333333335,-1.0
48956,7.028907294663974,16.9231885522604,-0.03333333333333333,0.6666666666666666,-0.6666666666666666
48957,9.726868903741577,29.628273169199627,0.942857142857143,0.0,0.0
48958,17.431478732302207,45.02416372299194,0.19999999999999998,0.0,0.0
48959,6.638250471133424,20.58667798837026,0.36565656565656557,0.6666666666666666,-0.3333333333333333
48960,7.119189452466389,20.108627915382385,0.6269841269841271,0.0,0.0
48961,12.398462837233316,33.7721970876058,0.942857142857143,0.0,0.0
48964,9.107538766577905,28.82664297024409,0.5714285714285715,0.6666666666666666,0.0
48965,8.031717410776197,25.126641988754272,0.3252525252525252,-6.0,0.0
48967,19.280376104585272,50.63539171218872,0.25,0.0,0.0
48968,6.137882538832049,18.393674929936726,0.11666666666666665,1.3333333333333333,-0.6666666666666666
48969,4.330764330305175,12.870099147160849,0.5428571428571429,-1.6666666666666667,0.0
48970,7.641278054140014,26.586504220962524,0.05555555555555555,3.0,-1.0
48971,5.762001450002205,19.30199631055196,-0.03434343434343434,2.3333333333333335,-1.0
48972,2.8057406613365594,8.435170491536459,-0.023809523809523805,1.0,-1.0
48973,6.561842308968923,19.291639645894367,0.2063492063492064,1.0,-1.0
48976,7.947433041862333,26.684078057607014,0.4761904761904763,1.3333333333333333,-1.0
48977,7.924419953424135,18.92684018611908,0.16666666666666666,0.3333333333333333,-0.3333333333333333
48978,7.254390193903099,27.073915084203083,-0.18253968253968256,2.3333333333333335,-1.0
48979,9.557850422300652,30.923506408929825,0.044444444444444446,0.0,0.0
48980,9.983996654586912,31.663909475008648,0.5595238095238096,0.0,0.0
48983,7.597649565335022,26.850603699684143,0.4747474747474747,2.3333333333333335,0.0
48984,7.184337925784283,22.72902011871338,0.388888888888889,-1.0,1.0
48986,13.782574370199995,38.488001227378845,0.7539682539682541,0.6666666666666666,-0.6666666666666666
48988,9.752993165562932,36.15687664349874,0.6525252525252524,2.6666666666666665,-1.0
48990,8.504056287740651,32.58782470226288,0.10707070707070705,-0.3333333333333333,0.3333333333333333
48991,7.001175766640508,22.720279534657795,0.046464646464646465,-6.0,0.0
48993,11.42641498009254,40.649647076924644,0.903030303030303,0.0,0.0
48995,10.573146448621968,32.118953585624695,0.3730158730158731,0.0,0.0
48996,2.5241525112117658,7.5755964914957685,0.44761904761904764,1.0,-0.3333333333333333
48997,12.862512633188748,35.70438885688782,0.3571428571428572,0.3333333333333333,0.3333333333333333
48998,7.572834298380793,25.57534098625183,0.9515151515151515,-1.0,1.0
48999,3.931902532005395,10.77098004023234,-0.26666666666666666,-1.0,1.0
49000,13.763710721077558,43.29943831761678,0.09523809523809525,0.0,0.0
49001,4.087785499290294,15.192331711451212,-0.09898989898989898,0.3333333333333333,0.0
49002,12.896158141937152,38.816216786702476,0.5714285714285715,0.3333333333333333,-0.3333333333333333
49003,4.873815296120722,16.39354383945465,0.12222222222222223,6.0,-1.0
49004,7.441098415397337,27.53804636001587,0.5111111111111111,0.0,0.0
49006,12.326577595003663,35.0016717116038,0.8285714285714287,0.0,0.0
49007,3.8524414087235654,11.841879268487295,0.2388888888888889,0.3333333333333333,-0.3333333333333333
49008,5.4821146815421455,16.61959981918335,0.7936507936507938,3.0,-1.0
49009,6.882022368011519,19.954718629519146,0.6222222222222222,1.0,-1.0
49010,5.712979078429413,21.116700728734333,0.24848484848484845,-2.0,1.0
49012,16.196075725500194,38.644906202952065,1.0,0.0,0.0
49013,7.107393649433962,25.304664134979248,0.5444444444444444,1.0,-1.0
49014,4.7241816263697265,15.4759627978007,0.6269841269841271,2.3333333333333335,0.0
49015,7.195162621909283,21.428914467493694,0.7142857142857144,2.3333333333333335,-1.0
49016,5.7392034504362135,16.544339150190353,-0.11904761904761907,4.333333333333333,-1.0
49017,17.89971041236405,51.6196414232254,0.1619047619047619,0.0,0.0
49018,5.6441166190118786,19.589752435684204,0.6611111111111111,0.0,0.0
49019,12.685937753973521,43.637696266174316,0.3,-2.6666666666666665,0.6666666666666666
49020,6.565161469529713,23.303741812705994,0.3575757575757575,0.0,0.0
49021,5.889081333449482,17.179998730619747,0.22222222222222224,3.0,-1.0
49022,10.201840480168661,20.403680960337322,0.9999999999999999,0.0,0.0
49024,10.898287253983602,39.563173611958824,0.818181818181818,0.0,0.0
49027,10.053926588260982,34.552934646606445,0.8968253968253969,0.0,0.0
49028,3.869116675045633,13.20622181892395,0.6525252525252524,-1.3333333333333333,0.0
49029,10.662817052024407,32.44591347376505,0.1904761904761905,0.0,0.0
49031,8.595937485344834,29.87308390935262,0.861111111111111,0.0,0.0
49032,5.527058467861925,18.58695336182912,-0.20555555555555557,-3.3333333333333335,0.0
49033,7.224656610710086,24.305270353953045,0.4404761904761905,0.6666666666666666,-0.6666666666666666
49034,8.12369606034971,23.361257314682007,0.8666666666666666,0.3333333333333333,-0.3333333333333333
49035,8.087721778336926,23.36175661285718,0.6071428571428572,0.0,0.0
49036,12.02237166340575,38.11601638793945,0.34523809523809534,0.0,0.0
49037,12.266477160127389,35.54722539583842,-0.09999999999999999,-4.0,1.0
49038,10.906297255587441,24.139159480730694,0.8333333333333334,0.0,0.0
49039,7.402421040876233,25.025485719243687,0.46262626262626255,0.0,0.0
49040,10.96007238049777,32.56428571542104,0.5555555555555556,0.0,0.0
49041,6.508882710170436,18.790990749994915,0.8095238095238096,1.6666666666666667,-1.0
49042,14.934071126692645,33.00674422581991,0.6666666666666666,0.0,0.0
49044,11.922191282113394,23.844382564226787,0.9999999999999999,0.0,0.0
49046,7.542254164365069,25.024139374494553,0.6904761904761906,-1.0,1.0
49047,8.280992376231984,27.35371732711792,-0.3571428571428572,-5.0,1.0
49049,11.466410241789701,44.19586726029714,0.6555555555555556,3.6666666666666665,-1.0
49050,5.411567440568372,15.512417033314705,0.6825396825396827,0.3333333333333333,-0.3333333333333333
49051,14.85800526544062,46.99380588531494,0.015873015873015876,0.0,0.0
49052,12.839017037379373,35.988668491443,0.23809523809523814,0.6666666666666666,-0.6666666666666666
49053,5.2101412527028,17.770200928052265,0.3968253968253969,-1.0,1.0
49054,12.036680047674752,37.70913275082906,0.5,-1.0,0.0
49056,8.917195314390618,27.64098032315572,0.5919191919191918,0.0,0.0
49057,7.51297299857449,23.51996211707592,0.3492063492063493,-1.0,1.0
49059,7.674431320577511,25.177995443344116,0.5793650793650795,2.0,-1.0
49060,11.12565662116207,38.526372830073036,0.4603174603174604,0.0,0.0
49061,3.224525318289024,11.933416763941446,-0.24848484848484845,5.333333333333333,-1.0
49062,5.226361535522031,16.612500309944153,0.806060606060606,3.6666666666666665,-1.0
49063,5.451644396970498,17.014337221781414,0.13333333333333333,0.3333333333333333,-0.3333333333333333
49064,6.974808302071207,23.289443612098694,0.8222222222222221,0.0,0.0
49065,13.649918573703568,42.47282958030701,0.6071428571428572,1.6666666666666667,-0.6666666666666666
49066,8.767752639989444,32.38319627443949,0.3818181818181818,0.0,0.0
49068,7.388082249810619,24.792950948079426,-0.5777777777777778,-6.0,0.0
49069,0.0,0.0,,0.0,0.0
49070,8.68864608661447,27.887671043475468,0.7714285714285715,0.0,0.0
49071,7.499017865523105,21.93614463011424,0.888888888888889,0.0,0.0
49072,8.815341624382588,26.131171067555744,0.6666666666666669,0.3333333333333333,-0.3333333333333333
49073,7.132254676351155,22.257870038350422,0.42777777777777776,0.0,0.0
49074,8.540687403856177,24.25793206691742,0.8690476190476192,0.0,0.0
49076,7.608136737513742,22.363100012143452,0.12222222222222222,0.3333333333333333,-0.3333333333333333
49077,5.84908413064917,20.10873677333196,0.6166666666666667,1.0,-0.6666666666666666
49078,3.460830368495017,10.66170080502828,0.03333333333333333,-0.6666666666666666,0.0
49079,3.8623339800906376,13.807071755329767,-0.030303030303030304,0.0,0.0
49080,9.351985879166998,30.52328736583392,0.2611111111111111,0.0,0.0
49081,6.327471022708809,23.98686695098877,0.6525252525252524,0.0,0.0
49083,9.922285358829779,33.20632870992025,0.7333333333333333,0.0,0.0
49084,14.468962128836194,43.71341001987457,0.11904761904761907,1.6666666666666667,0.0
49087,0.0,0.0,,0.0,0.0
49088,6.7167366202891285,25.345476667086285,0.41414141414141414,1.6666666666666667,-1.0
49089,5.007858109825258,14.478498140970865,0.04761904761904762,3.0,-1.0
49090,4.729248861707373,15.931663314501444,0.4222222222222222,1.3333333333333333,-1.0
49091,13.442642491983301,43.732837438583374,0.8666666666666666,0.0,0.0
49092,4.457482929110993,15.396668275197348,-0.17777777777777778,1.6666666666666667,-1.0
49093,6.738836823267854,18.8481406668822,0.6571428571428571,1.0,-1.0
49095,6.688773148913636,20.651004935304325,0.8383838383838382,0.6666666666666666,-0.6666666666666666
49096,11.634324003646144,36.46832434336344,0.916666666666667,0.0,0.0
49097,9.710007178598483,31.52773888905843,0.861111111111111,0.0,0.0
49098,3.9342727572632175,14.163118998209635,0.49206349206349215,3.6666666666666665,-1.0
49099,10.122425188624467,24.97534243265788,0.39999999999999997,0.0,0.0
49101,7.48462346784251,27.744776388009388,0.1717171717171717,1.0,-0.6666666666666666
49102,7.8794786018429575,22.05836566289266,0.7999999999999999,0.0,0.0
49103,12.85556419571801,42.165328780810036,0.9880952380952381,0.0,0.0
49104,10.30209127486662,35.52840270102024,0.6984126984126986,0.0,0.0
49105,7.1378514284619285,23.98509709040324,0.19444444444444445,1.6666666666666667,-1.0
49106,4.725357587206936,15.730933984120687,0.3611111111111111,0.6666666666666666,-0.3333333333333333
49107,10.492232940571458,33.371262272199,0.12222222222222222,-2.0,1.0
49108,16.007506595592776,49.4614151318868,0.7222222222222223,0.0,0.0
49109,6.690019420999377,25.698707779248554,0.4585858585858586,0.0,0.0
49110,7.435689481701869,26.48663513859113,0.37777777777777777,1.3333333333333333,-1.0
49112,7.254635018601391,21.579841256141663,0.09523809523809525,0.0,0.0
49113,3.9337133098097983,12.060053984324137,-0.8214285714285715,5.666666666666667,-1.0
49114,0.0,0.0,,0.0,0.0
49115,4.581130553432596,13.931138435999552,0.8452380952380953,0.0,0.0
49116,1.1322762072086334,2.264552414417267,0.9999999999999999,0.0,0.0
49117,3.2906859803253075,7.836920162041982,-0.7999999999999999,3.0,-1.0
49118,7.531283803166744,23.649566729863484,0.4383838383838383,2.6666666666666665,-1.0
49120,16.330785671869915,32.66157134373983,0.9999999999999999,0.0,0.0
49121,5.142814811799451,18.875723203023274,0.49898989898989893,0.0,0.0
49122,6.266076209857012,18.692742745081585,0.6666666666666669,0.0,0.0
49123,11.290408417256872,33.17833332220713,0.34545454545454546,0.0,0.0
49124,7.802250889676696,29.749459664026897,0.616161616161616,0.0,0.0
49125,7.141334667258556,24.118001262346905,0.380952380952381,2.6666666666666665,-1.0
49126,5.129186804429041,15.04109791914622,0.03838383838383838,0.0,0.0
49127,6.188714972954934,21.963245073954266,0.4166666666666667,2.6666666666666665,-1.0
49128,4.358438570433023,13.701836665471395,0.4444444444444445,0.0,0.0
49132,6.621091110061521,22.839466730753582,0.5595959595959595,1.6666666666666667,0.0
49133,9.201089127606805,29.814176956812542,0.5959595959595959,0.0,0.0
49135,4.062007797406839,11.26673444112142,-0.3888888888888889,4.333333333333333,0.0
49136,5.303705383431501,14.115951453646025,0.5333333333333333,0.0,0.0
49137,5.2073427338437694,16.061912536621094,0.3333333333333333,2.0,0.0
49138,8.388809235254683,26.506493250528973,0.10714285714285715,0.0,0.0
49139,8.49297749229539,25.549806435902912,0.03434343434343434,0.0,0.0
49140,7.413539213361633,27.73781092961629,0.7696969696969695,2.6666666666666665,0.0
49141,6.969251850806418,20.818003098169964,0.022222222222222223,5.0,-1.0
49142,8.799320089913532,28.950599670410156,0.6746031746031748,0.0,0.0
49143,20.914541604698538,57.22476847966512,0.4761904761904762,-1.0,1.0
49145,9.660550962436249,34.36573855082194,0.6848484848484847,2.6666666666666665,-1.0
49146,13.19885214376792,48.408719976743065,0.4747474747474747,0.0,0.0
49147,8.964514679958711,25.65526207288106,-0.08333333333333336,0.3333333333333333,-0.3333333333333333
49148,6.409064630342487,22.493400737643242,0.5434343434343434,0.0,0.0
49149,5.0252582606988145,16.290445084373157,0.4166666666666668,0.0,0.0
49150,5.513847376830384,17.451937913894653,0.8464646464646464,0.0,0.0
49151,14.164654499407975,40.0741525888443,0.49494949494949486,-0.3333333333333333,0.6666666666666666
49152,7.318183038613873,24.814154227574665,0.0634920634920635,-5.0,1.0
49154,8.839501001148678,22.131118774414062,0.6666666666666666,0.0,0.0
49155,9.80351004588046,36.241830348968506,0.6904761904761906,0.0,0.0
49156,4.118716805723467,13.358208278814951,0.03174603174603175,1.3333333333333333,-0.6666666666666666
49157,5.1225151977316745,17.891061186790466,0.7292929292929292,0.0,0.0
49158,8.130570875485189,23.11647315820058,0.7000000000000001,1.6666666666666667,0.0
49159,6.382393243656803,20.023303667704266,0.3968253968253969,0.6666666666666666,-0.6666666666666666
49160,4.372054320282789,14.565460046132406,0.4666666666666666,0.3333333333333333,-0.3333333333333333
49161,6.049227199380197,20.240557650725048,0.6848484848484849,0.0,0.0
49162,8.207341474210638,23.115688641866047,-0.6190476190476192,5.333333333333333,-1.0
49163,4.376013303516111,12.849154988924662,0.6190476190476192,0.6666666666666666,-0.6666666666666666
49164,11.291104512427097,30.074186245600384,0.6380952380952382,0.3333333333333333,-0.3333333333333333
49165,9.798759987593067,28.357959906260174,-0.14444444444444446,0.0,0.0
49166,15.740827963615432,45.92951250076294,0.5238095238095238,0.0,0.0
49169,3.9346520820964557,13.123741080363592,-0.17777777777777778,2.6666666666666665,-1.0
49171,6.8077144624887325,22.46203311284383,0.5873015873015873,0.0,0.0
49172,14.55503615139625,39.67772396405538,0.7898989898989898,1.3333333333333333,-1.0
49174,9.044969070693396,35.20464670161406,0.2808080808080808,1.3333333333333333,-1.0
49175,4.519011206933957,14.220950285593668,0.07142857142857141,1.6666666666666667,0.0
49176,11.607061417369309,37.06861408551534,0.2202020202020202,5.666666666666667,-1.0
49177,11.656882758508061,30.73283417026202,0.2023809523809524,-1.3333333333333333,0.3333333333333333
49178,6.563994654004348,24.555687377850216,0.1611111111111111,-0.6666666666666666,0.6666666666666666
49181,7.228968584832804,22.073844244082768,0.4523809523809525,0.3333333333333333,-0.3333333333333333
49182,5.98492862592452,23.54382900396983,0.43030303030303024,4.0,0.0
49183,9.159666354968662,28.494110584259033,0.8666666666666666,0.0,0.0
49184,8.217304330496283,24.095354398091633,0.010101010101010097,0.0,0.0
49185,4.552264583471697,14.776923815409342,0.7380952380952382,0.6666666666666666,-0.6666666666666666
49187,7.7998374572501,21.984778722127277,0.21428571428571433,0.0,0.0
49188,11.591944027001093,34.41780002911886,0.6,0.0,0.0
49189,8.931344090975617,21.222493648529053,1.0,0.0,0.0
49190,9.624442158899624,30.769298513730366,0.9434343434343434,-1.3333333333333333,0.3333333333333333
49191,3.3343858723445083,7.742680827776591,1.0,0.0,0.0
49192,7.057665421747147,20.010146816571552,0.126984126984127,1.3333333333333333,-1.0
49193,12.809447787670969,39.47995662689209,0.6071428571428572,0.0,0.0
49194,4.549979455920887,16.52761383851369,0.45,4.0,-1.0
49196,5.403608021109805,15.188258330027262,0.7142857142857143,2.0,-1.0
49198,5.9217541320417055,19.49262543519338,0.5595238095238096,2.0,-1.0
49199,11.757081454096591,30.605725924173992,0.3,0.0,0.0
49200,11.918647710453078,28.530827562014263,0.8999999999999999,-0.3333333333333333,0.3333333333333333
49201,0.0,0.0,,0.0,0.0
49203,10.024499664856112,31.413646340370178,0.5444444444444444,2.6666666666666665,-1.0
49204,6.303867824779651,16.76476388176282,-0.10317460317460318,-5.0,0.3333333333333333
49205,12.230850180549048,29.414737979571026,0.01414141414141414,4.0,-1.0
49207,10.398578729300185,39.82585835456848,0.3333333333333333,0.0,0.0
49208,10.63537637864401,30.919159844517708,0.28571428571428575,4.0,-1.0
49209,11.05437216588429,32.45408980051676,0.8626262626262625,0.0,0.0
49210,1.6804338596307655,6.056168268124263,-0.2323232323232323,-3.6666666666666665,0.3333333333333333
49211,9.422409442944305,27.01306160291036,0.41111111111111115,0.0,0.6666666666666666
49212,10.850129978549234,31.865436871846516,0.8333333333333335,0.0,0.0
49213,7.3243125266775415,18.557576020558674,0.39999999999999997,-1.0,1.0
49214,7.4520121705380555,20.372143268585205,-0.36666666666666664,1.6666666666666667,-1.0
49215,13.976492999376068,44.581324100494385,0.6767676767676766,0.6666666666666666,-0.6666666666666666
49216,4.787917804352362,14.498441378275553,0.01587301587301588,0.0,0.0
49218,12.493252252935378,31.72719979286194,-0.4761904761904763,-5.666666666666667,0.6666666666666666
49220,4.372801405721603,16.20475737253825,-0.5793650793650795,1.3333333333333333,0.0
49221,1.913614421586696,5.678239583969116,-0.41666666666666674,3.3333333333333335,-1.0
49223,6.770502974029824,22.832727988560993,-0.05555555555555557,-1.0,0.0
49224,5.236449111170572,17.941336045662563,0.5952380952380953,2.3333333333333335,-1.0
49225,10.630116449422362,32.78502380847931,0.7222222222222223,0.0,0.0
49226,16.094245693385577,45.029258251190186,0.7500000000000003,0.3333333333333333,-0.3333333333333333
49227,4.1234443036700235,15.165462811787924,-0.19999999999999998,-4.0,1.0
49229,9.073669841413972,27.094056248664856,0.9333333333333332,0.3333333333333333,-0.3333333333333333
49231,5.2655702873271215,14.474897623062134,0.6190476190476191,-3.0,1.0
49232,10.242847498536676,30.275660673777264,-0.02380952380952382,-3.0,1.0
49233,8.374852677298607,28.97384802500407,0.8999999999999999,0.0,0.0
49234,3.9242376402514476,11.683297038078308,0.709090909090909,3.6666666666666665,0.0
49235,11.167895120937763,32.33918762207031,0.38888888888888884,-3.0,0.0
49236,9.516808634883978,31.427474856376648,0.044444444444444446,-1.0,1.0
49237,9.143076772063077,30.251166105270386,0.8666666666666666,0.0,0.0
49238,12.169343154398746,41.11148341496786,0.75,1.3333333333333333,-1.0
49239,12.204588221864563,39.861096143722534,0.6111111111111112,0.0,0.0
49242,5.887375337909142,19.950904766718548,0.5757575757575757,0.0,0.0
49243,7.655409777254444,26.217056115468342,0.4682539682539683,0.0,0.0
49244,14.075815089426731,41.89885210990906,0.561904761904762,0.0,0.0
49245,4.409600597254379,14.419749816258749,0.402020202020202,0.0,0.0
49246,10.15284660083715,31.474231203397114,0.7833333333333333,2.0,-1.0
49247,7.920258374169893,21.438296794891357,0.8666666666666666,-1.0,1.0
49248,5.508564071382512,15.203702370325724,0.7500000000000001,0.6666666666666666,-0.6666666666666666
49249,8.069911601544907,25.976920247077942,0.5396825396825399,0.0,0.0
49250,11.640330007649824,34.45245645443598,0.980952380952381,0.0,0.0
49251,11.121819056344,41.58744589487711,0.7944444444444444,0.0,0.0
49252,15.497533413546217,53.56246757507324,0.380952380952381,1.0,-1.0
49253,8.933192408743096,35.198286374409996,0.7454545454545453,0.6666666666666666,0.0
49254,9.677720423859975,29.295963158210117,0.24603174603174607,0.0,0.0
49256,7.804417288416178,28.091041088104248,0.1515151515151515,0.0,0.0
49257,6.343206539319726,18.83892873922984,0.44761904761904764,-1.0,1.0
49258,6.696889873390689,19.032108664512634,0.09523809523809525,-0.3333333333333333,0.6666666666666666
49259,8.396806093426814,24.539590458075207,0.23809523809523814,3.0,-1.0
49260,10.486690314289453,39.52214821179708,0.13535353535353536,0.0,0.0
49261,7.169143249526331,21.72037633260091,0.4047619047619048,1.0,-1.0
49262,8.420012841504768,27.110157648722332,0.6190476190476192,-1.0,1.0
49263,13.207419053985648,36.81532561779022,0.36111111111111116,0.3333333333333333,-0.3333333333333333
49264,2.4361215149694284,5.668147623538971,0.8333333333333334,0.0,0.0
49265,8.014216241879897,27.079590400060017,0.27777777777777785,0.0,0.0
49266,5.766075494689459,21.263333320617676,0.6388888888888888,2.6666666666666665,-0.6666666666666666
49267,13.028837911540798,36.60040068626404,-0.11111111111111112,2.3333333333333335,-1.0
49268,8.094187152119451,27.16979690392812,0.19841269841269846,2.6666666666666665,-1.0
49269,5.443250262493099,15.101420561472574,0.7380952380952381,-2.3333333333333335,0.3333333333333333
49270,2.8013190994734454,9.44402003288269,0.13535353535353536,-0.6666666666666666,0.0
49271,11.418821098016833,30.384512240688007,0.28571428571428575,3.0,-1.0
49272,7.443810232723916,24.886356194814045,0.5676767676767677,0.0,0.0
49273,12.881140491313348,40.77448431650797,0.5873015873015874,0.0,0.0
49275,7.693884147280786,23.511641184488933,0.7500000000000001,0.0,0.0
49276,11.261340389463214,35.94144809246063,0.7535353535353534,1.0,-1.0
49278,7.565674861629632,25.86188817024231,0.3575757575757576,0.0,0.0
49280,14.797657275767941,53.783243338267006,0.591919191919192,0.0,0.0
49282,4.330758974525022,13.851084550221762,0.3650793650793651,-3.0,0.0
49283,4.602780293910615,15.851155678431192,0.37222222222222223,0.0,0.0
49284,8.318607764665494,26.037967165311176,0.6722222222222222,2.0,-1.0
49285,8.311198212918482,26.18555410703023,0.42857142857142866,-0.3333333333333333,0.3333333333333333
49286,6.565655073066829,20.77253629763921,0.25555555555555554,2.6666666666666665,-1.0
49287,8.168444001417695,26.339367071787517,0.3333333333333334,0.0,0.0
49288,6.991194181935788,23.55682607491811,0.6555555555555556,2.3333333333333335,-1.0
49289,10.410261276891704,30.890525261561077,0.3412698412698414,0.6666666666666666,-0.6666666666666666
49290,5.115898794096038,18.70226001739502,0.23015873015873023,0.0,0.0
49291,10.260316488752647,27.272688150405884,0.8666666666666666,0.0,0.0
49292,9.918755444555897,30.293043335278828,0.3174603174603175,0.0,0.0
49294,6.6900267404161005,21.775852998097736,0.9222222222222222,0.0,0.0
49295,8.394114077019179,27.235759019851685,0.3888888888888889,0.0,0.0
49296,10.574541517788107,37.134159882863365,0.17777777777777778,2.0,-1.0
49299,11.623648928759621,42.5211128393809,0.406060606060606,1.0,0.0
49300,5.930467390026176,19.047007481257122,0.11666666666666665,0.0,0.0
49301,10.199335683863815,35.81742660204569,-0.3571428571428572,3.0,-1.0
49302,9.915304799392592,32.474913597106934,0.24444444444444446,2.6666666666666665,-1.0
49303,9.550201334610888,30.178992748260498,0.5388888888888889,0.0,0.0
49304,7.594826732677458,22.695996324221294,0.01587301587301586,1.6666666666666667,-0.6666666666666666
49305,12.306096763747691,38.131270011266075,0.7277777777777779,0.0,0.0
49306,10.194765928426357,35.27079991499583,0.7936507936507938,0.0,0.0
49307,9.399201688552177,27.553598880767822,0.4101010101010101,-1.0,1.0
49308,12.505395108043595,39.41219822565714,0.7212121212121211,2.0,-0.6666666666666666
49309,9.428468940007454,36.57067875067393,0.4585858585858585,0.0,0.0
49310,6.843056605347075,20.520339012145996,0.1619047619047619,0.0,0.0
49311,6.543504243263786,24.365727146466572,0.6404040404040403,0.0,0.0
49312,8.56236981045204,32.27458596229553,0.49494949494949486,0.0,0.0
49313,13.561870058377584,27.12374011675517,0.9999999999999999,0.0,0.0
49314,4.874138109343533,14.236604730288187,0.7857142857142859,-0.3333333333333333,0.0
49316,5.443289936842008,18.12012179692586,0.7976190476190478,0.0,0.0
49317,17.42427426201122,50.17116244633993,0.07142857142857144,0.3333333333333333,0.0
49318,7.650011432512727,29.843746503194172,0.6606060606060605,0.0,0.0
49319,6.375134774670534,17.43169664343198,0.7142857142857143,0.0,0.0
49321,6.971229500488523,24.0956076780955,0.35353535353535354,-1.0,1.0
49322,3.985760026622019,13.41925841073195,0.6888888888888888,-3.0,0.0
49323,9.888858584212544,31.654806673526764,0.2571428571428572,-1.0,1.0
49325,4.442788671136459,15.548147221406301,-0.5666666666666665,-1.6666666666666667,0.0
49326,8.028399587429565,24.81293515364329,-0.0909090909090909,-2.0,1.0
49327,10.78337699772729,33.640009040633835,0.5714285714285715,3.0,-1.0
49328,9.711081358007442,30.8758560915788,0.41111111111111104,-2.6666666666666665,0.6666666666666666
49329,9.198360135356324,33.46830415725708,0.7414141414141412,0.0,0.0
49332,7.016532820495205,21.021125356356304,0.9191919191919191,0.3333333333333333,-0.3333333333333333
49333,4.965565994141173,15.211554725964865,-0.2722222222222222,-1.3333333333333333,0.0
49334,4.537404740321232,15.5927521387736,0.34126984126984133,0.0,0.0
49336,6.2821461987327964,19.74628112713496,0.761904761904762,0.0,0.0
49337,13.794892044176223,38.545888463656105,0.015873015873015883,2.3333333333333335,-1.0
49338,4.262154032829198,14.647313197453817,0.6587301587301587,-0.3333333333333333,0.3333333333333333
49341,5.62153053275819,19.070416967074078,0.4682539682539683,0.0,0.0
49342,13.507449192072613,45.44178771972656,0.6055555555555556,0.0,0.0
49343,17.26061119599402,51.6513557434082,0.5428571428571429,0.0,0.0
49344,6.1957453871319155,19.621627191702526,0.6565656565656565,3.0,0.0
49345,23.569803646277535,62.03749910990397,0.04761904761904762,0.0,0.0
49346,8.797600162612389,26.61392530798912,0.23636363636363633,0.3333333333333333,-0.3333333333333333
49347,7.339085296988512,23.708542267481487,-0.03333333333333334,-5.0,1.0
49348,16.5623350405039,50.86381006240845,0.5722222222222222,-1.0,1.0
49349,7.108773415905328,20.927743673324585,0.12323232323232321,0.0,0.0
49351,3.9078415796281507,13.363956625262896,0.49444444444444446,-4.333333333333333,0.6666666666666666
49353,7.0202742411568595,22.554101864496868,0.17222222222222225,-1.0,1.0
49354,10.88785113697809,37.14006878932317,0.15151515151515152,0.0,0.0
49355,6.844672986542449,22.126751224199932,0.7857142857142859,0.0,0.0
49356,10.981904243748174,37.16214267412821,0.04761904761904764,0.0,0.0
49358,12.6143756283105,43.481646617253624,0.8555555555555555,2.0,-1.0
49359,0.642583264323186,1.4962276220321655,-0.3333333333333333,1.0,-0.6666666666666666
49360,8.55163277481286,29.699201424916584,0.5757575757575757,0.0,0.0
49361,8.503462902331524,28.233290394147236,-0.21428571428571433,2.3333333333333335,-1.0
49362,0.0,0.0,,0.0,0.0
49363,11.757579043549322,30.67910639444987,0.9333333333333332,0.0,0.0
49365,10.99089841016586,32.03532165288925,0.8222222222222223,0.0,0.0
49367,8.841146429457412,32.11813209454218,0.24444444444444444,1.6666666666666667,-1.0
49369,5.530435736972977,14.98827231923739,0.20634920634920637,1.3333333333333333,-0.6666666666666666
49370,1.8527186886639664,4.880237778027852,-0.3333333333333333,3.0,-1.0
49371,7.860765119606234,22.165833791097004,0.5238095238095238,0.0,0.0
49372,3.9700799921006564,12.728415369987488,0.47222222222222215,4.666666666666667,0.0
49373,7.511668397811832,26.60091229279836,0.2323232323232323,0.0,0.0
49374,9.272309878658875,26.149861733118694,0.4285714285714286,2.6666666666666665,-1.0
49375,11.772322293456527,41.43262338638306,0.6282828282828282,-1.0,1.0
49376,0.0,0.0,,0.0,0.0
49377,5.4336362977963155,16.67186228434245,0.7500000000000001,0.6666666666666666,-0.3333333333333333
49378,9.574928634850538,34.80022772153219,0.9523809523809524,0.0,0.0
49379,11.938494089530343,40.732213298479714,-0.06111111111111111,0.0,0.0
49380,10.935164672638985,42.54090738296509,0.8777777777777778,0.0,0.0
49381,3.05391338266396,8.700395623842875,0.2333333333333333,0.0,0.0
49382,11.644919169472212,33.06563363969326,0.6666666666666669,0.6666666666666666,-0.6666666666666666
49383,4.7267260797217485,16.50467586517334,0.2619047619047619,2.0,-1.0
49384,8.737696693928145,20.27975034713745,0.3333333333333334,-0.3333333333333333,0.6666666666666666
49385,10.852912432861684,36.33274873097738,-0.1666666666666667,-2.0,0.0
49387,10.38094479196608,27.047470490137737,0.7999999999999999,0.3333333333333333,-0.3333333333333333
49388,2.9748169820948207,8.413206378618876,0.7142857142857144,0.0,0.0
49389,7.4708472646512165,21.793529232343037,0.26060606060606056,6.0,-1.0
49390,10.85794439926527,35.73338516553243,0.8476190476190477,0.0,0.0
49393,6.634464383882569,18.958356082439423,0.9047619047619048,0.3333333333333333,-0.3333333333333333
49394,7.04811074705006,22.396392226219177,0.8333333333333334,0.0,0.0
49395,10.268790841317136,33.256131649017334,0.7944444444444444,0.3333333333333333,-0.3333333333333333
49397,9.058896272985276,32.932838916778564,0.5717171717171716,0.0,0.0
49398,11.183187008337205,42.44538815816244,0.1111111111111111,0.0,0.0
49399,6.00097306628487,21.405750910441082,0.5151515151515151,0.0,0.0
49400,2.7687415099171075,7.768662929534912,0.04761904761904764,1.3333333333333333,0.3333333333333333
49402,9.544811841603023,28.44966220855713,0.29523809523809524,0.0,0.0
49403,8.456949879296213,29.8393181959788,0.6727272727272727,0.0,0.0
49405,3.740087005006835,13.036474481225014,0.20404040404040402,3.6666666666666665,-1.0
49406,10.094011378533848,30.130692695577938,0.08333333333333336,-2.3333333333333335,0.6666666666666666
49407,4.804109198690807,16.61408132314682,0.18383838383838383,5.333333333333333,-1.0
49408,8.17030932552565,25.543774326642353,-0.07936507936507937,1.0,-1.0
49409,4.25903237964171,13.076871633529663,0.7333333333333333,-0.3333333333333333,0.3333333333333333
49410,7.300625489777256,22.39187745253245,0.8174603174603176,-1.0,1.0
49412,9.323430668395186,31.179148356119793,0.6984126984126986,0.0,0.0
49414,2.481711471957265,8.007445812225342,0.305050505050505,1.0,-1.0
49415,8.899687413936068,28.955192883809406,0.5793650793650794,1.0,-1.0
49416,5.423347264085539,16.78048801422119,0.6587301587301588,1.0,-0.6666666666666666
49417,7.6652362346501794,29.16435893376668,0.46262626262626255,0.0,0.0
49418,5.382951790059782,21.4330796400706,0.4222222222222222,-1.0,1.0
49419,10.538328425165398,31.91733205318451,0.5272727272727272,0.0,0.0
49420,16.44237779764254,49.118313471476235,0.5000000000000001,0.0,0.0
49421,12.12086916965788,36.54581101735433,0.5238095238095238,1.0,-1.0
49422,3.2888747283807294,11.29407294591268,0.16666666666666666,1.3333333333333333,-0.3333333333333333
49423,7.87285467021406,28.64688425262769,0.7898989898989899,1.3333333333333333,-1.0
49424,10.718480352752954,28.1220357020696,-0.14747474747474745,0.0,0.0
49425,12.659618049884317,36.155031283696495,0.06666666666666667,0.0,0.0
49426,3.608095890733976,10.769713004430136,-0.11904761904761907,0.6666666666666666,-0.6666666666666666
49427,4.35323367515387,15.15718220671018,0.5055555555555555,1.0,-1.0
49429,5.792906602223714,11.585813204447428,0.9999999999999999,0.0,0.0
49430,10.104442965104804,31.771337469418842,0.6944444444444445,1.0,-1.0
49431,7.606437836700867,24.112125476201374,0.6555555555555556,0.0,0.0
49433,11.621386300365053,33.77841214338938,0.7050505050505049,1.0,-0.6666666666666666
49434,4.750411938048447,15.88283884525299,0.3111111111111111,1.0,-0.3333333333333333
49435,15.267314645198335,37.605100095272064,0.5666666666666665,-1.0,1.0
49436,9.570437533593156,27.481632788976032,-0.22777777777777777,3.6666666666666665,-1.0
49437,3.226776509842511,10.14058780670166,0.14285714285714288,1.6666666666666667,-1.0
49438,7.462415773889508,25.536311626434326,0.39999999999999997,-3.0,0.3333333333333333
49439,4.054583584296589,13.088171184062958,0.37222222222222223,-0.3333333333333333,0.0
49440,17.625107425175802,49.292479515075684,0.6666666666666666,2.0,-1.0
49443,6.364313628917742,19.94096541404724,0.3454545454545454,2.6666666666666665,-1.0
49444,4.039365749536272,14.779679695765177,0.030303030303030307,3.6666666666666665,-1.0
49445,9.786825323612101,35.1085757513841,0.7888888888888889,0.0,0.0
49446,6.115349414588792,15.659664551417032,0.5333333333333333,0.6666666666666666,-0.3333333333333333
49447,9.929522463181756,36.45846605300903,0.7131313131313131,0.0,0.0
49448,9.608659356782907,35.59780744711558,0.5676767676767677,0.0,0.0
49449,12.703763663613367,34.744271675745644,0.6349206349206349,0.0,0.0
49450,8.364846094524202,24.011033535003662,0.5634920634920636,-0.3333333333333333,0.3333333333333333
49451,10.168289721455643,26.67585674424966,-0.17460317460317462,1.0,-0.6666666666666666
49452,18.16370019981529,51.196142514546715,0.7063492063492065,0.0,0.0
49453,3.8306520502211687,13.26875344912211,0.3968253968253969,0.0,0.0
49455,4.960958195334978,17.242893636226654,0.2777777777777778,2.6666666666666665,-1.0
49456,0.0,0.0,,0.0,0.0
49457,12.870834424778579,39.7384459177653,-0.10476190476190478,0.0,0.0
49458,12.480163124672496,46.87363497416178,0.2388888888888889,0.0,0.0
49459,4.9356272452811965,18.603896141052246,0.4828282828282828,-4.0,1.0
49460,0.0,0.0,,0.0,0.0
49461,6.901252799835208,23.718103369077046,0.406060606060606,0.0,0.0
49462,9.899487525553743,32.09764681259791,0.5499999999999999,0.0,0.0
49464,6.4579496918933765,21.367185726761818,0.5666666666666668,-0.6666666666666666,0.3333333333333333
49465,10.1487923959701,25.93259771168232,-0.6428571428571429,-2.3333333333333335,0.3333333333333333
49466,2.131870966616158,6.879909207423528,0.5499999999999999,0.3333333333333333,-0.3333333333333333
49468,11.03579392627791,35.489928245544434,0.5878787878787878,0.0,0.0
49469,4.516197839196903,14.417325774828592,0.14444444444444446,1.0,-1.0
49470,8.048289466652472,30.045756498972576,0.6984126984126986,0.0,0.0
49471,9.330579309374835,31.12761851151784,0.8412698412698414,0.0,0.0
49472,5.3564417659222805,13.020690361658732,0.8476190476190477,1.0,-0.6666666666666666
49473,5.640311424544383,21.80841064453125,0.6,0.0,0.0
49474,3.7983217991158376,12.582338492075602,0.2301587301587302,-0.3333333333333333,0.3333333333333333
49475,5.167240226690454,16.55596963564555,-0.09523809523809525,0.0,0.0
49476,5.062083216247985,17.714378754297893,-0.1111111111111111,-8.0,1.0
49477,3.727074831487474,12.125192960103353,-0.19999999999999998,-0.3333333333333333,0.3333333333333333
49478,9.01036616896556,32.07052763303121,0.5333333333333333,0.6666666666666666,-0.6666666666666666
49480,10.763359186710735,34.388196547826134,0.5555555555555557,0.0,0.0
49481,6.38347122742034,21.294644673665363,0.6904761904761906,-1.0,1.0
49482,3.66031701102744,12.98418684800466,0.3373737373737374,2.0,-1.0
49484,2.692831497826164,7.856364111105601,0.5757575757575757,1.3333333333333333,0.0
49487,7.535320099029048,26.69621006647746,0.4101010101010101,0.0,0.0
49488,6.723709499858636,22.423704147338867,0.5277777777777778,3.6666666666666665,0.0
49489,3.0878804052636455,7.421148777008057,0.5,0.0,0.0
49490,5.1969654859449355,14.968908250331879,0.40952380952380957,1.0,-0.6666666666666666
49491,3.998632279663473,12.743387540181478,0.6507936507936508,2.0,-1.0
49492,7.037573512971972,24.20756244659424,0.4833333333333334,2.3333333333333335,-0.6666666666666666
49494,7.827460728947074,26.582317352294922,0.4424242424242424,0.0,0.0
49495,15.757847536152967,35.98471053441366,0.6666666666666666,0.0,0.0
49496,9.411542241200468,26.5821137825648,0.19999999999999998,1.0,-1.0
49497,5.753214893659308,17.59388057390849,0.7619047619047622,2.3333333333333335,-1.0
49498,7.690067020510116,24.893343925476074,0.7142857142857144,0.0,0.0
49499,9.24534045432412,32.322073658307396,0.4206349206349207,2.6666666666666665,-1.0
49500,10.246094647611008,31.409891923268635,0.5166666666666666,0.0,0.0
49501,10.80728142043968,33.33194228013357,0.6444444444444444,1.3333333333333333,-1.0
49502,11.098866012339142,40.095071156819664,0.10707070707070705,0.0,0.0
49504,2.7316228905930835,8.691088000933329,-0.3333333333333334,1.6666666666666667,0.0
49505,11.271256772151858,32.776513497034706,0.39285714285714296,0.0,0.0
49506,4.361669447501233,12.148681124051413,0.16666666666666666,0.0,0.0
49507,7.77229421439672,24.830404703815777,0.15151515151515152,0.3333333333333333,0.0
49508,14.563904799626917,46.79228893915812,0.701010101010101,0.0,0.0
49510,10.586154452821074,24.82840820153554,1.0,0.0,0.0
49511,8.757010338613663,29.338448524475098,0.8253968253968256,0.0,0.0
49512,6.265939077591029,18.392548695206642,0.29761904761904767,-1.3333333333333333,0.0
49513,7.653424298495906,23.136799494425457,0.32142857142857145,1.0,-1.0
49516,15.778289284066247,44.9424934387207,0.09444444444444444,-0.6666666666666666,0.0
49518,10.123132169246674,20.246264338493347,0.9999999999999999,0.0,0.0
49519,7.666012878028266,24.930735905965168,-0.30952380952380953,1.3333333333333333,-0.6666666666666666
49520,4.406680651565808,13.154421011606852,0.07222222222222223,6.333333333333333,-1.0
49521,10.687221469976691,33.946695963541664,0.5555555555555555,0.0,0.0
49523,9.032152287534489,27.50699672102928,0.44761904761904764,0.0,0.0
49524,10.219432650147345,42.233604431152344,0.3252525252525252,0.0,0.0
49526,5.247592706431308,16.43467891216278,0.3095238095238096,0.6666666666666666,-0.3333333333333333
49527,3.241203803797841,8.872585614522299,0.21111111111111114,1.3333333333333333,-1.0
49528,5.721669771508201,19.198863635460537,-0.023809523809523826,0.6666666666666666,-0.6666666666666666
49530,5.593028088341022,17.79775897661845,0.7142857142857143,0.0,0.0
49531,8.075715729589943,26.741347988446552,0.7888888888888889,0.0,0.0
49532,6.371776380635372,18.190224647521973,0.23809523809523814,0.3333333333333333,-0.3333333333333333
49533,0.7028979460398356,1.4057958920796711,-0.9999999999999999,1.0,-1.0
49535,7.589461732429782,23.27464081843694,0.6190476190476191,0.0,0.0
49536,6.954636893240604,25.527600804964703,0.4505050505050505,-0.6666666666666666,0.6666666666666666
49537,15.925315384109373,45.91445803642273,0.08730158730158731,-2.0,1.0
49538,12.568677243101645,42.98920718828837,0.5838383838383838,0.0,0.0
49539,3.6411828698911806,13.616621176401773,0.11919191919191918,2.6666666666666665,0.0
49540,9.325655491660191,32.188515742619835,0.8833333333333333,1.6666666666666667,-1.0
49541,8.015662642496855,26.886929035186768,0.8095238095238096,-1.0,0.0
49542,3.4305075066828725,11.467784921328226,0.21428571428571433,0.0,0.0
49543,6.092050717131264,19.852895259857178,0.2619047619047619,2.0,-1.0
49544,8.895770662293197,31.0479517976443,0.8571428571428572,0.0,0.0
49546,0.0,0.0,,0.0,0.0
49548,6.244866131805945,20.419646695256233,-0.026262626262626265,2.3333333333333335,-1.0
49549,10.805905922538898,35.13973740736643,0.8095238095238096,2.0,-1.0
49550,4.57365709908193,12.075592041015625,-0.39999999999999997,1.6666666666666667,-1.0
49551,12.636378673739896,41.94553645451864,0.3650793650793651,0.0,0.0
49553,5.678048723886917,18.173466285069782,0.06666666666666665,3.3333333333333335,-1.0
49554,5.946193835705095,20.675337155659992,0.494949494949495,1.0,-1.0
49555,6.06301686365937,17.91640128691991,0.8095238095238096,0.0,0.3333333333333333
49556,7.937604469751233,28.456235885620117,0.49898989898989893,0.3333333333333333,-0.3333333333333333
49557,9.316464266313448,28.541666467984516,-0.5476190476190478,1.3333333333333333,0.0
49558,8.054387996585731,27.18142632643382,0.24603174603174605,-1.0,1.0
49559,5.6226448747071105,17.491854667663574,0.18253968253968256,0.6666666666666666,-0.6666666666666666
49560,7.426970579986758,25.692518432935078,0.4404761904761905,0.0,0.0
49561,6.792335601495194,23.528554439544678,0.17777777777777778,0.3333333333333333,0.3333333333333333
49562,5.792494606962925,16.821536789337795,0.2727272727272727,1.0,-0.6666666666666666
49563,6.401982612417419,19.427443424860638,0.2888888888888889,0.3333333333333333,-0.3333333333333333
49565,14.3597436033955,49.878178437550865,0.34949494949494947,-1.6666666666666667,0.6666666666666666
49566,6.745265685306162,20.79261475801468,0.8690476190476192,0.3333333333333333,-0.3333333333333333
49567,11.827492342299168,38.46772321065267,0.7454545454545455,-0.6666666666666666,0.6666666666666666
49568,4.422308291692466,13.898958285649618,0.4424242424242424,0.0,0.0
49569,5.7038596279637455,21.07232429087162,0.75,0.0,0.0
49572,4.084682399551203,11.363640069961548,0.18888888888888888,1.3333333333333333,-1.0
49573,7.491379761655199,22.282666444778442,-0.4285714285714286,-1.0,1.0
49574,4.530002963463646,14.14499537150065,-0.23809523809523814,1.6666666666666667,-0.6666666666666666
49575,7.721357691884229,22.516691605250042,0.4642857142857144,-0.6666666666666666,0.6666666666666666
49576,15.34828765995134,41.39081700642904,0.7222222222222223,0.0,0.0
49577,12.399865039570033,35.93412655591965,0.638095238095238,0.0,0.0
49578,11.34519928181745,30.454419180750847,0.5,-2.0,0.3333333333333333
49579,5.718437020965225,21.18388032913208,0.44646464646464645,0.0,0.0
49580,5.22176181099083,19.286999344825745,0.43030303030303024,0.0,0.0
49581,7.638000044385383,17.25059445699056,0.5,0.0,0.0
49582,9.870381609768762,32.585371335347496,0.5499999999999999,0.0,0.0
49584,7.061638667936251,28.249518076578777,0.6565656565656565,0.0,0.0
49585,10.923403139922462,29.34609619776408,0.07222222222222223,0.3333333333333333,-0.3333333333333333
49586,6.551588356527134,24.808418432871502,0.18787878787878787,-2.6666666666666665,0.0
49588,20.690682167216995,65.21908744176228,0.65,0.3333333333333333,-0.3333333333333333
49589,5.174356331223735,19.564472556114197,0.6686868686868687,-4.666666666666667,0.0
49591,5.478183193344495,17.385214646657307,0.1547619047619048,0.0,0.0
49592,5.262166861023708,17.88111404577891,0.591919191919192,0.3333333333333333,-0.3333333333333333
49593,3.908805080774536,13.0089639822642,0.6507936507936508,0.0,0.0
49594,15.245929684634453,35.410742123921715,0.39999999999999997,1.0,-1.0
49596,8.665551516630819,28.640795826911926,0.39393939393939387,0.0,0.0
49597,6.979039601385448,25.901341438293457,0.5272727272727272,3.0,-1.0
49598,6.26958243160978,17.255887667338055,0.4222222222222222,0.0,0.0
49599,4.073589345390055,12.927783409754435,0.3095238095238096,1.3333333333333333,-0.6666666666666666
49600,13.19313381453305,35.437809785207115,0.761904761904762,-1.0,1.0
49601,9.15404264393611,26.876715819040935,0.3730158730158731,2.6666666666666665,-1.0
49603,10.674188216754942,30.11366868019104,0.8222222222222223,0.6666666666666666,-0.6666666666666666
49604,7.297550893944241,24.41254409154256,0.380952380952381,0.0,0.0
49605,6.756872966556692,24.121321717898052,0.4383838383838383,2.6666666666666665,-1.0
49606,3.5773164717326487,8.794406652450562,0.7333333333333334,0.0,0.0
49607,3.3654737915595825,10.42844408750534,0.8111111111111112,0.6666666666666666,-0.3333333333333333
49608,12.719448569694757,44.49928689002991,0.34949494949494947,0.0,0.0
49609,12.352934721717768,31.633700013160706,1.0,0.0,0.0
49612,8.738756446734468,26.93109154701233,0.07936507936507937,0.0,0.0
49616,6.8693536732708536,24.807220300038654,0.17460317460317462,2.3333333333333335,-1.0
49618,8.251617817397227,32.24280516306559,0.709090909090909,0.0,0.0
49619,10.428124805194797,27.787976413965225,0.6666666666666666,1.0,0.0
49620,10.904561832063711,28.683237075805664,0.39999999999999997,1.0,-1.0
49621,10.025175610887866,27.41936198870341,0.011904761904761906,0.0,0.0
49622,9.126433264378507,31.019160350163776,0.49999999999999994,-1.0,0.0
49624,0.0,0.0,,0.0,0.0
49625,7.25488006387132,24.32959974805514,0.6,0.0,0.0
49627,3.478034759518005,9.200109402338663,0.03333333333333333,3.6666666666666665,-1.0
49629,6.3327598373413565,20.817178989450138,0.36969696969696964,0.0,0.0
49631,8.827355263749922,24.087356845537823,0.4047619047619048,1.0,-0.3333333333333333
49632,5.931887336468777,22.05961787700653,0.47222222222222227,0.0,0.0
49633,11.493689453133783,33.3243168592453,0.7023809523809526,0.0,0.0
49634,11.08255426865854,31.448452711105347,0.5393939393939392,2.6666666666666665,-1.0
49635,9.846806896010834,26.231446743011475,0.7976190476190478,0.0,0.0
49636,7.18151536806499,18.98313295841217,0.7999999999999999,0.0,0.0
49637,7.265267267498068,25.98220658302307,-0.2323232323232323,0.0,0.0
49639,4.6532802104390205,15.155077199141184,0.4920634920634921,4.0,0.0
49640,5.475063614656438,16.615346272786457,0.014141414141414158,2.6666666666666665,0.0
49641,9.517433920702958,25.535822699467342,0.8095238095238096,-1.6666666666666667,0.6666666666666666
49644,9.885920271076577,34.0601102511088,0.32525252525252524,0.0,0.0
49645,5.084771084912355,15.86005679766337,0.45050505050505046,0.6666666666666666,-0.6666666666666666
49646,8.315083415978194,28.5296111702919,0.4333333333333333,0.0,0.0
49647,11.694069664034457,33.570049007733665,0.6380952380952382,0.0,0.0
49648,10.383912120046865,32.8782510360082,0.7261904761904763,1.0,-1.0
49649,7.200623582227081,25.44163902600606,0.34949494949494947,0.0,0.0
49650,12.247993003143483,40.43943238258362,0.9333333333333332,0.6666666666666666,-0.6666666666666666
49651,5.679278250957189,13.434900164604187,-1.0,0.0,0.0
49652,10.778380893246235,31.520142277081806,0.8666666666666668,0.0,0.0
49653,10.111005187535497,30.096246600151062,0.4206349206349207,0.0,0.0
49654,7.566756286694923,25.235947132110596,0.32929292929292925,1.0,-0.6666666666666666
49655,3.882852554855031,12.14087258776029,0.35238095238095246,2.0,-0.6666666666666666
49656,12.513347542824839,44.01966202259064,0.4828282828282828,-1.0,1.0
49657,6.807767846563958,24.328804850578308,0.18888888888888888,0.0,0.0
49658,9.105100591227494,27.197470903396606,0.5952380952380953,0.6666666666666666,-0.6666666666666666
49659,0.0,0.0,,0.0,0.0
49660,8.978316161516071,37.93734264373779,0.6121212121212121,0.0,0.0
49662,9.640403504787301,30.430447578430176,0.39444444444444443,0.0,0.0
49663,7.760789120066241,22.386813799540203,0.7666666666666666,0.0,0.0
49665,8.964232424402418,34.3652777671814,0.7050505050505049,0.0,0.0
49667,4.366546348053499,11.913565610845884,0.19999999999999998,0.3333333333333333,-0.3333333333333333
49669,6.681138513288999,21.045004760225613,0.32539682539682546,-0.6666666666666666,0.6666666666666666
49670,4.26063134521582,13.493247906366983,0.8968253968253969,0.0,0.0
49671,11.199200609087802,36.37500810623169,0.9393939393939393,0.0,0.0
49673,5.339351239199239,18.36759477853775,0.1313131313131313,-1.6666666666666667,0.0
49674,6.558717187405097,19.33302579323451,0.46666666666666673,0.0,0.0
49675,7.961850450888846,29.14314790566762,0.6969696969696969,2.3333333333333335,-1.0
49676,8.356990565751547,23.988961855570476,0.9666666666666665,0.0,0.0
49677,10.510346745608262,31.714767535527546,0.8285714285714286,0.0,0.0
49678,14.565775531447434,47.24696318308512,-0.1722222222222222,0.0,0.0
49680,3.5390221363504737,12.27889903386434,0.28080808080808084,-0.6666666666666666,0.6666666666666666
49681,11.23344987892107,36.14182376861572,-0.1111111111111111,0.0,0.0
49683,0.0,0.0,,0.0,0.0
49684,6.005306004703336,15.260351181030273,0.380952380952381,0.3333333333333333,-0.3333333333333333
49685,6.960698802441982,20.999550849199295,0.7523809523809524,0.0,0.0
49686,10.29039771822746,32.359338919321694,0.5396825396825397,0.6666666666666666,0.3333333333333333
49687,17.150142558372124,54.1832865079244,0.7261904761904763,-0.3333333333333333,0.3333333333333333
49688,1.763378659884135,3.52675731976827,-0.3333333333333333,0.6666666666666666,-0.6666666666666666
49689,10.604440263358677,32.45199159781138,0.5222222222222223,-1.3333333333333333,0.3333333333333333
49690,15.93766860547832,51.151005148887634,-0.2777777777777778,4.0,-1.0
49691,11.01892225134686,38.23771047592163,0.7222222222222223,0.0,0.0
49692,12.68187929623732,40.81584945817789,0.31666666666666665,-0.6666666666666666,0.6666666666666666
49693,3.999951021877808,14.112025737762451,0.15555555555555553,-3.0,1.0
49694,9.957190203934593,26.40465858578682,0.7833333333333332,-1.0,0.3333333333333333
49695,3.590583733343363,12.702359666426977,0.634920634920635,3.3333333333333335,-1.0
49696,0.5426241705814997,1.0852483411629994,0.9999999999999999,0.0,0.0
49697,9.500792143398959,33.86816438039144,0.030303030303030304,7.333333333333333,-1.0
49698,7.749798447811657,26.960035006205242,0.15555555555555556,0.0,0.0
49699,4.150381119550237,13.974828561147055,0.1777777777777778,0.0,0.0
49700,7.24681339946459,20.954764246940613,0.6587301587301587,0.3333333333333333,-0.3333333333333333
49701,6.470670473204244,23.436546166737873,0.6363636363636364,0.3333333333333333,-0.3333333333333333
49702,8.43442531241586,26.937145352363586,0.630952380952381,0.0,0.0
49703,8.67981575049838,31.53609498341878,0.7696969696969697,0.0,0.0
49704,11.722416719512408,36.29266812403997,0.8333333333333335,-1.0,1.0
49705,7.5381362256685085,23.328177730242412,0.19444444444444445,-6.0,1.0
49706,10.611965503715197,39.34868144989014,0.5396825396825397,0.0,0.0
49707,13.409610862263541,45.50600131352743,0.6984126984126986,-0.6666666666666666,0.6666666666666666
49708,10.889974217495697,40.63909578323364,0.4523809523809524,0.0,0.0
49710,5.116051400916766,18.55396819114685,-0.026262626262626276,-6.333333333333333,0.0
49711,7.122752012536767,15.225725928942362,0.8333333333333334,0.0,0.0
49712,13.532056855420578,41.06360550721487,0.6611111111111111,0.0,0.0
49713,23.887779963454012,60.88098665078481,0.5714285714285715,-1.0,1.0
49714,6.54199295271777,17.76963698863983,0.28571428571428575,0.0,0.0
49715,2.9543680982276244,9.735741098721823,0.5333333333333333,-3.6666666666666665,0.6666666666666666
49716,3.845343872871793,9.61381721496582,-0.3333333333333333,-0.3333333333333333,0.0
49717,6.95460284864047,26.049452622731526,0.5611111111111111,2.6666666666666665,-1.0
49718,11.18602929033699,36.105968952178955,0.3690476190476191,0.0,0.0
49719,12.152686625288228,34.47105002403259,0.6666666666666666,0.0,0.0
49721,4.834980408855139,16.530048325657845,0.4055555555555556,0.0,0.0
49722,5.081761019133673,18.398534099260967,0.604040404040404,2.0,-1.0
49723,3.426934020216087,10.995814522107443,0.7388888888888889,-0.6666666666666666,0.0
49724,10.019884413999057,33.23376719156901,0.11904761904761907,0.0,0.0
49725,7.673262604076494,23.923152287801106,0.01414141414141413,1.6666666666666667,-0.3333333333333333
49726,5.225775945334847,14.437161693970362,0.23809523809523814,1.0,-0.6666666666666666
49727,8.422021001625364,30.77042707800865,0.6166666666666667,1.3333333333333333,-0.6666666666666666
49730,4.718837318834392,15.296977003415426,0.49494949494949486,0.3333333333333333,-0.3333333333333333
49731,9.274510629554412,26.428533395131428,0.6161616161616161,0.0,0.0
49732,0.0,0.0,,0.0,0.0
49733,5.9344179379265904,21.578946749369305,0.6808080808080809,0.6666666666666666,-0.6666666666666666
49734,13.129450281019407,41.37995147705078,0.6785714285714287,0.0,0.0
49735,8.625394051641566,31.583303054173786,0.7833333333333333,0.3333333333333333,-0.3333333333333333
49737,10.958500455982978,32.619461139043175,0.02380952380952381,3.0,-1.0
49738,16.392676107433157,50.5992279847463,0.5396825396825397,0.0,0.0
49739,3.551496550215821,12.103293816248575,0.7380952380952381,0.0,0.0
49740,6.192782341564978,15.766470665733019,-0.13095238095238096,1.0,-1.0
49742,10.800354755485431,33.5082213083903,0.6277777777777779,1.0,0.0
49743,4.908212245716311,16.090108076731365,0.05858585858585858,0.3333333333333333,-0.3333333333333333
49744,7.2511671206853,20.398693298300106,0.5476190476190478,0.0,0.0
49746,11.252041671784681,31.999796628952026,0.25000000000000006,0.0,0.0
49747,4.22946386199916,14.000760873158773,-0.36969696969696964,-5.0,0.0
49748,0.0,0.0,,0.0,0.0
49749,6.448638997246619,22.914464821418125,0.2738095238095239,0.0,0.0
49750,6.531938792913514,19.06968132654826,0.19047619047619055,0.0,0.0
49751,8.6069156177426,24.989710291226704,0.6,3.0,-1.0
49752,4.536002522781813,12.5629563331604,0.10714285714285716,2.3333333333333335,0.0
49753,7.829951793623523,26.148586173852284,0.511904761904762,0.0,0.0
49754,9.421403578895415,30.08728249867757,0.6984126984126986,0.0,0.0
49756,9.144000669525214,32.88690185546875,0.22020202020202015,0.3333333333333333,-0.3333333333333333
49757,4.4159747985842355,13.45639463265737,0.16767676767676767,2.3333333333333335,-1.0
49758,11.42677594511298,31.94683015346527,0.11904761904761907,1.0,-1.0
49759,10.50601212672967,34.156375090281166,0.04761904761904762,0.0,0.0
49760,13.070065339406332,26.140130678812664,0.9999999999999999,0.0,0.0
49761,7.34728433161171,25.77791154384613,0.7656565656565656,-2.3333333333333335,0.0
49762,9.862712322827887,38.172634760538735,0.6444444444444443,0.0,0.0
49763,14.51717052790414,44.8296103477478,-0.4126984126984128,3.3333333333333335,-1.0
49765,4.201052187349753,15.098444064458212,0.28484848484848485,-1.0,1.0
49766,10.40153993142482,34.14733350276947,0.6746031746031748,-0.6666666666666666,0.6666666666666666
49768,11.657701775679087,30.92784305413564,0.7999999999999999,0.0,0.0
49769,6.315948224754206,21.321028113365173,0.6984126984126986,0.0,0.0
49770,2.976176443238328,8.663079341252645,0.19047619047619047,0.6666666666666666,-0.6666666666666666
49772,6.511061930648545,20.818835258483887,0.23809523809523814,-4.0,1.0
49775,5.464797741296787,15.25549727678299,0.2571428571428572,0.0,0.0
49777,8.87972469633362,24.959814230600994,0.961904761904762,0.0,0.0
49778,7.668020964568804,28.956109921137493,0.28484848484848485,-1.0,1.0
49779,5.5606112695418775,16.151118715604145,0.7460317460317462,0.0,0.0
49780,6.858069344457874,21.3316543896993,-0.2388888888888889,1.6666666666666667,-1.0
49781,8.16553052662268,23.575780779123306,0.942857142857143,0.3333333333333333,-0.3333333333333333
49782,12.796501286509795,37.323082447052,0.7698412698412701,0.0,0.0
49783,10.429563483675096,31.950202703475952,0.6031746031746033,0.3333333333333333,-0.3333333333333333
49784,6.930043711730029,21.955860535303753,0.8707070707070704,0.0,0.0
49785,10.667526032294788,34.0693184932073,0.8476190476190477,0.0,0.0
49786,6.491917616101637,23.963993628819782,0.6767676767676768,1.0,0.0
49787,12.763830736108313,34.39799933632215,0.7976190476190478,0.0,0.0
49788,6.570650165656325,24.63412054379781,0.4141414141414141,0.0,0.0
49790,6.6625109403233855,17.97259251276652,0.7738095238095241,0.3333333333333333,-0.3333333333333333
49791,8.060751689170656,18.81765063603719,1.0,0.0,0.0
49792,11.53061192825465,44.16414133707682,0.36969696969696964,1.0,-1.0
49793,7.18593448981856,23.452157258987427,0.5714285714285715,0.0,0.0
49796,10.580950622316225,31.907582739988964,0.6808080808080806,-1.6666666666666667,0.6666666666666666
49798,4.127450624047044,13.326624234517416,-0.39797979797979793,-2.6666666666666665,0.6666666666666666
49801,4.825196563384906,17.70910183588664,0.5232323232323232,-2.0,1.0
49802,5.9254448980130165,20.130481243133545,0.7818181818181819,-0.6666666666666666,0.0
49803,5.709193168186055,19.805927793184917,0.5111111111111111,0.3333333333333333,-0.3333333333333333
49804,9.30994769613615,35.38044007619222,0.38181818181818183,0.0,0.0
49805,6.46007646815223,19.439168125391006,0.5238095238095238,-2.3333333333333335,0.0
49807,9.756709124747285,25.966427246729534,0.6,1.0,-1.0
49808,11.079113796554415,32.54805711905161,0.19999999999999998,2.0,-1.0
49810,10.350496563982118,29.388272682825725,0.04646464646464646,-2.0,1.0
49811,10.839998842238286,32.205593506495156,0.8999999999999998,0.0,0.0
49812,10.999288363676994,38.907299200693764,0.7979797979797979,0.0,0.0
49813,6.433376338112367,17.069343502322834,0.7857142857142859,0.0,0.3333333333333333
49815,7.2514121346174925,20.56720733642578,0.16666666666666666,0.3333333333333333,-0.3333333333333333
49816,5.337629809713192,13.82883600393931,1.0,0.0,0.0
49817,10.332034419990629,27.353023807207745,0.10317460317460318,0.6666666666666666,-0.6666666666666666
49818,6.717472023617316,22.577837705612183,0.43030303030303035,3.0,-1.0
49819,9.369842278451662,34.51904888947805,0.40202020202020194,2.0,-1.0
49820,2.17740678130922,6.593498304486275,0.5634920634920636,3.3333333333333335,0.0
49821,4.956948763263458,15.461250265439352,0.2619047619047619,4.0,-1.0
49822,10.46026817593422,30.48476325472196,0.5666666666666665,1.0,-1.0
49825,12.009290354115388,40.11720132827759,0.7388888888888889,0.0,0.0
49826,8.24665020419233,22.520817756652832,0.26984126984126994,-5.333333333333333,0.3333333333333333
49827,5.930541703167404,17.889074405034382,0.3333333333333333,3.0,-1.0
49828,12.191278891553395,31.20002074042956,0.03968253968253969,0.6666666666666666,0.3333333333333333
49831,17.567805845408472,40.735555013020836,0.5047619047619049,0.0,0.0
49833,12.270612240498584,32.39014377693335,0.42063492063492064,0.0,0.0
49834,12.86914256718363,42.1144593556722,0.3898989898989899,-3.0,1.0
49835,8.99953845392488,26.263814091682434,0.5878787878787879,2.6666666666666665,0.0
49837,10.504214035811684,39.67032233874003,0.5595959595959595,0.3333333333333333,-0.3333333333333333
49838,7.93100640256612,27.034154415130615,0.26464646464646463,-1.0,1.0
49839,6.199107489697496,18.77893892923991,0.6111111111111113,3.0,0.0
49841,3.4511437231209636,12.298436164855957,0.5722222222222223,0.0,0.0
49842,10.55639501821682,31.954806804656982,0.8095238095238096,0.0,0.0
49844,12.405685373817471,36.89274422327677,0.24603174603174607,1.0,0.0
49845,5.5005799477799,16.06673248608907,0.18095238095238098,-1.0,0.3333333333333333
49846,8.894882989168776,29.185565153757732,0.3174603174603175,-0.3333333333333333,0.3333333333333333
49847,11.177619234327693,35.710177063941956,-0.11904761904761907,0.0,0.0
49848,11.196148370901776,36.200036446253456,0.7976190476190478,0.0,0.0
49849,4.267276946657549,12.223885456720987,0.6666666666666669,0.3333333333333333,-0.3333333333333333
49850,6.312530306509089,21.207025130589802,0.05555555555555555,2.6666666666666665,-1.0
49851,6.511743978864716,21.586577733357746,0.43030303030303035,0.0,0.0
49853,3.440330911367329,13.610287566979727,0.24848484848484845,6.0,0.0
49854,7.839996953439782,24.44296344121297,0.21428571428571433,0.0,0.0
49855,7.3608215610493355,20.752655188242596,0.7904761904761904,1.0,-1.0
49856,5.449880265656515,19.163142730792362,0.5333333333333333,-0.3333333333333333,0.0
49857,5.728874936563977,20.327887415885925,0.018181818181818177,-1.0,1.0
49858,10.29528013234554,28.020376563072205,0.6777777777777777,1.0,-0.6666666666666666
49859,7.939749743704895,30.35553828875224,0.5232323232323232,-2.0,0.0
49861,7.283177580586497,22.68462610244751,0.8101010101010099,-1.0,1.0
49863,9.490416961907911,31.469934781392414,0.6,0.0,0.0
49864,8.902693046676463,25.206209023793537,0.5000000000000001,1.0,-1.0
49865,9.536502872622167,26.778014540672302,0.02857142857142857,1.0,-1.0
49866,2.7983536656074546,8.274324933687845,-0.13333333333333333,-1.6666666666666667,0.0
49867,2.695430021790079,9.421230872472128,0.42857142857142866,3.3333333333333335,-1.0
49869,6.142390430242501,21.752901991208393,0.5393939393939394,0.0,0.0
49870,8.332723853513178,22.23957284291585,0.942857142857143,0.0,0.0
49871,13.757181547544116,30.979597250620525,0.09999999999999999,0.3333333333333333,-0.3333333333333333
49872,4.318230217881239,12.908143719037374,0.6606060606060605,0.0,0.0
49873,3.1456677062786222,10.821181575457254,0.5476190476190478,-3.0,0.0
49874,9.554112631088534,29.793525854746502,0.35238095238095246,0.0,0.0
49875,4.653746087758143,15.111976424853006,0.3414141414141414,0.3333333333333333,-0.3333333333333333
49876,1.8017463334976338,4.08333679040273,-0.16666666666666666,1.6666666666666667,-1.0
49877,8.436936822002844,27.856571197509766,0.5555555555555556,1.3333333333333333,-1.0
49878,9.41136302719889,22.167237361272175,0.8333333333333334,0.0,0.0
49879,7.611499111194205,21.163723905881245,0.5111111111111111,1.0,0.0
49880,5.664167372114751,18.7951819896698,0.7277777777777779,1.0,-1.0
49881,5.047555020221286,17.223834325869877,0.7698412698412699,1.6666666666666667,-0.6666666666666666
49884,10.460032072740757,31.97871587673823,0.43434343434343425,0.0,0.0
49887,3.0421807083184405,9.39250679810842,-0.2333333333333333,3.6666666666666665,-1.0
49889,6.515037827008247,23.344756305217743,0.4404761904761905,0.0,0.0
49890,6.396883688168742,19.763461351394653,0.5158730158730159,-0.6666666666666666,0.6666666666666666
49891,5.859694997091991,17.94124787549178,0.7494949494949493,0.3333333333333333,-0.3333333333333333
49893,6.114253382970946,20.82844579219818,0.7818181818181817,-4.0,1.0
49894,5.9138659369173565,21.34493879477183,0.6808080808080806,0.0,0.0
49896,9.287601153055826,18.575202306111652,0.9999999999999999,0.0,0.0
49898,4.201156645712444,13.197080979744593,-0.028571428571428577,5.0,-1.0
49903,7.688531744301909,29.514360879858334,0.24040404040404037,0.0,0.0
49904,12.423975316218973,35.198281367619835,-0.38585858585858585,3.3333333333333335,0.0
49906,10.463894373318984,29.160838842391968,0.26060606060606056,-3.0,0.0
49907,9.42419759202222,33.0275104145209,0.8949494949494948,1.3333333333333333,-1.0
49908,7.944514513151507,22.233034372329712,0.634920634920635,1.0,-1.0
49909,7.252720131792153,23.392669399579365,0.8095238095238096,-1.0,1.0
49910,4.321257982740247,13.632486979166666,-0.04761904761904762,0.0,0.0
49911,4.128981222768252,12.642003854115805,0.48571428571428577,0.6666666666666666,-0.6666666666666666
49912,5.262085208569265,18.35491172472636,0.08730158730158732,0.0,0.0
49913,5.576438006086458,15.935558040936789,0.6323232323232322,-1.0,1.0
49914,5.743038792781699,16.03727610905965,0.6111111111111112,0.0,0.0
49915,19.824438095373434,48.497856656710304,0.5,0.0,0.0
49916,5.31604172675367,17.439274350802105,-0.03968253968253971,2.3333333333333335,-1.0
49917,9.170405179181708,24.71295241514842,0.7904761904761904,0.6666666666666666,-0.6666666666666666
49918,5.346666833973863,14.81672998269399,0.5666666666666667,0.3333333333333333,0.3333333333333333
49919,3.109250013454981,10.302802244822184,0.13888888888888887,3.6666666666666665,-1.0
49921,5.5056650209261635,15.09285593032837,0.3,-1.0,1.0
49922,13.455171826419663,31.288647120197613,0.2571428571428572,-3.6666666666666665,0.6666666666666666
49923,8.794920424335084,29.214661757151287,0.3015873015873016,0.0,0.0
49924,8.111687635200246,22.81517481803894,0.7539682539682541,-1.0,1.0
49927,9.025300798376875,25.39293607076009,0.48571428571428577,2.6666666666666665,-1.0
49929,9.604366794639459,31.39065674940745,0.8666666666666666,0.0,0.0
49930,7.138277828707523,23.275234580039978,0.28484848484848485,5.0,0.0
49931,6.779178536528344,20.329503059387207,0.5595959595959595,0.0,0.0
49932,2.733984499781847,9.699127554893494,-0.33333333333333326,3.0,0.0
49933,9.877548460497671,37.439982414245605,0.7222222222222223,0.0,0.0
49934,8.689391758514061,27.150880336761475,0.12323232323232323,0.0,0.0
49937,21.386713882287342,42.773427764574684,0.9999999999999999,0.0,0.0
49938,9.103568526855819,28.140034556388855,0.3,0.0,0.0
49939,7.415620289985774,26.805342495441437,0.4523809523809524,0.0,0.0
49940,9.645730490236934,32.27989348769188,0.36111111111111116,0.0,0.0
49941,14.576391833908344,51.0423860947291,0.8222222222222223,-1.0,0.0
49942,10.871787426232947,35.594068924585976,0.6565656565656566,0.0,0.0
49943,10.809283654821646,34.99301731586456,0.7696969696969695,-0.3333333333333333,0.3333333333333333
49945,8.285417960715977,31.62446117401123,0.17575757575757575,-0.3333333333333333,0.0
49946,8.465570935867513,21.700431783994038,-0.10476190476190476,0.0,0.0
49948,5.10645196651513,17.94197114308675,0.5388888888888889,-0.3333333333333333,0.3333333333333333
49951,8.53664873520102,26.877668539683025,0.6190476190476192,-1.0,1.0
49952,4.019261207224938,12.40503203868866,0.4047619047619048,-2.3333333333333335,0.0
49953,8.226631047749857,25.807166655858357,0.9603174603174605,0.0,0.0
49954,4.588641581349525,11.4155965646108,-0.43333333333333335,1.6666666666666667,-1.0
49955,9.275467513353869,32.21385908126831,0.7575757575757575,0.3333333333333333,-0.3333333333333333
49956,6.686351573423011,20.067221244176228,0.5111111111111111,0.6666666666666666,-0.6666666666666666
49957,13.014373756625318,46.235538959503174,-0.09523809523809525,0.0,0.0
49958,6.345062413345061,21.271847287813824,0.6277777777777778,0.0,0.0
49959,9.967740839980916,26.18828817208608,0.32929292929292925,0.6666666666666666,-0.6666666666666666
49960,6.728143820595128,16.815926412741344,0.4047619047619048,-0.3333333333333333,0.0
49964,5.345224003965398,16.579211870829266,-0.3253968253968255,2.0,-0.6666666666666666
49967,6.347819255105176,23.707130750020344,0.9285714285714287,1.0,0.0
49968,8.760628215450268,30.77390706539154,0.6666666666666666,0.0,0.0
49969,17.486727301719196,40.63575688997904,0.11904761904761907,0.0,0.0
49970,10.6296825291216,39.82414619127909,0.22020202020202015,0.3333333333333333,-0.3333333333333333
49972,7.2037781029277115,20.358304540316265,0.6333333333333333,0.0,0.0
49973,4.580062981879045,12.966808954874674,0.6785714285714287,1.6666666666666667,-0.6666666666666666
49974,7.5475894326542985,24.69434439142545,0.549141341124325,0.6666666666666666,-0.6666666666666666
49975,7.482920297694477,26.450008749961853,0.47474747474747475,0.0,0.0
49976,9.401909209092326,27.987152099609375,0.6571428571428571,0.0,0.0
49977,9.799142794950713,28.32463268438975,0.8181818181818182,1.0,-0.6666666666666666
49978,7.589282553761978,21.786555886268616,0.22777777777777777,-5.0,1.0
49979,6.342901490443903,20.041853467623394,0.7999999999999999,1.6666666666666667,0.0
49980,7.278171893779084,20.25722563266754,0.39999999999999997,0.0,0.0
49981,9.774546153003529,32.53482516606649,0.8383838383838382,0.0,0.0
49982,3.7184820068033915,13.542482833067575,0.4383838383838383,3.6666666666666665,-1.0
49983,9.423690261153022,31.20011313756307,0.3015873015873016,0.6666666666666666,-0.3333333333333333
49985,0.0,0.0,,0.0,0.0
49986,13.38463805090791,34.938880364100136,0.39285714285714296,0.0,0.0
49989,5.3234444403892285,21.408722574512165,0.6282828282828282,0.0,0.0
49991,6.558718237947896,21.186509291330974,0.2619047619047619,0.0,0.0
49992,6.013376200683985,19.927992065747578,0.3730158730158731,0.6666666666666666,-0.6666666666666666
49993,5.990572761105395,18.974673906962078,0.818181818181818,0.0,0.0
49994,7.832067749025048,23.27270503838857,0.23888888888888885,3.0,0.0
49995,10.414608254191675,36.14404169718424,0.8055555555555555,0.0,0.0
49997,4.076037220139327,13.065536896387735,0.16666666666666666,3.3333333333333335,0.0
49998,1.3001420299212139,2.6002840598424277,0.9999999999999999,0.0,0.0
49999,4.163059431289639,12.577433367570242,-0.3111111111111111,1.3333333333333333,0.0
50000,10.82214325322299,28.2290278673172,0.28571428571428575,2.0,-1.0
50001,15.77640814616529,51.16876276334127,0.6055555555555556,2.3333333333333335,-1.0
50002,6.525687981025631,22.763490711649258,0.7063492063492065,0.0,0.0
50003,6.803047175519448,24.720102707544964,0.6611111111111111,0.0,0.0
50004,9.398517013699761,30.762539386749268,0.5357142857142858,0.0,0.0
50005,6.130054136244593,18.24502619107564,0.5476190476190478,1.0,-1.0
50006,10.995602612162335,32.92328643798828,0.6666666666666669,-1.0,1.0
50008,0.0,0.0,,0.0,0.0
50009,6.460941176938089,23.59058105945587,0.6606060606060605,1.0,-1.0
50010,1.7972493767738342,3.5944987535476685,0.9999999999999999,0.0,0.0
50011,5.518202533269225,18.52266009648641,0.8174603174603177,1.0,-1.0
50012,9.29489309801133,32.7984102567037,0.4585858585858585,-1.0,0.0
50013,9.51322275506734,34.678893407185875,0.3898989898989899,0.0,0.0
50014,12.194944466091009,31.858960151672363,0.7999999999999999,0.0,0.0
50016,7.469627061734031,21.045868913332622,0.5158730158730159,0.6666666666666666,-0.3333333333333333
50017,9.137302803825724,26.70224662621816,0.25555555555555554,1.0,-1.0
50019,6.853540685252768,20.85687832037608,0.1272727272727273,4.333333333333333,-1.0
50021,4.995874031357888,16.566187858581543,0.6888888888888888,3.0,-1.0
50022,2.4970839634390996,9.172338902950287,0.14343434343434344,5.666666666666667,0.0
50023,6.56175815020763,24.29539732138316,0.11919191919191917,4.0,-1.0
50024,2.791936416487914,7.064720580975215,0.8666666666666666,0.3333333333333333,-0.3333333333333333
50026,8.343521493116384,34.911025842030845,0.4909090909090909,-4.666666666666667,0.0
50027,10.235858797110383,29.06582736968994,-0.7023809523809526,-4.333333333333333,0.3333333333333333
50028,4.033693237796592,14.505502859751383,0.6767676767676768,1.0,-1.0
50029,5.513835560313923,15.828826109568277,0.5000000000000001,2.0,0.0
50032,8.250023846723915,28.265921711921692,0.4444444444444445,0.0,0.0
50033,8.921035228312887,29.982033212979633,0.7166666666666668,-0.6666666666666666,0.3333333333333333
50034,5.5001435757015384,18.245397647221882,0.5055555555555555,1.6666666666666667,0.0
50035,5.206892563776535,16.43617057800293,0.01818181818181818,3.3333333333333335,-1.0
50036,0.0,0.0,,0.0,0.0
