seed,reaction_id,candidate_count,external_score_population_sd,external_score_range,spearman_external_vs_prior,spearman_defined
0,45033,9,5.1469865107708594,13.684115052223206,0.26666666666666666,True
0,45034,9,3.3021220195592424,10.70591688156128,0.43333333333333335,True
0,45035,10,7.29257736072043,26.575241088867188,0.43030303030303024,True
0,45036,9,7.815416605742231,25.888614177703857,0.5,True
0,45037,7,4.902947342552831,15.674936413764954,0.4642857142857144,True
0,45038,9,7.7374821985236535,25.830222606658936,-0.049999999999999996,True
0,45039,1,0.0,0.0,,False
0,45040,9,5.157473939266714,13.046343326568604,0.5499999999999999,True
0,45041,7,3.350785419423298,9.523913383483887,0.10714285714285716,True
0,45042,9,8.174770406036352,25.978832006454468,0.5166666666666667,True
0,45043,9,4.033894145163067,14.099663257598877,-0.18333333333333335,True
0,45044,2,1.213038682937622,2.426077365875244,-0.9999999999999999,True
0,45046,5,13.265942952918722,36.763057708740234,0.3,True
0,45047,6,6.8612975923474915,23.10188603401184,0.2571428571428572,True
0,45048,8,9.297665853374411,28.07936716079712,-0.4285714285714286,True
0,45050,7,3.171550891692499,8.952022433280945,0.5,True
0,45051,8,5.246049845893094,15.259945034980774,0.6190476190476191,True
0,45052,10,6.056542421616105,24.327377915382385,0.16363636363636364,True
0,45055,8,12.775298128621435,34.706196308135986,0.8571428571428572,True
0,45056,10,5.645092060392877,17.21894383430481,0.8303030303030302,True
0,45057,10,3.12903767663128,10.75575876235962,0.13939393939393938,True
0,45058,10,4.498034216311761,17.314711093902588,0.41818181818181815,True
0,45059,9,6.335430628023871,21.325292110443115,0.8333333333333333,True
0,45060,10,8.444828713832734,31.601946353912354,0.7454545454545454,True
0,45061,8,4.4862969815486595,12.249476671218872,0.9047619047619048,True
0,45062,10,1.9823925421642592,6.240896791219711,0.17575757575757575,True
0,45063,10,2.5660678637699244,7.3267011642456055,0.41818181818181815,True
0,45064,8,7.883913734153225,21.505192160606384,0.28571428571428575,True
0,45065,6,5.4414691234064945,13.320760726928711,0.6,True
0,45068,9,6.673844866236425,19.84896719455719,-0.25,True
0,45069,9,7.355262233821516,24.56072688102722,0.5166666666666667,True
0,45070,7,5.2736129877466515,13.75418734550476,0.28571428571428575,True
0,45071,4,7.171881448546071,17.767886638641357,0.19999999999999998,True
0,45072,6,9.062864651035781,27.331114292144775,0.14285714285714288,True
0,45073,9,8.615518412281261,27.914334058761597,0.6166666666666666,True
0,45074,3,4.626734727569307,10.512431621551514,1.0,True
0,45075,10,5.070683706181083,16.102768540382385,0.0303030303030303,True
0,45076,10,8.324794091946055,28.49969458580017,0.7841981513472833,True
0,45078,10,6.186080201487942,22.21676194667816,0.7696969696969697,True
0,45080,8,4.950693911477415,18.1838641166687,0.6904761904761906,True
0,45081,8,10.06703867976079,26.701080083847046,0.3333333333333334,True
0,45082,8,5.417877340763801,18.39871120452881,0.0,True
0,45083,8,11.737573776260675,35.63237905502319,0.07142857142857144,True
0,45084,6,7.787998415135264,22.681825160980225,0.3714285714285715,True
0,45085,7,6.478434029545346,17.912035703659058,0.8571428571428573,True
0,45087,8,6.337774664918017,16.162462919950485,0.2380952380952381,True
0,45092,10,10.194149320680175,38.60788404941559,0.24848484848484845,True
0,45093,9,3.238160609128138,11.410237431526184,-0.06666666666666667,True
0,45094,9,13.374785378160635,35.94526958465576,0.6,True
0,45099,9,4.250088360129125,14.6468505859375,0.049999999999999996,True
0,45100,10,6.484450965601033,24.933223247528076,0.2121212121212121,True
0,45101,7,3.32365367066577,9.8763587474823,-0.10714285714285716,True
0,45102,10,7.207034373435456,24.849682092666626,0.5878787878787878,True
0,45103,7,5.300975491192306,17.350192070007324,0.5714285714285715,True
0,45104,8,8.644045860916075,28.41411328315735,0.2142857142857143,True
0,45105,7,11.523664925098451,34.54714894294739,0.28571428571428575,True
0,45106,10,8.306659508770707,27.400647163391113,0.8545454545454544,True
0,45107,8,4.859729583974918,15.21675992012024,0.11904761904761905,True
0,45108,3,2.5677972206438264,6.187612056732178,-0.5,True
0,45109,9,7.058383163882599,24.66817617416382,0.8833333333333333,True
0,45111,10,8.351017329332556,27.19010853767395,0.34545454545454546,True
0,45112,9,5.580318104560659,20.118559956550598,0.5333333333333333,True
0,45113,9,5.179599673246178,16.661253690719604,0.03333333333333333,True
0,45115,9,3.5048410825272303,10.227764368057251,-0.09999999999999999,True
0,45116,9,2.6892347762093247,7.715920686721802,0.5666666666666667,True
0,45117,10,9.04120796104835,28.037790298461914,-0.6242424242424242,True
0,45119,2,7.249972030520439,14.499944061040878,0.9999999999999999,True
0,45120,9,9.42292562307332,34.39184045791626,0.4666666666666666,True
0,45121,9,6.3263070123705365,22.957836627960205,0.5333333333333333,True
0,45122,8,3.1448388874147994,10.679964065551758,0.4761904761904762,True
0,45123,8,7.130660193367112,23.161675214767456,0.7619047619047621,True
0,45124,10,3.497397470140404,12.312000036239624,0.5515151515151515,True
0,45128,10,11.913873779706098,32.8833988904953,0.8303030303030302,True
0,45129,7,10.46735544480529,25.083566784858704,-0.07142857142857144,True
0,45130,9,7.272229583295746,22.82219362258911,0.38333333333333336,True
0,45131,8,7.6466948204717236,23.890186548233032,0.6190476190476191,True
0,45133,8,3.665131790815647,12.916486620903015,0.6904761904761906,True
0,45135,10,5.455168114364754,17.350494503974915,0.34545454545454546,True
0,45136,8,8.980865940041951,23.078603744506836,0.3333333333333334,True
0,45137,7,11.266434411799551,33.12060022354126,0.42857142857142866,True
0,45139,7,7.3153279164696015,23.670635104179382,0.21428571428571433,True
0,45140,10,7.509445495185665,21.921746134757996,0.3939393939393939,True
0,45142,7,10.133776383285465,28.408347725868225,0.642857142857143,True
0,45143,10,9.951141504211261,24.943134546279907,-0.11515151515151514,True
0,45144,10,4.561174045741209,15.414181232452393,0.5878787878787878,True
0,45145,10,7.360618889263676,26.701481342315674,0.2606060606060606,True
0,45146,1,0.0,0.0,,False
0,45147,7,4.493703041707418,12.26608693599701,0.5714285714285715,True
0,45148,9,3.7839703324986966,13.186370134353638,0.049999999999999996,True
0,45149,3,8.896284318178626,19.15140438079834,-0.5,True
0,45150,9,5.552289192531016,19.05084228515625,0.6833333333333333,True
0,45151,6,3.7194302105836723,9.755788683891296,-0.2571428571428572,True
0,45155,9,8.04570335568569,28.43779146671295,0.8333333333333333,True
0,45156,8,9.098343742127351,30.57517910003662,0.9047619047619048,True
0,45157,7,7.590008781619244,20.229158878326416,0.25,True
0,45158,9,14.17328951785846,33.35586738586426,0.18333333333333335,True
0,45159,7,7.084611114191113,18.39707899093628,-0.5714285714285715,True
0,45161,7,7.8195218037367304,23.255692958831787,0.42857142857142866,True
0,45163,10,7.421657932971259,27.142107725143433,0.3696969696969697,True
0,45164,9,5.748481485730898,18.46661067008972,0.7166666666666667,True
0,45165,7,11.932647567655588,38.41607046127319,0.6071428571428572,True
0,45166,9,12.37608045753839,43.26366323232651,0.9166666666666666,True
0,45168,10,9.130276844679877,28.532586097717285,0.8303030303030302,True
0,45169,9,5.882625534344456,18.425365567207336,0.39999999999999997,True
0,45170,8,11.262977553195242,34.38058316707611,0.523809523809524,True
0,45171,9,13.011797429940707,37.91753911972046,0.5,True
0,45172,2,0.5434582233428955,1.086916446685791,0.9999999999999999,True
0,45173,9,4.776487963618814,14.517864227294922,0.5499999999999999,True
0,45174,10,3.451339348057242,8.61747595667839,0.7818181818181817,True
0,45175,9,2.8686221397657112,9.207310557365417,0.41666666666666663,True
0,45176,8,3.080951045490287,9.014747142791748,-0.07142857142857144,True
0,45178,10,9.102063784796647,32.28613758087158,0.7696969696969697,True
0,45179,8,8.24295691155166,26.743061661720276,0.3571428571428572,True
0,45181,3,5.233552430899632,12.323703289031982,1.0,True
0,45182,10,9.018496294969514,28.855427980422974,0.6848484848484848,True
0,45183,9,2.3819115458664526,7.958989262580872,0.6333333333333333,True
0,45184,7,5.71578526986497,16.919872283935547,0.7857142857142859,True
0,45185,9,9.491944235826105,29.89712929725647,0.03333333333333333,True
0,45186,6,8.909521055520063,26.368288815021515,0.7142857142857143,True
0,45187,7,6.185790913898982,17.994815587997437,0.6071428571428572,True
0,45188,7,3.7703377344452607,12.302110195159912,0.6785714285714287,True
0,45189,9,6.85755007326022,22.855136394500732,0.049999999999999996,True
0,45190,9,5.325170538695241,16.03336238861084,0.5499999999999999,True
0,45191,8,7.688513498165691,25.050634622573853,0.880952380952381,True
0,45195,3,5.571660310057797,12.938969612121582,0.5,True
0,45196,7,6.47202711699046,19.805486753582954,0.642857142857143,True
0,45197,6,1.7406046390989762,5.434293746948242,-0.2,True
0,45198,9,9.880479989366137,35.403887033462524,0.43333333333333335,True
0,45199,8,4.239801693744501,11.304414749145508,0.6428571428571429,True
0,45200,10,1.2534403130521758,4.409784317016602,0.5878787878787878,True
0,45201,7,7.144910524992337,17.645229697227478,-0.4642857142857144,True
0,45202,10,6.369677788117721,24.187650680541992,0.6121212121212121,True
0,45203,8,7.764430902716836,22.660216569900513,0.880952380952381,True
0,45204,4,7.860972624031742,17.900203227996826,1.0,True
0,45205,7,9.603374397192798,28.13188147544861,0.9642857142857145,True
0,45206,5,5.3513659393828235,14.500473022460938,0.09999999999999999,True
0,45208,7,3.450870169961256,10.40879201889038,0.8928571428571429,True
0,45209,7,2.8246031256420814,9.810880661010742,0.14285714285714288,True
0,45210,10,4.4618914003545935,17.577886909246445,0.5878787878787878,True
0,45211,10,7.5185359740495965,25.971262335777283,0.5393939393939393,True
0,45212,8,4.981745730022866,13.467010259628296,0.2142857142857143,True
0,45213,8,8.98939814677842,29.717748641967773,0.14285714285714288,True
0,45214,5,2.5344235170024456,6.282735049724579,0.7999999999999999,True
0,45215,9,4.539900476339381,12.458115339279175,0.43333333333333335,True
0,45217,7,6.470417507511688,18.839540004730225,0.5357142857142858,True
0,45218,3,12.437899696885506,29.3549325466156,0.5,True
0,45219,9,4.300672107560237,16.18743133544922,0.39999999999999997,True
0,45220,7,9.436947010462523,29.06921648979187,0.1785714285714286,True
0,45222,10,9.274878777377257,27.279846668243408,0.5636363636363636,True
0,45223,10,3.6030285468232557,13.200671553611755,0.17575757575757575,True
0,45224,8,3.458420910950878,12.078007459640503,0.880952380952381,True
0,45225,6,6.035484224511375,17.00455629825592,0.3142857142857143,True
0,45226,10,6.945711174153627,23.07389259338379,0.8545454545454544,True
0,45227,10,4.272523391644499,14.820550084114075,0.24545784641604232,True
0,45228,9,2.4745684085102067,7.667357921600342,0.38333333333333336,True
0,45229,10,4.949290997102876,13.812554717063904,0.709090909090909,True
0,45231,9,9.667361348358726,32.7970404624939,0.7,True
0,45232,3,7.201581549441047,17.633590817451477,1.0,True
0,45235,8,5.89099890901936,19.025407791137695,0.7857142857142858,True
0,45238,9,8.111923442761851,25.98553466796875,0.31666666666666665,True
0,45241,8,6.149215115906942,20.346017122268677,0.14285714285714288,True
0,45243,8,8.767892840656863,26.965399742126465,0.8095238095238096,True
0,45245,9,2.9142785236103754,9.014997243881226,0.7833333333333333,True
0,45246,9,6.769333544254155,25.401734113693237,0.5666666666666667,True
0,45248,9,5.740955371271861,19.687756061553955,-0.09999999999999999,True
0,45249,6,3.065917822843436,8.25986909866333,0.3714285714285715,True
0,45251,10,3.313902980489899,11.349090814590454,0.9999999999999999,True
0,45253,9,4.543417486121242,13.031341254711151,0.31666666666666665,True
0,45254,10,3.7548410987353233,11.062154993414879,0.6484848484848483,True
0,45256,9,8.254649098292642,26.363574028015137,0.6333333333333333,True
0,45257,9,4.174631937558382,13.681742191314697,0.5833333333333334,True
0,45258,10,4.086841926462709,13.577971458435059,0.3939393939393939,True
0,45261,7,12.91243448475308,38.4254150390625,0.3214285714285715,True
0,45262,7,5.1534403047887585,17.813236713409424,0.5714285714285715,True
0,45263,7,9.922636745543405,27.462523698806763,0.10714285714285716,True
0,45264,2,13.008559823036194,26.017119646072388,0.9999999999999999,True
0,45266,10,2.830673469474882,8.723207473754883,0.7212121212121211,True
0,45267,8,9.86666935179753,30.62775945663452,0.2142857142857143,True
0,45268,9,4.975745277311524,18.31192648410797,0.6666666666666667,True
0,45269,10,6.111923819783191,25.319814443588257,0.28484848484848485,True
0,45270,6,3.8054640416670633,10.923542261123657,0.942857142857143,True
0,45271,10,14.242220420012414,46.74680137634277,-0.17575757575757575,True
0,45272,7,6.841253961496287,23.614482402801514,0.7142857142857144,True
0,45273,9,8.253955373245029,29.873564839363098,0.5833333333333334,True
0,45275,9,7.5477156961626735,22.7218117415905,0.45,True
0,45276,8,8.680538712412208,26.100921988487244,0.09523809523809526,True
0,45277,8,5.182413140927333,13.967393398284912,0.5000000000000001,True
0,45278,8,8.869833911282416,30.34509253501892,0.5952380952380953,True
0,45280,6,5.99792877449906,14.523235321044922,0.028571428571428574,True
0,45281,7,8.93236175307962,27.84061360359192,0.8571428571428573,True
0,45282,7,4.4160362536635525,11.132149696350098,0.7857142857142859,True
0,45283,8,11.475412216113048,39.48380470275879,0.3571428571428572,True
0,45284,9,5.121896792657475,16.66248869895935,0.16666666666666669,True
0,45285,10,4.844767643865144,16.429569721221924,0.09090909090909088,True
0,45287,9,7.481941790905099,25.91909646987915,0.6833333333333333,True
0,45288,9,4.732430531190699,16.80786395072937,0.6166666666666666,True
0,45289,10,7.003823839845205,22.70000058412552,-0.5272727272727272,True
0,45290,10,11.53059140410162,38.78514862060547,0.6969696969696969,True
0,45291,2,12.131134152412415,24.26226830482483,0.9999999999999999,True
0,45292,10,5.872061471360927,17.023589462041855,0.0303030303030303,True
0,45293,9,6.520359795663671,26.216999530792236,0.15,True
0,45294,10,3.8962386355264784,16.264513969421387,0.41818181818181815,True
0,45295,10,3.478570260655937,11.77954626083374,-0.19999999999999998,True
0,45296,8,11.531503675251749,32.34833097457886,0.8571428571428572,True
0,45297,9,8.546839747587384,19.833250761032104,0.19999999999999998,True
0,45298,9,5.352866191990626,18.725966453552246,0.5166666666666667,True
0,45299,10,6.832677024881275,19.517446041107178,0.8787878787878788,True
0,45300,9,6.817159830647623,23.756412506103516,0.049999999999999996,True
0,45302,8,8.35945466200206,25.478744745254517,0.5476190476190477,True
0,45303,10,10.960497791515815,28.69502878189087,0.6242424242424242,True
0,45304,4,7.221806095296495,20.244346618652344,0.7999999999999999,True
0,45305,9,9.911372994893524,29.500530242919922,0.39999999999999997,True
0,45307,7,5.4009632827180605,17.609928131103516,-0.14285714285714288,True
0,45308,10,5.120363088341728,20.92305552959442,0.7333333333333332,True
0,45311,10,9.962873811366212,29.827024936676025,0.6727272727272726,True
0,45312,3,11.812127491420112,26.52376699447632,0.5,True
0,45313,8,8.402612120236812,24.567192554473877,0.11904761904761905,True
0,45314,8,5.110117314862851,17.448261618614197,0.7142857142857144,True
0,45316,10,7.456439389341894,29.634435653686523,0.7818181818181817,True
0,45317,8,9.980263759932063,33.7674860060215,0.261904761904762,True
0,45318,8,3.072031173342247,9.906663656234741,0.4761904761904762,True
0,45319,9,3.087437087517673,10.365327835083008,0.43333333333333335,True
0,45321,10,5.8878638886032375,19.20675039291382,0.9030303030303028,True
0,45323,1,0.0,0.0,,False
0,45325,8,7.508855878868974,21.739283323287964,0.5000000000000001,True
0,45327,10,7.718057158085532,31.375603437423706,0.6606060606060605,True
0,45329,10,9.50580987513207,33.95573341846466,-0.0303030303030303,True
0,45330,8,3.4031795489674153,10.558628797531128,0.5714285714285715,True
0,45333,8,14.063392419685142,42.70185613632202,0.523809523809524,True
0,45334,9,4.4071391186313456,13.738586902618408,0.5499999999999999,True
0,45335,5,12.406268199896827,34.10522413253784,0.8999999999999998,True
0,45336,7,7.817079444148581,24.613492012023926,0.8571428571428573,True
0,45338,8,3.688225205109031,9.43983781337738,-0.07142857142857144,True
0,45339,1,0.0,0.0,,False
0,45340,9,5.471527761021799,18.100714206695557,0.03333333333333333,True
0,45342,9,7.236396674409031,28.712255001068115,0.5666666666666667,True
0,45343,10,5.610546984172526,16.182616114616394,0.6242424242424242,True
0,45344,9,7.290615224633911,24.698605060577393,0.7833333333333333,True
0,45345,10,7.375008745352787,29.839885711669922,0.6606060606060605,True
0,45346,9,6.956912532590295,20.404905915260315,0.11666666666666665,True
0,45347,6,6.198013823843852,18.504377841949463,0.3142857142857143,True
0,45349,9,5.989091355225423,20.758898973464966,0.13333333333333333,True
0,45350,9,2.8325305292695533,8.849946022033691,0.43333333333333335,True
0,45352,10,5.445109162611439,17.83669936656952,0.8909090909090909,True
0,45353,5,7.410019037175334,20.823460578918457,0.8999999999999998,True
0,45354,7,7.284430690302628,20.025076389312744,0.14285714285714288,True
0,45355,8,6.242978466411249,22.798686742782593,-0.07142857142857144,True
0,45356,6,4.754430052813353,12.443757057189941,0.3714285714285715,True
0,45358,10,4.103291962857773,12.931985825300217,0.01818181818181818,True
0,45359,7,10.186289386624436,32.733057379722595,0.21428571428571433,True
0,45360,9,4.7663096157711005,17.36239218711853,-0.18333333333333335,True
0,45363,4,2.81629351058689,6.885112285614014,0.39999999999999997,True
0,45364,9,1.894717075576508,6.193279147148132,0.5,True
0,45365,8,5.982535699558334,16.81047511100769,0.04761904761904763,True
0,45366,9,12.192366827635446,45.009464740753174,0.03333333333333333,True
0,45367,7,4.948606947926792,16.054141521453857,0.8214285714285715,True
0,45368,9,3.526008599591411,10.739286065101624,0.3,True
0,45369,6,6.704566901046372,17.610747814178467,0.48571428571428577,True
0,45370,10,4.346036271696018,14.33951735496521,0.5515151515151515,True
0,45371,8,8.806300361697229,30.15602993965149,0.8333333333333335,True
0,45373,10,11.722669026981505,45.956496596336365,-0.10303030303030303,True
0,45376,7,8.522446536671934,21.068523168563843,-0.28571428571428575,True
0,45377,10,8.41779700456479,29.01060438156128,0.8181818181818182,True
0,45378,9,10.477765567541136,35.1641640663147,-0.049999999999999996,True
0,45380,3,9.254699539648746,19.679253101348877,1.0,True
0,45381,8,10.443032939699956,31.533761978149414,0.28571428571428575,True
0,45382,10,4.473225029330455,15.533495426177979,0.5878787878787878,True
0,45384,6,5.775327241169693,15.20601224899292,0.8857142857142858,True
0,45385,2,7.205002307891846,14.410004615783691,0.9999999999999999,True
0,45386,6,6.951346339086674,16.621612071990967,-0.14285714285714288,True
0,45387,8,5.91942257021656,18.21446943283081,0.5476190476190477,True
0,45389,5,9.86290659479345,26.016023635864258,0.6,True
0,45390,10,7.3175481233444355,25.011702060699463,0.24848484848484845,True
0,45391,2,11.020823389291763,22.041646778583527,0.9999999999999999,True
0,45392,3,10.20437307323156,22.197696208953857,1.0,True
0,45393,8,7.027588483192591,25.561482787132263,0.28571428571428575,True
0,45395,10,8.849487198959354,27.575515657663345,0.6,True
0,45396,10,4.010351816486458,11.857879877090454,0.8424242424242423,True
0,45401,9,3.158762156945521,11.001363754272461,0.09999999999999999,True
0,45402,10,1.617052183242872,5.5438607931137085,0.17575757575757575,True
0,45404,10,5.955391714839384,20.167619943618774,0.06666666666666665,True
0,45405,10,4.587851239885171,16.683086395263672,-0.16363636363636364,True
0,45406,8,8.92406772613261,33.13245964050293,0.04761904761904763,True
0,45407,8,8.059220060165133,22.325607299804688,0.8571428571428572,True
0,45408,7,5.155977382105096,15.028317898511887,0.5357142857142858,True
0,45409,6,5.663941212771437,18.440117120742798,0.3714285714285715,True
0,45410,8,6.282425566904039,21.070342540740967,0.3333333333333334,True
0,45411,9,6.775496180794606,19.557390332221985,0.5166666666666667,True
0,45413,9,3.6184719659567404,11.032419085502625,0.5833333333333334,True
0,45414,5,4.060002445320892,10.469773530960083,-0.3,True
0,45415,10,5.456878096155872,19.67496395111084,0.5878787878787878,True
0,45416,10,11.31493040608674,32.9493842124939,0.8181818181818182,True
0,45418,8,9.00708171917703,22.72951853275299,0.28571428571428575,True
0,45419,10,9.539505040239805,32.580886363983154,0.13939393939393938,True
0,45423,8,9.149530817421553,26.589633136987686,0.7619047619047621,True
0,45427,5,8.437363488625724,19.9993314743042,0.7,True
0,45428,4,5.75821594470685,16.03982973098755,0.39999999999999997,True
0,45429,4,6.33189859332123,16.396604299545288,0.7999999999999999,True
0,45430,10,7.665965465190147,26.580804109573364,-0.1515151515151515,True
0,45431,8,9.821027894360059,25.17566156387329,0.6904761904761906,True
0,45432,10,12.533111539841398,35.7356915473938,0.6848484848484848,True
0,45433,8,11.302354438836467,37.31490612030029,0.6666666666666669,True
0,45434,8,4.690087358494067,17.260366797447205,0.28571428571428575,True
0,45435,7,11.196559258908811,34.76556313037872,-0.5,True
0,45436,7,6.169655658698864,22.239983558654785,0.21428571428571433,True
0,45437,8,2.5454016467021128,8.121155023574829,0.19047619047619052,True
0,45438,10,3.5060925414278468,10.25185751914978,-0.4545454545454545,True
0,45439,9,11.092141757533529,30.118706941604614,0.049999999999999996,True
0,45440,8,8.105657040502734,27.515518069267273,0.8095238095238096,True
0,45441,3,11.314396430730437,25.962823390960693,0.5,True
0,45442,7,7.296338135920506,21.722530841827393,-0.10714285714285716,True
0,45443,8,2.9836713015198693,10.158263683319092,0.5714285714285715,True
0,45445,1,0.0,0.0,,False
0,45446,7,6.465391251042227,22.17923402786255,0.8928571428571429,True
0,45447,7,7.803979755465717,22.99687945842743,0.8214285714285715,True
0,45448,10,3.3237568407153564,12.267167568206787,0.38181818181818183,True
0,45449,10,6.001395610035036,20.573256015777588,0.8666666666666665,True
0,45450,10,6.740864020187128,26.10730731487274,0.5272727272727272,True
0,45451,10,8.57486152997224,31.33115193247795,0.18787878787878787,True
0,45452,10,4.013613894986966,12.542348742485046,0.5515151515151515,True
0,45453,8,7.723193613945152,26.27008879184723,0.9047619047619048,True
0,45457,8,7.491121021369932,20.829399347305298,0.4761904761904762,True
0,45458,4,3.2933407265533923,8.548685431480408,0.39999999999999997,True
0,45460,6,15.08542918726538,41.310312032699585,0.7142857142857143,True
0,45462,10,7.603093621536254,22.400113344192505,0.5878787878787878,True
0,45465,4,8.908219617789953,24.78402328491211,0.39999999999999997,True
0,45468,4,8.902999133385403,21.208468675613403,0.39999999999999997,True
0,45469,8,1.987460785880328,6.968802213668823,-0.09523809523809526,True
0,45470,10,5.050322056287523,17.737393140792847,0.8060606060606059,True
0,45471,9,11.20172237468557,36.570642948150635,0.65,True
0,45472,10,6.119563540562122,21.057607054710388,0.7212121212121211,True
0,45473,10,3.1907391712381057,11.012192487716675,0.5757575757575757,True
0,45474,10,5.972544153087789,18.802613496780396,0.4545454545454545,True
0,45477,8,5.574486045486459,18.229373335838318,0.3571428571428572,True
0,45478,10,6.4033093687586735,23.489466786384583,0.5757575757575757,True
0,45479,8,5.3459979403199815,15.726113319396973,0.4047619047619048,True
0,45480,10,6.3258170742552435,21.86209011077881,0.6,True
0,45482,6,3.987767969958901,12.3652925491333,0.942857142857143,True
0,45483,7,4.617359274023496,14.266205966472626,0.6785714285714287,True
0,45484,10,3.6318917943219584,13.150951862335205,-0.12727272727272726,True
0,45485,7,10.25050514364604,23.939966201782227,0.0,True
0,45486,9,5.139922440724326,15.574554920196533,0.6833333333333333,True
0,45489,6,4.068813218045763,13.111913919448853,0.7714285714285715,True
0,45491,9,8.07907883829834,23.557050973176956,0.6166666666666666,True
0,45492,10,8.63557946946034,27.300393104553223,0.7575757575757575,True
0,45493,10,9.44764861504038,28.832504987716675,0.8303030303030302,True
0,45495,7,4.9978434189063226,15.668151259422302,0.642857142857143,True
0,45496,8,3.26404820366994,9.467530727386475,0.7857142857142858,True
0,45497,9,7.316764271459145,19.21978983283043,0.5166666666666667,True
0,45498,8,3.2893829052113346,9.605995655059814,0.11904761904761905,True
0,45499,9,3.5979635078007575,11.774543166160583,0.7166666666666667,True
0,45500,10,3.6464068460641,11.678916215896606,0.7696969696969697,True
0,45501,10,5.380627801930665,20.40930676460266,0.3696969696969697,True
0,45502,9,5.977126632379782,21.427034854888916,0.48333333333333334,True
0,45503,10,3.553147640340019,14.032652020454407,0.7454545454545454,True
0,45504,9,6.340026764814843,17.58818507194519,0.7333333333333334,True
0,45505,10,5.126774537289703,15.598262667655945,-0.5151515151515151,True
0,45507,10,6.615776576866401,27.447147250175476,0.34545454545454546,True
0,45508,10,7.051287552663801,23.936089724302292,0.7454545454545454,True
0,45509,7,6.112495555518119,19.065751552581787,0.9285714285714288,True
0,45511,3,4.333087637925187,10.42012095451355,1.0,True
0,45512,7,11.707083174052475,26.617826133966446,0.14285714285714288,True
0,45513,9,5.656795051749488,22.763005256652832,-0.049999999999999996,True
0,45514,9,3.4400014385319504,12.373998165130615,-0.16666666666666669,True
0,45515,8,3.196136134374538,9.994557857513428,0.6904761904761906,True
0,45516,6,11.485639372629526,39.0315375328064,0.5428571428571429,True
0,45517,10,5.753746435105417,19.932496070861816,0.4424242424242424,True
0,45519,9,4.504890647502682,11.669291228055954,0.39999999999999997,True
0,45520,8,7.720329457058664,22.48148024082184,0.6190476190476191,True
0,45521,7,9.821604900425495,29.491699695587158,0.25,True
0,45522,7,2.3624314243451594,6.831804513931274,0.07142857142857144,True
0,45523,10,2.3523206073904848,7.5783573389053345,0.19999999999999998,True
0,45524,8,9.653675896491272,27.068403333425522,0.5476190476190477,True
0,45525,9,6.614734429248659,19.03602170944214,0.25,True
0,45526,10,12.562366161769216,44.392115116119385,0.7575757575757575,True
0,45527,6,6.647941841348657,20.844059467315674,-0.08571428571428573,True
0,45529,8,6.280357766309429,22.665521144866943,0.880952380952381,True
0,45531,8,6.353918030004339,22.221296072006226,0.2142857142857143,True
0,45532,9,3.5908365054447433,11.405245661735535,0.6333333333333333,True
0,45533,8,4.891728678413095,14.865909904241562,-0.09523809523809526,True
0,45535,4,9.561402757753672,26.75356662273407,1.0,True
0,45536,6,3.8145658417432267,10.913228511810303,0.8857142857142858,True
0,45537,10,7.449854842807419,25.16409134864807,0.05454545454545454,True
0,45538,10,9.496561614982896,28.19382083415985,0.7818181818181817,True
0,45540,9,7.850376780441108,22.7571222782135,0.5499999999999999,True
0,45541,8,10.627511443056873,35.703237533569336,0.5952380952380953,True
0,45542,8,7.22112082353854,26.216325521469116,0.6904761904761906,True
0,45543,9,5.890723850720055,21.071600198745728,0.6166666666666666,True
0,45545,8,13.057570942443999,40.96256446838379,-0.023809523809523815,True
0,45546,8,5.912807888082686,16.581956386566162,0.4285714285714286,True
0,45547,10,5.038454331428828,19.10928440093994,0.12727272727272726,True
0,45548,10,6.148129297207292,22.784224033355713,0.01818181818181818,True
0,45549,10,7.748187800843561,26.399139881134033,0.5757575757575757,True
0,45550,4,12.144490410940644,29.220442295074463,0.19999999999999998,True
0,45552,10,5.763923062186308,16.342447757720947,0.8424242424242423,True
0,45553,7,3.49100807771495,9.575515270233154,-0.07142857142857144,True
0,45554,8,9.555133656605008,28.0572247505188,0.2142857142857143,True
0,45556,6,8.340088267962395,23.386136770248413,0.7714285714285715,True
0,45557,9,5.834135727239726,17.412495136260986,0.7999999999999999,True
0,45558,8,6.914558201858692,19.752538204193115,0.09523809523809526,True
0,45559,8,4.741073481263468,13.626319169998169,-0.09523809523809526,True
0,45560,8,8.454747718913165,26.11028790473938,0.5714285714285715,True
0,45562,4,10.855852095907549,28.379719495773315,0.19999999999999998,True
0,45563,8,4.310362093567025,14.677478313446045,0.9523809523809524,True
0,45564,5,7.450153493295025,23.08095932006836,-0.3,True
0,45565,7,6.586723135770492,18.24640679359436,0.642857142857143,True
0,45566,6,6.630347190712654,18.912618160247803,0.2,True
0,45568,10,3.2079224038494547,10.18998122215271,0.6363636363636362,True
0,45569,10,6.144004597901125,24.61906886100769,-0.3939393939393939,True
0,45570,9,6.93244774440304,24.23428964614868,0.6833333333333333,True
0,45572,6,3.6254558943033466,11.057935237884521,0.942857142857143,True
0,45573,7,7.137968561313604,23.114492148160934,0.7500000000000002,True
0,45574,6,3.9371913338302527,12.527230858802795,0.8857142857142858,True
0,45575,2,0.9389582872390747,1.8779165744781494,-0.9999999999999999,True
0,45576,5,3.429423456105976,8.600101947784424,-0.19999999999999998,True
0,45577,8,7.390767327370512,26.933776378631592,0.7857142857142858,True
0,45578,6,7.362491787580957,23.16665229201317,0.6,True
0,45580,9,8.466691564761613,28.449779510498047,0.7833333333333333,True
0,45581,2,12.512816905975342,25.025633811950684,0.9999999999999999,True
0,45582,4,7.9740132756001865,19.12765920162201,0.39999999999999997,True
0,45583,3,8.429740817254485,18.088080883026123,0.5,True
0,45584,6,5.167927276249929,12.817970961332321,0.5428571428571429,True
0,45585,7,10.541121581146037,25.270788580179214,0.5714285714285715,True
0,45586,5,2.3357444275813557,6.877079010009766,0.09999999999999999,True
0,45587,9,6.807693615859946,19.8362455368042,0.65,True
0,45588,7,9.37746022314941,23.32099711894989,0.4642857142857144,True
0,45589,9,4.223172413103017,13.493771404027939,0.08333333333333334,True
0,45590,9,9.483583370303899,35.04039952158928,-0.016666666666666666,True
0,45591,10,11.692768579771576,45.05156373977661,0.16363636363636364,True
0,45593,10,4.983827043056776,16.98142409324646,0.406060606060606,True
0,45594,7,3.604473820843773,10.101323008537292,0.642857142857143,True
0,45595,8,5.284830333897502,20.26398801803589,0.6190476190476191,True
0,45596,8,6.238323858069885,22.54496431350708,0.880952380952381,True
0,45597,8,5.470966532657239,14.022400379180908,0.3571428571428572,True
0,45600,1,0.0,0.0,,False
0,45601,9,4.9363307054333685,16.585686683654785,-0.48333333333333334,True
0,45603,10,5.668594145307922,21.370206832885742,0.6121212121212121,True
0,45604,8,7.4396030993363835,22.057027608156204,0.8333333333333335,True
0,45605,8,5.471367813131198,14.715332508087158,0.3333333333333334,True
0,45606,8,8.447034969132988,25.013040781021118,0.2380952380952381,True
0,45607,7,6.576522643747631,19.681933045387268,0.03571428571428572,True
0,45608,6,3.0835889561144243,9.07032597064972,-0.028571428571428574,True
0,45610,1,0.0,0.0,,False
0,45612,8,5.039946829829954,15.991131067276001,0.6904761904761906,True
0,45613,8,6.019012769470453,19.34295129776001,0.6428571428571429,True
0,45615,1,0.0,0.0,,False
0,45617,5,5.922706698133531,15.10034966468811,0.7999999999999999,True
0,45618,7,3.9544718912342933,13.046303510665894,0.42857142857142866,True
0,45620,2,8.45919968187809,16.91839936375618,0.9999999999999999,True
0,45621,9,8.896523892272079,28.12765598297119,0.6,True
0,45623,9,4.806517123919509,12.934541672468185,0.6666666666666667,True
0,45624,7,6.0876293709398706,20.08006876707077,0.6071428571428572,True
0,45625,10,5.134170614621815,15.548305213451385,0.5515151515151515,True
0,45626,5,5.851952756572039,15.88533639907837,0.8999999999999998,True
0,45627,10,6.635523058686247,19.382763117551804,0.9030303030303028,True
0,45628,7,4.09093398732647,13.029567241668701,0.39285714285714296,True
0,45629,10,8.850837532349063,28.044149160385132,0.9030303030303028,True
0,45630,8,6.379877932724789,17.931388020515442,0.6428571428571429,True
0,45631,9,6.331096540239575,25.213058948516846,0.7333333333333334,True
0,45632,6,4.65981492789476,14.588202834129333,-0.14285714285714288,True
0,45634,8,12.206528269309354,34.8026487827301,0.261904761904762,True
0,45635,7,9.618219125276074,33.9486927986145,0.642857142857143,True
0,45636,1,0.0,0.0,,False
0,45639,10,7.824623834990966,28.209165573120117,0.0303030303030303,True
0,45641,10,2.6270335371874176,9.254789352416992,0.5515151515151515,True
0,45643,10,12.303942293659125,44.86887216567993,0.6727272727272726,True
0,45644,7,12.524991819112367,37.62012165784836,-0.1785714285714286,True
0,45646,8,4.703431596786941,15.641041278839111,0.28571428571428575,True
0,45647,10,6.472109540466025,21.052980065345764,0.10303030303030303,True
0,45648,1,0.0,0.0,,False
0,45649,7,6.138350355735847,17.584861755371094,0.4642857142857144,True
0,45650,10,10.271719894683587,36.7726092338562,0.6484848484848483,True
0,45651,6,3.326505377530067,8.100465297698975,0.3142857142857143,True
0,45652,6,9.197135334411032,24.350361347198486,0.3142857142857143,True
0,45653,8,6.271674731662236,21.815635204315186,0.3571428571428572,True
0,45655,8,6.1215971196353856,20.954618453979492,0.14285714285714288,True
0,45656,7,6.568703581942411,18.21372151374817,-0.5714285714285715,True
0,45657,9,5.739899854400432,20.6498703956604,0.016666666666666666,True
0,45659,9,5.376599695103514,20.136842012405396,-0.049999999999999996,True
0,45660,7,5.552225315238727,16.74346399307251,0.10714285714285716,True
0,45661,9,7.385005124088803,23.652833223342896,0.7166666666666667,True
0,45663,10,9.610757584962505,29.876994132995605,0.6848484848484848,True
0,45664,10,3.9654915287285815,11.417993068695068,0.43030303030303024,True
0,45667,9,2.4290285131629794,9.318857431411743,0.5166666666666667,True
0,45668,8,10.080369918940555,34.333717584609985,0.023809523809523815,True
0,45669,6,4.665574884961418,13.074939012527466,0.14285714285714288,True
0,45670,5,5.3116077554245855,14.839771747589111,0.7999999999999999,True
0,45673,3,8.403919873185098,17.876017808914185,-1.0,True
0,45674,7,5.045362508311392,15.421812534332275,0.5357142857142858,True
0,45675,6,17.475424378713072,51.26149129867554,0.48571428571428577,True
0,45676,8,3.674728197673152,11.244946241378784,0.523809523809524,True
0,45677,4,2.288790106759926,6.247040271759033,0.0,True
0,45679,9,5.626667471300185,16.235962986946106,0.7333333333333334,True
0,45680,9,4.970680049789985,19.212179869413376,0.15,True
0,45681,7,9.458896703406014,25.71987497806549,0.0,True
0,45682,8,9.630374898128052,30.76469588279724,0.7619047619047621,True
0,45683,9,2.794434253416449,7.623130619525909,0.7166666666666667,True
0,45684,8,5.657039587149547,14.677311658859253,0.8571428571428572,True
0,45685,10,7.182610917363941,25.073535919189453,0.6242424242424242,True
0,45686,10,2.8342375464558414,9.147708028554916,0.49090909090909085,True
0,45687,8,4.142273570309437,11.485130399465561,0.4523809523809524,True
0,45688,10,5.744247698049336,23.016812324523926,0.8666666666666665,True
0,45689,10,4.751146963687317,16.001509368419647,0.6363636363636362,True
0,45691,7,10.304095545408874,33.86478066444397,0.5714285714285715,True
0,45692,7,5.340362981570471,18.980207085609436,0.9285714285714288,True
0,45693,10,2.5822470837031855,8.906616449356079,-0.0303030303030303,True
0,45695,3,5.62611426556701,12.122650146484375,1.0,True
0,45696,10,2.5513206022893855,9.464963674545288,0.5515151515151515,True
0,45697,8,6.660719949681755,21.927908301353455,0.2380952380952381,True
0,45698,10,8.164621877297364,28.328555941581726,-0.22424242424242422,True
0,45700,10,8.72672447674731,24.716660141944885,0.5151515151515151,True
0,45701,10,11.581568280347577,32.33088457584381,0.35757575757575755,True
0,45702,10,4.040779018072557,15.483627304434776,0.406060606060606,True
0,45703,10,8.09516876390676,27.16066265106201,-0.5030303030303029,True
0,45704,9,3.910353343325138,11.547930240631104,0.09999999999999999,True
0,45705,8,8.376415375984424,22.972958087921143,0.5476190476190477,True
0,45706,7,8.790265058138903,26.67306900024414,0.7142857142857144,True
0,45707,6,9.551464471821394,22.69553279876709,0.2,True
0,45708,10,6.878058862326424,24.12839651107788,0.6484848484848483,True
0,45709,1,0.0,0.0,,False
0,45710,9,6.5843232704214,20.47756290435791,0.7166666666666667,True
0,45711,10,8.294450924640614,26.92279803752899,-0.01818181818181818,True
0,45712,8,7.060757419360423,24.96818494796753,0.7857142857142858,True
0,45713,8,13.30579992392133,35.838377952575684,0.4285714285714286,True
0,45714,10,3.8291167881662926,10.978985905647278,0.6969696969696969,True
0,45716,9,7.1149275288256915,25.784912824630737,0.8666666666666667,True
0,45717,1,0.0,0.0,,False
0,45720,8,7.375942874983201,21.188433170318604,0.4523809523809524,True
0,45721,2,1.526947021484375,3.05389404296875,-0.9999999999999999,True
0,45722,7,7.203054498920751,23.701687812805176,0.4642857142857144,True
0,45723,7,2.7374431565104023,7.15252685546875,0.3214285714285715,True
0,45724,1,0.0,0.0,,False
0,45725,7,4.170306162965685,11.436368465423584,0.21428571428571433,True
0,45726,7,4.935088591768351,11.997471570968628,0.5357142857142858,True
0,45727,8,4.6399876222859415,14.595828771591187,0.1666666666666667,True
0,45728,10,4.545753651545875,15.708828449249268,0.3939393939393939,True
0,45729,6,14.551501140599504,40.06611394882202,0.6571428571428573,True
0,45730,10,6.793208649882051,21.208884567022324,-0.07878787878787878,True
0,45731,9,9.418527547343809,32.25902605056763,0.8666666666666667,True
0,45732,7,10.747252914398793,32.814112186431885,0.5357142857142858,True
0,45734,10,6.714277828534147,21.894852876663208,0.8303030303030302,True
0,45736,1,0.0,0.0,,False
0,45737,8,4.9109278216013985,16.086110949516296,0.6190476190476191,True
0,45740,8,6.6408491211930825,24.412693738937378,0.9047619047619048,True
0,45741,5,9.055538837473852,22.941195249557495,0.8999999999999998,True
0,45743,7,2.459171624460606,6.938037559390068,0.3214285714285715,True
0,45746,9,12.159684737788009,36.875948429107666,0.4666666666666666,True
0,45748,9,4.30509419204705,13.540064573287964,0.8666666666666667,True
0,45749,7,10.145352874564,36.33332824707031,0.6785714285714287,True
0,45750,10,8.002924975839523,28.246634483337402,0.2727272727272727,True
0,45751,8,8.793107377159082,30.257831811904907,0.8571428571428572,True
0,45752,10,4.684733073079089,17.570524096488953,0.5030303030303029,True
0,45754,3,6.275064950724814,15.362701654434204,1.0,True
0,45755,10,4.229218795437028,12.160026162862778,0.7454545454545454,True
0,45756,10,4.477277935170453,15.990229606628418,0.19999999999999998,True
0,45757,5,4.035737109177176,9.998167037963867,0.7,True
0,45759,10,3.8893339882674494,12.543943524360657,0.7212121212121211,True
0,45761,7,2.4300812526439963,7.640439391136169,0.28571428571428575,True
0,45762,8,3.9053947801772146,13.362011194229126,0.28571428571428575,True
0,45763,10,7.812316439200111,20.435161113739014,0.4545454545454545,True
0,45764,8,7.431304803646889,19.982496738433838,-0.6190476190476191,True
0,45767,10,4.906358289609507,16.489548206329346,0.5393939393939393,True
0,45768,9,10.262819812353486,33.41611981391907,0.8166666666666667,True
0,45769,9,5.583955580551687,17.42293667793274,0.7666666666666667,True
0,45773,9,4.3392630284132485,12.69261622428894,0.7333333333333334,True
0,45774,9,5.265937172578405,18.0770480632782,0.4666666666666666,True
0,45775,5,1.4068677531816063,4.319177746772766,0.49999999999999994,True
0,45776,10,7.244977535758444,26.844033241271973,0.6242424242424242,True
0,45777,8,4.623282337029386,14.807963371276855,0.4285714285714286,True
0,45778,5,4.025562068268653,11.936103105545044,0.3,True
0,45779,9,9.974304168863943,29.320162177085876,0.7666666666666667,True
0,45780,10,6.18242426569937,21.880566596984863,0.5030303030303029,True
0,45781,2,2.597673535346985,5.19534707069397,0.9999999999999999,True
0,45782,10,4.224865197561286,13.626657247543335,0.18787878787878787,True
0,45785,9,3.134377977758497,9.613752365112305,0.45,True
0,45786,3,12.029488339360052,29.465843677520752,0.5,True
0,45787,9,7.409115047281938,26.635989665985107,0.33333333333333337,True
0,45788,9,1.006611070189876,3.5748448371887207,0.45,True
0,45789,8,3.557527540084469,13.695332050323486,0.6190476190476191,True
0,45790,9,7.6157405071946735,20.445007920265198,0.6333333333333333,True
0,45791,8,6.540932352359134,21.63841938972473,0.9285714285714287,True
0,45793,8,3.746100669473633,10.815786600112915,0.5714285714285715,True
0,45794,5,8.150501031090512,20.648740768432617,0.3,True
0,45795,8,6.04027851526477,20.13740873336792,0.9523809523809524,True
0,45796,10,9.144936539698664,29.686582565307617,0.7939393939393938,True
0,45798,10,4.613141801388282,16.200623750686646,0.5636363636363636,True
0,45800,8,3.7746529097044133,14.572401285171509,0.1666666666666667,True
0,45801,7,4.037397096206431,13.142659902572632,0.9285714285714288,True
0,45802,7,2.97967000724826,9.396262645721436,0.5714285714285715,True
0,45803,10,8.627210290797684,26.022626280784607,0.6969696969696969,True
0,45804,10,7.4558024791982715,21.06627106666565,0.9030303030303028,True
0,45805,10,11.293840005580293,32.073150396347046,-0.33333333333333326,True
0,45806,8,12.425230854671723,36.964335799217224,-0.14285714285714288,True
0,45807,7,4.74151916891868,14.342857360839844,0.0,True
0,45808,9,7.902388033756333,20.780185222625732,0.5,True
0,45809,9,4.524177374973019,12.188174962997437,0.7,True
0,45810,7,3.4996513861283876,9.735163807868958,0.642857142857143,True
0,45812,9,5.360655716907196,18.231910943984985,0.43333333333333335,True
0,45813,9,2.0483810555574795,6.137630224227905,-0.03333333333333333,True
0,45814,10,6.1020138044307295,22.022712230682373,0.6121212121212121,True
0,45815,1,0.0,0.0,,False
0,45816,9,13.9706244325545,38.31570020318031,0.21666666666666667,True
0,45818,9,2.1958084976245904,7.592681646347046,0.65,True
0,45819,9,6.292363835958898,24.68715810775757,0.11666666666666665,True
0,45820,10,6.62463208537035,20.564263343811035,-0.006060606060606061,True
0,45821,8,8.919893312078282,27.595696330070496,0.6904761904761906,True
0,45822,10,6.167618924196207,19.71932315826416,-0.41818181818181815,True
0,45823,7,1.1740160081896172,3.842286705970764,0.5357142857142858,True
0,45824,10,2.659547550582481,7.798466324806213,0.28484848484848485,True
0,45825,9,8.06878302302484,27.949225664138794,0.5666666666666667,True
0,45826,9,5.265710447058894,20.15532875061035,0.6833333333333333,True
0,45827,4,6.777018119829572,17.56572675704956,0.7999999999999999,True
0,45828,10,4.028665293161668,14.238900661468506,-0.04242424242424241,True
0,45829,3,2.1759913866235214,4.929794907569885,-0.5,True
0,45830,3,12.429449367032703,28.21009349822998,1.0,True
0,45832,9,3.575362005377748,10.636722654104233,0.21666666666666667,True
0,45834,2,0.07701659202575684,0.15403318405151367,-0.9999999999999999,True
0,45835,9,9.058816764036383,29.012478351593018,0.6666666666666667,True
0,45836,10,5.571576593442839,15.44239342212677,0.24848484848484845,True
0,45838,8,4.7425557374776615,16.670549869537354,-0.261904761904762,True
0,45841,10,7.032918919898714,20.960440516471863,0.24848484848484845,True
0,45842,9,9.565139137232155,30.955432891845703,0.48333333333333334,True
0,45843,10,3.2137506982912734,12.165145754814148,0.33333333333333326,True
0,45845,9,6.751107487944691,23.66153848171234,0.13333333333333333,True
0,45846,8,6.4402624555600205,18.907682180404663,0.4047619047619048,True
0,45847,10,6.529616882774446,24.127954483032227,0.8303030303030302,True
0,45848,3,9.888164529205833,21.789288997650146,1.0,True
0,45849,7,11.206201462618633,26.50217115879059,0.0,True
0,45850,4,8.212300163794017,20.85452127456665,0.19999999999999998,True
0,45851,8,5.16538023596296,16.833932399749756,0.1666666666666667,True
0,45852,10,3.9079799930003554,11.970877408981323,0.7939393939393938,True
0,45853,10,13.939004669043744,50.334338426589966,0.006060606060606061,True
0,45854,10,4.318845309377251,14.704096555709839,0.12727272727272726,True
0,45855,9,3.9212533662745646,11.614286184310913,0.5499999999999999,True
0,45857,7,4.9414434159389495,17.449352145195007,0.8214285714285715,True
0,45858,10,6.462521959709254,18.419198393821716,0.6848484848484848,True
0,45859,9,4.561838929212253,16.12611523270607,-0.11666666666666665,True
0,45860,6,5.871023231178652,16.206688404083252,0.2571428571428572,True
0,45861,10,3.398264242812749,11.787773609161377,0.5757575757575757,True
0,45862,9,8.41236275408779,27.43869161605835,-0.18333333333333335,True
0,45863,7,3.5541163937163347,9.79102373123169,0.14285714285714288,True
0,45864,9,7.05897264871272,21.609062433242798,0.16666666666666669,True
0,45865,10,4.2991472224377505,16.304546356201172,-0.309090909090909,True
0,45866,7,13.461664564272292,37.18744361400604,0.14285714285714288,True
0,45867,10,4.336858618623856,14.590527534484863,0.7818181818181817,True
0,45868,10,6.721843934602357,22.02281355857849,0.7575757575757575,True
0,45869,2,0.9051820039749146,1.810364007949829,-0.9999999999999999,True
0,45870,5,7.168921946951881,19.628901958465576,0.7,True
0,45871,8,6.658349211233295,17.774457454681396,0.6904761904761906,True
0,45872,10,9.104301882383824,27.902794122695923,-0.13939393939393938,True
0,45873,2,9.135558843612671,18.271117687225342,0.9999999999999999,True
0,45876,9,6.215882691385401,22.502028912305832,0.7166666666666667,True
0,45877,9,3.118416685257062,9.574656367301941,0.6666666666666667,True
0,45878,8,11.114472850751637,31.855695366859436,0.2142857142857143,True
0,45879,9,4.209924050450589,13.351699113845825,0.16666666666666669,True
0,45880,9,4.176291121637463,12.945467233657837,0.7166666666666667,True
0,45881,10,7.540481597743194,28.48665177822113,0.43030303030303024,True
0,45882,9,11.532554004941899,29.148565024137497,0.2881769890388444,True
0,45883,9,9.846197982877555,32.42631387710571,0.7,True
0,45884,9,8.133093017290678,22.013594031333923,-0.09999999999999999,True
0,45885,8,2.301043948496345,7.6776556968688965,0.4761904761904762,True
0,45886,9,5.623487194941748,15.901293754577637,0.7833333333333333,True
0,45888,9,7.263810841169371,22.200541734695435,0.6333333333333333,True
0,45890,8,7.103543078600083,25.09874963760376,0.7142857142857144,True
0,45892,7,9.10234318852004,23.92498528957367,0.8571428571428573,True
0,45893,6,3.9967078155009395,11.37368905544281,0.2571428571428572,True
0,45894,8,3.82696388277942,11.893011450767517,-0.09523809523809526,True
0,45896,10,8.60580532754161,32.39158520102501,0.06666666666666665,True
0,45897,10,5.994494830091223,20.530506134033203,0.3696969696969697,True
0,45898,9,10.350981168222532,35.62821337580681,0.9166666666666666,True
0,45902,4,7.407594775361276,20.268438458442688,0.7999999999999999,True
0,45903,9,3.1024851412854897,11.859470009803772,-0.18333333333333335,True
0,45904,8,9.274731563942243,26.88561773300171,0.6904761904761906,True
0,45905,7,3.919945506306104,11.02266526222229,0.42857142857142866,True
0,45906,10,7.3541901469644975,28.640155792236328,0.4545454545454545,True
0,45907,8,7.555634044073925,26.75672960281372,0.261904761904762,True
0,45911,6,5.058083127230184,15.85442590713501,0.942857142857143,True
0,45912,7,3.8925011804096155,12.026511937379837,0.4642857142857144,True
0,45913,6,6.418738890881584,21.486793994903564,-0.5428571428571429,True
0,45914,10,3.119519395430159,10.52918815612793,0.709090909090909,True
0,45915,7,7.214050405755765,18.766289234161377,0.6785714285714287,True
0,45916,10,6.056115524133671,20.42140531539917,0.8060606060606059,True
0,45919,6,2.8351094806511075,7.799821972846985,0.08571428571428573,True
0,45920,9,5.877883472643086,17.084046125411987,0.5499999999999999,True
0,45921,1,0.0,0.0,,False
0,45922,6,3.2851387090729935,9.567786812782288,0.3142857142857143,True
0,45923,2,3.379528284072876,6.759056568145752,0.9999999999999999,True
0,45924,3,13.133029349928051,27.978073835372925,0.5,True
0,45925,10,8.033768432858345,29.45661759376526,0.7696969696969697,True
0,45926,10,5.835267077054547,20.266865447163582,0.6848484848484848,True
0,45927,3,7.977853234088841,19.36920475959778,0.5,True
0,45928,9,9.829782121822523,31.91739845275879,0.5666666666666667,True
0,45929,10,3.750408751553559,11.823105216026306,0.41818181818181815,True
0,45931,8,7.772560689617339,23.346613883972168,0.523809523809524,True
0,45934,9,5.627017550021185,17.30050253868103,0.65,True
0,45935,8,4.660505988118878,17.472654849290848,0.8333333333333335,True
0,45936,3,9.443728598723517,21.937297344207764,0.5,True
0,45938,6,5.715232314335952,14.650173664093018,0.2,True
0,45939,7,5.995269481910679,18.71774685382843,0.642857142857143,True
0,45940,9,8.437780356545316,29.85671901702881,0.03333333333333333,True
0,45941,7,5.000198044976901,15.635472297668457,-0.7500000000000002,True
0,45942,6,7.671507298254503,19.465148210525513,0.5428571428571429,True
0,45943,8,2.096573531301146,5.955216407775879,0.4523809523809524,True
0,45944,4,5.82584185741001,14.195319145917892,0.7999999999999999,True
0,45946,10,3.6856914791913487,14.098119258880615,0.6484848484848483,True
0,45948,2,12.86729234457016,25.73458468914032,0.9999999999999999,True
0,45949,3,8.583596054792487,19.745691895484924,0.5,True
0,45950,10,10.138834393436534,41.885945320129395,0.9030303030303028,True
0,45951,10,4.072493546896609,14.244943499565125,0.5757575757575757,True
0,45952,10,5.0196742468268845,15.150273442268372,0.406060606060606,True
0,45953,7,11.65318870760412,30.5084331035614,0.5714285714285715,True
0,45955,6,15.458893929235437,45.74422311782837,0.8857142857142858,True
0,45956,4,3.034195279701198,7.344957590103149,0.7999999999999999,True
0,45957,3,6.73705436998334,15.182890057563782,1.0,True
0,45958,8,5.4874939814338335,18.25360882282257,0.5952380952380953,True
0,45959,8,7.420527866266852,24.441362619400024,0.8095238095238096,True
0,45963,10,5.602786179642109,19.04701852798462,0.38181818181818183,True
0,45964,7,7.773109933496201,24.67924213409424,0.9285714285714288,True
0,45965,9,7.736710271027539,23.622111082077026,0.4666666666666666,True
0,45966,2,12.40641474723816,24.81282949447632,0.9999999999999999,True
0,45967,8,5.840032980473532,17.708067417144775,0.28571428571428575,True
0,45969,10,10.633431807975937,32.1193962097168,0.6969696969696969,True
0,45970,7,6.568102404259437,20.434118032455444,0.642857142857143,True
0,45971,10,6.222341643044496,21.138932704925537,0.6606060606060605,True
0,45972,6,6.6532359555667195,17.65308928489685,0.2571428571428572,True
0,45973,8,6.531218274519324,20.930922031402588,-0.14285714285714288,True
0,45974,8,7.993582599629231,28.706116914749146,0.5000000000000001,True
0,45976,10,7.7887062720080245,23.25650990009308,0.05454545454545454,True
0,45977,9,6.113909278367637,19.080906748771667,0.7333333333333334,True
0,45978,7,4.352594434311061,13.675004243850708,0.21428571428571433,True
0,45979,6,4.171813663962577,10.804973363876343,0.942857142857143,True
0,45980,10,6.249306990672126,17.378740310668945,0.32121212121212117,True
0,45982,10,5.585401571203104,18.874393463134766,0.1515151515151515,True
0,45983,7,9.960276664327129,33.23002848029137,0.5714285714285715,True
0,45984,9,7.008932900727784,23.818838208913803,0.31666666666666665,True
0,45985,8,9.193061845984948,28.255404472351074,0.5476190476190477,True
0,45987,9,3.467980075979567,12.567797899246216,0.5333333333333333,True
0,45988,9,4.773641196024837,16.68230974674225,0.2333333333333333,True
0,45990,9,2.688028436142531,7.459871292114258,0.43333333333333335,True
0,45991,4,6.71964822862268,17.640326023101807,1.0,True
0,45995,8,4.115499062591201,11.8492112159729,0.5952380952380953,True
0,45996,10,4.194151771132531,15.069243162870407,0.6363636363636362,True
0,45997,2,16.02472472190857,32.04944944381714,0.9999999999999999,True
0,45998,6,9.349114578880059,23.15270483493805,0.5428571428571429,True
0,46000,10,7.016347472062223,22.41883084177971,0.5151515151515151,True
0,46001,8,3.797446383616209,11.937894105911255,0.11904761904761905,True
0,46002,4,10.849492656761766,29.150108337402344,0.7999999999999999,True
0,46003,10,7.3586695784518135,27.288153886795044,0.6848484848484848,True
0,46005,10,11.70249679508107,33.6083799302578,-0.06666666666666665,True
0,46006,9,4.933707589476991,17.575785875320435,0.3666666666666667,True
0,46007,10,6.669687397640074,22.30161190032959,0.8060606060606059,True
0,46010,9,7.011095015113399,24.33896827697754,0.03333333333333333,True
0,46012,7,9.362603004773064,28.210991755127907,0.3571428571428572,True
0,46013,9,6.0067406109116055,16.61045265197754,0.48333333333333334,True
0,46016,8,6.931524299282438,20.825451374053955,0.1666666666666667,True
0,46017,8,5.303070759433216,17.17520523071289,0.4761904761904762,True
0,46018,8,7.929019721040988,26.90694284439087,0.7857142857142858,True
0,46019,8,5.982783884435761,18.868362694978714,0.6666666666666669,True
0,46020,10,7.049798537715102,27.141064167022705,0.7212121212121211,True
0,46021,7,8.407007299148553,26.714128494262695,0.39285714285714296,True
0,46022,7,8.190480890926747,29.665719389915466,0.6785714285714287,True
0,46023,9,4.358151722355565,15.379589915275574,0.7666666666666667,True
0,46024,9,5.3839578073485574,18.591554641723633,0.21666666666666667,True
0,46025,9,6.118631616894211,16.153414100408554,0.7833333333333333,True
0,46026,10,2.4180221174016014,7.540762543678284,0.6848484848484848,True
0,46028,8,8.42910778003086,22.772304892539978,0.8333333333333335,True
0,46030,6,3.2301578623430403,9.03619384765625,0.7714285714285715,True
0,46031,10,3.777607468644617,10.523731470108032,0.28484848484848485,True
0,46032,9,3.895067250516185,11.765414088964462,-0.09999999999999999,True
0,46033,10,6.78684906497104,23.70454454421997,0.34545454545454546,True
0,46034,9,5.764809683191856,17.559399008750916,0.7333333333333334,True
0,46036,6,6.063724590527104,18.036129474639893,0.6,True
0,46038,8,9.400833407111287,26.701642394065857,0.8571428571428572,True
0,46039,6,4.819824189624796,11.148501813411713,0.4285714285714286,True
0,46040,7,6.5419985595493095,18.733866691589355,0.5357142857142858,True
0,46041,8,10.052059543434485,28.244174242019653,-0.04761904761904763,True
0,46042,6,5.4980019510535865,16.61496102809906,0.7714285714285715,True
0,46044,10,7.745502227313624,33.84431457519531,0.7454545454545454,True
0,46045,10,12.816631156169239,35.472858905792236,0.7818181818181817,True
0,46046,10,2.5177240350014385,8.100060224533081,-0.709090909090909,True
0,46047,10,8.548060811332808,33.799129009246826,0.43030303030303024,True
0,46048,10,4.492040425316128,13.983335256576538,0.406060606060606,True
0,46049,10,5.465645745237562,18.008068054914474,0.2727272727272727,True
0,46050,9,7.392731180519381,27.842446088790894,0.0,True
0,46051,4,14.615250769108581,41.07640790939331,0.19999999999999998,True
0,46053,10,4.018068091253553,12.692688345909119,0.23636363636363633,True
0,46054,8,7.544663476769641,22.05143976211548,0.04761904761904763,True
0,46055,7,14.817469621272387,38.39839816093445,-0.3571428571428572,True
0,46056,10,6.3127166404920105,21.94650399684906,-0.32121212121212117,True
0,46058,8,7.618762801218861,25.884238243103027,0.7142857142857144,True
0,46059,7,6.280587303437657,22.214823246002197,0.5357142857142858,True
0,46060,7,11.029402453315546,31.419589519500732,0.5714285714285715,True
0,46061,9,2.8409354245688436,7.974778413772583,0.39999999999999997,True
0,46062,9,6.144369274477384,17.318800538778305,0.75,True
0,46063,9,4.226187830621025,11.068805932998657,0.33333333333333337,True
0,46064,6,4.839759038300933,16.47922658920288,-0.08571428571428573,True
0,46065,8,6.57969289957114,23.186740398406982,0.8571428571428572,True
0,46066,3,4.8310240179276045,11.17319405078888,-0.5,True
0,46067,9,6.325654670076652,19.30950093269348,0.19999999999999998,True
0,46068,9,11.101682913228158,30.935331225395203,-0.09999999999999999,True
0,46069,9,8.503096308818733,32.96742796897888,0.8833333333333333,True
0,46070,1,0.0,0.0,,False
0,46071,10,5.615651835950251,20.62375056743622,0.406060606060606,True
0,46072,8,3.8749524064837213,11.654854774475098,0.7380952380952381,True
0,46073,1,0.0,0.0,,False
0,46074,10,7.934381967376337,25.143206775188446,0.709090909090909,True
0,46076,1,0.0,0.0,,False
0,46078,10,5.732114818239725,18.593899250030518,0.2121212121212121,True
0,46080,8,6.173666937165473,19.23978018760681,0.7142857142857144,True
0,46081,7,4.311401599281539,11.313823223114014,0.39285714285714296,True
0,46082,8,8.254448276430514,26.262413024902344,0.9285714285714287,True
0,46083,10,6.7896759210034086,25.7629132270813,0.34545454545454546,True
0,46084,5,8.406320311862777,21.59292459487915,0.7999999999999999,True
0,46085,10,7.4742589198981735,22.623031198978424,0.29696969696969694,True
0,46088,8,4.459143266725881,14.999589204788208,0.4761904761904762,True
0,46089,7,3.894974484988209,11.08073616027832,0.7142857142857144,True
0,46091,7,3.1239419342532067,11.021562099456787,0.6785714285714287,True
0,46092,7,3.6837930669503787,12.12895941734314,0.14285714285714288,True
0,46093,8,4.467298014141793,13.946856379508972,0.4761904761904762,True
0,46094,8,10.645483948286833,29.92126739025116,0.4523809523809524,True
0,46095,9,3.719933818592496,11.607035636901855,0.7166666666666667,True
0,46096,8,7.638663760188449,24.004011869430542,0.4047619047619048,True
0,46097,9,2.751815433835814,9.980634689331055,0.15,True
0,46098,6,18.92535877015241,46.64494276046753,0.8285714285714287,True
0,46099,7,2.658798160597418,8.199915766716003,0.7142857142857144,True
0,46100,7,9.114570556898954,32.771820068359375,0.6785714285714287,True
0,46101,10,5.496983958296144,20.605687856674194,0.5272727272727272,True
0,46103,1,0.0,0.0,,False
0,46105,7,4.136461321795851,9.966485023498535,0.5357142857142858,True
0,46106,8,6.346163842282995,18.12467622756958,-0.07142857142857144,True
0,46109,10,3.836061786607948,15.407288074493408,-0.10303030303030303,True
0,46112,8,6.971357311466728,19.278008222579956,0.04761904761904763,True
0,46113,10,8.608475650090273,28.9350608587265,0.18787878787878787,True
0,46114,10,7.106238408887715,21.67483639717102,0.6242424242424242,True
0,46115,9,5.711464279609851,16.772563457489014,0.06666666666666667,True
0,46116,7,12.40971013901776,37.05911302566528,0.7857142857142859,True
0,46117,9,7.211190663384587,25.208056688308716,0.25,True
0,46118,10,8.970885884463017,29.910271644592285,0.5757575757575757,True
0,46120,7,2.846597274783634,9.894686341285706,-0.14285714285714288,True
0,46121,10,5.813157290085338,16.076955050230026,0.09090909090909088,True
0,46122,7,3.084924160804441,10.5440753698349,0.25,True
0,46123,9,5.569430349191077,17.618006199598312,0.6166666666666666,True
0,46124,10,7.884689366266115,22.29085350036621,0.6484848484848483,True
0,46125,7,2.7170144503317997,9.206773519515991,0.642857142857143,True
0,46126,8,3.708013510230265,11.824161291122437,0.3333333333333334,True
0,46127,5,3.974218733144191,9.639615774154663,0.8999999999999998,True
0,46129,8,5.137054479022691,18.049190402030945,0.8333333333333335,True
0,46131,1,0.0,0.0,,False
0,46132,10,7.076505074843858,27.50283432006836,0.7818181818181817,True
0,46134,8,3.636768514894357,10.63551950454712,0.5952380952380953,True
0,46135,9,7.7745639787003595,24.599085927009583,0.13333333333333333,True
0,46136,10,6.124534775887983,19.68305993080139,0.8181818181818182,True
0,46137,10,6.4495089724840655,23.92065417766571,0.49090909090909085,True
0,46138,7,13.67069977518027,43.36355924606323,0.6071428571428572,True
0,46140,8,5.4544420864144865,16.493763089179993,-0.523809523809524,True
0,46141,7,7.581468684016833,21.658787965774536,-0.642857142857143,True
0,46144,6,4.172726664147239,12.012329548597336,0.8857142857142858,True
0,46145,8,4.740823760993754,13.814342737197876,0.2380952380952381,True
0,46146,8,2.284576905422011,8.374275922775269,0.5714285714285715,True
0,46147,10,7.592660012228809,19.22849154472351,0.19999999999999998,True
0,46148,10,4.879319225809976,19.014239192008972,0.22424242424242422,True
0,46149,10,3.101503317530357,7.853260278701782,-0.2606060606060606,True
0,46151,8,8.246308996450763,19.853580117225647,0.04761904761904763,True
0,46152,3,2.101542606322207,5.121979475021362,0.5,True
0,46153,8,10.123458122039745,35.79666185379028,0.11904761904761905,True
0,46154,8,9.810980252636156,35.37975454330444,0.5952380952380953,True
0,46155,8,9.166904895594655,30.66058850288391,0.7142857142857144,True
0,46157,8,2.8413211990074942,7.857646703720093,0.261904761904762,True
0,46159,6,7.889997138213844,18.388253688812256,0.14285714285714288,True
0,46160,10,6.4954229907252135,26.3019437789917,0.2606060606060606,True
0,46161,4,3.616454975404719,9.486599445343018,-0.19999999999999998,True
0,46162,5,3.8834683046219363,9.708604484796524,0.7999999999999999,True
0,46164,8,3.860905084864565,12.888544172048569,0.3571428571428572,True
0,46165,8,9.96709574870507,29.068381786346436,0.4285714285714286,True
0,46166,9,3.9663821722504617,11.319318890571594,-0.21666666666666667,True
0,46167,8,4.578304380925461,15.15178394317627,-0.6190476190476191,True
0,46169,10,4.482416586191086,13.8375985622406,0.5272727272727272,True
0,46170,10,5.285867714448776,15.84888505935669,-0.19999999999999998,True
0,46171,10,5.205006839262019,15.703055381774902,0.29696969696969694,True
0,46172,9,3.084323960439041,9.627863824367523,0.48333333333333334,True
0,46173,8,3.165186027161325,10.020646095275879,0.8333333333333335,True
0,46174,8,6.0861922047068715,21.333853244781494,0.11904761904761905,True
0,46175,7,8.46191356783223,23.56200048327446,0.42857142857142866,True
0,46176,10,5.755152819457586,20.863889575004578,0.7575757575757575,True
0,46177,10,3.4759739690440266,11.899942994117737,0.34545454545454546,True
0,46179,10,8.261858268031833,28.453243732452393,0.24848484848484845,True
0,46180,8,9.38707543176414,26.57074761390686,0.9285714285714287,True
0,46181,8,5.2135860846080915,14.423521608114243,0.7857142857142858,True
0,46182,10,6.5900395923747,23.64835798740387,0.9393939393939393,True
0,46183,6,7.471129399299099,22.152579754590988,0.6571428571428573,True
0,46185,6,5.184496054140383,16.136969804763794,0.8285714285714287,True
0,46186,5,9.360261313198617,25.303415417671204,0.39999999999999997,True
0,46190,10,5.609015516007269,18.82066512107849,0.38181818181818183,True
0,46191,8,3.8296538490418164,12.64722752571106,0.2380952380952381,True
0,46192,9,13.107252696053243,49.379563331604004,0.7,True
0,46194,10,7.036089334792381,26.22571349143982,0.2727272727272727,True
0,46195,10,4.512818757404586,15.730767339468002,0.5878787878787878,True
0,46196,9,3.591891652911665,12.99048364162445,0.5666666666666667,True
0,46198,7,4.116755752323033,15.215841472148895,0.03571428571428572,True
0,46199,9,7.103291182143111,20.597374320030212,0.45,True
0,46201,7,3.1744009827141424,8.342082023620605,-0.21428571428571433,True
0,46202,5,6.2474140502488495,14.47444224357605,0.7999999999999999,True
0,46203,9,3.1421487423344963,11.83355376124382,0.26666666666666666,True
0,46204,10,3.597442073367935,14.789118200540543,0.24848484848484845,True
0,46205,5,5.820088606427797,17.286466598510742,0.0,True
0,46206,8,8.054066171455464,22.02938425540924,-0.7142857142857144,True
0,46208,9,12.950251500606278,35.22697675228119,0.5666666666666667,True
0,46209,6,8.993365925766938,26.952345371246338,0.4285714285714286,True
0,46210,9,8.329164114953969,29.80121898651123,-0.08333333333333334,True
0,46211,8,7.983209139187707,26.59394407272339,0.14285714285714288,True
0,46212,10,7.932040123918008,23.93075132369995,0.8424242424242423,True
0,46214,10,7.819542922578646,26.024837523698807,0.5757575757575757,True
0,46215,9,6.820387170701009,25.098451256752014,0.5166666666666667,True
0,46216,9,6.9523942587508945,22.257508039474487,0.5499999999999999,True
0,46218,9,7.411862458600741,24.34544587135315,0.2333333333333333,True
0,46219,1,0.0,0.0,,False
0,46220,8,7.543702236573624,24.285192489624023,-0.19047619047619052,True
0,46221,10,6.719447040951698,17.749955415725708,0.35757575757575755,True
0,46222,10,7.182686263412045,24.70356845855713,0.5030303030303029,True
0,46223,5,5.352433527822125,13.053081512451172,0.6,True
0,46224,7,8.112930556240338,23.838216066360474,-0.1785714285714286,True
0,46225,8,2.68053212572979,8.441837072372437,0.5476190476190477,True
0,46226,10,4.759479343944224,15.81815755367279,0.6848484848484848,True
0,46227,6,12.710003601631197,36.6507511138916,0.028571428571428574,True
0,46228,7,4.839229289898874,15.890724897384644,0.5714285714285715,True
0,46229,9,5.064125902850078,15.882549524307251,0.45,True
0,46230,4,6.549473054429339,16.384415864944458,0.39999999999999997,True
0,46231,9,8.247496308576581,25.536088466644287,0.6833333333333333,True
0,46232,9,3.107578396165771,10.851502418518066,-0.25,True
0,46233,2,12.912631750106812,25.825263500213623,0.9999999999999999,True
0,46234,9,2.981571112820201,10.65122652053833,0.39999999999999997,True
0,46235,8,4.733595117323589,13.220332860946655,0.9047619047619048,True
0,46236,7,11.979013217868433,29.683852434158325,0.1785714285714286,True
0,46237,10,8.119440379851115,27.0223331451416,0.7333333333333332,True
0,46238,8,6.898646215365031,23.228333473205566,0.09523809523809526,True
0,46239,9,5.553682858131153,15.077218174934387,0.8666666666666667,True
0,46240,6,1.0134524646331586,3.005553364753723,0.8857142857142858,True
0,46241,10,5.075407190014462,15.735641479492188,0.7454545454545454,True
0,46242,7,4.4375223278962075,12.545582264661789,0.8928571428571429,True
0,46244,10,6.030408324454656,22.033397674560547,0.8666666666666665,True
0,46246,8,6.532555920442733,22.436028480529785,0.28571428571428575,True
0,46247,9,6.61006908931081,21.48657488822937,0.38333333333333336,True
0,46248,9,6.099982222857183,18.09375536441803,0.45,True
0,46249,10,11.113935377503049,40.83349013328552,0.8424242424242423,True
0,46250,9,9.06648432596601,28.99834930896759,0.16666666666666669,True
0,46251,7,9.33316109304144,27.170047760009766,-0.1785714285714286,True
0,46252,9,5.614210851120582,18.413751125335693,0.45,True
0,46253,8,7.080713475480822,19.813546419143677,-0.14285714285714288,True
0,46254,7,10.621755403646443,33.86590051651001,0.1785714285714286,True
0,46255,7,6.646573476982253,23.972676753997803,0.9285714285714288,True
0,46256,8,4.973911737133235,16.27214765548706,0.9761904761904763,True
0,46257,7,2.7622209944768294,8.558794140815735,0.07142857142857144,True
0,46258,8,4.728141712672259,16.11857795715332,0.19047619047619052,True
0,46259,9,4.490801542174976,16.508035391569138,-0.11666666666666665,True
0,46260,8,5.190423815927059,14.581211924552917,0.5000000000000001,True
0,46261,9,7.126035279870333,24.42765998840332,0.4666666666666666,True
0,46263,8,9.384057155077867,30.639763489365578,0.8333333333333335,True
0,46264,10,5.30097113526828,20.715543270111084,0.33333333333333326,True
0,46267,10,6.716287821986249,23.961687088012695,0.7939393939393938,True
0,46268,8,4.062611377299758,11.603965520858765,0.7857142857142858,True
0,46269,9,5.396310326413635,17.545400381088257,0.2333333333333333,True
0,46270,5,5.831972992775998,14.322346210479736,0.49999999999999994,True
0,46271,8,2.027539143103212,6.519004821777344,0.11904761904761905,True
0,46272,9,3.2259833951083463,9.842682361602783,0.25,True
0,46273,1,0.0,0.0,,False
0,46274,4,4.579288989111407,12.464424133300781,0.7999999999999999,True
0,46275,7,5.8291388487414055,18.05344009399414,0.6071428571428572,True
0,46276,5,12.407020981103583,34.01043224334717,0.3,True
0,46278,10,4.85656248205116,15.025403618812561,0.32121212121212117,True
0,46279,6,7.472390185319463,21.85270583629608,0.2571428571428572,True
0,46281,10,13.159862939116255,39.51283550262451,0.28484848484848485,True
0,46282,8,6.0336038150610225,18.44123148918152,0.5952380952380953,True
0,46283,5,6.651688068170167,18.27519416809082,0.7,True
0,46284,9,8.256823445183473,22.010097861289978,0.08333333333333334,True
0,46285,7,8.971247072869357,29.622990489006042,0.07142857142857144,True
0,46286,9,4.927178218886774,17.07533359527588,0.18333333333333335,True
0,46289,7,4.319662899585879,13.909192323684692,0.10714285714285716,True
0,46290,7,6.304100045949213,19.14064311981201,-0.07142857142857144,True
0,46291,9,4.701428029088801,13.330324411392212,0.3,True
0,46292,7,7.195020819607892,20.984499216079712,-0.14285714285714288,True
0,46295,7,2.3968065409785884,8.23171615600586,0.7142857142857144,True
0,46296,8,6.664287862989116,15.882622003555298,0.5714285714285715,True
0,46297,5,4.04428672967041,11.292542576789856,0.49999999999999994,True
0,46298,1,0.0,0.0,,False
0,46299,7,7.819097171412457,22.050964832305908,-0.10714285714285716,True
0,46300,10,5.784622106768094,20.618509531021118,0.17575757575757575,True
0,46301,8,4.295488765733438,12.985589027404785,0.1666666666666667,True
0,46304,10,3.262014382653273,9.694318652153015,0.6727272727272726,True
0,46305,8,8.026596417015606,26.040536642074585,0.14285714285714288,True
0,46306,2,8.89372730255127,17.78745460510254,0.9999999999999999,True
0,46307,9,5.213104515237899,17.87313413619995,0.45,True
0,46308,10,7.9045741117565775,21.21478772163391,0.6606060606060605,True
0,46309,8,8.032862681878033,28.73209846019745,0.6190476190476191,True
0,46310,10,5.307701608818892,18.615334272384644,0.01818181818181818,True
0,46311,10,7.0631133809540225,25.783644318580627,0.709090909090909,True
0,46312,8,6.688937993421937,21.317187547683716,0.8571428571428572,True
0,46314,4,1.670026846794659,4.288655877113342,0.7999999999999999,True
0,46316,1,0.0,0.0,,False
0,46317,3,10.395644110508256,22.79092049598694,0.5,True
0,46318,9,3.2524058228154082,9.670340538024902,-0.016666666666666666,True
0,46319,7,4.444644962875701,12.913380026817322,0.9285714285714288,True
0,46320,9,5.473429861684585,19.023929595947266,0.43333333333333335,True
0,46321,8,5.881097452280851,21.36402726173401,0.4761904761904762,True
0,46322,1,0.0,0.0,,False
0,46323,10,1.8570303512840676,7.039921283721924,0.8787878787878788,True
0,46324,8,11.356321777316086,36.48679253458977,0.09523809523809526,True
0,46326,7,4.1598153406066745,14.319507718086243,0.4642857142857144,True
0,46327,3,7.554953808872368,16.49209451675415,-0.5,True
0,46328,1,0.0,0.0,,False
0,46329,9,6.573407624585098,23.967028826475143,0.6666666666666667,True
0,46330,10,6.670702769914989,21.931832522153854,0.8303030303030302,True
0,46331,1,0.0,0.0,,False
0,46332,7,7.503848868101844,18.574123859405518,0.8214285714285715,True
0,46333,8,8.935923713719175,28.937654495239258,0.30952380952380953,True
0,46334,4,14.50828123517932,37.16312599182129,0.7999999999999999,True
0,46335,5,12.251479379506435,29.552573323249817,0.09999999999999999,True
0,46336,10,7.5231223037705,28.84485626220703,0.22424242424242422,True
0,46337,3,3.1794608407498863,7.774730563163757,0.5,True
0,46338,8,7.110330220053599,18.73639750480652,0.880952380952381,True
0,46339,7,8.325426304078247,28.431713104248047,0.3214285714285715,True
0,46340,7,5.612519842429426,20.136391162872314,0.7142857142857144,True
0,46341,8,3.990666463204896,11.856889009475708,-0.07142857142857144,True
0,46342,10,10.418026615588891,32.073787331581116,0.12727272727272726,True
0,46343,10,4.620916374951044,16.13521909713745,0.5272727272727272,True
0,46344,9,10.311439303944613,33.85567605495453,0.39999999999999997,True
0,46345,7,11.254628097821824,26.482255935668945,0.642857142857143,True
0,46346,7,5.643988387011614,15.753950119018555,0.3214285714285715,True
0,46347,7,5.51403245562801,17.78586721420288,0.5714285714285715,True
0,46348,7,8.847473427705733,23.111716270446777,-0.03571428571428572,True
0,46349,10,5.490515661993716,18.49773383140564,0.4666666666666666,True
0,46350,9,8.6747096108301,29.060070008039474,0.016666666666666666,True
0,46352,10,4.911113326257003,16.73057496547699,0.6969696969696969,True
0,46353,9,6.664158828314831,22.78831046819687,0.0,True
0,46356,7,5.279387393735815,16.230775833129883,0.42857142857142866,True
0,46357,5,1.8275841137680844,5.409338623285294,0.9999999999999999,True
0,46358,9,9.534760032773285,31.59202766418457,0.11666666666666665,True
0,46359,8,11.709054319954614,33.39385628700256,0.5714285714285715,True
0,46361,9,9.496210232957633,27.329243659973145,0.2833333333333333,True
0,46362,7,4.701947451400811,16.099961519241333,0.642857142857143,True
0,46363,7,8.821947703992798,22.34459161758423,0.8571428571428573,True
0,46365,4,7.825289664566435,21.103197783231735,0.39999999999999997,True
0,46366,8,5.885517181523351,19.816489696502686,0.4285714285714286,True
0,46367,10,12.237813061832123,36.52966797351837,0.3696969696969697,True
0,46368,9,8.5948425589456,30.125057637691498,-0.08333333333333334,True
0,46369,8,5.8404642404273615,14.69425630569458,0.14285714285714288,True
0,46370,4,5.5031670472914165,13.335141897201538,0.19999999999999998,True
0,46371,7,5.429754080982579,16.199101001024246,0.39285714285714296,True
0,46374,7,6.860594110400554,21.81524419784546,0.6071428571428572,True
0,46375,10,7.47067156385995,28.102233409881592,-0.23636363636363633,True
0,46376,7,6.33585264785909,21.595616221427917,0.4642857142857144,True
0,46378,9,2.265438348775767,6.480159282684326,0.6666666666666667,True
0,46380,5,5.075363358704436,14.79569149017334,0.6,True
0,46381,8,9.422687524763521,31.98891019821167,0.4761904761904762,True
0,46382,8,12.19727898724354,38.511369705200195,0.7619047619047621,True
0,46383,2,4.9223445653915405,9.844689130783081,0.9999999999999999,True
0,46384,8,3.517719904088367,10.776297569274902,0.38095238095238104,True
0,46385,9,4.29594321636228,15.178252458572388,0.8333333333333333,True
0,46386,1,0.0,0.0,,False
0,46387,9,4.068197132052498,16.057395577430725,0.09999999999999999,True
0,46388,8,8.4110551783466,23.297472447156906,0.8571428571428572,True
0,46389,10,5.528955540492307,14.704149961471558,-0.2606060606060606,True
0,46390,9,13.856876590657103,43.32719659805298,0.09999999999999999,True
0,46391,3,7.151085202435869,15.229320049285889,0.5,True
0,46392,8,5.1451179950210735,18.76043176651001,0.09523809523809526,True
0,46393,6,6.085026458022536,19.59846806526184,0.8285714285714287,True
0,46394,9,3.816995082374749,11.196092128753662,0.13333333333333333,True
0,46395,5,9.218584549850608,22.756232738494873,0.9999999999999999,True
0,46396,8,14.177176753376488,35.58765411376953,-0.07142857142857144,True
0,46398,10,6.537098315828152,21.579991817474365,0.43030303030303024,True
0,46399,8,10.419093196338537,35.987534165382385,0.30952380952380953,True
0,46400,10,2.4922792408707513,8.284018754959106,0.01818181818181818,True
0,46401,10,6.722944224265721,21.906877517700195,0.01818181818181818,True
0,46402,10,8.44324863772014,27.340010166168213,0.8424242424242423,True
0,46403,10,6.565142943584791,22.119123458862305,0.8181818181818182,True
0,46404,6,4.591658798991152,12.40373969078064,0.7142857142857143,True
0,46405,8,4.148545456096068,15.07791543006897,0.5714285714285715,True
0,46406,9,5.940781296481633,20.442366123199463,0.5666666666666667,True
0,46407,6,5.824029141454568,18.63902187347412,0.8285714285714287,True
0,46408,9,4.816624434188682,16.742157697677612,0.5166666666666667,True
0,46409,6,7.557819646452755,19.76249396800995,0.942857142857143,True
0,46410,4,6.018639744732525,16.951436758041382,1.0,True
0,46411,7,8.517698249492696,25.602118492126465,-0.25,True
0,46412,7,2.546832408283432,7.929835200309753,0.4642857142857144,True
0,46413,7,8.60851229208393,23.040674209594727,0.7142857142857144,True
0,46415,9,6.217427504627578,17.672213077545166,-0.08333333333333334,True
0,46416,3,0.5108498530307531,1.1574811935424805,-0.5,True
0,46418,8,7.022458837291261,22.549343943595886,0.9047619047619048,True
0,46419,10,9.725262994275612,28.16451060771942,0.16363636363636364,True
0,46421,7,12.79836816209418,34.09867909550667,0.7500000000000002,True
0,46422,10,3.9618809370913937,14.958087086677551,0.7818181818181817,True
0,46423,2,0.7736067771911621,1.5472135543823242,0.9999999999999999,True
0,46424,8,5.369302530464528,18.078911781311035,0.523809523809524,True
0,46425,7,7.877673396422651,25.719954639673233,0.10714285714285716,True
0,46428,10,5.002085423918636,16.408079624176025,0.8303030303030302,True
0,46429,7,9.255078985178399,31.93478488922119,0.42857142857142866,True
0,46430,9,9.466379952939526,30.533617973327637,0.9666666666666667,True
0,46431,10,10.693509329816107,29.039984196424484,0.8666666666666665,True
0,46432,9,10.36049615282654,35.24752902984619,-0.09999999999999999,True
0,46433,8,7.812224464551116,27.82416558265686,-0.09523809523809526,True
0,46434,5,4.979745337630423,12.585168838500977,0.3,True
0,46435,10,8.19523004810022,23.445850491523743,0.6969696969696969,True
0,46436,8,4.177572818341719,11.364948272705078,0.6190476190476191,True
0,46437,8,5.365464036051329,17.68292772769928,0.1666666666666667,True
0,46438,2,7.806273281574249,15.612546563148499,0.9999999999999999,True
0,46439,10,4.5881432451503,16.104603052139282,0.4424242424242424,True
0,46440,9,4.399454063980068,14.681858539581299,0.5333333333333333,True
0,46441,6,5.5722225858519705,17.06186056137085,0.8285714285714287,True
0,46442,10,6.093216881171068,19.7799289226532,0.5272727272727272,True
0,46443,8,5.907568474567651,19.895479679107666,0.8333333333333335,True
0,46444,9,3.6791465962849315,13.715969532728195,0.6333333333333333,True
0,46445,7,6.744777765372392,20.581138610839844,0.8214285714285715,True
0,46446,9,9.37511190123718,31.03723180294037,-0.4666666666666666,True
0,46447,9,2.370943109594018,6.169207811355591,0.43333333333333335,True
0,46449,10,5.750949514151552,19.136942625045776,0.5151515151515151,True
0,46452,6,5.694274055857831,16.983608603477478,0.7714285714285715,True
0,46453,8,5.351011209552131,14.43471097946167,-0.4761904761904762,True
0,46454,10,9.438751733730982,30.213419556617737,0.6727272727272726,True
0,46455,9,8.235168722352608,29.65571117401123,0.26666666666666666,True
0,46456,6,8.086489784148934,22.036293029785156,0.7714285714285715,True
0,46457,10,2.376960350685685,8.550468683242798,0.7454545454545454,True
0,46458,7,7.17531323852874,19.989472150802612,0.5357142857142858,True
0,46459,8,6.704735152491209,19.24460208415985,0.261904761904762,True
0,46460,9,7.53122629422535,26.681873559951782,0.09999999999999999,True
0,46461,9,6.463161130740827,24.74805772304535,0.43333333333333335,True
0,46463,8,3.5875392529267836,9.04040813446045,0.9047619047619048,True
0,46464,9,4.287345025854375,14.203309774398804,0.7,True
0,46465,10,6.817273541193788,20.615779161453247,0.5515151515151515,True
0,46466,10,4.848419910737764,13.973922729492188,0.6484848484848483,True
0,46467,6,10.893509224661681,29.599637985229492,0.6571428571428573,True
0,46468,10,7.498471062632578,29.74589252471924,0.13939393939393938,True
0,46469,8,8.389818950893398,25.384748101234436,0.3333333333333334,True
0,46470,7,12.694343432268198,42.54321646690369,0.7500000000000002,True
0,46472,10,7.013184241363469,27.75785779953003,0.7333333333333332,True
0,46473,6,3.9706940925140213,10.56316328048706,0.8285714285714287,True
0,46474,8,6.639062597380931,18.024171233177185,0.9047619047619048,True
0,46475,7,4.963854761510257,16.436717987060547,-0.03571428571428572,True
0,46477,8,6.275482969635064,18.737019181251526,0.3571428571428572,True
0,46479,7,4.416122996942705,14.302278637886047,0.9285714285714288,True
0,46480,7,6.176115289701447,16.06716501712799,0.5714285714285715,True
0,46481,8,7.009977510892212,22.64245045185089,0.3571428571428572,True
0,46483,7,9.69924676649122,27.850229740142822,0.3214285714285715,True
0,46484,9,4.269897280991766,14.512984156608582,0.7,True
0,46485,10,9.508675417612706,38.7342414855957,0.41818181818181815,True
0,46486,7,5.812549438692654,18.30808973312378,0.3571428571428572,True
0,46487,9,5.867099281915914,21.257920265197754,0.5499999999999999,True
0,46488,3,4.227961136337762,9.251540660858154,1.0,True
0,46489,10,5.693436437679875,23.333911418914795,-0.0303030303030303,True
0,46490,10,5.591906122017223,18.62687537074089,0.6242424242424242,True
0,46491,9,7.827052485359179,20.59291970729828,0.33333333333333337,True
0,46492,6,3.421810451830055,10.951835930347443,0.6,True
0,46493,10,7.94087685971795,26.644384026527405,0.8303030303030302,True
0,46494,10,9.174212314841057,28.184653759002686,0.8787878787878788,True
0,46495,9,9.013752075263973,27.845129251480103,0.45,True
0,46496,9,2.139596502155209,7.132586598396301,0.8499999999999999,True
0,46498,9,3.1760089210691236,8.773231387138367,0.45,True
0,46499,9,7.313659175460451,21.381242841482162,0.7,True
0,46500,8,9.443807240855254,31.933956384658813,-0.04761904761904763,True
0,46501,7,9.114164755481568,26.121925830841064,0.7500000000000002,True
0,46502,4,3.7226841122910175,9.16030764579773,1.0,True
0,46503,7,2.2997513246118704,6.635796308517456,0.8928571428571429,True
0,46505,8,9.227500091240186,25.832533597946167,0.30952380952380953,True
0,46506,8,8.479440167752944,25.725017309188843,0.5952380952380953,True
0,46507,10,8.043736268407336,23.41080415248871,0.32121212121212117,True
0,46508,8,10.792829066103868,39.653242111206055,0.4285714285714286,True
0,46509,7,2.1233084308746637,7.460965991020203,-0.14285714285714288,True
0,46510,6,8.228341738725524,23.50214710831642,0.7142857142857143,True
0,46511,8,5.749082191941868,21.85586643218994,0.7619047619047621,True
0,46512,1,0.0,0.0,,False
0,46514,2,0.44639384746551514,0.8927876949310303,-0.9999999999999999,True
0,46516,10,3.7878794749212408,13.113786935806274,0.6727272727272726,True
0,46518,10,5.4834232340405284,19.48848855495453,0.406060606060606,True
0,46519,6,7.580096967407925,23.90662384033203,0.2,True
0,46520,9,7.886246687863513,23.092353105545044,0.7999999999999999,True
0,46521,9,9.991226382791632,38.3846310377121,0.016666666666666666,True
0,46522,9,6.693055625359182,23.5578351020813,0.33333333333333337,True
0,46523,10,4.080405375024888,15.690838098526001,0.49090909090909085,True
0,46524,7,8.423062545062486,25.875173568725586,0.7142857142857144,True
0,46525,3,4.671051395172319,10.831603646278381,1.0,True
0,46526,7,8.532680018793783,22.998567193746567,0.6071428571428572,True
0,46527,2,0.12225210666656494,0.24450421333312988,-0.9999999999999999,True
0,46528,4,11.580862572977344,30.561882257461548,0.39999999999999997,True
0,46529,10,3.898002872090869,10.982425689697266,0.2727272727272727,True
0,46531,7,1.3076361416965734,4.149427175521851,-0.21428571428571433,True
0,46532,7,7.688277275356483,23.276811361312866,0.21428571428571433,True
0,46535,8,6.575709746073991,22.399878978729248,0.8571428571428572,True
0,46536,8,3.3818423871593337,10.979228258132935,0.7857142857142858,True
0,46537,3,9.561143799158433,23.06206750869751,0.5,True
0,46538,10,4.001599053292775,13.707363843917847,0.309090909090909,True
0,46539,8,12.168744914377081,33.96276152133942,0.7857142857142858,True
0,46540,10,4.174147779763285,11.650508880615234,0.09090909090909088,True
0,46541,9,9.062240336186989,26.448115587234497,0.8499999999999999,True
0,46542,9,4.742507156274344,15.162838697433472,0.3,True
0,46543,8,4.240431280624954,13.044155359268188,0.19047619047619052,True
0,46544,8,4.204363730490013,14.887874126434326,0.7380952380952381,True
0,46546,10,2.663172474262375,9.063585996627808,0.2121212121212121,True
0,46547,9,3.336902883148164,11.799193143844604,0.7833333333333333,True
0,46548,10,2.906077536315865,10.691502690315247,-0.07878787878787878,True
0,46549,7,4.204119912572117,13.206079721450806,0.642857142857143,True
0,46550,7,13.57458084717155,35.144047260284424,0.25,True
0,46552,8,5.244434797591458,14.967668533325195,0.4047619047619048,True
0,46555,1,0.0,0.0,,False
0,46556,8,7.33181828412024,26.619060516357422,0.7142857142857144,True
0,46558,9,8.515351032400785,28.833515167236328,0.7666666666666667,True
0,46559,9,5.254060496387016,18.406504660844803,-0.13333333333333333,True
0,46560,10,5.642744316850376,17.587642461061478,0.34545454545454546,True
0,46561,9,5.698650665441921,19.72616982460022,0.21666666666666667,True
0,46562,9,3.610258740806425,12.933277606964111,0.41666666666666663,True
0,46563,7,9.564790296321236,25.561402559280396,0.4642857142857144,True
0,46564,8,6.41954167388239,20.95500934123993,0.8333333333333335,True
0,46565,8,9.37382522085697,30.57011306285858,0.09523809523809526,True
0,46566,10,7.759363533856233,21.88271552324295,0.5757575757575757,True
0,46567,9,3.714930042374589,11.536367774009705,0.26666666666666666,True
0,46569,8,7.280456024170359,20.07125186920166,0.11904761904761905,True
0,46570,10,8.373621497521302,24.20258092880249,0.23636363636363633,True
0,46571,9,6.216649901749133,23.951692819595337,0.13333333333333333,True
0,46573,10,2.082296861314925,7.98206102848053,0.4424242424242424,True
0,46574,10,4.35411430505315,14.428912997245789,0.13939393939393938,True
0,46575,6,2.4642563549592573,7.5996925830841064,0.3142857142857143,True
0,46576,9,5.286733597299985,16.847250938415527,0.11666666666666665,True
0,46578,8,4.59862674319547,14.635550260543823,0.2142857142857143,True
0,46579,10,9.515973241927922,36.953115463256836,0.3696969696969697,True
0,46580,9,3.2766273625832767,9.64150607585907,0.7166666666666667,True
0,46581,8,4.163959189193224,13.831046104431152,-0.261904761904762,True
0,46582,10,12.582732334688668,38.18692374229431,0.7212121212121211,True
0,46583,7,5.488008943738656,14.244554072618484,0.6785714285714287,True
0,46587,10,5.925981348797483,20.732048988342285,0.04242424242424241,True
0,46588,8,6.489036484462181,19.856502413749695,0.38095238095238104,True
0,46589,9,5.522200658202018,21.052525758743286,0.25,True
0,46591,7,7.77007064722765,24.007463216781616,0.10714285714285716,True
0,46592,10,9.509740546645114,26.70559060573578,0.9151515151515152,True
0,46593,10,8.856544363417342,25.837031364440918,0.8666666666666665,True
0,46594,5,2.1406145511937025,6.668667018413544,0.0,True
0,46595,9,4.059389503246854,13.206586837768555,0.7833333333333333,True
0,46596,9,5.7548084780215545,21.98672914505005,0.6333333333333333,True
0,46597,10,9.697044648047532,27.038135290145874,0.4424242424242424,True
0,46598,8,1.9009267789698785,5.858402848243713,0.6666666666666669,True
0,46599,10,5.376811827366253,16.6562979221344,-0.10303030303030303,True
0,46600,8,11.093786171133129,30.674054861068726,0.19047619047619052,True
0,46601,9,5.636972861414698,17.68709397315979,0.65,True
0,46602,7,2.7924112741202203,7.589369416236877,0.3214285714285715,True
0,46603,8,8.937521553911079,31.25622296333313,0.261904761904762,True
0,46604,8,3.3407569970875466,11.006216168403625,0.30952380952380953,True
0,46605,10,4.513551768062712,15.383828163146973,0.4666666666666666,True
0,46606,3,14.71772693337826,34.592276096343994,1.0,True
0,46608,7,9.5632708544367,25.25260591506958,0.5,True
0,46609,5,5.720665754742806,14.854231357574463,0.39999999999999997,True
0,46610,8,9.908134160901998,31.643786430358887,0.9047619047619048,True
0,46611,9,5.846317462171851,19.26862096786499,0.6833333333333333,True
0,46612,10,4.68532403585893,17.551841139793396,-0.01818181818181818,True
0,46613,5,4.357316519672935,10.825404644012451,0.7,True
0,46615,1,0.0,0.0,,False
0,46617,7,2.2709918923209425,7.2068681716918945,-0.25,True
0,46618,9,6.065104157922242,18.28111469745636,0.6333333333333333,True
0,46619,8,5.9115067490183915,21.49391806125641,0.4523809523809524,True
0,46620,6,6.608316316826764,17.552727580070496,0.2,True
0,46621,9,5.136537731011603,17.743575751781464,0.6166666666666666,True
0,46622,9,7.1786810708518844,25.24721336364746,0.6166666666666666,True
0,46623,10,5.557460962690152,22.58955669403076,0.32121212121212117,True
0,46625,6,5.116279303737461,15.053918600082397,0.5428571428571429,True
0,46626,9,4.380246063191617,13.925697565078735,0.016666666666666666,True
0,46627,6,3.482575632093225,11.323715925216675,0.7714285714285715,True
0,46628,8,3.76423316863878,11.627515077590942,0.8571428571428572,True
0,46629,9,4.228205079531745,13.360741943120956,0.19999999999999998,True
0,46630,10,2.2369853501006425,7.741513967514038,0.38181818181818183,True
0,46632,10,7.884840149926964,24.71700644493103,0.6484848484848483,True
0,46633,8,5.981430148094256,17.815268993377686,0.5476190476190477,True
0,46634,10,7.946931737357904,27.5967960357666,0.5151515151515151,True
0,46635,3,3.616081861931167,7.836724281311035,0.5,True
0,46637,10,11.654719751511589,34.99616312980652,0.6121212121212121,True
0,46638,10,8.800538431314948,29.923611283302307,0.4787878787878787,True
0,46639,10,8.607625000076117,28.212411403656006,-0.01818181818181818,True
0,46640,10,6.589487140564937,25.106339693069458,0.7454545454545454,True
0,46641,6,8.75792145313501,27.64522349834442,0.48571428571428577,True
0,46642,10,5.407318168420672,15.701658815145493,-0.0303030303030303,True
0,46643,3,7.078316498991378,17.023044288158417,0.5,True
0,46644,9,9.205846567839753,29.18423843383789,0.18333333333333335,True
0,46645,10,8.313775260084222,25.590942859649658,0.09090909090909088,True
0,46646,7,5.356672827591972,14.343566656112671,0.7142857142857144,True
0,46647,10,1.977438190986447,6.46771103143692,0.16363636363636364,True
0,46649,7,7.8397544383569615,24.236101865768433,0.7142857142857144,True
0,46650,8,5.614681407711618,18.840970039367676,0.5714285714285715,True
0,46651,10,8.239188645863152,25.184255361557007,0.10303030303030303,True
0,46652,10,9.966747500573476,33.41067576408386,0.17575757575757575,True
0,46654,6,7.36903676384494,19.4965238571167,0.14285714285714288,True
0,46655,9,4.92059978995025,17.112531930208206,0.26666666666666666,True
0,46656,10,8.483410605945085,23.352863311767578,0.5636363636363636,True
0,46657,5,5.921043051794209,17.172763109207153,0.49999999999999994,True
0,46659,7,8.524932811928174,22.86375367641449,0.3214285714285715,True
0,46660,10,3.4838977565279903,11.642586708068848,0.2727272727272727,True
0,46661,10,8.46157189711328,28.596563756465912,0.4666666666666666,True
0,46662,8,9.15294318011639,33.602823972702026,0.4761904761904762,True
0,46663,8,3.165802593142602,10.533039420843124,0.523809523809524,True
0,46665,10,4.285491544719574,11.069811820983887,0.8666666666666665,True
0,46666,8,9.331435238479662,28.605020999908447,0.8095238095238096,True
0,46668,8,7.460946724204853,20.017242908477783,0.4523809523809524,True
0,46671,10,7.7848221758907705,24.378342986106873,-0.10303030303030303,True
0,46673,7,3.387427504531306,11.803139835596085,0.7500000000000002,True
0,46674,9,4.935126163386467,14.61813473701477,0.7666666666666667,True
0,46678,6,4.021750055840176,11.924885988235474,0.6571428571428573,True
0,46679,6,5.100214086386292,16.259353637695312,0.6571428571428573,True
0,46681,8,9.27869619918296,28.97416317462921,0.6190476190476191,True
0,46682,1,0.0,0.0,,False
0,46683,10,6.0809332276215535,16.983443051576614,0.6121212121212121,True
0,46684,9,4.208161945309403,14.063778162002563,0.0,True
0,46685,8,9.09520229073967,33.961236000061035,0.880952380952381,True
0,46686,9,6.592372763417352,19.96189570426941,-0.45,True
0,46688,9,6.984622825194636,23.762508749961853,-0.016666666666666666,True
0,46689,8,2.9284160715297007,9.256007671356201,0.5000000000000001,True
0,46690,9,12.36363480672831,34.30328559875488,-0.11666666666666665,True
0,46691,10,7.183129908163079,19.454057812690735,0.6121212121212121,True
0,46693,8,4.060915090139824,14.042335271835327,0.14285714285714288,True
0,46694,10,5.588150796939435,16.533864498138428,-0.3696969696969697,True
0,46695,5,12.169520991097608,32.39422035217285,0.19999999999999998,True
0,46696,9,6.019886749200178,18.92967191338539,0.0,True
0,46697,10,5.909826099993035,20.782406330108643,0.1515151515151515,True
0,46698,7,2.6421750774687585,7.784541606903076,0.1785714285714286,True
0,46700,9,7.37516814965297,22.60586190223694,0.7166666666666667,True
0,46701,9,6.2671093930265105,21.30434489250183,0.31666666666666665,True
0,46702,1,0.0,0.0,,False
0,46703,6,4.10397914026464,13.261096715927124,-0.08571428571428573,True
0,46705,7,6.238766451530161,20.85174322128296,0.3214285714285715,True
0,46706,9,8.707384575989025,27.00730562210083,0.7833333333333333,True
0,46707,3,3.5005047235127082,7.754798144102097,1.0,True
0,46708,8,7.441674791334233,23.93699824810028,0.7142857142857144,True
0,46709,10,11.304811782914907,32.188560962677,-0.6727272727272726,True
0,46710,8,7.5287254115948254,21.47035002708435,0.6428571428571429,True
0,46711,8,2.4392484813495097,6.566193535923958,-0.09523809523809526,True
0,46712,5,6.691366985226459,18.42864680290222,0.8999999999999998,True
0,46713,10,6.530983848420493,24.04642689228058,0.6727272727272726,True
0,46714,7,8.29723634680731,29.665487617254257,0.5357142857142858,True
0,46715,4,10.877762896640007,27.929412841796875,0.7999999999999999,True
0,46716,7,4.6341388176212055,13.811105012893677,0.21428571428571433,True
0,46717,9,8.044568013965735,26.416796684265137,0.6666666666666667,True
0,46718,9,6.487213587540692,18.801875114440918,0.5833333333333334,True
0,46719,5,3.6499986664950366,8.401222705841064,0.6,True
0,46720,6,2.55137783594394,7.446548223495483,0.48571428571428577,True
0,46721,8,13.525281965078088,41.49310302734375,0.4523809523809524,True
0,46722,10,10.413553980071818,37.935943484306335,0.5151515151515151,True
0,46723,10,5.042692978548945,13.330885887145996,-0.2727272727272727,True
0,46724,8,7.068715369158124,23.883615255355835,0.4761904761904762,True
0,46725,10,6.190860086166986,21.00808811187744,0.5515151515151515,True
0,46726,10,6.70108717025417,21.649512887001038,0.4424242424242424,True
0,46729,8,6.318248080050723,20.738919734954834,0.3571428571428572,True
0,46730,10,3.0757097390160593,9.872318506240845,0.09090909090909088,True
0,46731,9,7.331593474396654,25.27996253967285,0.6833333333333333,True
0,46732,10,6.139704559431129,17.262065649032593,0.49090909090909085,True
0,46733,10,5.227985731821094,18.92979121208191,0.09090909090909088,True
0,46734,8,5.638653509119582,17.665459156036377,0.3571428571428572,True
0,46735,1,0.0,0.0,,False
0,46736,9,3.951420245589715,11.266847968101501,0.08333333333333334,True
0,46737,6,7.04884114239857,20.85285210609436,0.08571428571428573,True
0,46738,7,8.33536676268416,24.208069682121277,0.642857142857143,True
0,46739,8,8.85067339051812,32.44729995727539,0.11904761904761905,True
0,46740,5,6.771059178496248,19.726756811141968,0.39999999999999997,True
0,46743,9,5.149427528628688,17.280197858810425,0.19999999999999998,True
0,46745,10,6.84752236328121,19.648249834775925,0.5636363636363636,True
0,46747,10,9.44820483278375,26.80007141828537,0.5030303030303029,True
0,46749,8,4.409102920685221,14.699673175811768,-0.2142857142857143,True
0,46750,10,8.757163283993165,27.82368540763855,0.309090909090909,True
0,46751,8,2.2452111785479176,7.996415734291077,0.6666666666666669,True
0,46753,9,3.5103196578213933,10.777371168136597,0.6,True
0,46754,9,1.7315883415577165,6.2011638879776,0.3666666666666667,True
0,46755,8,3.8264244423297447,12.005628824234009,0.6190476190476191,True
0,46756,8,6.709870983051761,19.939812809228897,0.4047619047619048,True
0,46758,9,2.49530784944271,8.125874280929565,0.25,True
0,46759,8,7.103633595029114,21.546552658081055,-0.09523809523809526,True
0,46760,8,12.555448761868435,33.588303327560425,0.38095238095238104,True
0,46761,7,1.695840032374658,4.903527587652206,0.10714285714285716,True
0,46763,10,3.8061755425418426,13.384963512420654,0.01818181818181818,True
0,46764,10,5.904769187925845,21.564983010292053,-0.0303030303030303,True
0,46765,8,2.8703413755761678,7.923748254776001,0.7857142857142858,True
0,46766,8,14.109113002404557,42.71209001541138,0.6190476190476191,True
0,46767,6,5.807026164309375,16.971301555633545,0.3714285714285715,True
0,46768,9,9.1630375288539,27.57563328742981,0.7999999999999999,True
0,46770,8,9.656611059909284,36.235939502716064,-0.09523809523809526,True
0,46771,1,0.0,0.0,,False
0,46773,9,8.007173853689288,24.94179344177246,0.43333333333333335,True
0,46774,9,7.420648540088421,20.68730068206787,-0.08333333333333334,True
0,46775,8,2.8488495595375545,10.676636785268784,-0.4285714285714286,True
0,46776,9,3.837160103329233,14.216615200042725,0.8666666666666667,True
0,46777,8,8.656298817885649,30.048381328582764,0.5714285714285715,True
0,46778,8,6.762654475441221,21.63095450401306,0.6904761904761906,True
0,46779,4,6.141219879925993,15.264927059412003,0.39999999999999997,True
0,46780,9,5.562946080499963,22.273804664611816,-0.45,True
0,46781,9,6.773805274277248,21.2541344165802,0.5333333333333333,True
0,46782,10,8.335326932721005,28.916943311691284,-0.01818181818181818,True
0,46783,8,3.613716798529669,14.13215160369873,0.5476190476190477,True
0,46784,7,6.627090618688062,21.51763042807579,0.8928571428571429,True
0,46785,10,5.373210951879757,15.034676223993301,0.6242424242424242,True
0,46786,10,8.56980193140642,27.79675579071045,0.8060606060606059,True
0,46789,7,12.695521409755989,39.99096488952637,0.3571428571428572,True
0,46790,10,3.7113364610595205,14.284339904785156,0.6484848484848483,True
0,46791,8,6.540586650978191,22.13201379776001,0.6666666666666669,True
0,46792,7,2.420551196751528,7.692753314971924,0.03571428571428572,True
0,46793,10,5.818483781974691,16.76880383491516,0.32121212121212117,True
0,46794,9,6.643178727233705,18.842432856559753,0.45,True
0,46795,7,8.307452885132165,28.30522108078003,-0.1785714285714286,True
0,46796,3,4.774096428211584,10.637615948915482,0.5,True
0,46797,10,4.208508558065057,12.032297849655151,0.5636363636363636,True
0,46798,1,0.0,0.0,,False
0,46799,5,1.8258262531425424,5.222941875457764,0.09999999999999999,True
0,46801,8,2.9119764602118914,9.750581979751587,0.7380952380952381,True
0,46802,7,5.21892990223967,16.30459499359131,0.6785714285714287,True
0,46803,9,8.83238054673226,30.063924193382263,-0.15,True
0,46804,10,6.487890191541919,20.137378931045532,0.5878787878787878,True
0,46805,10,6.322050754476916,18.36306643486023,0.10303030303030303,True
0,46808,10,3.840101616882609,13.80469262599945,0.49090909090909085,True
0,46809,7,3.5887875379701693,11.143552660942078,0.8571428571428573,True
0,46810,7,3.696376675080506,12.190487086772919,0.8571428571428573,True
0,46811,8,5.956254360356052,18.307299494743347,0.523809523809524,True
0,46815,9,3.8297522321775226,12.907502889633179,0.049999999999999996,True
0,46817,8,4.336429720084162,15.574126601219177,0.4761904761904762,True
0,46818,9,11.502524390956838,34.773329734802246,0.45,True
0,46819,10,2.287941189823924,7.66503369808197,0.6969696969696969,True
0,46820,5,4.687338033692043,13.521452903747559,0.8999999999999998,True
0,46821,8,7.491619421791769,22.63602042198181,0.30952380952380953,True
0,46822,6,6.64455082130879,20.27260708808899,0.3142857142857143,True
0,46823,10,5.100170649458361,14.72650420665741,0.6727272727272726,True
0,46824,8,2.9722109721934054,10.096323847770691,0.2380952380952381,True
0,46826,10,4.063115745651162,12.595798015594482,-0.29696969696969694,True
0,46829,5,4.865536652988547,14.325642108917236,0.9999999999999999,True
0,46830,10,6.5937796890389775,23.568508058786392,0.19999999999999998,True
0,46831,9,2.170487782630588,8.439486265182495,0.6333333333333333,True
0,46832,9,5.715493106628835,22.81665274500847,0.38333333333333336,True
0,46833,10,8.005854201435737,27.835733771324158,0.8545454545454544,True
0,46835,10,2.6529058898061404,7.73868989944458,-0.0303030303030303,True
0,46836,10,8.887908070613742,27.595844984054565,0.7454545454545454,True
0,46837,8,9.481049147616892,25.526516437530518,0.38095238095238104,True
0,46840,8,7.939488123594217,26.064701676368713,0.14285714285714288,True
0,46843,10,3.3599539094933495,10.309901237487793,0.12727272727272726,True
0,46844,3,11.736257975267858,28.72627890110016,0.5,True
0,46845,9,5.105713750801184,16.124454498291016,0.049999999999999996,True
0,46846,9,6.565978575986107,21.3297598361969,0.016666666666666666,True
0,46847,7,3.7038758606455806,11.851181387901306,0.03571428571428572,True
0,46848,10,4.453617011455449,16.87428617477417,0.6242424242424242,True
0,46850,3,5.113926793340849,12.003753423690796,0.5,True
0,46851,8,3.992447454308983,12.58599054813385,0.4047619047619048,True
0,46852,10,4.802768091153243,16.78154766559601,0.7575757575757575,True
0,46853,9,4.415089697080387,13.063533306121826,0.7,True
0,46855,9,8.246136497951252,29.882035732269287,0.39999999999999997,True
0,46856,8,6.853493828688569,23.544777393341064,0.3333333333333334,True
0,46857,7,2.6009035519308585,7.974745512008667,0.3214285714285715,True
0,46858,5,6.753658709305409,19.02204465866089,0.8999999999999998,True
0,46860,9,8.469119210529923,32.23305830359459,0.7,True
0,46861,10,4.279948904352492,16.968629956245422,0.09090909090909088,True
0,46862,9,3.2829573335329316,9.08050361275673,0.7833333333333333,True
0,46863,10,5.343264089304922,19.254476070404053,0.7575757575757575,True
0,46864,3,8.424941359084066,19.83119347691536,0.5,True
0,46865,8,3.500014795745877,9.436756014823914,0.5952380952380953,True
0,46866,1,0.0,0.0,,False
0,46867,1,0.0,0.0,,False
0,46869,10,2.669417554971287,8.898796081542969,0.18787878787878787,True
0,46870,5,5.044382713750213,15.52566945552826,0.39999999999999997,True
0,46871,5,5.05702546270782,12.495183318853378,-0.39999999999999997,True
0,46873,8,5.822943057561783,17.18549346923828,0.1666666666666667,True
0,46875,5,1.5227467247811224,4.2520633935928345,-0.39999999999999997,True
0,46876,7,5.330162754700871,17.378036856651306,0.39285714285714296,True
0,46877,8,3.8939461804782467,13.49967360496521,-0.261904761904762,True
0,46878,10,2.2862834598121,7.333659887313843,0.7333333333333332,True
0,46881,10,8.008874651735518,26.181634664535522,0.7575757575757575,True
0,46883,9,8.632349414145182,22.565804839134216,0.2333333333333333,True
0,46884,9,9.819216117072019,31.758684158325195,0.26666666666666666,True
0,46885,10,6.835562968912208,23.961424350738525,0.13939393939393938,True
0,46886,10,7.4193003683224665,27.448723316192627,0.6606060606060605,True
0,46888,9,3.829891887148105,12.430603504180908,0.19999999999999998,True
0,46889,10,6.028968793968036,21.965346336364746,0.6484848484848483,True
0,46890,9,2.8518911553900126,9.79757010936737,0.6666666666666667,True
0,46891,8,7.245773857874793,18.556116476655006,0.9761904761904763,True
0,46893,10,5.31318979857313,15.862644642591476,0.5151515151515151,True
0,46894,9,8.158051440459197,26.940760135650635,0.6,True
0,46895,8,9.876372564088195,35.21506980061531,0.5952380952380953,True
0,46896,10,4.597788996954229,18.245838046073914,0.2121212121212121,True
0,46897,8,4.717829615958675,13.248371601104736,-0.09523809523809526,True
0,46898,3,9.046225432233733,21.690203428268433,1.0,True
0,46899,1,0.0,0.0,,False
0,46900,9,6.48046787809006,21.523101806640625,0.9166666666666666,True
0,46901,10,7.314048087008618,25.173748016357422,0.7818181818181817,True
0,46903,8,3.428232515882012,13.061552286148071,0.2380952380952381,True
0,46904,6,7.111172229669927,17.769347190856934,0.5428571428571429,True
0,46905,9,6.690247345610158,26.785929679870605,0.7166666666666667,True
0,46906,5,5.648403045215248,16.647549152374268,0.8999999999999998,True
0,46907,9,4.43126022823543,14.91321575641632,0.18333333333333335,True
0,46908,8,3.5597087164928687,11.642142295837402,0.11904761904761905,True
0,46909,5,4.226743494629009,12.657964795827866,0.8999999999999998,True
0,46910,7,2.3842636657325205,6.270801067352295,-0.642857142857143,True
0,46911,10,5.035909873168749,18.203633546829224,0.4666666666666666,True
0,46912,8,6.932518385463384,24.952168941497803,0.28571428571428575,True
0,46913,10,5.437970115980607,22.834307193756104,0.4545454545454545,True
0,46914,10,5.396041547430252,20.502221703529358,0.38181818181818183,True
0,46915,1,0.0,0.0,,False
0,46916,10,4.358969369042463,15.564017295837402,0.309090909090909,True
0,46918,9,6.908293585488092,21.241922616958618,0.7166666666666667,True
0,46922,2,2.0374033451080322,4.0748066902160645,-0.9999999999999999,True
0,46923,10,10.127915115952975,33.90933036804199,0.43030303030303024,True
0,46924,9,7.365963803173699,23.039577841758728,0.2833333333333333,True
0,46925,8,4.92942678888556,14.37747810781002,0.4523809523809524,True
0,46926,8,8.415849785176297,25.923357367515564,0.6190476190476191,True
0,46929,8,3.956482133012334,11.066009402275085,0.2142857142857143,True
0,46930,10,7.67316527583944,28.388937950134277,0.6969696969696969,True
0,46931,6,2.692117362899881,8.792166203260422,0.7714285714285715,True
0,46933,9,12.645194459799304,41.601718574762344,0.16666666666666669,True
0,46934,7,6.311446882692727,20.35145330429077,0.8571428571428573,True
0,46935,5,3.3171263401136697,10.233119010925293,0.3,True
0,46936,7,5.382560395526868,16.786078184843063,0.42857142857142866,True
0,46937,7,5.506742242343401,17.570484399795532,0.7857142857142859,True
0,46938,2,7.245755851268768,14.491511702537537,0.9999999999999999,True
0,46939,9,5.472011887902925,16.814295887947083,-0.25,True
0,46940,9,7.890499453511764,29.12364175915718,0.4666666666666666,True
0,46941,10,7.750346589052141,30.536895513534546,0.5393939393939393,True
0,46942,10,7.134670258001442,27.39314317703247,0.5030303030303029,True
0,46943,7,4.8877347058048,13.745056509971619,0.42857142857142866,True
0,46944,8,6.223488684212861,20.583199739456177,0.6904761904761906,True
0,46945,2,10.334322929382324,20.66864585876465,0.9999999999999999,True
0,46946,7,2.286541086235701,7.879216909408569,0.6785714285714287,True
0,46947,9,5.918395807776514,20.529544353485107,-0.09999999999999999,True
0,46948,10,5.734371868124224,16.61009430885315,-0.006060606060606061,True
0,46949,7,4.802019991651026,14.177277326583862,0.8571428571428573,True
0,46950,9,6.846676282021313,21.37295436859131,0.45,True
0,46952,8,6.294352362738786,19.01764702796936,0.261904761904762,True
0,46953,9,2.301875396751864,7.46175754070282,-0.39999999999999997,True
0,46954,9,9.364720743148558,32.7189484834671,0.21666666666666667,True
0,46955,10,5.765791866008807,22.2537958920002,-0.41818181818181815,True
0,46957,9,9.456810738739751,28.874982118606567,-0.049999999999999996,True
0,46958,10,4.397455454793928,16.928653955459595,0.18787878787878787,True
0,46959,4,10.26980233008762,26.720202207565308,0.7999999999999999,True
0,46960,7,11.76304970051606,31.16890811920166,0.7500000000000002,True
0,46961,8,3.405544944332437,9.179005861282349,-0.07142857142857144,True
0,46962,8,5.6833282255449395,18.789990663528442,0.38095238095238104,True
0,46963,7,9.744123435311693,27.198290079832077,0.5714285714285715,True
0,46965,2,9.586964726448059,19.173929452896118,0.9999999999999999,True
0,46966,8,3.4106541160013344,11.65998375415802,0.5952380952380953,True
0,46967,9,3.860759019098228,11.098317682743073,0.48333333333333334,True
0,46969,7,0.9047225830536992,3.211876392364502,0.5357142857142858,True
0,46972,8,8.10431062149895,29.85192632675171,0.7857142857142858,True
0,46974,8,5.17699181658521,13.041213512420654,0.4761904761904762,True
0,46975,3,0.5381022826129701,1.2124762535095215,-1.0,True
0,46976,9,6.843186009389382,21.481346249580383,0.75,True
0,46977,8,3.413191828984098,10.480262041091919,0.30952380952380953,True
0,46978,7,4.266405035787106,14.104164600372314,0.3214285714285715,True
0,46979,9,4.150681564063219,15.143011301755905,0.5166666666666667,True
0,46980,8,10.556218696283793,27.2568279504776,0.5476190476190477,True
0,46981,8,9.282840898539833,27.40245532989502,0.6428571428571429,True
0,46982,9,6.537661283704647,21.368947505950928,0.5499999999999999,True
0,46983,3,9.167753596172906,21.21986675262451,0.5,True
0,46986,8,4.523532164375386,14.996257781982422,0.2380952380952381,True
0,46987,10,6.625434231069003,24.802286863327026,0.709090909090909,True
0,46989,4,5.503511332707084,13.848867774009705,0.7999999999999999,True
0,46990,7,6.089602582143108,19.72007465362549,0.9642857142857145,True
0,46991,9,7.0384297915926135,21.57087278366089,0.08333333333333334,True
0,46992,7,4.318449602616012,13.460118055343628,0.6071428571428572,True
0,46994,4,9.690668376004671,25.918766975402832,0.7999999999999999,True
0,46996,10,7.095015799996208,26.205259680747986,0.5757575757575757,True
0,46997,9,7.067698679676818,22.123982906341553,0.9500000000000001,True
0,46998,9,4.4707788905630546,11.899282693862915,-0.19999999999999998,True
0,46999,9,7.175749618916455,21.55183744430542,0.7666666666666667,True
0,47000,10,8.73061555374994,26.579448223114014,0.7212121212121211,True
0,47001,8,6.674464954980642,24.088886737823486,0.5952380952380953,True
0,47002,5,10.547519271166868,30.924131870269775,0.8999999999999998,True
0,47004,7,9.704155586237698,31.364250421524048,0.8214285714285715,True
0,47005,10,4.0020314738699545,12.171414464712143,0.12727272727272726,True
0,47007,10,2.168252933498429,6.409536600112915,0.17575757575757575,True
0,47008,3,3.252529024570483,7.076242685317993,1.0,True
0,47010,10,2.823888933390094,10.190078496932983,0.6606060606060605,True
0,47011,5,8.49190188200334,26.466938257217407,0.0,True
0,47012,8,4.556332182006225,16.955505967140198,0.11904761904761905,True
0,47013,7,3.714932816850589,10.847331047058105,0.8571428571428573,True
0,47015,2,12.149551630020142,24.299103260040283,0.9999999999999999,True
0,47016,9,3.6408138649765167,12.4969322681427,-0.2833333333333333,True
0,47017,4,6.527927044840854,17.125478476285934,0.19999999999999998,True
0,47018,9,6.148809070448381,19.24860155582428,0.2833333333333333,True
0,47020,9,7.412169299522022,22.632649034261703,0.7666666666666667,True
0,47021,7,3.6657551312119674,11.88540244102478,0.5357142857142858,True
0,47022,10,4.733842155622462,19.16277027130127,0.10303030303030303,True
0,47023,10,7.914084805564293,27.4123272895813,0.49090909090909085,True
0,47024,10,5.9033769928187,22.66990089416504,0.6848484848484848,True
0,47025,8,4.088835043843124,13.764369249343872,0.8095238095238096,True
0,47026,8,8.15311660377725,24.672744512557983,0.5952380952380953,True
0,47027,10,3.649066400967117,12.577874422073364,0.006060606060606061,True
0,47028,8,3.302689187251137,9.926410734653473,0.7857142857142858,True
0,47029,7,2.2485483286014953,6.220921039581299,0.7500000000000002,True
0,47030,7,5.15391191420384,13.96614921092987,0.3214285714285715,True
0,47032,3,2.5298303916217395,6.113582372665405,1.0,True
0,47034,8,5.850453598597606,18.953022956848145,0.6666666666666669,True
0,47035,6,5.6149169459981225,14.682429313659668,0.6571428571428573,True
0,47036,10,7.091389142048494,21.247503995895386,0.22424242424242422,True
0,47037,3,10.278883027204795,25.125959396362305,1.0,True
0,47038,9,5.718417997292811,18.783290028572083,0.5,True
0,47039,10,6.365101759701149,21.653598308563232,-0.38181818181818183,True
0,47041,1,0.0,0.0,,False
0,47042,8,3.699340108463278,10.931649178266525,0.6428571428571429,True
0,47043,10,5.43691794641875,20.245415210723877,0.8303030303030302,True
0,47044,6,10.187496014877684,29.84529137611389,0.7142857142857143,True
0,47045,6,5.995611442475507,19.02392315864563,0.14285714285714288,True
0,47046,10,8.801795848217981,26.605116486549377,0.23636363636363633,True
0,47047,9,5.075983718485663,19.73721769452095,0.016666666666666666,True
0,47048,8,10.070418251061467,30.602025032043457,0.5952380952380953,True
0,47049,10,4.288473499721515,12.19783067703247,0.8303030303030302,True
0,47050,9,4.345610900124178,17.33287501335144,0.2833333333333333,True
0,47051,8,7.053662179061297,21.082563638687134,0.4285714285714286,True
0,47052,10,5.611305937814959,21.24586319923401,0.5757575757575757,True
0,47053,2,12.134462833404541,24.268925666809082,0.9999999999999999,True
0,47055,10,4.415635298061037,12.405948162078857,0.6848484848484848,True
0,47056,10,2.9179780244681117,8.694505095481873,0.5757575757575757,True
0,47058,7,10.5166499189161,24.096598863601685,0.42857142857142866,True
0,47060,6,3.498784653290084,10.432679414749146,0.3142857142857143,True
0,47061,8,12.675959349747073,38.29177650809288,0.7619047619047621,True
0,47062,9,11.395387107588144,30.180915594100952,-0.18333333333333335,True
0,47063,9,5.68411493630913,19.025309085845947,0.4666666666666666,True
0,47064,9,3.3247781228652777,9.699135065078735,0.7666666666666667,True
0,47066,6,7.11048242033046,19.05777394771576,0.8857142857142858,True
0,47067,7,4.520242428351314,14.73509407043457,0.7142857142857144,True
0,47068,3,7.039863942455062,15.93531060218811,1.0,True
0,47069,8,8.325236383368654,25.430805444717407,-0.30952380952380953,True
0,47070,8,2.8111824455311765,8.852282047271729,0.3333333333333334,True
0,47071,9,3.8788710950183547,13.86029863357544,0.15,True
0,47072,9,5.086696267020232,19.110774278640747,0.0,True
0,47073,9,8.386521373637425,23.98665499687195,0.08333333333333334,True
0,47074,10,1.753734727023915,5.2923688888549805,0.2121212121212121,True
0,47076,10,6.044026340247396,18.518649458885193,0.5636363636363636,True
0,47077,10,11.611079664357684,34.28769135475159,0.34545454545454546,True
0,47078,8,9.359540790657473,32.472023010253906,0.2380952380952381,True
0,47079,10,2.351950545225162,8.918876886367798,0.3696969696969697,True
0,47080,9,7.803729114670766,23.37335765361786,0.41666666666666663,True
0,47081,7,5.863143553706598,18.840980648994446,0.4642857142857144,True
0,47082,6,7.05225701444833,17.732734084129333,0.6,True
0,47083,7,10.752485346522304,29.367579460144043,0.5357142857142858,True
0,47084,7,7.965290986163089,20.743582010269165,0.0,True
0,47085,8,5.5761327382351755,16.396974444389343,-0.023809523809523815,True
0,47086,7,3.139448943983616,9.130054950714111,0.21428571428571433,True
0,47087,9,10.025488578823415,26.264318466186523,0.25,True
0,47088,10,5.228538182562153,18.253247022628784,0.43030303030303024,True
0,47089,10,10.105506946092277,36.035043239593506,0.5030303030303029,True
0,47090,10,10.012553953118307,34.18639850616455,0.5515151515151515,True
0,47091,10,6.943757785077096,21.55162286758423,0.4424242424242424,True
0,47092,8,7.742557669758207,24.915911197662354,-0.28571428571428575,True
0,47093,8,5.786407020400522,17.52172589302063,0.5952380952380953,True
0,47094,6,12.087833358753434,34.65115547180176,0.3714285714285715,True
0,47095,10,3.2090947067150766,10.78959608078003,0.7939393939393938,True
0,47097,6,14.623900495432673,37.69751477241516,0.14285714285714288,True
0,47098,10,8.540120996730085,21.862817525863647,0.6363636363636362,True
0,47099,8,6.96828596678326,18.807379990816116,0.8333333333333335,True
0,47100,8,6.496674292862836,17.308254092931747,0.19047619047619052,True
0,47101,10,5.918113919043006,23.985969066619873,0.49090909090909085,True
0,47102,10,8.105488044231661,29.908618927001953,0.49090909090909085,True
0,47104,1,0.0,0.0,,False
0,47105,8,10.80879645440078,35.20127248764038,0.4761904761904762,True
0,47106,8,4.786002259455545,13.814370393753052,0.6428571428571429,True
0,47107,9,10.688600044484657,29.537511110305786,0.7833333333333333,True
0,47108,4,2.6776702857722037,7.547287583351135,0.7999999999999999,True
0,47110,10,3.427819100880042,11.615113139152527,0.18787878787878787,True
0,47111,7,8.126342052810658,28.579273462295532,0.8928571428571429,True
0,47112,9,10.321015446787092,34.68441200256348,0.5499999999999999,True
0,47113,8,4.484098353658385,12.740119576454163,0.8095238095238096,True
0,47114,10,9.836974936368994,31.469814777374268,0.6727272727272726,True
0,47115,10,6.690783444371533,26.269500732421875,0.406060606060606,True
0,47116,6,7.489907169313621,24.52610731124878,0.14285714285714288,True
0,47117,9,2.726272744705861,9.167048931121826,0.0,True
0,47118,10,7.817601440753024,18.82026469707489,0.0303030303030303,True
0,47119,6,8.752042987282941,21.4352844953537,0.942857142857143,True
0,47120,9,4.098002710518417,13.177960872650146,0.43333333333333335,True
0,47121,8,6.27404883121482,20.98202633857727,0.07142857142857144,True
0,47122,3,1.041769577379253,2.548687696456909,0.5,True
0,47123,7,3.7095658430038605,11.216099739074707,0.9642857142857145,True
0,47124,9,4.970407183541024,15.957135796546936,0.3666666666666667,True
0,47125,7,7.821011572759596,20.510844707489014,-0.28571428571428575,True
0,47128,9,3.8676005609242066,12.181368112564087,0.08333333333333334,True
0,47130,10,4.907478018618655,14.677934408187866,0.23636363636363633,True
0,47131,8,7.102988561145736,20.936285257339478,0.6190476190476191,True
0,47132,7,2.8660720185211734,9.771107196807861,0.3214285714285715,True
0,47133,5,4.736167391771515,12.05672287940979,0.09999999999999999,True
0,47134,10,7.139549883208922,27.823500782251358,-0.24848484848484845,True
0,47135,10,7.3341872661663885,28.10696053504944,0.4787878787878787,True
0,47136,10,2.7020396495034755,10.294942378997803,-0.5515151515151515,True
0,47137,9,5.150590701208503,18.11017370223999,0.43333333333333335,True
0,47138,7,2.6036705519197985,8.48577332496643,0.7857142857142859,True
0,47139,10,4.620613768519595,17.902259349822998,0.23636363636363633,True
0,47140,9,7.596186205673552,23.158175468444824,0.9166666666666666,True
0,47141,7,5.8003355575655595,16.333277225494385,0.8928571428571429,True
0,47142,9,4.9903493147708,16.470593214035034,0.26666666666666666,True
0,47143,5,4.912488909338399,12.800020217895508,-0.6,True
0,47144,9,3.9676030056199214,11.242486119270325,0.31666666666666665,True
0,47145,10,5.185682523662126,15.672775506973267,0.5151515151515151,True
0,47146,8,2.39750678676493,7.431480407714844,0.880952380952381,True
0,47147,6,7.7943598720132,24.83251953125,0.3142857142857143,True
0,47151,9,11.71287488114602,32.849483013153076,0.48333333333333334,True
0,47152,10,4.821518769234034,15.203280687332153,0.8666666666666665,True
0,47154,5,6.4728707106957115,17.14308190345764,0.0,True
0,47155,10,8.119318732774177,27.73407246172428,0.9272727272727272,True
0,47156,7,3.217495399563949,10.609930515289307,0.7857142857142859,True
0,47157,9,8.903312158343876,26.668564796447754,-0.5,True
0,47158,1,0.0,0.0,,False
0,47159,10,3.9380778574744957,12.619200348854065,0.8424242424242423,True
0,47160,8,7.080449884704738,21.700018525123596,0.9047619047619048,True
0,47161,6,2.962759776161736,8.973693132400513,0.6571428571428573,True
0,47163,6,13.62597836569393,35.92462682723999,0.4285714285714286,True
0,47165,6,6.510735023223173,16.702904641628265,0.3714285714285715,True
0,47166,6,4.478263321838596,13.19572925567627,0.14285714285714288,True
0,47168,8,4.7364315993064885,16.388628482818604,0.7857142857142858,True
0,47169,1,0.0,0.0,,False
0,47170,8,9.375050750997993,29.818065881729126,0.1666666666666667,True
0,47171,8,7.7218653816150065,25.05595302581787,0.5476190476190477,True
0,47172,10,6.290572094146228,19.86871838569641,0.6121212121212121,True
0,47175,7,6.967045309547067,24.555928945541382,0.5357142857142858,True
0,47177,9,6.587828210750303,24.4816515147686,0.3666666666666667,True
0,47179,8,8.360275756443572,25.425411224365234,0.8333333333333335,True
0,47181,8,10.492657434172415,31.471571922302246,0.7619047619047621,True
0,47182,8,8.370205592723146,28.37572419643402,0.4761904761904762,True
0,47183,8,5.649702484152131,18.351956844329834,0.09523809523809526,True
0,47185,8,6.068791314968285,17.201526641845703,0.5476190476190477,True
0,47186,9,7.812235244120229,27.132059574127197,0.41666666666666663,True
0,47187,10,3.939052371089411,12.260608673095703,0.38181818181818183,True
0,47188,10,8.575294207511886,31.06962823867798,0.6606060606060605,True
0,47189,10,8.105759931356017,33.25140607357025,0.6242424242424242,True
0,47191,1,0.0,0.0,,False
0,47192,4,4.2930908681898305,10.390074253082275,0.19999999999999998,True
0,47193,8,4.013796180717095,13.197640895843506,0.19047619047619052,True
0,47197,10,7.743366083380533,25.35089349746704,0.6484848484848483,True
0,47198,9,12.941067477586044,41.93770980834961,0.41666666666666663,True
0,47199,9,3.1129098964553346,10.33471965789795,0.9500000000000001,True
0,47200,8,3.6538563781203712,10.908555269241333,0.30952380952380953,True
0,47201,9,9.385245791358379,34.282780170440674,0.13333333333333333,True
0,47202,6,7.52561780001056,22.59099307656288,0.48571428571428577,True
0,47203,9,6.551284434629247,18.835949182510376,0.6,True
0,47205,10,10.340785441595258,34.36419725418091,0.7818181818181817,True
0,47207,10,4.934649746211594,16.99745798110962,0.18787878787878787,True
0,47209,2,7.384816527366638,14.769633054733276,0.9999999999999999,True
0,47210,8,3.1275862134257335,10.078989505767822,0.7619047619047621,True
0,47211,10,10.933311987494754,35.75398874282837,0.6242424242424242,True
0,47212,10,6.020727266556399,15.867679357528687,-0.34545454545454546,True
0,47213,10,6.737678707585375,22.779361128807068,0.1515151515151515,True
0,47214,7,5.38499904839811,17.74825382232666,-0.14285714285714288,True
0,47216,3,11.500553945138623,28.045995235443115,0.5,True
0,47217,8,8.870626034855404,32.04393148422241,0.7142857142857144,True
0,47219,10,8.583557539884662,28.52451741695404,0.8303030303030302,True
0,47220,10,8.249176321495844,28.653871297836304,0.4666666666666666,True
0,47221,10,5.736205760514835,21.07458996772766,0.9515151515151514,True
0,47222,8,2.2891923058081627,7.09826186299324,-0.11904761904761905,True
0,47223,10,5.230694280445233,17.82122278213501,0.41818181818181815,True
0,47225,7,6.387934692071962,17.71231722831726,0.5357142857142858,True
0,47226,9,4.11026247504618,11.783190965652466,0.8833333333333333,True
0,47227,10,5.3028903661091364,17.344701409339905,0.6969696969696969,True
0,47228,10,8.653939113224505,34.70216739177704,0.406060606060606,True
0,47229,8,5.667271708980491,14.754311323165894,0.261904761904762,True
0,47230,10,4.317560292042395,14.71599793434143,0.35757575757575755,True
0,47231,7,7.85533329876337,26.03562569618225,0.3214285714285715,True
0,47233,10,7.058596195029332,23.022372007369995,0.7575757575757575,True
0,47234,10,6.768543853211519,26.225972831249237,0.5151515151515151,True
0,47235,8,7.598158522158333,20.07744073867798,0.11904761904761905,True
0,47236,10,4.833230770057976,17.08533787727356,0.07878787878787878,True
0,47237,3,1.6320106230193676,3.9885082244873047,0.5,True
0,47239,9,3.2851189928272357,10.380428314208984,0.5166666666666667,True
0,47241,8,2.8062189068347614,8.884952664375305,0.7142857142857144,True
0,47242,8,11.763981729741559,32.61871364712715,0.9047619047619048,True
0,47243,10,6.963506071651127,18.47039556503296,-0.23636363636363633,True
0,47245,7,8.485727975628215,22.662452459335327,0.6785714285714287,True
0,47247,4,4.6301887412750595,12.402777910232544,0.39999999999999997,True
0,47248,8,6.569088283953185,22.01555109024048,0.4047619047619048,True
0,47249,7,8.25651178239055,21.23211431503296,0.3571428571428572,True
0,47250,7,7.626600003592867,23.593414038419724,0.5357142857142858,True
0,47251,8,5.236192662814909,18.39896297454834,0.6428571428571429,True
0,47252,7,3.1553617434506696,10.27897360920906,0.5357142857142858,True
0,47253,8,9.642939012379884,27.203745365142822,0.4523809523809524,True
0,47254,2,6.199857622385025,12.39971524477005,0.9999999999999999,True
0,47256,2,12.187305569648743,24.374611139297485,0.9999999999999999,True
0,47258,10,7.492712796262243,31.298097610473633,0.43030303030303024,True
0,47259,9,8.771081402892834,24.935802578926086,0.7833333333333333,True
0,47261,8,5.179838234605602,16.495489358901978,0.09523809523809526,True
0,47263,10,3.6553503114062176,13.646179467439651,0.1515151515151515,True
0,47264,3,11.612339629161843,27.379170894622803,0.5,True
0,47265,8,7.736953292524685,21.764251947402954,-0.1666666666666667,True
0,47266,10,13.259631100233083,44.18355751037598,0.5393939393939393,True
0,47268,8,8.91857590702721,24.400362253189087,0.38095238095238104,True
0,47269,8,4.30757828545825,13.708191156387329,0.7857142857142858,True
0,47271,8,2.270358520495935,7.551415205001831,0.0,True
0,47273,9,8.841410599365709,28.74571919441223,0.65,True
0,47274,1,0.0,0.0,,False
0,47276,8,2.560255851423466,8.500404715538025,0.880952380952381,True
0,47278,8,4.582012617894423,16.07639789581299,0.3571428571428572,True
0,47279,9,3.733446569779898,11.328201115131378,0.7,True
0,47280,10,2.815227632508111,11.219491183757782,0.5393939393939393,True
0,47281,10,3.3588000544784826,10.328962326049805,0.2121212121212121,True
0,47284,9,8.322006595439335,34.30433988571167,0.8333333333333333,True
0,47286,9,4.084126317496268,12.976003527641296,0.15,True
0,47287,7,6.769365016887216,21.90522012114525,0.7142857142857144,True
0,47289,6,12.223376885472737,36.14529812335968,0.2571428571428572,True
0,47290,10,9.713676029291664,33.45011103153229,0.24848484848484845,True
0,47291,9,5.5705798094619885,19.33315399289131,0.48333333333333334,True
0,47293,1,0.0,0.0,,False
0,47294,6,2.2400617378574004,7.018539220094681,0.6,True
0,47297,9,4.072903382045885,13.180086374282837,-0.26666666666666666,True
0,47298,10,10.051780822907464,33.709879994392395,0.5030303030303029,True
0,47299,7,10.70574838281328,34.069222927093506,0.21428571428571433,True
0,47300,7,5.722548912828985,17.42713975906372,0.6785714285714287,True
0,47301,8,4.876415716338385,13.00925874710083,0.7619047619047621,True
0,47303,10,10.624910958167028,41.4919707775116,0.5878787878787878,True
0,47304,10,3.04759164864096,12.153802871704102,0.5393939393939393,True
0,47305,7,5.206695075168098,16.97435426712036,0.21428571428571433,True
0,47306,10,6.147891809759454,22.716161966323853,0.18787878787878787,True
0,47307,9,2.116775703200226,8.147389441728592,0.25,True
0,47308,6,8.964889517394358,25.020249217748642,-0.14285714285714288,True
0,47310,9,8.384627293148473,29.222904682159424,0.33333333333333337,True
0,47311,5,11.209138644900957,30.796190977096558,0.8999999999999998,True
0,47312,3,5.114583782307583,12.216075628995895,-0.5,True
0,47313,7,4.518234398570159,14.697668313980103,0.21428571428571433,True
0,47316,10,5.956679656394614,22.162071704864502,0.38181818181818183,True
0,47317,10,4.785366638545501,16.561997890472412,0.6484848484848483,True
0,47318,9,3.463635518848958,10.36827826499939,-0.03333333333333333,True
0,47320,10,3.6495559526347163,12.49752962589264,0.4787878787878787,True
0,47321,9,7.432458563058518,23.346096754074097,0.4666666666666666,True
0,47322,10,2.3672899019423803,6.938915491104126,0.3939393939393939,True
0,47324,1,0.0,0.0,,False
0,47325,5,2.020935669896469,6.0924413204193115,-0.19999999999999998,True
0,47326,5,3.4498694528199025,9.344000071287155,0.3,True
0,47327,8,8.239908853144124,26.608935832977295,0.7857142857142858,True
0,47328,7,7.592964944388512,19.272475481033325,0.6785714285714287,True
0,47329,9,13.671892487872912,43.061790466308594,0.16666666666666669,True
0,47330,9,9.947724490980264,31.85932207107544,0.45,True
0,47332,6,5.923319625886723,19.63574528694153,0.7714285714285715,True
0,47334,8,2.6975024137262116,8.503350377082825,-0.6190476190476191,True
0,47335,8,7.70709980110596,24.543535113334656,0.523809523809524,True
0,47336,4,2.590701826438955,6.991183638572693,0.7999999999999999,True
0,47337,7,8.314580370746704,23.654842495918274,0.3214285714285715,True
0,47338,9,5.067380204352086,17.777188181877136,0.35,True
0,47341,8,7.067498791338662,21.0386803150177,0.4523809523809524,True
0,47342,9,1.576573333599525,4.472209692001343,0.5499999999999999,True
0,47343,7,8.421517230023726,23.08277201652527,0.5,True
0,47344,9,9.859763635526173,34.37980079650879,0.21666666666666667,True
0,47345,10,5.53583918502172,20.447131633758545,0.709090909090909,True
0,47346,10,4.706633802528675,16.45491647720337,0.2727272727272727,True
0,47347,7,2.6092311624878683,6.863280653953552,0.5714285714285715,True
0,47348,5,10.951170219310676,28.546510696411133,0.7,True
0,47350,9,2.762292437142322,8.525593042373657,0.3666666666666667,True
0,47351,6,2.7305323687834866,8.029480338096619,-0.14285714285714288,True
0,47352,10,10.846434817347468,32.655755043029785,0.6606060606060605,True
0,47353,5,13.315520732423801,38.67658519744873,0.09999999999999999,True
0,47354,8,4.43267127420163,13.937592506408691,0.5000000000000001,True
0,47355,7,7.699050798227653,22.197359919548035,0.9285714285714288,True
0,47356,3,13.519910392332344,32.22401750087738,0.5,True
0,47358,4,1.9693199310175382,5.13514356315136,-0.7999999999999999,True
0,47359,8,10.289338480575124,32.11252307891846,0.4761904761904762,True
0,47361,10,8.359187020148992,29.755184412002563,0.7212121212121211,True
0,47362,10,6.589511634939597,21.837656259536743,0.2606060606060606,True
0,47364,9,4.331192349754191,12.748699277639389,-0.16666666666666669,True
0,47365,10,2.463815204152448,9.748516976833344,0.5515151515151515,True
0,47367,9,8.35742382998612,23.64517641067505,0.8666666666666667,True
0,47368,7,9.90483021722245,30.695446252822876,0.8928571428571429,True
0,47369,8,6.489395540994051,17.700073838233948,0.4285714285714286,True
0,47371,10,7.875783627621127,28.410512685775757,0.28484848484848485,True
0,47372,10,4.699581236510518,17.07859042286873,0.13939393939393938,True
0,47373,10,7.008993453394379,26.537602186203003,0.24848484848484845,True
0,47374,10,3.634755425743462,14.08754050731659,0.5636363636363636,True
0,47375,9,6.404619560003909,21.99026358127594,0.3666666666666667,True
0,47377,9,6.220608593788516,22.26058292388916,-0.25,True
0,47380,7,4.075530387215286,12.469424366950989,0.5,True
0,47381,10,5.487952675642599,16.104924082756042,0.01818181818181818,True
0,47382,9,3.802486701446042,11.003800630569458,0.45,True
0,47384,9,7.115467472403083,25.37307631969452,-0.09999999999999999,True
0,47385,7,6.323590187473451,19.002883195877075,-0.07142857142857144,True
0,47386,10,2.721753523511287,9.463620662689209,0.5515151515151515,True
0,47387,6,13.91652327285036,36.83290696144104,0.8285714285714287,True
0,47388,6,6.513533998932575,19.831706047058105,0.3714285714285715,True
0,47390,8,7.199992906119884,23.452232718467712,0.9047619047619048,True
0,47391,7,3.8832937593919747,9.899800300598145,0.39285714285714296,True
0,47392,2,2.0953279733657837,4.190655946731567,-0.9999999999999999,True
0,47393,8,7.892110035359467,25.0174880027771,0.4761904761904762,True
0,47394,7,7.842847121525424,26.08465027809143,0.42857142857142866,True
0,47396,9,6.2568091735295,23.340768337249756,0.7333333333333334,True
0,47397,9,5.0094749627159185,15.538150310516357,0.5166666666666667,True
0,47399,6,3.846762956501802,9.970006465911865,0.7714285714285715,True
0,47400,10,6.984209674822605,25.140751361846924,0.8303030303030302,True
0,47401,8,2.6504402327376426,9.309520840644836,0.5476190476190477,True
0,47402,8,7.37930881456169,19.182700395584106,0.9285714285714287,True
0,47404,6,8.269921422372763,25.737398147583008,0.7142857142857143,True
0,47405,9,7.666093430334135,27.147984862327576,0.2833333333333333,True
0,47406,10,7.716247116435617,26.86281657218933,0.8060606060606059,True
0,47408,9,3.0043420519981185,10.465700268745422,0.6166666666666666,True
0,47409,8,3.7701647520883634,10.36702036857605,0.3333333333333334,True
0,47411,9,1.461716275840921,3.981994390487671,0.16666666666666669,True
0,47412,9,5.385208407251515,19.28310799598694,0.6833333333333333,True
0,47413,6,3.644304328486251,11.065227776765823,0.5428571428571429,True
0,47415,7,8.560700206666882,25.516484022140503,0.8214285714285715,True
0,47417,9,12.767859680734494,43.11046600341797,0.2833333333333333,True
0,47418,1,0.0,0.0,,False
0,47419,9,5.589328784449413,15.456301212310791,0.5166666666666667,True
0,47420,9,8.060221577911845,30.184221386909485,0.5666666666666667,True
0,47421,10,5.1521306037867305,13.66183602809906,0.9272727272727272,True
0,47422,10,6.610965522057922,24.434498071670532,0.18787878787878787,True
0,47425,10,7.051519235752552,24.12567126750946,-0.06666666666666665,True
0,47426,9,8.340824509366119,29.336183309555054,-0.049999999999999996,True
0,47427,2,7.659435153007507,15.318870306015015,0.9999999999999999,True
0,47428,7,11.676234892400045,27.002327114343643,-0.5357142857142858,True
0,47429,2,1.4032562971115112,2.8065125942230225,0.9999999999999999,True
0,47431,9,5.599379636093253,17.116729736328125,0.7999999999999999,True
0,47432,9,5.402086412216377,18.18816041946411,0.35,True
0,47433,2,4.563485383987427,9.126970767974854,0.9999999999999999,True
0,47434,6,9.992342437278513,29.56197738647461,0.08571428571428573,True
0,47435,10,10.868606101157637,28.823580741882324,0.5878787878787878,True
0,47436,10,6.353113946333091,21.93332612514496,0.33333333333333326,True
0,47437,8,6.914894840064327,21.850680828094482,0.2142857142857143,True
0,47438,7,6.394926165686849,18.228168964385986,-0.10714285714285716,True
0,47439,6,5.2971571230111545,16.26613140106201,0.028571428571428574,True
0,47440,10,6.529133671334916,17.856740474700928,0.7939393939393938,True
0,47441,8,4.197835996282567,14.855319499969482,0.9761904761904763,True
0,47442,10,8.462415635074956,26.464951038360596,0.8909090909090909,True
0,47443,8,5.952003381318089,21.89184045791626,-0.023809523809523815,True
0,47444,2,9.085168838500977,18.170337677001953,0.9999999999999999,True
0,47445,10,11.96560779505879,34.17180514335632,0.6606060606060605,True
0,47446,5,3.2241524034415345,7.71581506729126,0.8999999999999998,True
0,47447,7,6.428593470099898,21.406001567840576,0.3571428571428572,True
0,47448,7,5.394733267369984,17.23186492919922,0.39285714285714296,True
0,47449,9,5.54385186088096,17.290356516838074,0.11666666666666665,True
0,47450,8,4.747516110130594,14.984217882156372,0.6904761904761906,True
0,47453,5,2.180121137718,6.088104724884033,0.49999999999999994,True
0,47454,9,5.95836638993808,21.744595527648926,0.8166666666666667,True
0,47456,9,8.450245975343393,28.109182000160217,0.33333333333333337,True
0,47457,9,5.249152964621595,17.79784405231476,0.7833333333333333,True
0,47458,9,7.448748519366933,26.420615077018738,0.7833333333333333,True
0,47461,8,4.803635984296084,15.33021342754364,0.523809523809524,True
0,47463,9,7.409895596679075,27.42146822810173,0.8499999999999999,True
0,47464,5,12.004954397942136,32.59395360946655,0.39999999999999997,True
0,47465,9,3.7791410608286147,11.304457545280457,0.7833333333333333,True
0,47466,4,11.237284851279252,29.09826350212097,0.39999999999999997,True
0,47467,6,4.548549434797217,13.67298573255539,0.7714285714285715,True
0,47469,9,4.038824737049662,15.050181984901428,0.38333333333333336,True
0,47470,6,6.092689611355034,18.899001359939575,0.6,True
0,47472,10,6.90518325231644,21.760475635528564,-0.09090909090909088,True
0,47474,9,10.504855891905068,36.81437373161316,-0.5666666666666667,True
0,47475,5,4.578724832049246,12.244091749191284,0.6,True
0,47476,10,5.805835060865005,23.26320767402649,0.5393939393939393,True
0,47477,9,4.975499292236483,16.215431332588196,0.39999999999999997,True
0,47478,8,9.752165733217348,33.805715799331665,0.5714285714285715,True
0,47479,3,14.881600386959212,34.78349161148071,0.5,True
0,47480,9,6.546255365806707,18.822187811136246,0.15,True
0,47481,4,4.9621191420600015,12.61154818534851,0.39999999999999997,True
0,47482,10,5.155440562678137,21.21228837966919,0.3939393939393939,True
0,47483,10,6.7563104606269615,25.892385482788086,0.6848484848484848,True
0,47484,2,12.579924821853638,25.159849643707275,0.9999999999999999,True
0,47485,10,5.999920176208847,22.898809909820557,0.2121212121212121,True
0,47486,8,7.50589768504893,24.231440544128418,0.6190476190476191,True
0,47487,10,3.8406937069002227,10.259735345840454,0.9636363636363635,True
0,47488,9,3.5806681803281215,10.642373919487,0.8333333333333333,True
0,47490,7,12.895857093810243,32.0976944565773,0.21428571428571433,True
0,47491,3,7.639723051236973,17.111610054969788,1.0,True
0,47493,7,2.070243822781814,6.746354728937149,0.8571428571428573,True
0,47494,10,2.661598176763518,9.575028657913208,0.33333333333333326,True
0,47498,8,9.073044234074594,27.69212007522583,0.30952380952380953,True
0,47499,6,4.374635116560532,14.14274525642395,0.6571428571428573,True
0,47500,9,7.773000563515652,27.65357232093811,0.48333333333333334,True
0,47501,9,6.78412412899395,17.589892864227295,0.21666666666666667,True
0,47502,2,13.206258401274681,26.412516802549362,0.9999999999999999,True
0,47503,7,3.216369904851832,9.833361625671387,0.5357142857142858,True
0,47504,10,2.8881886482643604,9.822449445724487,0.7212121212121211,True
0,47505,9,7.176140221794126,21.939038306474686,0.35,True
0,47506,10,3.9931987874679993,14.535626888275146,0.3939393939393939,True
0,47508,6,3.7236886805869687,12.538092255592346,0.3714285714285715,True
0,47509,5,1.5360751776944617,4.637046694755554,0.7,True
0,47510,10,10.355148625344277,43.32706689834595,0.06666666666666665,True
0,47511,5,5.719961198915142,15.09021770954132,0.6,True
0,47512,9,6.364441070292564,24.04798698425293,0.5,True
0,47514,5,8.023707106548526,18.302666902542114,0.7,True
0,47515,10,8.644984155262556,31.721545934677124,0.8303030303030302,True
0,47516,10,1.8904994164836213,7.522162675857544,-0.17575757575757575,True
0,47517,8,8.83470206890573,29.16429615020752,-0.04761904761904763,True
0,47518,8,4.579922087048591,13.009839534759521,0.4523809523809524,True
0,47519,10,8.12179374105338,24.702380180358887,-0.09090909090909088,True
0,47521,10,5.1016846692182085,12.593843460083008,0.23636363636363633,True
0,47523,9,9.109699471508078,28.93221414089203,0.5833333333333334,True
0,47525,9,6.9368480011215485,25.549573183059692,0.016666666666666666,True
0,47526,10,8.994420908749367,36.309815406799316,0.6242424242424242,True
0,47529,10,3.585282450370728,12.658203125,0.006060606060606061,True
0,47530,7,3.727142182470062,11.812597036361694,0.03571428571428572,True
0,47532,8,5.697687955864357,17.36482286453247,0.4761904761904762,True
0,47533,10,2.755573230366693,8.302325963973999,0.4545454545454545,True
0,47534,7,6.68542234311712,19.929187297821045,0.1785714285714286,True
0,47535,7,7.962999075491425,24.555718898773193,0.7142857142857144,True
0,47536,9,3.2412438825366237,11.701735496520996,0.8333333333333333,True
0,47538,7,9.427577955062475,33.9284234046936,0.3214285714285715,True
0,47539,9,4.815034071759159,15.377716541290283,0.7333333333333334,True
0,47540,10,7.877931451016227,27.386067867279053,0.7333333333333332,True
0,47542,10,7.645309083249964,28.487473249435425,0.09090909090909088,True
0,47544,8,4.208792916028342,12.254334211349487,0.7619047619047621,True
0,47545,9,4.2397721767053635,13.59892201423645,0.21666666666666667,True
0,47546,7,3.5290298638000017,9.862003207206726,0.42857142857142866,True
0,47547,3,4.116675292596377,10.035158276557922,-0.5,True
0,47548,10,7.75236487214414,23.293962240219116,0.7575757575757575,True
0,47550,6,6.566251374820349,16.861229181289673,0.4285714285714286,True
0,47551,10,7.693169587448913,23.37967050075531,0.8545454545454544,True
0,47553,4,10.742728427304845,27.131453275680542,0.0,True
0,47554,10,11.309765951622326,35.707711428403854,-0.22424242424242422,True
0,47555,7,5.111948335441497,18.101409077644348,-0.1785714285714286,True
0,47556,9,4.969787905146338,16.395708084106445,0.049999999999999996,True
0,47557,7,6.299792865296801,21.4869966506958,0.7500000000000002,True
0,47558,8,10.298577532619237,28.550962448120117,0.8333333333333335,True
0,47559,8,9.498979554570834,32.883854389190674,0.30952380952380953,True
0,47561,4,5.377793493183637,12.751981973648071,1.0,True
0,47562,10,2.4164133278704254,9.178563356399536,0.406060606060606,True
0,47563,8,5.709405564732983,19.74567461013794,0.07142857142857144,True
0,47564,10,2.7880945118747573,9.866820216178894,0.5636363636363636,True
0,47566,4,4.6148553749637085,11.931201219558716,0.7999999999999999,True
0,47567,10,4.697689525886739,15.476890802383423,0.10303030303030303,True
0,47568,7,14.393486689821058,37.25061273574829,0.7142857142857144,True
0,47569,6,5.305248567043143,14.9126615524292,0.7714285714285715,True
0,47570,10,2.6667750698249306,9.002349019050598,0.17575757575757575,True
0,47571,9,13.230247654601653,45.09731662273407,0.33333333333333337,True
0,47572,8,12.331130049219217,33.01077079772949,0.8095238095238096,True
0,47573,7,7.599661383865538,20.702154636383057,0.1785714285714286,True
0,47574,10,8.37906378340276,31.823397874832153,0.4666666666666666,True
0,47575,7,6.922001760753125,22.384451746940613,0.5357142857142858,True
0,47576,6,10.739624877337564,29.91793990135193,0.48571428571428577,True
0,47577,10,9.161292238512758,30.76165759563446,0.29696969696969694,True
0,47578,10,8.876842034742424,30.441307067871094,0.6727272727272726,True
0,47580,10,3.5305795605396533,11.63586163520813,0.6727272727272726,True
0,47581,8,5.461963106792454,17.985877990722656,0.1666666666666667,True
0,47582,9,2.9211614879581593,9.177033424377441,0.09999999999999999,True
0,47583,10,7.456674073888079,27.268811464309692,0.4545454545454545,True
0,47584,9,9.597675168613732,25.720897495746613,0.13333333333333333,True
0,47586,8,2.5692306290210145,8.507286548614502,0.28571428571428575,True
0,47587,3,12.202546772524492,26.231192588806152,0.5,True
0,47588,8,7.17535578980202,20.941461443901062,0.523809523809524,True
0,47589,8,2.451626411629984,7.792740106582642,0.7619047619047621,True
0,47591,10,4.197893526306227,16.177046537399292,0.8909090909090909,True
0,47593,8,6.502569258226757,20.52108144760132,-0.07142857142857144,True
0,47594,9,2.424748198632664,8.06710571050644,0.5833333333333334,True
0,47595,8,9.646684383019455,29.11014175415039,0.30952380952380953,True
0,47597,8,9.971609740868654,30.364479303359985,0.6190476190476191,True
0,47598,10,5.261142912825745,17.03536319732666,0.4424242424242424,True
0,47601,4,9.704819437895981,23.662676095962524,0.19999999999999998,True
0,47602,8,7.965974370204091,23.238839983940125,0.4047619047619048,True
0,47603,8,5.217329792057388,17.78091037273407,0.5714285714285715,True
0,47604,4,8.44206190714087,22.471174478530884,1.0,True
0,47605,10,3.119101208084746,9.891767978668213,-0.10303030303030303,True
0,47607,10,6.583045543276361,23.496379137039185,0.35757575757575755,True
0,47608,8,5.764954953369827,21.270492792129517,0.023809523809523815,True
0,47609,8,7.628456195952982,25.544846534729004,0.9523809523809524,True
0,47612,7,9.840585930369231,27.037855625152588,0.7857142857142859,True
0,47613,9,5.843994065849759,17.79566764831543,-0.08333333333333334,True
0,47614,10,5.826044357914343,18.597972869873047,0.12727272727272726,True
0,47615,10,3.518814992891343,10.589205503463745,0.7575757575757575,True
0,47616,7,4.910219265322298,15.00943899154663,0.1785714285714286,True
0,47617,10,11.41816432768222,40.20766532421112,0.38181818181818183,True
0,47618,6,5.465931560203891,15.156372547149658,-0.08571428571428573,True
0,47619,3,10.547516652451796,23.177818298339844,0.5,True
0,47621,8,6.261298227212295,23.414438486099243,0.8095238095238096,True
0,47622,9,6.8346736314657965,22.300190925598145,0.65,True
0,47623,9,7.727486992582029,27.881229281425476,0.4666666666666666,True
0,47624,10,7.165571010183852,18.274177074432373,0.5030303030303029,True
0,47625,10,4.479150850796449,19.519808173179626,0.406060606060606,True
0,47626,1,0.0,0.0,,False
0,47627,8,4.705895087356027,13.78766942024231,0.880952380952381,True
0,47628,1,0.0,0.0,,False
0,47629,8,4.1698202018729935,12.697992086410522,0.8333333333333335,True
0,47631,7,8.44305016372439,23.121858716011047,0.14285714285714288,True
0,47632,10,6.367433438104382,21.56568479537964,0.5878787878787878,True
0,47633,9,4.769385709337231,19.807686805725098,0.06666666666666667,True
0,47634,10,11.299973991321473,38.44256353378296,0.7575757575757575,True
0,47636,8,14.683709183553255,49.08551359176636,0.5476190476190477,True
0,47638,9,7.9156126877021356,28.614803940057755,0.5499999999999999,True
0,47639,10,7.0983164335969375,24.122597455978394,0.5636363636363636,True
0,47640,7,4.677607699505528,16.43595278263092,0.8214285714285715,True
0,47642,10,5.701375279517756,22.424514293670654,0.6484848484848483,True
0,47643,10,7.619004030295034,28.31501841545105,0.11515151515151514,True
0,47644,8,5.459023136680504,18.215734362602234,0.6428571428571429,True
0,47646,10,7.072621453576772,22.151718139648438,0.7818181818181817,True
0,47647,9,8.746123692153747,25.370996952056885,0.8166666666666667,True
0,47648,6,4.631737004008876,15.617220610380173,0.48571428571428577,True
0,47649,1,0.0,0.0,,False
0,47650,9,5.1295609839934695,15.878523349761963,0.7,True
0,47651,10,7.428068307489543,25.9784677028656,0.6606060606060605,True
0,47652,10,4.439905328313405,14.377747267484665,0.5272727272727272,True
0,47655,10,5.590303046973125,21.155418634414673,0.5272727272727272,True
0,47656,5,9.917459680971254,29.485533714294434,0.8999999999999998,True
0,47657,4,7.56656481146193,20.362927436828613,0.7999999999999999,True
0,47658,10,3.9627368009537807,14.355814695358276,0.6484848484848483,True
0,47659,10,2.153502429542857,7.908303380012512,-0.23636363636363633,True
0,47660,9,5.012165423979225,16.452744245529175,0.13333333333333333,True
0,47661,10,9.817667290404039,28.810905694961548,0.8666666666666665,True
0,47662,7,6.272993340689598,21.247594833374023,0.10714285714285716,True
0,47663,10,5.234122712642815,19.31229794025421,0.5272727272727272,True
0,47664,9,8.434688429840344,28.68244594335556,0.7333333333333334,True
0,47665,9,4.9944899838725485,18.46262228488922,0.5,True
0,47666,7,3.6943182391234495,11.609807014465332,0.642857142857143,True
0,47667,7,6.758907101842266,22.29838466644287,1.0,True
0,47668,10,6.005510438585009,20.305928707122803,-0.34545454545454546,True
0,47669,10,5.805763332043018,20.593306064605713,0.7818181818181817,True
0,47670,9,6.244658389138045,22.294278740882874,-0.18333333333333335,True
0,47671,10,7.038796169124478,20.558170080184937,0.41818181818181815,True
0,47673,10,7.2979696909668546,27.15258365869522,0.6242424242424242,True
0,47674,7,3.1534439691926797,9.615197896957397,0.8214285714285715,True
0,47675,10,1.497710206943571,4.883805990219116,0.7696969696969697,True
0,47676,10,6.815741973736523,20.895687580108643,0.8424242424242423,True
0,47677,9,4.398043828452794,15.881180763244629,0.39999999999999997,True
0,47678,10,4.908376117258283,15.458797216415405,0.6121212121212121,True
0,47680,10,4.547832262483857,15.966773986816406,0.3939393939393939,True
0,47682,10,5.336085421721471,21.21458277106285,0.4666666666666666,True
0,47683,8,1.5592080399081596,5.021336555480957,0.7380952380952381,True
0,47684,7,3.9388969127780804,11.162605047225952,0.5357142857142858,True
0,47685,7,3.2845331942947187,10.039550065994263,0.5357142857142858,True
0,47687,2,10.497965455055237,20.995930910110474,0.9999999999999999,True
0,47688,9,4.3900065497572625,15.244861245155334,0.15,True
0,47689,7,3.9161373383355444,14.084400087594986,0.642857142857143,True
0,47690,8,7.220399479341969,26.137851238250732,0.6904761904761906,True
0,47691,9,8.68779502231926,25.997188925743103,0.6666666666666667,True
0,47692,9,8.41040233910447,30.110707014799118,0.5499999999999999,True
0,47693,7,10.305745041297412,23.73782968521118,0.7142857142857144,True
0,47694,10,6.754194505938289,20.763426065444946,0.7696969696969697,True
0,47695,10,4.720990527880804,18.080270648002625,0.8787878787878788,True
0,47696,9,7.1440041758328645,25.432572722434998,0.03333333333333333,True
0,47698,7,9.639148426941093,26.523895978927612,-0.3214285714285715,True
0,47700,10,3.195617446882468,11.73415720462799,0.01818181818181818,True
0,47701,10,13.949094051342398,40.534931778907776,-0.13939393939393938,True
0,47702,10,5.329623132741466,16.23065447807312,0.7454545454545454,True
0,47703,8,8.50788503818277,21.46370494365692,0.11904761904761905,True
0,47705,8,6.210682834565224,20.885599851608276,0.7857142857142858,True
0,47706,8,9.539896114133931,29.428504467010498,0.6666666666666669,True
0,47707,7,8.928725055660799,19.49979543685913,0.0,True
0,47708,8,7.9625318946431,23.94333490729332,0.14285714285714288,True
0,47709,10,3.35098747343782,12.928831905126572,0.11515151515151514,True
0,47710,10,6.999622697698152,21.518218755722046,0.2121212121212121,True
0,47711,10,2.6474427220581354,6.906322687864304,0.406060606060606,True
0,47713,3,10.236334612287889,23.498198747634888,0.5,True
0,47714,10,2.409035160776409,7.625181078910828,0.13939393939393938,True
0,47715,7,2.7628945808150798,8.154745817184448,0.8571428571428573,True
0,47716,6,13.028992723061746,37.77251863479614,-0.028571428571428574,True
0,47718,10,11.757217354730697,47.740324229002,0.41818181818181815,True
0,47720,1,0.0,0.0,,False
0,47721,10,6.746390272909245,23.73831558227539,0.6727272727272726,True
0,47722,9,2.871814092046351,7.5731978714466095,0.6166666666666666,True
0,47723,1,0.0,0.0,,False
0,47724,9,6.571893437984746,20.190314769744873,0.45,True
0,47726,10,5.820873833241779,21.999732494354248,0.18787878787878787,True
0,47727,8,11.343788349335961,32.56914281845093,0.7380952380952381,True
0,47728,1,0.0,0.0,,False
0,47730,8,7.290759762289176,27.281113028526306,0.7857142857142858,True
0,47731,10,4.262558601396421,16.67732810974121,0.28484848484848485,True
0,47732,10,8.390496218935118,23.82396900653839,0.3939393939393939,True
0,47733,9,4.468219992130133,15.92066740989685,0.33333333333333337,True
0,47734,9,5.7619108932960605,20.827462553977966,0.5166666666666667,True
0,47735,8,5.878086915540349,20.9501371383667,0.1666666666666667,True
0,47736,8,4.082648486328631,14.998274326324463,0.3571428571428572,True
0,47737,7,13.012052580493304,43.21011471748352,-0.28571428571428575,True
0,47738,9,5.232022029990522,18.15628743171692,0.15,True
0,47740,8,7.070708628545512,24.03547501564026,0.4761904761904762,True
0,47741,7,11.158849906314472,38.199403047561646,0.642857142857143,True
0,47743,9,5.297655912212072,20.51200371980667,0.09999999999999999,True
0,47744,6,3.5211973057858135,11.395304203033447,0.7714285714285715,True
0,47745,9,10.863418154273477,35.4686194062233,0.5666666666666667,True
0,47746,10,4.19902930311983,13.773496985435486,0.5515151515151515,True
0,47747,10,4.149327771200321,14.903332471847534,-0.35757575757575755,True
0,47748,8,4.677987038258032,15.64506471157074,0.14285714285714288,True
0,47749,10,8.299685943413795,27.16357123851776,0.3696969696969697,True
0,47750,6,17.717990219920637,41.52177581191063,-0.028571428571428574,True
0,47752,6,9.745079236148731,29.23456072807312,0.08571428571428573,True
0,47753,10,8.332473692079734,26.051955938339233,0.8787878787878788,True
0,47754,8,7.786814208757159,21.591500759124756,0.19047619047619052,True
0,47755,7,3.180348794390066,9.614731073379517,0.07142857142857144,True
0,47756,10,4.4668850312917,16.624411702156067,0.13939393939393938,True
0,47757,7,7.901305177170126,21.23561143875122,0.642857142857143,True
0,47758,9,2.001151323042966,7.196177512407303,0.09999999999999999,True
0,47759,10,9.017104913508906,31.551358938217163,0.5151515151515151,True
0,47760,8,11.584535893299828,38.23851418495178,0.6904761904761906,True
0,47761,9,10.647768193521454,30.6955384016037,0.13333333333333333,True
0,47762,8,6.097187551459798,18.872572660446167,0.6904761904761906,True
0,47763,6,4.759865874836027,13.45434084534645,0.942857142857143,True
0,47764,10,3.5930901361003493,14.193896532058716,0.12727272727272726,True
0,47766,9,8.713884143304874,34.49992299079895,0.8166666666666667,True
0,47767,10,3.5000047057642867,13.11419153213501,0.5636363636363636,True
0,47768,9,7.194883541131761,21.341588377952576,0.7666666666666667,True
0,47770,7,5.458528799638569,17.672102451324463,0.5,True
0,47771,2,4.493261396884918,8.986522793769836,0.9999999999999999,True
0,47772,10,5.219944952518507,20.793153405189514,0.309090909090909,True
0,47773,7,7.417059382557862,23.47570776939392,0.25,True
0,47775,9,10.493452272907524,35.96845507621765,0.8166666666666667,True
0,47776,8,8.542760437227585,23.192887902259827,0.3333333333333334,True
0,47777,9,3.48371969725419,11.218595266342163,0.39999999999999997,True
0,47778,8,7.671073114606359,24.62680983543396,0.6428571428571429,True
0,47779,10,5.730984617505514,22.3199223279953,0.17575757575757575,True
0,47780,10,8.75997946945577,34.72070503234863,-0.34545454545454546,True
0,47782,7,3.9029264792792175,12.159569263458252,0.14285714285714288,True
0,47783,9,4.814660637662943,16.9335618019104,0.26666666666666666,True
0,47784,8,5.374152514648996,18.341140270233154,0.14285714285714288,True
0,47785,9,6.612729667847304,20.839163184165955,0.25,True
0,47786,9,3.236728892158655,8.90297070145607,0.06666666666666667,True
0,47788,8,5.599388104873483,19.375303745269775,0.7380952380952381,True
0,47790,4,2.94222368427507,8.210739612579346,1.0,True
0,47791,7,10.434658928799319,33.094003677368164,0.28571428571428575,True
0,47792,8,4.59248610607729,15.935017347335815,0.5476190476190477,True
0,47793,10,5.066619741232284,19.093315601348877,0.7212121212121211,True
0,47794,10,2.7648139246788674,8.779306888580322,0.12727272727272726,True
0,47797,7,7.5546322510580435,26.810535192489624,0.642857142857143,True
0,47799,8,4.603142739608649,11.142024040222168,0.7142857142857144,True
0,47800,10,4.021711017787464,15.024040699005127,0.1515151515151515,True
0,47801,10,5.645142383461197,18.6140456199646,0.6484848484848483,True
0,47802,2,1.2870174050331116,2.574034810066223,0.9999999999999999,True
0,47804,10,7.538865739695525,25.343022346496582,0.9030303030303028,True
0,47805,8,4.35496348633013,14.16244888305664,0.8095238095238096,True
0,47806,9,10.383817746496058,38.04792022705078,0.26666666666666666,True
0,47807,6,14.271936871841021,41.61957311630249,0.7142857142857143,True
0,47808,8,5.669930075382905,18.304425716400146,0.6904761904761906,True
0,47809,6,12.098038931670391,37.41277503967285,0.8857142857142858,True
0,47811,7,5.071046856181409,17.22841238975525,0.5,True
0,47812,9,4.918338183891192,14.49077570438385,0.2833333333333333,True
0,47813,10,4.287644525364654,14.19501867890358,0.4424242424242424,True
0,47814,9,9.47890346317774,31.41453516483307,0.3666666666666667,True
0,47815,8,9.56967448944001,32.3980233669281,0.38095238095238104,True
0,47816,10,9.06158463051322,28.630946159362793,0.9393939393939393,True
0,47817,10,7.8839963274827625,24.54115915298462,-0.43030303030303024,True
0,47818,7,6.324071224059758,17.75987696647644,0.9285714285714288,True
0,47819,9,10.415942254730687,33.925397515296936,0.7166666666666667,True
0,47820,7,7.923216654103314,24.453100442886353,0.39285714285714296,True
0,47821,10,9.513035885993933,37.3019152879715,-0.13939393939393938,True
0,47823,10,3.12349379119424,10.466232776641846,0.18787878787878787,True
0,47824,9,6.30398226772759,19.768112659454346,0.38333333333333336,True
0,47826,6,3.5489180321051514,10.553893208503723,-0.6,True
0,47827,9,5.141181234920862,19.132939249277115,0.21666666666666667,True
0,47828,7,6.136597935235154,17.38267970085144,0.03571428571428572,True
0,47829,10,6.361165159085971,21.42166256904602,0.23636363636363633,True
0,47830,9,7.621851658538128,25.36095356941223,0.18333333333333335,True
0,47831,10,5.333401946603096,17.32179355621338,0.16363636363636364,True
0,47832,5,3.6914974556640923,10.653035402297974,0.7999999999999999,True
0,47836,10,6.956186615456023,25.45595622062683,0.43030303030303024,True
0,47837,8,3.1250055436233057,8.259982109069824,-0.6666666666666669,True
0,47840,10,3.4404798408272947,11.473175048828125,0.35757575757575755,True
0,47841,10,8.812929381211093,33.04012107849121,-0.10303030303030303,True
0,47844,3,4.849855573861248,11.726795196533203,1.0,True
0,47846,5,7.652096174219887,21.538355350494385,0.6,True
0,47847,6,2.133518785558972,5.173012435436249,0.3142857142857143,True
0,47848,7,8.134325963025173,28.454151153564453,0.03571428571428572,True
0,47849,9,5.0400859438858205,15.664489269256592,0.9,True
0,47850,2,5.112353801727295,10.22470760345459,0.9999999999999999,True
0,47851,9,7.471107605834701,25.41823160648346,0.6666666666666667,True
0,47852,10,4.281989393781136,13.798477411270142,0.406060606060606,True
0,47855,8,6.854955404187956,22.900367736816406,0.6904761904761906,True
0,47856,10,3.269315354687736,10.333423286676407,0.6,True
0,47857,10,4.1393318746413605,15.113279342651367,0.7454545454545454,True
0,47859,10,3.5433002122945947,14.531041622161865,0.8909090909090909,True
0,47860,9,7.295092763012417,29.71191930770874,0.5333333333333333,True
0,47861,6,7.009040294836231,21.103519916534424,0.4285714285714286,True
0,47862,6,2.9196401609122153,9.895991325378418,0.14285714285714288,True
0,47863,9,9.779344955490755,31.529296875,0.75,True
0,47866,8,8.725178406439278,31.129725217819214,0.5000000000000001,True
0,47868,10,9.496231328870785,30.105315685272217,0.8060606060606059,True
0,47871,9,11.331708938463253,32.93181049823761,0.15,True
0,47872,5,6.084268935544023,18.274829387664795,0.3,True
0,47873,10,9.856785269316758,33.14529752731323,-0.07878787878787878,True
0,47874,10,6.277498626717233,18.862695455551147,0.6606060606060605,True
0,47875,10,4.078941059447986,14.191341996192932,0.04242424242424241,True
0,47876,10,6.674976447214074,21.79235315322876,0.2121212121212121,True
0,47877,2,0.17549681663513184,0.35099363327026367,0.9999999999999999,True
0,47878,10,6.5816479746830305,24.47237467765808,0.5030303030303029,True
0,47882,10,11.612133255475243,34.297019958496094,0.6363636363636362,True
0,47883,10,5.438534911912757,17.60651683807373,0.28484848484848485,True
0,47884,8,5.37651206350974,18.349379777908325,0.7619047619047621,True
0,47885,6,7.196564319083776,17.717902064323425,-0.08571428571428573,True
0,47886,9,7.015779100114668,20.02735435962677,0.7,True
0,47887,10,5.203252305477027,18.9700665473938,0.7212121212121211,True
0,47888,9,4.749885244564165,17.126714557409286,0.7333333333333334,True
0,47889,5,3.0451490860903134,8.72647738456726,-0.19999999999999998,True
0,47890,9,6.876970795621307,21.414544105529785,0.6,True
0,47891,9,2.47188718745558,7.917584419250488,0.35,True
0,47892,1,0.0,0.0,,False
0,47894,10,6.308419903009821,21.289878129959106,0.4545454545454545,True
0,47895,9,8.848905642828615,30.779222011566162,0.6,True
0,47897,9,6.003656735270176,19.77568817138672,0.7166666666666667,True
0,47898,8,9.758590502444514,30.743447303771973,0.7142857142857144,True
0,47901,10,10.013714650273322,33.10642468929291,0.32121212121212117,True
0,47902,9,6.243080443714776,18.377381682395935,0.8499999999999999,True
0,47903,7,10.204006567182123,30.77898669242859,0.8571428571428573,True
0,47905,10,6.054722213901171,18.770381331443787,-0.24848484848484845,True
0,47906,9,4.635691649836814,14.790385246276855,0.6333333333333333,True
0,47909,9,2.565930841615425,8.58463430404663,0.7999999999999999,True
0,47910,7,6.049111941379906,14.86054813861847,0.3214285714285715,True
0,47911,10,6.487114630694743,19.899081230163574,0.6848484848484848,True
0,47912,9,4.853834603848842,14.828964710235596,0.5166666666666667,True
0,47913,7,7.991208099006515,25.74090024828911,1.0,True
0,47914,7,14.329812823996324,40.899702191352844,0.1785714285714286,True
0,47915,9,4.799163527853851,17.416722536087036,0.3,True
0,47916,5,7.85356176652714,21.141620248556137,0.7,True
0,47917,8,5.4883663507048785,19.060768008232117,0.6428571428571429,True
0,47918,9,3.7942565495457323,12.716755270957947,0.7999999999999999,True
0,47919,8,3.7017778011641167,11.65770959854126,0.9047619047619048,True
0,47920,3,8.941864060818851,20.16426932811737,-1.0,True
0,47921,10,5.236791244032858,17.351563096046448,0.3696969696969697,True
0,47923,7,6.628802122891945,17.380033016204834,0.7857142857142859,True
0,47925,5,7.613280778363249,21.081795573234558,0.7,True
0,47926,9,8.608614460129145,23.447964906692505,0.6,True
0,47928,7,2.725525835100781,7.4430049657821655,0.8214285714285715,True
0,47929,8,7.133631807623722,23.63646125793457,0.1666666666666667,True
0,47930,7,7.068365280287904,23.464894890785217,0.42857142857142866,True
0,47931,6,5.006306761398597,14.90785300731659,0.2571428571428572,True
0,47932,8,4.163456712748443,14.543900966644287,0.3571428571428572,True
0,47933,9,8.463439299215578,27.87318181991577,0.5166666666666667,True
0,47934,8,8.035341163774902,26.18980121612549,0.4761904761904762,True
0,47935,7,2.2413494816173087,7.145546317100525,0.7142857142857144,True
0,47936,7,5.507984156388431,16.98186421394348,0.6071428571428572,True
0,47937,10,8.355604222544144,25.562808990478516,0.06666666666666665,True
0,47938,5,8.092877772376346,22.651369094848633,0.3,True
0,47940,7,3.432545526636749,11.484400272369385,0.7500000000000002,True
0,47942,9,8.545205979356687,34.13351917266846,0.4666666666666666,True
0,47943,9,7.563551492599087,24.480003833770752,0.5499999999999999,True
0,47944,10,6.289695878191663,22.058074951171875,0.22424242424242422,True
0,47945,7,10.723549994990465,36.87169015407562,0.8571428571428573,True
0,47946,2,5.910553932189941,11.821107864379883,0.9999999999999999,True
0,47947,1,0.0,0.0,,False
0,47949,6,11.872800164135414,31.688476532697678,0.6571428571428573,True
0,47951,10,3.1410315632289616,12.793106079101562,0.23636363636363633,True
0,47952,9,7.7017041485909274,22.27960693836212,0.4666666666666666,True
0,47953,7,4.316031291556191,10.993105918169022,0.7857142857142859,True
0,47954,5,7.577678858167373,21.874547004699707,0.8999999999999998,True
0,47956,9,5.393280122253208,17.1173375248909,0.21666666666666667,True
0,47957,3,12.310015914570394,28.941758155822754,0.5,True
0,47958,8,6.628100810788916,20.5488862991333,0.5000000000000001,True
0,47959,10,4.107834867628047,12.148247122764587,0.4787878787878787,True
0,47961,10,1.3564153359001736,4.71466988325119,0.6,True
0,47962,9,8.921695738444493,31.32160848379135,0.5833333333333334,True
0,47964,4,5.889940921580011,14.259162902832031,0.7999999999999999,True
0,47965,9,2.7821978030073216,7.889362573623657,0.7666666666666667,True
0,47966,10,5.545598138610823,20.28448784351349,0.0303030303030303,True
0,47967,6,7.833832426092398,23.483842849731445,-0.028571428571428574,True
0,47969,7,5.95660687563375,18.14920711517334,0.3214285714285715,True
0,47970,8,6.869235701230285,18.346004247665405,0.7142857142857144,True
0,47971,7,6.821211868297434,17.127170085906982,0.642857142857143,True
0,47972,7,2.4693059339527696,6.666122674942017,0.42857142857142866,True
0,47973,6,8.2694141689339,25.15887975692749,0.3142857142857143,True
0,47974,9,4.991380092286948,15.051533937454224,0.65,True
0,47976,10,8.365282296484656,27.10536825656891,0.406060606060606,True
0,47977,10,6.684082469379059,22.763999700546265,0.7939393939393938,True
0,47978,10,4.3234312333534515,16.82041049003601,0.41818181818181815,True
0,47979,6,8.953725258556846,26.070116758346558,0.14285714285714288,True
0,47980,4,6.10264867062583,14.160635709762573,0.7999999999999999,True
0,47981,8,6.943027506506031,22.83213520050049,0.3333333333333334,True
0,47982,8,4.474173105559541,16.017336130142212,0.4761904761904762,True
0,47983,2,6.089055061340332,12.178110122680664,0.9999999999999999,True
0,47985,4,5.611884546816948,13.995540142059326,-0.19999999999999998,True
0,47986,6,9.828652136183393,26.665300607681274,0.6,True
0,47987,7,2.8679222294393867,10.20262348651886,0.1785714285714286,True
0,47988,9,8.310702528591253,23.534535765647888,0.06666666666666667,True
0,47989,10,5.967270698495936,18.907787799835205,0.38181818181818183,True
0,47990,7,4.672588877250776,12.835787773132324,0.1785714285714286,True
0,47991,1,0.0,0.0,,False
0,47992,10,11.24151644607028,33.11756885051727,0.5030303030303029,True
0,47993,10,8.00734442453782,25.908828735351562,-0.01818181818181818,True
0,47994,10,6.926394276528641,22.945604115724564,0.8060606060606059,True
0,47995,8,6.630348795348218,26.14381694793701,0.261904761904762,True
0,47996,8,3.030120491983222,9.72152554988861,0.09523809523809526,True
0,47998,7,12.208974195128175,40.64824151992798,0.3214285714285715,True
0,48000,8,5.16491668942877,16.071226596832275,0.6666666666666669,True
0,48001,9,6.090911830931952,20.753573894500732,0.21666666666666667,True
0,48002,7,4.287133108548047,13.605851531028748,0.21428571428571433,True
0,48003,4,3.5857462006418572,8.99555230140686,0.39999999999999997,True
0,48005,6,3.701616550256549,10.930245161056519,0.2571428571428572,True
0,48006,3,8.488866646949399,20.655005931854248,0.5,True
0,48007,10,7.136781934654835,27.542827129364014,0.32121212121212117,True
0,48009,9,5.297135055837689,18.536297082901,0.5499999999999999,True
0,48010,10,4.028330013752118,12.551920294761658,0.8060606060606059,True
0,48012,10,6.950135497258134,23.68964985013008,0.8666666666666665,True
0,48013,9,3.6630609065322246,12.349362015724182,0.31666666666666665,True
0,48014,10,7.838367888095309,30.036340713500977,0.5636363636363636,True
0,48015,10,6.091400388619145,23.651182413101196,0.6848484848484848,True
0,48016,7,2.2435795290021145,7.118155479431152,0.7857142857142859,True
0,48017,5,10.26849155772433,31.816705465316772,0.9999999999999999,True
0,48019,10,3.8733454819970694,13.334425926208496,0.6606060606060605,True
0,48021,9,4.49381050032498,16.147156238555908,-0.18333333333333335,True
0,48022,6,7.335724779492688,20.139971613883972,-0.2571428571428572,True
0,48023,7,3.8376331884587693,13.701971292495728,0.21428571428571433,True
0,48024,10,10.318442346049325,28.2030611038208,0.6363636363636362,True
0,48025,6,6.825606279120424,19.801788091659546,0.8857142857142858,True
0,48026,8,4.611496698812443,13.162341117858887,0.7619047619047621,True
0,48029,10,8.469056178004369,25.712511360645294,0.6969696969696969,True
0,48030,2,5.573979139328003,11.147958278656006,-0.9999999999999999,True
0,48031,8,5.8091744376655265,21.21778440475464,0.5714285714285715,True
0,48032,3,6.73577385374133,15.620817422866821,0.5,True
0,48036,9,5.2253117744616295,19.05659246444702,0.7999999999999999,True
0,48038,9,6.694531730668325,23.747371673583984,0.65,True
0,48041,10,9.487635276272654,32.820531368255615,0.7939393939393938,True
0,48042,9,3.270635109305109,9.293630242347717,0.13333333333333333,True
0,48044,8,2.779422273419174,9.812077403068542,0.7857142857142858,True
0,48045,7,8.380311665969305,22.134143739938736,0.0,True
0,48047,10,7.395903919786318,20.2603862285614,-0.11515151515151514,True
0,48048,6,7.359557794340613,21.029344081878662,0.5428571428571429,True
0,48049,1,0.0,0.0,,False
0,48050,8,9.199800481378965,26.708174228668213,0.6666666666666669,True
0,48051,3,5.916849263608662,13.625606179237366,1.0,True
0,48052,7,12.014966225465672,31.718846559524536,0.8571428571428573,True
0,48053,9,12.497247768886112,41.13066205382347,0.39999999999999997,True
0,48055,8,5.012420927723268,16.94391095638275,-0.11904761904761905,True
0,48056,10,2.9377737279657685,9.93985116481781,0.06666666666666665,True
0,48057,7,8.975780334284638,25.521847128868103,0.03571428571428572,True
0,48058,10,4.568270509104805,17.238659977912903,0.23636363636363633,True
0,48060,6,5.702126278475553,17.307512283325195,0.3714285714285715,True
0,48061,7,7.700974665733466,22.685086458921432,0.642857142857143,True
0,48062,10,5.227928152468307,20.819033473730087,0.7212121212121211,True
0,48064,9,3.392100035582567,11.371845245361328,0.5833333333333334,True
0,48065,7,7.7690739952492045,22.038616180419922,0.3571428571428572,True
0,48066,9,6.272945522357475,21.772138237953186,0.8666666666666667,True
0,48067,10,2.655165756649367,10.284987568855286,0.5515151515151515,True
0,48068,8,7.625628420856001,24.977675199508667,-0.5714285714285715,True
0,48069,6,3.2032686947984477,8.334057986736298,0.7142857142857143,True
0,48071,10,4.0802291324560125,11.3760666847229,0.10303030303030303,True
0,48074,7,10.747400853744761,28.763325214385986,0.07142857142857144,True
0,48076,7,10.860704248158378,29.368274211883545,0.7142857142857144,True
0,48077,6,5.974722890395482,15.999932080507278,0.8857142857142858,True
0,48078,7,4.16507997139205,12.249437808990479,0.3571428571428572,True
0,48079,10,3.426083882931714,12.646108150482178,0.3939393939393939,True
0,48080,9,11.752618933355642,34.36655378341675,0.26666666666666666,True
0,48082,6,7.847957033264515,22.881113052368164,0.028571428571428574,True
0,48083,5,4.808678079826803,12.42902421951294,0.8999999999999998,True
0,48085,8,6.658246233244107,22.320392370224,0.523809523809524,True
0,48086,10,3.993273540392542,11.22630000114441,0.5878787878787878,True
0,48088,8,2.527203573814238,7.815094709396362,0.19047619047619052,True
0,48090,9,9.793486095937855,34.38811802864075,0.6833333333333333,True
0,48092,9,4.880790718725905,17.592889308929443,0.5166666666666667,True
0,48093,10,4.550468685688732,14.537434458732605,0.4666666666666666,True
0,48094,6,4.465666123537635,14.520752787590027,0.6571428571428573,True
0,48096,4,15.680780656002574,43.76753091812134,0.19999999999999998,True
0,48097,10,8.170463313728638,27.989224433898926,-0.16363636363636364,True
0,48098,6,13.11146769873766,39.0687952041626,0.5428571428571429,True
0,48099,8,8.064054996880357,27.10817241668701,0.30952380952380953,True
0,48100,10,5.700187018140904,16.646265268325806,0.38181818181818183,True
0,48101,1,0.0,0.0,,False
0,48102,8,4.6019247838805235,13.589297652244568,0.2380952380952381,True
0,48104,6,11.585262874745819,34.381125926971436,0.08571428571428573,True
0,48105,10,4.775041037727574,17.252866744995117,0.07878787878787878,True
0,48108,8,4.268110567530138,15.483034610748291,0.5714285714285715,True
0,48109,9,2.486218629003199,7.765646457672119,0.3666666666666667,True
0,48110,8,6.0425528656118335,19.82362389564514,0.07142857142857144,True
0,48111,8,3.2790452082061488,10.987911254167557,-0.3571428571428572,True
0,48114,9,5.178662306225374,14.60505723953247,-0.2333333333333333,True
0,48116,8,3.4885341568974355,11.419270038604736,0.2142857142857143,True
0,48118,4,5.548154067445616,15.596775889396667,1.0,True
0,48119,8,5.679269692398638,13.944809198379517,0.38095238095238104,True
0,48120,8,5.145740298312468,16.615317195653915,0.19047619047619052,True
0,48121,8,9.501881073647112,32.2158145904541,0.30952380952380953,True
0,48122,8,8.416383790156017,30.11750626564026,0.09523809523809526,True
0,48123,9,1.949578890238632,6.504493713378906,0.2333333333333333,True
0,48124,9,7.929870799099706,26.056391954421997,0.43333333333333335,True
0,48125,5,6.942656454726601,20.467214822769165,0.8999999999999998,True
0,48126,10,9.98741459584522,34.856889724731445,-0.05454545454545454,True
0,48127,9,3.1974077620428734,11.170681595802307,0.11666666666666665,True
0,48128,10,7.530478948664361,22.650856494903564,0.5515151515151515,True
0,48129,5,7.1649961958317405,20.84800386428833,-0.09999999999999999,True
0,48130,9,6.375528918781121,21.78623855113983,0.35,True
0,48131,10,5.9950694020635025,22.02044141292572,0.8424242424242423,True
0,48132,10,6.355810152101851,22.652626752853394,0.6,True
0,48133,10,4.041127191045408,11.715990662574768,0.10303030303030303,True
0,48137,4,3.401767698517397,9.117915272712708,-0.7999999999999999,True
0,48138,9,9.609410124196817,35.01797044277191,0.5833333333333334,True
0,48139,6,3.2166778642846148,10.882329553365707,0.14285714285714288,True
0,48141,7,1.691235407508428,5.408403038978577,0.03571428571428572,True
0,48142,10,4.855472846177501,17.55380892753601,0.7939393939393938,True
0,48143,8,9.407265453549515,24.946657687425613,0.6190476190476191,True
0,48144,9,3.421321401844982,11.786553144454956,0.5666666666666667,True
0,48145,10,7.1487083755931655,24.82152971625328,0.2727272727272727,True
0,48147,8,13.729778071557472,42.73730826377869,0.261904761904762,True
0,48148,10,3.2148610318844852,10.609373927116394,0.9151515151515152,True
0,48149,6,7.987416380334764,18.019734621047974,0.2571428571428572,True
0,48150,9,3.5918891958853596,10.302167475223541,0.39999999999999997,True
0,48151,8,9.420214475526278,28.400818586349487,0.3571428571428572,True
0,48152,10,6.431535494131061,19.24300456047058,0.6848484848484848,True
0,48153,10,5.092062607480977,17.96067464351654,-0.1515151515151515,True
0,48154,4,7.185397747158651,19.666743278503418,0.7999999999999999,True
0,48155,7,5.56696343806243,12.666868209838867,0.5714285714285715,True
0,48157,7,10.709498547824737,24.919046878814697,-0.03571428571428572,True
0,48158,10,6.9698983835275765,28.0280784368515,0.43030303030303024,True
0,48159,9,6.669149948649777,23.945687770843506,0.7833333333333333,True
0,48160,9,5.655858734594999,19.976818561553955,0.26666666666666666,True
0,48162,6,3.1534204976848956,9.679830431938171,0.8285714285714287,True
0,48164,9,4.805626892567555,16.716541647911072,0.31666666666666665,True
0,48165,6,7.6518650055757735,21.887943506240845,0.7142857142857143,True
0,48166,8,8.499564690265597,23.336988925933838,0.4523809523809524,True
0,48167,7,14.190632949225527,39.86980736255646,0.14285714285714288,True
0,48168,10,5.944112603524778,20.17095986008644,0.5636363636363636,True
0,48170,5,11.838071883182312,31.944389581680298,0.3,True
0,48171,8,6.793197715822671,21.706934690475464,0.2142857142857143,True
0,48173,6,4.641745129472337,12.15659499168396,0.2571428571428572,True
0,48174,8,7.351412225628968,27.566547393798828,0.4285714285714286,True
0,48175,8,3.350731136066517,10.288499355316162,0.5952380952380953,True
0,48176,8,1.797082868627883,6.421187609434128,0.3571428571428572,True
0,48177,5,6.234069197441155,17.23796772956848,0.8999999999999998,True
0,48178,10,2.637909563043035,10.271831274032593,0.1515151515151515,True
0,48179,10,3.8883458747363817,13.799444198608398,0.17575757575757575,True
0,48180,9,2.786368321954949,9.156312823295593,0.43333333333333335,True
0,48181,10,6.408333940759587,20.96762990951538,0.7454545454545454,True
0,48182,8,9.951998371988743,23.926834225654602,0.9047619047619048,True
0,48184,7,5.834393156249351,17.839592933654785,0.3571428571428572,True
0,48185,10,8.454523638581458,26.962419033050537,0.6,True
0,48186,9,2.222801212437612,7.242075681686401,-0.35,True
0,48187,10,4.5986977397198245,16.83919906616211,0.7212121212121211,True
0,48188,6,3.4723046159659674,9.868336081504822,0.2,True
0,48189,8,5.193768810919346,18.17115581035614,0.7142857142857144,True
0,48190,8,6.141239510688548,21.421603828668594,0.6190476190476191,True
0,48191,6,2.1735733626992175,6.406063795089722,0.028571428571428574,True
0,48192,8,14.136324364972419,41.35338354110718,0.6190476190476191,True
0,48194,9,3.1986764757540724,9.67550003528595,0.016666666666666666,True
0,48196,3,4.7776196754896425,11.112897127866745,1.0,True
0,48197,8,7.989004093718167,21.762376308441162,0.5000000000000001,True
0,48198,10,4.223083356539528,15.561283826828003,0.5393939393939393,True
0,48199,10,7.4306774292692905,26.024264603853226,0.34545454545454546,True
0,48200,7,11.196527586582723,35.08390665054321,0.25,True
0,48201,8,7.3335829544768245,22.43912935256958,0.5476190476190477,True
0,48203,9,4.164923630478337,12.112733006477356,0.8666666666666667,True
0,48205,8,4.630011107437831,15.827548742294312,0.4523809523809524,True
0,48206,8,5.981930376363354,16.74336490035057,0.4047619047619048,True
0,48207,10,4.621209549512384,17.613686829805374,0.2606060606060606,True
0,48208,8,10.858678917622626,34.25672006607056,0.4761904761904762,True
0,48209,9,3.787344414587708,13.576259016990662,0.5833333333333334,True
0,48210,10,5.405234852783779,20.311321258544922,0.7818181818181817,True
0,48211,1,0.0,0.0,,False
0,48215,8,4.771819019842905,17.08105754852295,0.7619047619047621,True
0,48216,9,10.934187901648599,37.159847021102905,0.6666666666666667,True
0,48217,7,11.018004571973623,26.49744749069214,0.3571428571428572,True
0,48219,10,4.540935088859537,15.558703541755676,0.5030303030303029,True
0,48220,1,0.0,0.0,,False
0,48221,9,5.587467185432168,16.452318906784058,0.06666666666666667,True
0,48222,8,6.010174365845956,18.922487378120422,0.1666666666666667,True
0,48224,7,11.079608942160865,29.150766849517822,0.3214285714285715,True
0,48226,9,4.891914933430789,16.89936661720276,0.45,True
0,48227,1,0.0,0.0,,False
0,48228,10,7.235571955332218,21.358301639556885,-0.1515151515151515,True
0,48229,10,5.161308537223726,17.55605912208557,0.7939393939393938,True
0,48230,9,6.5612764589047465,24.118475914001465,0.8166666666666667,True
0,48232,10,3.184510488205008,9.39899730682373,0.33333333333333326,True
0,48235,9,4.088700243235505,13.7232426404953,-0.33333333333333337,True
0,48236,10,9.011724792892526,31.651609033346176,0.4787878787878787,True
0,48237,10,6.682343470110125,24.089710235595703,-0.32121212121212117,True
0,48239,6,6.588630479405628,16.39410972595215,0.028571428571428574,True
0,48240,8,3.5584150662815315,9.106227278709412,0.30952380952380953,True
0,48241,6,8.86324594270643,29.345821619033813,0.6,True
0,48243,9,5.615448366287354,21.392817467451096,0.13333333333333333,True
0,48244,5,4.072399327124579,12.654914379119873,0.9999999999999999,True
0,48245,7,8.76090841094855,25.249592542648315,0.7142857142857144,True
0,48246,10,9.746556868900074,30.33288562297821,0.2606060606060606,True
0,48247,8,5.806568845020363,20.037315130233765,0.3333333333333334,True
0,48248,9,7.880361349347794,25.82348558306694,0.5166666666666667,True
0,48249,10,3.110904481302896,10.4211905002594,-0.16363636363636364,True
0,48250,8,9.32891139570718,26.7294762134552,0.5000000000000001,True
0,48252,7,4.4773089030005,12.21460247039795,0.7500000000000002,True
0,48253,9,3.933891659687063,13.149179816246033,0.35,True
0,48255,6,5.125302062634631,14.697478294372559,0.8285714285714287,True
0,48256,10,6.580043792191114,20.60302221775055,0.6121212121212121,True
0,48257,9,6.818035011705151,22.683480262756348,0.16666666666666669,True
0,48258,5,2.51868583755132,7.326966762542725,-0.3,True
0,48259,3,2.7061910262495155,6.421011924743652,0.5,True
0,48260,9,3.410369807084259,11.013504266738892,0.5333333333333333,True
0,48261,9,3.2629644236650357,10.996616840362549,0.35,True
0,48262,8,4.89530477046436,16.197280406951904,0.2142857142857143,True
0,48263,10,8.732247297918985,24.831204891204834,-0.2606060606060606,True
0,48264,8,6.724831644739912,17.80595874786377,0.28571428571428575,True
0,48266,6,3.2280191279134596,9.70955491065979,0.5428571428571429,True
0,48267,8,7.491072766494958,25.407535552978516,0.2380952380952381,True
0,48268,9,9.993018168800672,29.091553330421448,0.6833333333333333,True
0,48269,8,4.983504695075094,16.710374116897583,0.2380952380952381,True
0,48270,9,7.403313163964868,20.592984199523926,0.2833333333333333,True
0,48271,10,7.432374800091097,26.461658477783203,0.5030303030303029,True
0,48272,5,9.572957643449959,28.173296689987183,0.8999999999999998,True
0,48273,9,4.759280414699674,15.37908148765564,0.26666666666666666,True
0,48274,7,3.114432092238067,8.693158477544785,0.3571428571428572,True
0,48275,9,8.085157361241581,26.475709557533264,0.21666666666666667,True
0,48276,10,12.34557985760877,39.8878231048584,0.9151515151515152,True
0,48277,10,10.06594897088424,33.19338512420654,-0.22424242424242422,True
0,48278,10,6.39437134151354,19.4798526763916,0.6363636363636362,True
0,48280,9,6.762349392600871,24.670787811279297,-0.08333333333333334,True
0,48281,9,0.7555086919633233,2.162038803100586,-0.2833333333333333,True
0,48282,6,17.27563580916375,42.98022794723511,0.942857142857143,True
0,48283,7,5.54903698018277,18.074058055877686,0.21428571428571433,True
0,48284,8,2.155721001967998,6.124084234237671,0.5476190476190477,True
0,48286,9,4.901174085686556,13.846119999885559,0.8833333333333333,True
0,48287,10,5.104495079890119,19.574568271636963,0.7818181818181817,True
0,48288,9,9.78799943415239,28.77559185028076,0.11666666666666665,True
0,48290,8,6.624446274619988,21.199305325746536,-0.4761904761904762,True
0,48291,5,10.31372593911449,23.27526819705963,0.3,True
0,48294,4,6.025473223361687,16.13992166519165,0.7999999999999999,True
0,48295,9,4.747350085900348,15.061017036437988,0.7666666666666667,True
0,48296,8,5.5043516850562035,19.900503873825073,0.28571428571428575,True
0,48297,7,12.534394932408373,44.36983680725098,0.5,True
0,48298,1,0.0,0.0,,False
0,48299,9,10.38937703887036,31.98319101333618,0.5499999999999999,True
0,48300,9,10.476684345605781,43.445985317230225,0.09999999999999999,True
0,48301,10,5.399174265741277,17.71749234199524,0.0303030303030303,True
0,48303,10,4.848630786906988,14.623597234487534,0.7939393939393938,True
0,48305,8,6.905260616014169,23.825448513031006,0.5000000000000001,True
0,48306,10,2.4775208192481775,7.4511425495147705,0.28484848484848485,True
0,48307,8,11.512496064332339,33.306607127189636,0.9047619047619048,True
0,48308,10,2.006441174575026,6.395535945892334,0.16363636363636364,True
0,48309,8,3.7272761180633602,10.37259292602539,0.7142857142857144,True
0,48310,7,3.885672529856762,10.89963698387146,0.6785714285714287,True
0,48311,9,5.1274575680846635,17.091349124908447,0.31666666666666665,True
0,48312,10,5.762594941501928,18.692460983991623,0.7212121212121211,True
0,48313,7,5.533045541257155,13.861678957939148,0.7142857142857144,True
0,48315,9,5.268044870663654,18.03829002380371,0.6833333333333333,True
0,48316,8,4.645802460078976,14.169719457626343,-0.4285714285714286,True
0,48318,3,9.693813523894079,22.749475955963135,1.0,True
0,48321,9,5.882482212180988,22.771137475967407,0.33333333333333337,True
0,48322,8,6.5145510784777985,16.92273700237274,0.6190476190476191,True
0,48325,8,4.762616776043339,12.949136734008789,0.9285714285714287,True
0,48326,9,5.980239230169372,21.26266649365425,0.09999999999999999,True
0,48328,4,2.9411024706496205,7.823833554983139,-0.19999999999999998,True
0,48329,8,2.816663912440938,8.130084991455078,0.0,True
0,48330,10,8.410426347072733,34.06169509887695,0.35757575757575755,True
0,48331,8,3.5433917473120986,9.990458250045776,0.1666666666666667,True
0,48332,10,6.957741202734263,24.578927993774414,0.6484848484848483,True
0,48333,9,5.39311436275681,17.77529501914978,0.33333333333333337,True
0,48335,10,2.702451115469713,7.835248947143555,0.12727272727272726,True
0,48336,1,0.0,0.0,,False
0,48337,10,3.9045473245493674,13.721107006072998,0.11515151515151514,True
0,48339,10,6.1358135226533514,21.93751883506775,0.7939393939393938,True
0,48340,6,3.172853360831737,9.714447975158691,0.942857142857143,True
0,48341,10,6.871444779653287,20.53391396999359,0.7818181818181817,True
0,48342,5,4.286513010161116,12.826324462890625,-0.19999999999999998,True
0,48343,9,6.027846207497493,15.830732107162476,0.7999999999999999,True
0,48344,10,4.746210646918513,14.480812549591064,0.3939393939393939,True
0,48345,9,3.2685413041584495,11.787677764892578,0.13333333333333333,True
0,48347,9,6.8146532544553295,20.27815470099449,0.48333333333333334,True
0,48348,9,5.407016704442845,20.245681047439575,-0.15,True
0,48349,5,1.2201329623192891,3.6092758178710938,0.49999999999999994,True
0,48350,3,4.747364891659792,11.455517649650574,-0.5,True
0,48351,10,11.440308216162768,38.97747468948364,0.23636363636363633,True
0,48352,10,4.23123501937789,15.587521433830261,-0.35757575757575755,True
0,48353,8,6.599948147402577,22.522406101226807,0.4761904761904762,True
0,48355,3,1.3296893917464212,3.1376774311065674,0.5,True
0,48356,5,1.7351820296270763,4.780309677124023,0.49999999999999994,True
0,48357,7,9.629842715212025,25.621184468269348,-0.03571428571428572,True
0,48359,8,7.571859760802545,24.18766462802887,0.9047619047619048,True
0,48360,8,6.543952830270995,18.875130772590637,0.6666666666666669,True
0,48361,7,5.241218423538469,14.392095565795898,0.6785714285714287,True
0,48362,9,3.9122743811082397,11.101977050304413,0.2333333333333333,True
0,48363,8,4.646254109757807,15.231027603149414,0.523809523809524,True
0,48364,10,5.960397960422859,18.44755792617798,0.7333333333333332,True
0,48365,4,4.21547550897882,10.619554996490479,0.39999999999999997,True
0,48366,10,7.59661663934251,29.155932188034058,0.41818181818181815,True
0,48367,9,10.88617982311023,32.288052439689636,-0.11666666666666665,True
0,48368,7,4.3691543760010205,12.210292935371399,0.0,True
0,48371,8,5.8880644712247685,20.83491027355194,0.7619047619047621,True
0,48372,5,3.7725191688575612,11.239043712615967,0.8999999999999998,True
0,48373,2,13.988844871520996,27.977689743041992,0.9999999999999999,True
0,48374,9,9.544505924240875,28.13119649887085,0.8499999999999999,True
0,48375,10,5.417358120516367,18.567939281463623,0.6,True
0,48378,10,8.347051017646633,24.909979939460754,0.6,True
0,48379,7,12.225909792585348,37.137146949768066,0.8571428571428573,True
0,48380,8,7.582942909782843,22.906326174736023,0.5952380952380953,True
0,48381,6,6.093371967146283,18.934841513633728,0.7142857142857143,True
0,48382,10,5.139155076088971,19.52982860803604,0.5030303030303029,True
0,48383,10,8.147911709379589,31.1437931060791,0.5151515151515151,True
0,48384,9,6.186030158104731,19.195111751556396,0.5499999999999999,True
0,48385,1,0.0,0.0,,False
0,48386,8,6.696564798968534,18.77854013442993,0.6904761904761906,True
0,48387,7,11.049788871620388,36.36387252807617,0.9285714285714288,True
0,48389,10,9.75045184750946,33.606754779815674,0.11515151515151514,True
0,48390,10,7.196320287914915,28.93568229675293,0.34545454545454546,True
0,48392,3,7.7773089862919615,18.007854223251343,1.0,True
0,48393,8,9.263901170621084,29.16973114013672,0.7142857142857144,True
0,48394,4,7.3175013665632305,19.220672607421875,0.0,True
0,48395,9,4.73323344230537,13.246150732040405,0.24267994853915967,True
0,48396,10,3.5303371032010604,13.617579579353333,0.5636363636363636,True
0,48398,7,3.218197928917777,9.829407453536987,-0.21428571428571433,True
0,48399,10,5.275432903716175,18.37598693370819,0.4666666666666666,True
0,48400,4,10.799779880363724,27.18482530117035,0.7999999999999999,True
0,48403,7,9.1907153904732,24.1387300491333,0.14285714285714288,True
0,48407,5,9.455744847643695,21.23890209197998,-0.19999999999999998,True
0,48409,10,6.599846268340038,20.812828302383423,0.5151515151515151,True
0,48410,9,6.048957279045022,22.192983120679855,0.35,True
0,48411,8,5.5488635287877965,18.850005388259888,0.09523809523809526,True
0,48412,10,8.619335946513203,31.680861949920654,0.34545454545454546,True
0,48414,7,6.4155049442489895,18.475515842437744,0.8928571428571429,True
0,48415,10,1.790513140612833,6.131444573402405,0.2121212121212121,True
0,48416,10,6.438861440514733,17.162516117095947,0.2727272727272727,True
0,48417,8,14.997024542491644,45.18618202209473,0.38095238095238104,True
0,48419,7,1.8551100808718315,5.378922462463379,0.7500000000000002,True
0,48420,10,3.889118884801603,10.640859723091125,0.6969696969696969,True
0,48421,6,4.273563027444933,11.888861536979675,0.6,True
0,48422,8,7.150774763800319,21.534040093421936,0.261904761904762,True
0,48423,3,10.654433242272955,25.160078525543213,0.5,True
0,48424,8,6.281929635428449,19.044633150100708,0.04761904761904763,True
0,48425,9,3.3018452408416112,12.397500872612,0.39999999999999997,True
0,48426,10,4.467422784028942,13.603281736373901,0.5757575757575757,True
0,48427,2,8.882378339767456,17.764756679534912,0.9999999999999999,True
0,48428,6,4.244753475101244,14.169360160827637,0.6,True
0,48429,5,7.560164589061794,20.4373836517334,0.7,True
0,48430,8,8.780921308203666,27.262620449066162,0.2142857142857143,True
0,48431,5,6.972857576978493,18.39911198616028,0.09999999999999999,True
0,48432,10,2.9648251540056743,8.445162534713745,0.06666666666666665,True
0,48433,9,5.72076464373509,15.840071439743042,0.6666666666666667,True
0,48434,10,10.011428215001608,31.907422184944153,0.5030303030303029,True
0,48435,8,5.894735507304559,16.981788158416748,0.5952380952380953,True
0,48436,10,11.660136447126316,34.585798501968384,0.5757575757575757,True
0,48437,7,5.9274237221343355,20.70708954334259,0.0,True
0,48438,8,7.675975602040069,23.80875515937805,0.8571428571428572,True
0,48439,8,6.255439564369829,20.11032724380493,0.4523809523809524,True
0,48441,9,4.269314407030773,14.76129937171936,0.6,True
0,48442,8,4.103919023971953,13.957987308502197,0.14285714285714288,True
0,48443,9,7.6362365963427195,27.646872401237488,0.3666666666666667,True
0,48445,10,6.012084785698761,20.32076096534729,0.5636363636363636,True
0,48446,8,10.66827739672795,29.491891860961914,0.5000000000000001,True
0,48447,4,1.2920526003882253,3.1700109243392944,0.7999999999999999,True
0,48448,5,5.048237749391661,12.470887899398804,0.8999999999999998,True
0,48449,9,8.387796565381343,25.834434032440186,0.4666666666666666,True
0,48450,9,3.3564903370795993,10.84498941898346,0.9,True
0,48451,1,0.0,0.0,,False
0,48452,10,6.375820343561094,27.11000967025757,0.6727272727272726,True
0,48455,9,5.852514141067193,21.05528950691223,0.19999999999999998,True
0,48456,10,7.423088187099774,21.744308948516846,0.3696969696969697,True
0,48457,10,4.635132862756888,14.968249678611755,0.41818181818181815,True
0,48458,8,5.890589141035249,19.744697213172913,0.7142857142857144,True
0,48459,10,2.3288862896050238,8.047231078147888,0.7696969696969697,True
0,48460,3,2.5474586720068118,6.201639890670776,1.0,True
0,48461,8,3.253774484148588,9.952908426523209,0.6190476190476191,True
0,48463,5,3.8183567562945977,10.651923894882202,-0.49999999999999994,True
0,48464,6,9.889884468892859,28.131612300872803,0.7714285714285715,True
0,48465,7,11.377027038283789,40.65714883804321,0.8571428571428573,True
0,48467,9,4.494613280396373,12.89340877532959,0.5333333333333333,True
0,48468,10,9.695559377133769,32.126513957977295,0.6121212121212121,True
0,48469,6,6.523981278139482,19.22959116101265,0.028571428571428574,True
0,48470,8,6.9096715978899645,21.52712082862854,0.9523809523809524,True
0,48471,2,0.6147279739379883,1.2294559478759766,-0.9999999999999999,True
0,48472,8,4.109189851980087,12.210091441869736,0.19047619047619052,True
0,48473,10,3.9504167959046295,14.166003227233887,0.2727272727272727,True
0,48474,9,6.0529279538546135,19.728726148605347,0.33333333333333337,True
0,48475,9,4.086384026582868,13.057676553726196,-0.13333333333333333,True
0,48476,10,4.464464988808848,12.696722507476807,0.04242424242424241,True
0,48477,10,7.458586209185333,22.498533606529236,0.7696969696969697,True
0,48478,8,7.94969853595402,23.406192898750305,0.2142857142857143,True
0,48481,10,9.458153098955655,27.593820571899414,0.6484848484848483,True
0,48482,8,4.851836687417346,16.692883491516113,0.2142857142857143,True
0,48484,6,7.477340491271134,22.34606695175171,0.028571428571428574,True
0,48485,10,4.2973289897479745,14.1707923412323,0.7696969696969697,True
0,48486,8,4.262184556511693,12.518839240074158,0.9047619047619048,True
0,48487,2,8.042160630226135,16.08432126045227,0.9999999999999999,True
0,48488,8,5.198669426114919,19.746683359146118,0.5000000000000001,True
0,48489,10,2.0123660475677747,5.814816951751709,0.406060606060606,True
0,48490,10,3.6420249154145536,12.00536322593689,0.5393939393939393,True
0,48491,8,10.293168015431544,34.56446886062622,0.0,True
0,48493,6,8.653352880082949,23.211253881454468,0.6,True
0,48494,7,3.9531405028073694,11.926159471273422,0.642857142857143,True
0,48496,8,3.731279509046474,11.213250637054443,0.04761904761904763,True
0,48497,10,4.044538629998504,12.879126906394958,0.7454545454545454,True
0,48498,10,5.38935150733123,17.35153019428253,0.5757575757575757,True
0,48499,9,6.309755401776111,23.17106819152832,0.5499999999999999,True
0,48500,10,10.48189561738306,31.715946197509766,0.709090909090909,True
0,48501,10,3.97150507428295,11.992541670799255,0.7454545454545454,True
0,48502,6,13.078399841009563,37.80655598640442,0.7714285714285715,True
0,48503,7,11.985460486161157,34.9739089012146,-0.14285714285714288,True
0,48504,8,7.896114329756768,22.77689218521118,0.2380952380952381,True
0,48507,7,3.901972200317054,13.23874032497406,0.7142857142857144,True
0,48509,10,9.418539207845328,27.778869032859802,0.8060606060606059,True
0,48510,8,4.813839731648635,17.222832441329956,0.38095238095238104,True
0,48512,8,3.5065541474384,12.431308805942535,0.7380952380952381,True
0,48513,10,6.635281111293188,20.247801780700684,-0.41818181818181815,True
0,48514,7,0.5545816296834554,1.6182814836502075,0.07142857142857144,True
0,48515,9,5.984893783784106,18.573495864868164,0.45,True
0,48516,6,3.536474698410453,10.845518469810486,0.2571428571428572,True
0,48517,3,8.590494957200162,21.036540031433105,1.0,True
0,48519,6,5.0652224860597,11.868458032608032,0.3714285714285715,True
0,48520,10,8.509309363920192,26.0431569814682,-0.5878787878787878,True
0,48521,7,13.266782386770332,31.997647523880005,0.25,True
0,48522,8,3.1967765501252567,11.021422743797302,0.30952380952380953,True
0,48523,9,4.604964934364822,17.24619221687317,0.6833333333333333,True
0,48524,1,0.0,0.0,,False
0,48525,7,8.40880488476845,26.69622039794922,0.42857142857142866,True
0,48526,8,4.119645546550238,12.709786534309387,0.3571428571428572,True
0,48527,8,3.692434487165469,12.128262042999268,0.28571428571428575,True
0,48528,10,10.160775026887833,33.433730125427246,0.6,True
0,48530,2,3.135253369808197,6.270506739616394,0.9999999999999999,True
0,48531,10,8.389768644054854,31.08318829536438,0.28484848484848485,True
0,48532,10,6.814196964144429,21.406087636947632,0.11515151515151514,True
0,48533,10,4.64551861129252,16.028522610664368,0.6242424242424242,True
0,48534,9,6.835425565203256,22.4950932264328,0.6833333333333333,True
0,48535,7,9.125082266417454,31.33297300338745,0.28571428571428575,True
0,48536,8,9.180769762051852,28.66176152229309,0.5476190476190477,True
0,48538,10,4.027137408045264,15.246854305267334,0.4666666666666666,True
0,48539,9,7.708978124258205,28.651923179626465,0.7,True
0,48541,8,8.619921103356356,32.339622020721436,0.19047619047619052,True
0,48542,9,11.561043769476198,38.83099365234375,-0.06666666666666667,True
0,48543,8,4.7014488163979875,12.066717624664307,0.8333333333333335,True
0,48544,8,5.749825987617975,18.694542407989502,0.38095238095238104,True
0,48545,6,7.202734121523825,21.715035676956177,0.028571428571428574,True
0,48546,7,4.024811292316862,13.590332746505737,0.10714285714285716,True
0,48547,9,7.733826597237706,25.154218554496765,0.6,True
0,48548,10,7.687951054389568,30.29539680480957,0.6727272727272726,True
0,48550,9,6.264781242352683,20.683775424957275,0.6666666666666667,True
0,48551,4,5.467318722419845,14.136911869049072,0.39999999999999997,True
0,48552,8,13.140742610518327,40.83127450942993,0.6904761904761906,True
0,48553,8,8.717243027373119,31.02375614643097,0.4047619047619048,True
0,48554,10,5.3067723692080655,18.88330829143524,0.5878787878787878,True
0,48555,9,4.076606722278493,14.449445486068726,0.5499999999999999,True
0,48556,9,6.422410179214168,21.675421118736267,0.049999999999999996,True
0,48557,9,6.597384390405609,19.534416913986206,0.7,True
0,48558,10,5.626522452029933,15.84898853302002,0.11515151515151514,True
0,48559,10,5.287827670912673,18.84506607055664,0.23636363636363633,True
0,48560,7,6.54495087393534,20.16652250289917,0.5357142857142858,True
0,48561,3,6.479323726673146,14.348102807998657,0.5,True
0,48562,9,7.544076529807993,26.91485834121704,-0.39999999999999997,True
0,48563,10,5.305710908102762,16.99139904975891,0.006060606060606061,True
0,48564,10,7.1309195356274255,20.595508098602295,0.5030303030303029,True
0,48565,8,3.2344948998636895,9.34272813796997,0.6904761904761906,True
0,48566,9,8.651845518006043,32.2728226184845,0.6,True
0,48567,7,4.616667431018747,13.85901689529419,0.6071428571428572,True
0,48568,10,2.35795951293399,7.970260351896286,0.0303030303030303,True
0,48569,10,5.718586078795968,17.941073536872864,0.28484848484848485,True
0,48570,7,4.145757635446365,13.088501930236816,0.28571428571428575,True
0,48574,6,1.484120073061355,4.186744213104248,0.48571428571428577,True
0,48576,8,8.16979625438759,23.211167097091675,0.5714285714285715,True
0,48577,10,4.98685935776892,18.426730513572693,0.4424242424242424,True
0,48578,9,4.84626062116248,18.70302438735962,0.26666666666666666,True
0,48579,9,4.57084415779315,15.505839347839355,0.35,True
0,48580,10,4.664384013869199,16.516728401184082,0.6484848484848483,True
0,48581,1,0.0,0.0,,False
0,48582,8,5.2363849379950365,18.635709524154663,0.5952380952380953,True
0,48583,4,9.743436961191627,24.703506469726562,0.39999999999999997,True
0,48584,5,3.2709713687270536,10.115983128547668,0.49999999999999994,True
0,48585,9,5.569987721490954,19.560075283050537,0.5333333333333333,True
0,48587,9,8.234542557008856,28.527135372161865,0.65,True
0,48588,10,7.684931335304339,30.744202971458435,0.7333333333333332,True
0,48589,7,7.309776382813283,23.249102234840393,0.5357142857142858,True
0,48590,8,7.996854444693825,26.95607888698578,-0.28571428571428575,True
0,48591,10,3.9012324485748002,11.79468023777008,0.33333333333333326,True
0,48592,10,5.865628879049965,22.878281831741333,0.43030303030303024,True
0,48593,8,6.686519810486078,20.275617122650146,0.4761904761904762,True
0,48595,8,3.05046244463909,9.474690914154053,0.6904761904761906,True
0,48596,7,7.87907183088796,21.26130473613739,0.9285714285714288,True
0,48597,8,4.806665867029113,15.292974472045898,0.4761904761904762,True
0,48598,10,6.938119026188972,20.295804500579834,0.5151515151515151,True
0,48599,10,3.2606602402299063,11.868793725967407,0.1515151515151515,True
0,48601,10,4.072122813207654,14.186076641082764,0.4545454545454545,True
0,48602,9,6.279658512961518,21.273643016815186,0.5499999999999999,True
0,48603,10,8.459543180219484,26.18623638153076,0.6,True
0,48605,9,2.446556772554732,7.292321443557739,-0.41666666666666663,True
0,48606,8,6.768673628754456,19.683523416519165,0.7380952380952381,True
0,48607,10,5.394405603326797,22.211775302886963,0.16363636363636364,True
0,48608,9,5.729969992968508,18.193788051605225,0.5833333333333334,True
0,48609,9,6.742705960786692,20.522977232933044,-0.06666666666666667,True
0,48610,8,6.171862873246625,21.438380241394043,0.523809523809524,True
0,48612,6,1.8722560495002325,5.964737057685852,0.6571428571428573,True
0,48614,7,3.414904521053485,10.923316717147827,0.42857142857142866,True
0,48616,8,6.0984264702633775,22.16537058353424,0.7619047619047621,True
0,48617,9,8.53781215159837,32.56256818771362,0.8833333333333333,True
0,48618,7,5.225830654452307,15.977895736694336,0.6071428571428572,True
0,48619,7,8.368396277359293,23.076083302497864,0.03571428571428572,True
0,48620,9,7.597823602376505,26.720770120620728,0.75,True
0,48621,9,2.1718301071691233,8.196708232164383,0.5,True
0,48622,8,9.042575710534912,24.805801272392273,-0.04761904761904763,True
0,48623,6,4.870389347168112,16.4472918510437,0.5428571428571429,True
0,48625,8,7.9697771950964125,21.598039507865906,0.6904761904761906,True
0,48626,10,4.843558391163895,18.55882215499878,0.6848484848484848,True
0,48628,9,8.166170145065022,29.670725345611572,0.6666666666666667,True
0,48630,9,7.730063779437783,25.337464332580566,0.75,True
0,48632,8,7.965989724493763,28.560467958450317,0.8095238095238096,True
0,48633,10,6.57373509030924,18.399176120758057,0.5151515151515151,True
0,48635,9,5.374559472227866,20.289376735687256,0.7833333333333333,True
0,48636,9,3.853413022559355,13.909345626831055,0.8666666666666667,True
0,48637,9,1.6180715782276835,4.4947730004787445,0.26666666666666666,True
0,48639,10,5.992805302308981,16.620782136917114,0.6,True
0,48640,10,9.53776100544241,29.115033507347107,0.18787878787878787,True
0,48641,7,4.817764544555124,16.360150814056396,0.5714285714285715,True
0,48642,9,9.809611313403833,28.52310538291931,0.5166666666666667,True
0,48643,7,6.924739448605109,16.932624578475952,-0.14285714285714288,True
0,48644,10,5.107845212399757,18.93624472618103,0.09090909090909088,True
0,48645,7,4.04823352960772,12.898977041244507,0.7500000000000002,True
0,48646,7,3.4005363682393117,12.077687621116638,0.42857142857142866,True
0,48647,9,6.2791664267909555,21.29846477508545,0.7833333333333333,True
0,48648,9,3.367607840224888,10.625030517578125,0.2833333333333333,True
0,48649,5,3.0758703899833,8.99292778968811,0.19999999999999998,True
0,48650,10,8.702440540034358,31.936235189437866,0.7333333333333332,True
0,48652,10,8.580022562383212,30.455522060394287,0.05454545454545454,True
0,48653,10,4.674231914522695,15.339419841766357,0.11515151515151514,True
0,48655,8,3.2285224289578904,8.845248103141785,0.11904761904761905,True
0,48656,10,14.76282500906466,48.38338756561279,0.8424242424242423,True
0,48657,4,4.430212079863961,12.202765464782715,-0.19999999999999998,True
0,48658,10,1.8273765648570641,5.941796779632568,-0.4545454545454545,True
0,48660,7,12.083546170444318,32.503652453422546,0.21428571428571433,True
0,48661,7,9.414230981729578,31.598745226860046,0.6785714285714287,True
0,48662,7,11.713111138759237,35.23143720626831,0.7857142857142859,True
0,48664,9,9.400907420511139,26.960849046707153,0.7999999999999999,True
0,48665,9,7.5795761517482365,28.08099976181984,0.8499999999999999,True
0,48667,10,6.028045448136222,21.269771695137024,0.9272727272727272,True
0,48668,10,7.64492629235313,23.43203568458557,0.5030303030303029,True
0,48669,9,5.7649310369124915,16.480881989002228,0.3,True
0,48670,9,4.297304360681937,13.850047677755356,0.43333333333333335,True
0,48671,10,10.029515039792852,30.958200216293335,0.9030303030303028,True
0,48672,10,4.925008314133116,14.80118727684021,0.22424242424242422,True
0,48673,8,3.7899101879974335,12.043750047683716,0.7857142857142858,True
0,48674,6,3.414578815167049,11.069054365158081,0.6,True
0,48675,8,6.246858192171968,21.165648221969604,0.11904761904761905,True
0,48676,8,7.413540013905937,24.613666772842407,0.261904761904762,True
0,48677,8,10.656303668974813,38.813026428222656,0.5714285714285715,True
0,48678,9,5.115154393470599,18.095688343048096,0.16666666666666669,True
0,48679,7,4.712521947826745,15.672334432601929,0.42857142857142866,True
0,48680,6,3.5468179709399226,11.035494804382324,0.6,True
0,48682,7,4.697720465676156,13.368353843688965,0.9285714285714288,True
0,48683,9,3.579301222786147,10.714113473892212,0.15,True
0,48684,7,4.59709183741701,14.131029605865479,0.8571428571428573,True
0,48685,8,5.879057155283631,19.40838161110878,0.4047619047619048,True
0,48686,10,4.7439710476883805,17.048949480056763,0.7212121212121211,True
0,48687,8,1.602287133448354,5.212994337081909,-0.07142857142857144,True
0,48689,6,1.0886272296962467,2.822845995426178,0.8857142857142858,True
0,48690,7,5.369575113685066,18.91514229774475,-0.25,True
0,48691,7,16.368031606192066,50.62335515022278,0.8571428571428573,True
0,48693,4,2.664396733513108,6.358924150466919,0.19999999999999998,True
0,48694,9,6.150341433014319,22.90469789505005,0.7333333333333334,True
0,48696,1,0.0,0.0,,False
0,48697,9,7.132476198170131,28.005352020263672,0.6166666666666666,True
0,48698,7,3.657718732198483,10.962623834609985,0.4642857142857144,True
0,48699,9,11.50100595803256,35.27685832977295,0.21666666666666667,True
0,48700,10,6.8216125363567945,24.92655849456787,0.1515151515151515,True
0,48701,8,5.451056431866442,17.001867920160294,-0.261904761904762,True
0,48702,8,6.419133682316519,24.76120889186859,-0.09523809523809526,True
0,48703,8,5.857993387544119,19.303545519709587,0.7142857142857144,True
0,48704,3,6.682108073270206,14.904108047485352,1.0,True
0,48705,10,3.99895008968488,14.91139343380928,0.6484848484848483,True
0,48707,4,5.308475924941398,13.848865866661072,-0.19999999999999998,True
0,48708,7,2.4629122010390176,8.230931758880615,0.42857142857142866,True
0,48709,7,7.912620190156669,25.417554020881653,0.7857142857142859,True
0,48710,10,8.923033781718253,27.94700002670288,0.32121212121212117,True
0,48711,8,6.032099706286371,19.934361934661865,-0.09523809523809526,True
0,48712,10,9.81648681448877,37.60312294960022,0.7212121212121211,True
0,48713,8,3.52863836046728,11.619694948196411,0.4285714285714286,True
0,48714,3,12.092278188688955,28.274066925048828,0.5,True
0,48715,8,5.965721680125845,18.982195496559143,-0.07142857142857144,True
0,48716,10,7.012082122860831,25.788650512695312,0.8545454545454544,True
0,48717,9,4.757684698538129,15.421236276626587,0.5499999999999999,True
0,48718,10,1.903583443524294,6.62738311290741,0.35757575757575755,True
0,48719,10,4.5942555611452995,16.979694604873657,0.5030303030303029,True
0,48720,7,1.553126612396611,4.4771857261657715,0.14285714285714288,True
0,48722,9,5.971284286633052,20.132315158843994,0.15,True
0,48723,7,4.264242983942203,11.267511010169983,-0.21428571428571433,True
0,48724,10,3.5069658955158225,11.036699712276459,0.2727272727272727,True
0,48725,10,6.811433088367028,24.56173539161682,0.5515151515151515,True
0,48726,7,6.947454204586031,18.155365109443665,0.8214285714285715,True
0,48727,10,5.666149213765437,20.680284023284912,0.18787878787878787,True
0,48728,6,7.875055736094696,23.817087531089783,0.6,True
0,48729,10,4.705788923778942,14.044627666473389,0.6,True
0,48731,8,6.0553033176341104,18.83543634414673,-0.11904761904761905,True
0,48732,10,7.051632052708468,23.817320108413696,0.6606060606060605,True
0,48733,9,5.781466183505183,20.405526965856552,-0.049999999999999996,True
0,48734,9,7.251435201126944,25.729113340377808,0.5,True
0,48735,9,11.11770808376296,39.104225158691406,0.2833333333333333,True
0,48736,4,1.7982610442921358,4.485335946083069,0.6000000000000001,True
0,48737,8,3.4940304221958134,11.155797839164734,0.19047619047619052,True
0,48738,9,4.059654573615895,13.64502489566803,0.7666666666666667,True
0,48740,2,5.6622015833854675,11.324403166770935,0.9999999999999999,True
0,48741,10,11.053147544685613,30.27889820933342,0.8787878787878788,True
0,48742,7,8.37951449393581,22.926761984825134,0.6071428571428572,True
0,48743,8,4.473826432915051,15.205415725708008,-0.023809523809523815,True
0,48744,8,4.5968852140606975,15.109228730201721,-0.07142857142857144,True
0,48745,9,12.41292867915048,34.9720778465271,0.2833333333333333,True
0,48747,10,7.770223842411522,28.26591980457306,0.38181818181818183,True
0,48748,9,8.118686620879457,23.00542902946472,0.39999999999999997,True
0,48749,10,3.634879626557637,12.95265817642212,0.49090909090909085,True
0,48750,5,2.3734922503532028,6.062309741973877,0.3,True
0,48751,6,11.33105256525748,28.04180645942688,0.48571428571428577,True
0,48752,8,2.1940247215582964,7.146359890699387,0.6190476190476191,True
0,48753,8,4.526580272059891,14.692047357559204,0.2380952380952381,True
0,48754,10,5.417883025871998,21.05471956729889,0.35757575757575755,True
0,48755,6,4.624947606996626,11.979569911956787,0.3714285714285715,True
0,48756,7,6.212444567454381,16.688298106193542,0.5,True
0,48757,8,5.985740908360124,21.294206619262695,0.30952380952380953,True
0,48758,6,10.109283031242725,23.894954457879066,0.028571428571428574,True
0,48760,6,4.699942218321688,11.887761950492859,0.48571428571428577,True
0,48761,9,7.718467959857855,26.90528392791748,0.43333333333333335,True
0,48762,8,9.664982284059047,31.87459444999695,0.7857142857142858,True
0,48763,9,8.648038291277729,24.739596128463745,0.7166666666666667,True
0,48765,8,9.552939523392967,22.980608135461807,0.0,True
0,48766,6,5.811503687283303,17.060186862945557,0.028571428571428574,True
0,48767,7,2.802269620713769,8.853330612182617,0.10714285714285716,True
0,48768,6,13.106889966650666,32.92703664302826,1.0,True
0,48770,5,5.02401331858318,14.374574065208435,0.8999999999999998,True
0,48771,10,4.003443873772516,11.720972657203674,0.7333333333333332,True
0,48772,7,6.288882099655374,19.802860260009766,0.03571428571428572,True
0,48773,8,6.007107010340001,19.830687999725342,0.7142857142857144,True
0,48774,8,4.213193429373433,12.728233814239502,0.4523809523809524,True
0,48775,8,8.472181295175726,20.935875415802002,0.14285714285714288,True
0,48776,7,9.092143339135887,22.663204431533813,0.5357142857142858,True
0,48777,10,8.397599901310366,25.95420217514038,0.49090909090909085,True
0,48778,8,4.102958515202908,12.940700501203537,-0.14285714285714288,True
0,48779,6,3.4274281710539682,9.631549835205078,-0.48571428571428577,True
0,48780,9,3.5092773421296766,11.873402118682861,-0.03333333333333333,True
0,48781,9,6.066042102591261,18.781803607940674,0.8666666666666667,True
0,48783,9,7.029191619421997,24.64786794781685,0.8833333333333333,True
0,48784,9,3.6272764510616575,10.729263544082642,0.7666666666666667,True
0,48785,4,11.740853644777673,29.295543909072876,0.39999999999999997,True
0,48788,10,4.165662895545078,12.16256332397461,0.5272727272727272,True
0,48789,7,4.55318151474964,12.508430480957031,0.7500000000000002,True
0,48790,6,3.8833182243353117,10.456218719482422,0.2,True
0,48791,9,6.806955282498583,22.792988628149033,0.8166666666666667,True
0,48792,8,6.023633073477188,17.77318811416626,-0.2380952380952381,True
0,48794,10,3.6747354070799902,12.219562411308289,0.3696969696969697,True
0,48795,9,5.077512055192268,19.657224744558334,0.7333333333333334,True
0,48796,10,9.12984460674767,35.616976618766785,0.6242424242424242,True
0,48797,9,7.860281567961794,23.54249083995819,0.43333333333333335,True
0,48798,4,5.954083260294941,14.587071776390076,0.39999999999999997,True
0,48800,7,13.796720416239365,37.421091079711914,0.4642857142857144,True
0,48801,8,9.006851222795746,25.455671310424805,0.2380952380952381,True
0,48802,8,5.113965804384214,16.250975370407104,0.7619047619047621,True
0,48803,8,7.328387718776843,24.41534435749054,0.6666666666666669,True
0,48804,10,5.703275759166443,20.460343599319458,0.7939393939393938,True
0,48805,9,6.289763130989165,19.603124499320984,0.6333333333333333,True
0,48806,9,4.2361467043659555,14.486850023269653,0.6,True
0,48807,6,6.84511071264749,20.322990894317627,0.6,True
0,48808,10,11.27996294011786,34.33107650279999,0.34545454545454546,True
0,48810,8,7.465960835217094,24.708579421043396,0.5476190476190477,True
0,48811,9,6.211352556233129,20.465744256973267,0.26666666666666666,True
0,48812,10,3.9375642488795903,13.862650156021118,0.406060606060606,True
0,48813,8,8.262987874280393,25.83954405784607,0.9047619047619048,True
0,48814,7,6.1695918363888635,20.016717076301575,0.8214285714285715,True
0,48815,10,9.053292678768333,30.828019738197327,0.43030303030303024,True
0,48816,8,4.935665110763614,15.119173049926758,0.2142857142857143,True
0,48817,10,8.771336818009983,27.600280046463013,0.29696969696969694,True
0,48818,2,14.080292403697968,28.160584807395935,0.9999999999999999,True
0,48820,4,3.2200106144462888,8.374109506607056,1.0,True
0,48821,9,7.478605560999535,25.09494423866272,0.06666666666666667,True
0,48822,10,5.543014211422605,18.144474864006042,0.8424242424242423,True
0,48823,10,3.733597434006741,11.56151568889618,0.5878787878787878,True
0,48825,8,4.257468491150739,14.157395482063293,0.4047619047619048,True
0,48826,10,8.543041482290203,22.72922658920288,0.7212121212121211,True
0,48827,3,7.447739660401621,17.52393013238907,0.5,True
0,48828,9,6.489470734982329,23.08061671257019,0.39999999999999997,True
0,48829,8,3.691281299959142,13.716638803482056,0.2142857142857143,True
0,48830,8,8.791397501195856,30.921751260757446,0.8333333333333335,True
0,48831,10,4.287070371657441,15.26323390007019,0.5878787878787878,True
0,48832,8,5.056806382743701,14.202013850212097,0.7380952380952381,True
0,48833,9,4.551367178746737,17.83518761396408,-0.16666666666666669,True
0,48834,8,2.126077165693724,6.179579019546509,0.38095238095238104,True
0,48836,10,8.234713248376687,30.529955506324768,0.6,True
0,48837,2,10.287811279296875,20.57562255859375,0.9999999999999999,True
0,48838,5,7.140135765407188,18.432053089141846,0.44721359549995787,True
0,48839,9,7.782520197594054,24.846196174621582,0.43333333333333335,True
0,48840,10,8.852877445366174,31.792561292648315,-0.406060606060606,True
0,48841,9,2.7342988944896227,8.97999382019043,0.6666666666666667,True
0,48842,9,5.5066410220005535,20.34122323989868,-0.33333333333333337,True
0,48843,6,1.4745599651060048,4.261709690093994,-0.2571428571428572,True
0,48844,8,4.230151283751609,14.995877385139465,0.8571428571428572,True
0,48845,7,7.88463239803151,23.54081067442894,0.1785714285714286,True
0,48846,9,5.704436758341393,19.473532676696777,0.5333333333333333,True
0,48847,3,2.266259110601115,5.3337825536727905,0.5,True
0,48848,10,6.8838806040459755,19.999823212623596,-0.2121212121212121,True
0,48849,9,6.433209569536594,25.292846739292145,0.15,True
0,48850,7,3.6876663260954485,11.172941327095032,0.5357142857142858,True
0,48851,9,9.704508156442108,32.03719115257263,0.18333333333333335,True
0,48852,9,7.297977667092766,26.37398612499237,0.41666666666666663,True
0,48853,10,10.422016366297902,39.74724340438843,0.8181818181818182,True
0,48854,9,7.0886306717804315,24.916707754135132,0.3666666666666667,True
0,48855,8,7.468852604073819,23.048958212137222,0.7380952380952381,True
0,48856,5,11.761619244684688,29.587791442871094,0.49999999999999994,True
0,48858,1,0.0,0.0,,False
0,48859,8,9.902688642174457,30.263838291168213,0.8333333333333335,True
0,48861,10,6.2347549601236265,21.929247677326202,-0.05454545454545454,True
0,48862,9,3.963424784963375,14.479172229766846,0.7666666666666667,True
0,48863,10,7.018089872903914,23.173582077026367,0.3696969696969697,True
0,48864,1,0.0,0.0,,False
0,48865,10,7.087475805392525,24.883365631103516,0.4666666666666666,True
0,48866,10,5.206552797906506,15.778607845306396,-0.06666666666666665,True
0,48867,8,2.419567484632143,8.169769167900085,0.5476190476190477,True
0,48868,9,3.7764561738922393,13.343258708715439,0.16666666666666669,True
0,48870,7,4.078407389821758,11.478357791900635,-0.6071428571428572,True
0,48871,10,5.505781932978829,19.448762893676758,0.7818181818181817,True
0,48872,10,6.036214377082092,22.284687519073486,0.709090909090909,True
0,48873,9,3.8759699968300065,11.717807292938232,0.7,True
0,48874,10,2.458420541476523,8.370100498199463,0.4787878787878787,True
0,48876,9,9.863532704317516,31.923831939697266,0.45,True
0,48877,7,2.7407251626393934,8.021143317222595,0.8928571428571429,True
0,48878,7,1.352170926468151,4.156156063079834,0.0,True
0,48879,9,4.726858304048462,17.76774400472641,0.6,True
0,48881,8,11.355963363942012,29.252357631921768,-0.14285714285714288,True
0,48882,3,7.240996366364319,15.857003808021545,1.0,True
0,48885,8,8.509017353238123,24.138989448547363,0.28571428571428575,True
0,48886,9,6.0496585001742,21.599249243736267,0.3666666666666667,True
0,48887,10,3.4644951350706994,13.109518051147461,-0.13939393939393938,True
0,48888,8,9.471491010474141,31.293097972869873,0.6904761904761906,True
0,48889,8,8.821441691280269,28.000505685806274,0.9047619047619048,True
0,48892,8,8.98767881739695,27.932483434677124,0.6428571428571429,True
0,48894,6,4.493978925384544,13.937303632497787,0.8285714285714287,True
0,48896,8,8.424951852331247,27.41878867149353,0.1666666666666667,True
0,48897,10,7.571266783588328,27.778125926852226,0.6242424242424242,True
0,48898,6,4.39130834936765,12.56840968132019,0.08571428571428573,True
0,48899,10,1.439666674082386,6.031924724578857,-0.13939393939393938,True
0,48900,9,1.4203472503422263,4.146645545959473,0.7333333333333334,True
0,48902,9,6.328551651368978,22.214081645011902,0.21666666666666667,True
0,48903,9,7.244716170507248,25.352012872695923,0.13333333333333333,True
0,48904,10,5.99677424738714,20.891430258750916,0.5878787878787878,True
0,48905,9,7.046649222384056,25.135801315307617,0.7,True
0,48906,8,9.227296902007287,26.50303614139557,0.4285714285714286,True
0,48907,9,8.154229579640429,21.894116163253784,0.65,True
0,48908,10,5.030796893586232,17.613472938537598,0.8666666666666665,True
0,48909,4,1.8706033582322579,4.217642068862915,0.7999999999999999,True
0,48910,7,4.051009238312656,11.800238132476807,0.25,True
0,48915,9,7.1840636467101335,24.1266770362854,0.48333333333333334,True
0,48916,9,8.16784367863388,24.024505138397217,0.6666666666666667,True
0,48917,8,6.060305676010434,22.005887985229492,0.8095238095238096,True
0,48918,8,6.214948736076848,19.65923023223877,0.4761904761904762,True
0,48919,4,13.23793680700233,33.65085759758949,0.7999999999999999,True
0,48920,5,6.367407686531877,16.616273045539856,-0.6,True
0,48921,10,9.844240361200796,32.05279505252838,0.49090909090909085,True
0,48923,10,4.526916711245076,17.74393320083618,0.49090909090909085,True
0,48925,10,8.461439233362029,33.681485414505005,0.8787878787878788,True
0,48926,10,6.351304984306116,20.884907007217407,0.13939393939393938,True
0,48927,10,7.414095426510498,23.955870270729065,0.7818181818181817,True
0,48928,10,6.337833252987302,19.180194854736328,-0.2606060606060606,True
0,48929,8,5.7263300117150155,18.323291540145874,0.9047619047619048,True
0,48930,10,7.8394271826957915,31.197704315185547,0.8060606060606059,True
0,48931,9,9.285009964253133,27.437955856323242,0.5333333333333333,True
0,48932,10,4.3640052050420906,11.935896396636963,0.19999999999999998,True
0,48933,9,4.312299764081884,15.643240213394165,0.35,True
0,48935,10,9.407005352827047,32.082154750823975,0.6242424242424242,True
0,48936,9,7.6543073558893475,28.593262195587158,0.9333333333333332,True
0,48937,10,7.298444109508329,20.32284253835678,0.7818181818181817,True
0,48938,9,6.723240601817643,22.957534790039062,0.43333333333333335,True
0,48939,7,4.57083982243902,14.410865306854248,-0.8928571428571429,True
0,48940,9,4.575307262347914,14.457852602005005,0.8833333333333333,True
0,48941,10,3.5701795240380636,10.538538932800293,0.49090909090909085,True
0,48942,9,5.820835449593579,18.57553207874298,0.5666666666666667,True
0,48943,4,13.36874616355077,37.70380997657776,1.0,True
0,48944,9,8.505896403811986,29.318745136260986,0.7,True
0,48945,9,7.064231604705373,24.5170419216156,0.41666666666666663,True
0,48946,5,5.187813995087466,15.526511669158936,-0.6,True
0,48949,7,10.704281046443908,36.913185596466064,0.3571428571428572,True
0,48950,4,8.923590518276155,24.17758011817932,0.7999999999999999,True
0,48951,7,5.343786566344037,15.729310512542725,-0.10714285714285716,True
0,48952,7,7.559523252853465,24.528610706329346,0.8928571428571429,True
0,48953,8,5.945379103588568,17.267311334609985,0.4523809523809524,True
0,48955,7,11.585694156142461,28.158576011657715,0.28571428571428575,True
0,48956,5,4.887457233621057,12.327045038342476,-0.09999999999999999,True
0,48957,6,7.222155676548351,22.44291925430298,0.942857142857143,True
0,48958,4,13.399572469024983,32.760539054870605,0.19999999999999998,True
0,48959,10,5.152017667335818,17.175047874450684,0.5757575757575757,True
0,48960,8,6.452916801020049,17.620744466781616,0.7619047619047621,True
0,48961,6,9.538531026108684,26.161462783813477,0.942857142857143,True
0,48964,7,8.399550956232183,26.60063099861145,0.642857142857143,True
0,48965,10,7.020459960222168,22.354560136795044,0.4424242424242424,True
0,48967,7,15.618385985083497,41.62204885482788,0.25,True
0,48968,9,5.783433426571328,17.88512659072876,0.016666666666666666,True
0,48969,6,2.994966313254448,8.50765347480774,0.6571428571428573,True
0,48970,8,4.242101942383752,15.902035474777222,0.28571428571428575,True
0,48971,10,4.582229636587977,15.93575644493103,-0.13939393939393938,True
0,48972,7,1.7107290458078095,5.774606466293335,-0.25,True
0,48973,8,5.047922024897559,15.480343222618103,0.261904761904762,True
0,48976,8,5.727857170819283,20.06722402572632,0.5952380952380953,True
0,48977,3,6.960376715652583,16.524007320404053,-0.5,True
0,48978,8,4.199003661825876,16.106280088424683,-0.2142857142857143,True
0,48979,9,8.612252731800556,26.522994607686996,0.049999999999999996,True
0,48980,7,8.43651482012594,27.020596623420715,0.5357142857142858,True
0,48983,10,6.247167108405874,21.549417734146118,0.49090909090909085,True
0,48984,8,5.210413016123246,15.291287899017334,0.3571428571428572,True
0,48986,8,9.244541625173877,25.986490726470947,0.8095238095238096,True
0,48988,10,7.895018126016752,30.517590284347534,0.709090909090909,True
0,48990,10,7.492683253703358,28.19429314136505,0.19999999999999998,True
0,48991,10,5.899313908687591,20.40743136405945,0.01818181818181818,True
0,48993,10,7.869085082045129,27.217485427856445,0.8181818181818182,True
0,48995,8,8.787424602669834,27.884862542152405,0.4285714285714286,True
0,48996,6,2.1105400669323067,6.972799301147461,0.48571428571428577,True
0,48997,8,8.110997401438905,22.47690439224243,0.30952380952380953,True
0,48998,10,5.71610934456638,21.2823224067688,0.9757575757575757,True
0,48999,4,2.8398039337142524,7.8374844789505005,-0.39999999999999997,True
0,49000,7,9.410550104036057,30.115858554840088,0.10714285714285716,True
0,49001,10,3.005551882526857,10.522358059883118,-0.05454545454545454,True
0,49002,8,9.664637702482612,30.562646627426147,0.5714285714285715,True
0,49003,9,4.47219585524687,14.32326889038086,0.16666666666666669,True
0,49004,9,5.527199998389522,20.32423186302185,0.38333333333333336,True
0,49006,6,12.733800871603307,35.786865234375,0.8285714285714287,True
0,49007,9,3.5227847599016586,9.45583200454712,-0.03333333333333333,True
0,49008,8,3.6290785615939645,11.195186018943787,0.8095238095238096,True
0,49009,9,5.414633230858834,15.531459212303162,0.6333333333333333,True
0,49010,10,4.506363368511897,17.123252987861633,0.2121212121212121,True
0,49012,3,13.045436093959424,30.75538682937622,1.0,True
0,49013,9,5.175258415700318,18.64970076084137,0.6166666666666666,True
0,49014,8,4.731809166800389,15.135408878326416,0.5952380952380953,True
0,49015,7,5.915338794726658,17.85185945034027,0.7857142857142859,True
0,49016,7,3.6780309461152494,11.50226965546608,-0.10714285714285716,True
0,49017,6,13.147434990055562,37.08699560165405,0.08571428571428573,True
0,49018,9,4.023628084560243,15.200121283531189,0.8499999999999999,True
0,49019,9,10.991958908690945,37.281206130981445,0.26666666666666666,True
0,49020,10,6.960356993942411,23.532867074012756,0.3939393939393939,True
0,49021,8,4.685445105742387,13.5642499178648,0.19047619047619052,True
0,49022,2,7.541031360626221,15.082062721252441,0.9999999999999999,True
0,49024,10,8.482633642962,30.48792552947998,0.8303030303030302,True
0,49027,8,8.384640349466522,27.657813549041748,0.9047619047619048,True
0,49028,10,3.2368336207000614,11.371958494186401,0.7818181818181817,True
0,49029,8,8.441877647826876,25.695055961608887,0.1666666666666667,True
0,49031,9,5.388351726874502,17.88370704650879,0.8499999999999999,True
0,49032,9,4.4627962424801515,15.917559146881104,-0.13333333333333333,True
0,49033,7,6.117675777701214,22.14654779434204,0.5,True
0,49034,9,5.968511531607804,18.043811082839966,0.8666666666666667,True
0,49035,7,5.905245608355973,16.939744502305984,0.6071428571428572,True
0,49036,7,9.651593320452292,30.258212566375732,0.3571428571428572,True
0,49037,5,9.011111796287729,25.931981325149536,-0.09999999999999999,True
0,49038,3,5.926578335516347,13.387542009353638,1.0,True
0,49039,10,5.7055952467861415,19.51194441318512,0.4424242424242424,True
0,49040,8,8.398453895785172,25.7684063911438,0.6428571428571429,True
0,49041,8,5.89690448704788,17.19331979751587,0.9047619047619048,True
0,49042,3,13.405278797881257,29.220468521118164,1.0,True
0,49044,2,9.649776995182037,19.299553990364075,0.9999999999999999,True
0,49046,8,5.899683464851495,19.55406430363655,0.7380952380952381,True
0,49047,7,6.1505193686550355,21.35194683074951,-0.28571428571428575,True
0,49049,9,9.096781838944402,34.70855247974396,0.6,True
0,49050,8,4.253235870756299,12.599156022071838,0.6904761904761906,True
0,49051,8,10.024234691244096,30.67802119255066,0.023809523809523815,True
0,49052,7,7.644690945886378,21.876902490854263,0.3214285714285715,True
0,49053,8,4.561800068478593,15.358156681060791,0.6190476190476191,True
0,49054,7,8.42492683482535,26.09430193901062,0.5,True
0,49056,10,7.00238654435898,21.493008136749268,0.5393939393939393,True
0,49057,8,5.937635855616016,17.150859132409096,0.3571428571428572,True
0,49059,8,5.8498454129037585,17.815330505371094,0.5714285714285715,True
0,49060,8,10.375853831155277,35.64361071586609,0.4047619047619048,True
0,49061,10,2.5283418397393476,9.110107898712158,-0.35757575757575755,True
0,49062,10,4.018224042576167,13.448758363723755,0.8303030303030302,True
0,49063,9,3.7339303500292114,12.76660966873169,0.13333333333333333,True
0,49064,10,6.687894367157225,22.10083270072937,0.7818181818181817,True
0,49065,7,11.467240584927115,37.06221556663513,0.6071428571428572,True
0,49066,10,7.713701602940749,27.126003742218018,0.309090909090909,True
0,49068,9,5.449084743555933,18.583817958831787,-0.65,True
0,49069,1,0.0,0.0,,False
0,49070,6,7.458248407476886,22.481911569833755,0.7714285714285715,True
0,49071,8,5.7307879668816,15.794938683509827,0.9285714285714287,True
0,49072,7,7.340044751414951,21.260373711586,0.6785714285714287,True
0,49073,9,6.9276686218712,22.553529977798462,0.41666666666666663,True
0,49074,7,6.724584142831275,20.022714972496033,0.8928571428571429,True
0,49076,9,4.984962243612755,14.278612494468689,0.06666666666666667,True
0,49077,9,4.913953960218404,16.113373398780823,0.5666666666666667,True
0,49078,5,4.097676646498484,12.824130535125732,0.0,True
0,49079,10,3.4811487725118364,12.856681674718857,-0.11515151515151514,True
0,49080,9,7.612863847894655,23.59168502688408,0.19999999999999998,True
0,49081,10,5.25155219238976,18.434414386749268,0.6848484848484848,True
0,49083,10,8.191547958611245,27.857487678527832,0.7454545454545454,True
0,49084,8,11.076193878064494,32.06741154193878,0.07142857142857144,True
0,49087,1,0.0,0.0,,False
0,49088,10,4.44090826431834,17.293689846992493,0.5515151515151515,True
0,49089,8,4.649769639011331,13.148544311523438,0.261904761904762,True
0,49090,10,4.309869961764057,14.058701992034912,0.5272727272727272,True
0,49091,10,9.263017240188187,34.167391538619995,0.8545454545454544,True
0,49092,9,3.432042785537578,10.703685760498047,-0.18333333333333335,True
0,49093,6,6.289645276442791,16.86793026328087,0.6,True
0,49095,10,5.8444241322132555,18.93397569656372,0.8545454545454544,True
0,49096,7,6.975337554737549,21.455140113830566,0.9642857142857145,True
0,49097,9,7.175736577220572,24.47241449356079,0.8666666666666667,True
0,49098,8,4.0732297885104405,14.318600177764893,0.38095238095238104,True
0,49099,4,7.978730656063512,19.42729377746582,0.39999999999999997,True
0,49101,10,6.9487307256252295,24.717270970344543,0.18787878787878787,True
0,49102,4,5.398902626778955,14.920362949371338,0.7999999999999999,True
0,49103,7,11.201958051150578,38.060115933418274,1.0,True
0,49104,8,7.78782905918489,25.412850856781006,0.7619047619047621,True
0,49105,9,6.208464959504921,21.96268355846405,0.26666666666666666,True
0,49106,9,4.870716304153106,15.601288318634033,0.45,True
0,49107,9,7.9048152243171215,27.72841453552246,0.19999999999999998,True
0,49108,8,12.300310963280046,37.25952112674713,0.6904761904761906,True
0,49109,10,5.2914535227810555,19.0741468667984,0.4424242424242424,True
0,49110,10,5.783958638283521,20.55608868598938,0.41818181818181815,True
0,49112,7,5.410627609458346,15.778595089912415,0.10714285714285716,True
0,49113,7,3.1686381901315155,9.438395023345947,-0.8571428571428573,True
0,49114,1,0.0,0.0,,False
0,49115,7,4.580441224428148,13.171082615852356,0.8214285714285715,True
0,49116,2,1.0631996989250183,2.1263993978500366,0.9999999999999999,True
0,49117,4,2.801517684548205,7.017366647720337,-0.7999999999999999,True
0,49118,10,5.75307004218129,19.17189621925354,0.4545454545454545,True
0,49120,2,11.930663347244263,23.861326694488525,0.9999999999999999,True
0,49121,10,3.5594063241904217,14.229984760284424,0.5151515151515151,True
0,49122,7,4.821962849201335,13.779552698135376,0.5357142857142858,True
0,49123,10,8.83119069080692,26.11088800430298,0.32121212121212117,True
0,49124,10,4.742074647304095,17.314443349838257,0.6242424242424242,True
0,49125,8,5.705376908618298,19.381926774978638,0.30952380952380953,True
0,49126,10,3.1270469781698673,9.487136006355286,0.11515151515151514,True
0,49127,9,5.876195772522115,20.73428511619568,0.33333333333333337,True
0,49128,8,3.3153984981919473,11.048199892044067,0.5952380952380953,True
0,49132,10,4.05856550133884,15.488710880279541,0.5757575757575757,True
0,49133,10,8.067843528668885,25.54985809326172,0.5636363636363636,True
0,49135,9,2.7809542563620346,7.703436851501465,-0.38333333333333336,True
0,49136,5,3.6732563332998147,8.72656786441803,0.3,True
0,49137,6,3.383101735783216,10.655985355377197,0.3142857142857143,True
0,49138,7,4.902938441265561,15.07975959777832,0.07142857142857144,True
0,49139,10,6.036701868417551,18.998501300811768,0.01818181818181818,True
0,49140,10,5.188499281573093,20.988479614257812,0.7454545454545454,True
0,49141,9,5.529856209291707,16.478986144065857,-0.016666666666666666,True
0,49142,8,7.775816890545707,27.34971809387207,0.7857142857142858,True
0,49143,7,16.501835010330637,44.535921812057495,0.5,True
0,49145,10,8.603589822669688,29.00789785385132,0.8060606060606059,True
0,49146,10,9.820288046373356,36.07232224941254,0.5030303030303029,True
0,49147,7,5.735198482738033,15.855528235435486,-0.1785714285714286,True
0,49148,10,4.982824176147783,17.595232725143433,0.5515151515151515,True
0,49149,7,3.1438705429722065,10.174800157546997,0.39285714285714296,True
0,49150,10,3.2811493925632127,9.396830320358276,0.8909090909090909,True
0,49151,10,10.58243927259354,29.394600749015808,0.4545454545454545,True
0,49152,8,5.134838549269338,17.916109800338745,0.07142857142857144,True
0,49154,4,7.968950643368721,19.832438468933105,0.7999999999999999,True
0,49155,8,6.814304802681073,24.69301462173462,0.6190476190476191,True
0,49156,8,4.028890932210979,13.729867577552795,-0.09523809523809526,True
0,49157,10,3.9763153759240573,13.43714964389801,0.8060606060606059,True
0,49158,9,6.46424286246631,16.455111384391785,0.5833333333333334,True
0,49159,8,5.3105743403207315,15.051774024963379,0.2380952380952381,True
0,49160,9,3.7482017019359817,13.134961128234863,0.5333333333333333,True
0,49161,10,4.012043408955031,13.251238226890564,0.6969696969696969,True
0,49162,7,6.361662802455355,17.22984266281128,-0.7142857142857144,True
0,49163,6,3.9594014464472442,11.04912781715393,0.6571428571428573,True
0,49164,6,9.79439191540613,24.243263959884644,0.6,True
0,49165,9,8.673720264904187,24.65806484222412,-0.13333333333333333,True
0,49166,7,12.253895653534224,33.56842374801636,0.5357142857142858,True
0,49169,9,2.6693338853495714,9.198844283819199,-0.39999999999999997,True
0,49171,8,5.013991035564232,16.63242483139038,0.6428571428571429,True
0,49172,10,10.428141664217534,29.742895364761353,0.7333333333333332,True
0,49174,10,6.700746316105003,23.69697856903076,0.4666666666666666,True
0,49175,7,4.42877985190159,13.412137508392334,-0.14285714285714288,True
0,49176,10,9.085983493622434,27.873724699020386,0.17575757575757575,True
0,49177,7,8.76731421042186,24.24493309855461,0.28571428571428575,True
0,49178,9,5.772079203789849,21.556814193725586,0.11666666666666665,True
0,49181,7,5.390791053397832,17.030097991228104,0.5357142857142858,True
0,49182,10,5.8657556122886465,22.734093189239502,0.6121212121212121,True
0,49183,10,6.901276323654571,22.228416919708252,0.8787878787878788,True
0,49184,10,6.58399880964628,17.790321826934814,-0.04242424242424241,True
0,49185,7,3.613155732483705,11.36454963684082,0.39285714285714296,True
0,49187,7,7.292317966726239,21.259685516357422,0.21428571428571433,True
0,49188,9,9.328827828931596,26.773845672607422,0.6,True
0,49189,3,8.410274280032368,20.450920581817627,1.0,True
0,49190,10,7.7101828649284005,27.74813461303711,0.9515151515151514,True
0,49191,3,2.1232985156599637,5.17847204208374,1.0,True
0,49192,8,5.944534639073877,18.598952531814575,0.023809523809523815,True
0,49193,7,11.601119340486132,35.34346008300781,0.6071428571428572,True
0,49194,9,3.5262901140912466,11.92412531375885,0.16666666666666669,True
0,49196,6,4.2064601533372326,11.754149436950684,0.7142857142857143,True
0,49198,7,5.13855595755276,16.50095283985138,0.3571428571428572,True
0,49199,5,7.742800768171138,19.937530398368835,0.3,True
0,49200,5,7.11557988212095,17.463505268096924,0.9999999999999999,True
0,49201,1,0.0,0.0,,False
0,49203,9,7.280363307554661,23.238534927368164,0.6333333333333333,True
0,49204,8,4.573590252339263,12.30618068575859,-0.14285714285714288,True
0,49205,10,7.923918751037869,18.25794494152069,0.0303030303030303,True
0,49207,10,8.20158367445158,30.72625994682312,0.24848484848484845,True
0,49208,8,8.142205812517414,22.3710897564888,0.28571428571428575,True
0,49209,10,9.529239721610539,27.91852331161499,0.8787878787878788,True
0,49210,10,0.6861325074570014,2.2631283700466156,-0.22424242424242422,True
0,49211,9,7.0173074822798,20.354055643081665,0.31666666666666665,True
0,49212,7,9.554761794189123,29.628089904785156,0.8214285714285715,True
0,49213,4,5.093158152594121,13.228369235992432,0.39999999999999997,True
0,49214,5,5.566117244300835,16.122466564178467,-0.09999999999999999,True
0,49215,10,11.16413906357272,34.55246114730835,0.7212121212121211,True
0,49216,8,3.7945182846847203,12.20663857460022,0.04761904761904763,True
0,49218,7,10.059351981282315,25.375425457954407,-0.5714285714285715,True
0,49220,8,3.08656464272515,11.655572891235352,-0.7142857142857144,True
0,49221,7,1.4233776650059833,3.812255620956421,-0.642857142857143,True
0,49223,8,5.3855590836116995,17.955758690834045,-0.07142857142857144,True
0,49224,8,4.7467930195340395,16.02457359433174,0.7142857142857144,True
0,49225,9,8.164532051544283,23.7972891330719,0.7166666666666667,True
0,49226,7,13.354552402925709,36.712761759757996,0.7857142857142859,True
0,49227,10,2.575851336046407,9.792001247406006,0.12727272727272726,True
0,49229,9,6.01917223394693,17.908188819885254,0.9666666666666667,True
0,49231,8,5.302007004829482,14.712952852249146,0.4761904761904762,True
0,49232,8,8.710011750010983,25.840453386306763,-0.19047619047619052,True
0,49233,9,6.094285518059313,21.46407985687256,0.9333333333333332,True
0,49234,10,3.6929324001360704,10.928457856178284,0.7696969696969697,True
0,49235,9,8.524312691343098,25.196925163269043,0.6166666666666666,True
0,49236,9,8.256453457619282,26.161060214042664,0.11666666666666665,True
0,49237,9,7.686769312223206,24.059795022010803,0.8833333333333333,True
0,49238,9,9.486002046300962,27.959449291229248,0.8166666666666667,True
0,49239,9,9.61505560838296,30.38643503189087,0.5833333333333334,True
0,49242,10,4.6073825170393095,16.77786135673523,0.5515151515151515,True
0,49243,8,6.284195677500596,21.747812747955322,0.523809523809524,True
0,49244,6,10.69188449860762,30.127851247787476,0.6,True
0,49245,10,2.968993678627692,8.773411512374878,0.49090909090909085,True
0,49246,9,7.436312889190771,24.031768918037415,0.8166666666666667,True
0,49247,5,6.296440658759065,16.747586131095886,0.8999999999999998,True
0,49248,7,4.375535767086453,12.634383082389832,0.6785714285714287,True
0,49249,8,6.961524956434946,21.592731833457947,0.4047619047619048,True
0,49250,6,9.014405747629796,25.703534424304962,1.0,True
0,49251,9,8.874592948557074,33.87045478820801,0.9333333333333332,True
0,49252,8,11.670436423631292,39.319560050964355,0.38095238095238104,True
0,49253,10,7.1682403198654505,27.872118711471558,0.7939393939393938,True
0,49254,8,7.457313294309662,23.884829372167587,0.261904761904762,True
0,49256,10,6.301319275122966,21.893627643585205,0.11515151515151514,True
0,49257,6,5.2761655586393,15.077772378921509,0.2,True
0,49258,7,3.5983545681203792,10.450214862823486,0.10714285714285716,True
0,49259,7,6.5009757888847215,19.487035155296326,0.14285714285714288,True
0,49260,10,8.152494860373663,30.849406957626343,0.05454545454545454,True
0,49261,8,5.181203977908023,16.64546537399292,0.4761904761904762,True
0,49262,8,5.7130579882644295,17.321868896484375,0.5952380952380953,True
0,49263,9,10.506397239702792,29.81475055217743,0.3666666666666667,True
0,49264,3,2.3727441171825645,5.743876934051514,1.0,True
0,49265,8,6.505845020337806,23.325886487960815,0.30952380952380953,True
0,49266,9,4.217574664527452,15.523009181022644,0.9666666666666667,True
0,49267,8,11.438365298618379,31.09770941734314,-0.09523809523809526,True
0,49268,8,5.1710049364129675,18.4597190618515,0.19047619047619052,True
0,49269,8,3.9804844573952294,10.66876482963562,0.7857142857142858,True
0,49270,10,2.3711792949382824,9.140198469161987,0.34545454545454546,True
0,49271,7,8.424187927355181,21.98710386455059,0.28571428571428575,True
0,49272,10,5.365039145564993,16.790794610977173,0.5757575757575757,True
0,49273,8,10.866591220291689,34.36262512207031,0.5714285714285715,True
0,49275,7,5.817340555809545,17.827404975891113,0.9285714285714288,True
0,49276,10,9.577044710873176,30.419063091278076,0.709090909090909,True
0,49278,10,5.386269053551203,19.28595757484436,0.23636363636363633,True
0,49280,10,11.63383017882064,39.618985652923584,0.6,True
0,49282,8,3.3390977965155284,11.292745113372803,0.4285714285714286,True
0,49283,9,4.278742774264033,14.508347749710083,0.6333333333333333,True
0,49284,9,6.640035867187381,19.170363187789917,0.6666666666666667,True
0,49285,7,5.077797460656274,16.517854690551758,0.42857142857142866,True
0,49286,9,4.964008030520471,16.24254274368286,0.35,True
0,49287,8,6.899143546256882,21.22221326828003,0.3333333333333334,True
0,49288,9,6.003752176363838,20.402263641357422,0.6666666666666667,True
0,49289,8,8.398961615033397,25.343432903289795,0.28571428571428575,True
0,49290,8,3.5605381367507904,13.447054982185364,0.3333333333333334,True
0,49291,9,9.23748334037071,24.08339822292328,0.8499999999999999,True
0,49292,8,8.169658517372056,24.037620306015015,0.4047619047619048,True
0,49294,9,5.7563150697149155,19.326441764831543,0.9333333333333332,True
0,49295,9,6.719711881157655,22.354664087295532,0.2833333333333333,True
0,49296,9,9.245154465724166,33.63020944595337,0.26666666666666666,True
0,49299,10,9.085552246037773,34.23839473724365,0.41818181818181815,True
0,49300,9,4.90593686369777,15.237339615821838,0.09999999999999999,True
0,49301,8,7.538486121299169,26.910097360610962,-0.5000000000000001,True
0,49302,9,8.249605202177303,26.205710887908936,0.19999999999999998,True
0,49303,9,7.856577913417313,25.930654048919678,0.65,True
0,49304,8,6.356821342519863,18.47275400161743,-0.023809523809523815,True
0,49305,9,9.519308335092461,26.935313940048218,0.7333333333333334,True
0,49306,8,8.439716328601353,29.62559938430786,0.8095238095238096,True
0,49307,10,8.115540525408413,22.50297212600708,0.406060606060606,True
0,49308,10,9.857446910780757,30.216843605041504,0.8424242424242423,True
0,49309,10,8.411965306107366,33.24300789833069,0.5272727272727272,True
0,49310,6,5.345082191055355,16.57721519470215,0.14285714285714288,True
0,49311,10,5.45145861024986,20.953584909439087,0.6727272727272726,True
0,49312,10,4.881658570213941,18.500704646110535,0.4787878787878787,True
0,49313,2,11.409169793128967,22.818339586257935,0.9999999999999999,True
0,49314,8,3.35057971113883,9.51945173740387,0.6904761904761906,True
0,49316,7,3.866591025904483,13.391076564788818,0.8214285714285715,True
0,49317,8,14.731882509345672,41.24413251876831,0.11904761904761905,True
0,49318,10,5.903747661661283,23.762523651123047,0.7333333333333332,True
0,49319,6,5.887163296526555,16.035144060850143,0.7142857142857143,True
0,49321,10,5.296050465798684,17.305517435073853,0.38181818181818183,True
0,49322,10,3.3728985226870725,11.651633739471436,0.709090909090909,True
0,49323,6,6.171175544847361,19.33282822370529,0.3142857142857143,True
0,49325,9,3.3293530468500685,11.170765101909637,-0.5333333333333333,True
0,49326,10,7.85812203962504,24.234281182289124,-0.12727272727272726,True
0,49327,7,9.808375138824818,31.440327525138855,0.5357142857142858,True
0,49328,9,7.351614003256296,24.432927399873734,0.39999999999999997,True
0,49329,10,7.885645916803378,28.299234867095947,0.6484848484848483,True
0,49332,10,6.097358573904569,18.101024985313416,0.8787878787878788,True
0,49333,9,4.996639261289443,14.987279653549194,-0.31666666666666665,True
0,49334,8,4.165896129167722,14.298072338104248,0.28571428571428575,True
0,49336,8,4.5055942435484955,14.094963192939758,0.7857142857142858,True
0,49337,8,10.257498566704475,28.477658867836,0.0,True
0,49338,8,3.7763749653562373,13.127893924713135,0.7857142857142858,True
0,49341,8,4.283471925864733,14.893856287002563,0.4761904761904762,True
0,49342,9,11.37445034406532,38.31532669067383,0.6666666666666667,True
0,49343,6,14.14546280446625,43.26255989074707,0.5428571428571429,True
0,49344,10,4.901100839067467,15.492226362228394,0.7212121212121211,True
0,49345,6,16.108727504406247,43.216108322143555,0.08571428571428573,True
0,49346,10,6.178864228839422,18.06947711110115,0.34545454545454546,True
0,49347,9,5.926986113429164,17.254186153411865,-0.13333333333333333,True
0,49348,9,12.582234895985863,37.87029957771301,0.5833333333333334,True
0,49349,10,5.217958331508662,16.784513473510742,0.16363636363636364,True
0,49351,9,3.0142134266115455,9.739154934883118,0.41666666666666663,True
0,49353,9,6.6767984813769194,19.763350248336792,0.16666666666666669,True
0,49354,10,8.570820663922708,27.75321799516678,0.17575757575757575,True
0,49355,7,5.531225689229708,16.86203396320343,0.6785714285714287,True
0,49356,8,9.38945358999411,32.77938795089722,0.023809523809523815,True
0,49358,9,9.31366634186586,32.168822050094604,0.8333333333333333,True
0,49359,3,0.7416709313829942,1.6905099153518677,0.5,True
0,49360,10,5.767667113432846,19.651230335235596,0.4545454545454545,True
0,49361,8,7.253041338311315,22.982896327972412,-0.14285714285714288,True
0,49362,1,0.0,0.0,,False
0,49363,4,8.23206769951166,20.176053524017334,1.0,True
0,49365,9,10.775275280336022,30.9048353433609,0.8333333333333333,True
0,49367,10,7.249996973100846,26.699669122695923,0.17575757575757575,True
0,49369,8,4.1017213277224664,11.658054023981094,0.19047619047619052,True
0,49370,4,2.088319984718589,5.528323411941528,-0.39999999999999997,True
0,49371,8,5.681835141279575,15.450244426727295,0.4523809523809524,True
0,49372,9,3.627092244344658,9.945755004882812,0.2833333333333333,True
0,49373,10,6.912834554467992,25.822105407714844,0.18787878787878787,True
0,49374,6,7.743297748609913,22.322978258132935,0.6571428571428573,True
0,49375,10,9.779870408534128,33.552011013031006,0.7575757575757575,True
0,49376,1,0.0,0.0,,False
0,49377,7,4.042322058480653,13.384417653083801,0.7500000000000002,True
0,49378,8,9.09448879740922,32.751753091812134,0.9523809523809524,True
0,49379,9,10.725142119444378,39.75729179382324,-0.11666666666666665,True
0,49380,9,8.424815604162001,32.652360916137695,0.9,True
0,49381,5,1.823343628857158,5.668655276298523,0.09999999999999999,True
0,49382,7,7.658713968888134,21.877763748168945,0.6071428571428572,True
0,49383,8,4.083151977360123,14.579880237579346,0.261904761904762,True
0,49384,7,5.141474214097106,11.645827293395996,0.42857142857142866,True
0,49385,7,7.378191660909793,23.907768487930298,-0.14285714285714288,True
0,49387,9,8.059108209642257,21.70396876335144,0.8166666666666667,True
0,49388,6,1.942119824653212,5.524102568626404,0.8285714285714287,True
0,49389,10,6.411705260182376,19.162487268447876,0.33333333333333326,True
0,49390,6,9.746604209426867,31.146687746047974,0.7714285714285715,True
0,49393,6,5.038039064220539,12.45523989200592,0.942857142857143,True
0,49394,9,5.908385982524173,19.23773968219757,0.8166666666666667,True
0,49395,9,7.224918775306724,21.20712113380432,0.7166666666666667,True
0,49397,10,7.578710166087568,27.10458993911743,0.6121212121212121,True
0,49398,9,9.653332857064298,34.676382064819336,0.049999999999999996,True
0,49399,10,4.542212649746146,17.311497688293457,0.6606060606060605,True
0,49400,7,1.7084257984721276,4.33636474609375,0.03571428571428572,True
0,49402,6,7.062702722098845,20.82873034477234,0.3142857142857143,True
0,49403,10,7.382869978443161,25.600128173828125,0.6121212121212121,True
0,49405,10,3.1049975006872783,10.282397627830505,0.4666666666666666,True
0,49406,7,7.092932004909722,18.68320205807686,0.10714285714285716,True
0,49407,10,3.300970447658636,12.142059803009033,0.1515151515151515,True
0,49408,8,7.021985567500829,21.832085847854614,0.023809523809523815,True
0,49409,9,1.5132478013764301,4.010086297988892,0.7166666666666667,True
0,49410,8,4.991108112079815,14.64474880695343,0.8095238095238096,True
0,49412,8,7.01915997243209,23.618529319763184,0.7142857142857144,True
0,49414,10,2.4067021611071917,8.085878849029541,0.406060606060606,True
0,49415,8,6.845016216371733,22.157037258148193,0.4761904761904762,True
0,49416,8,4.817226477853554,15.045555710792542,0.5714285714285715,True
0,49417,10,5.638973710163593,23.198142051696777,0.5636363636363636,True
0,49418,10,4.100714823424671,17.019157648086548,0.4545454545454545,True
0,49419,10,8.203494001470341,24.637521028518677,0.5151515151515151,True
0,49420,7,14.88331904784631,43.65602111816406,0.5357142857142858,True
0,49421,6,8.569344977051369,25.46153974533081,0.6,True
0,49422,9,2.278767847042979,6.509762763977051,0.35,True
0,49423,10,7.513325337799583,26.951003462076187,0.8787878787878788,True
0,49424,10,10.483376077693409,26.86996078491211,-0.10303030303030303,True
0,49425,9,9.182841761659787,25.7826406955719,0.049999999999999996,True
0,49426,8,3.0144460146251646,8.444918394088745,-0.04761904761904763,True
0,49427,9,3.4359409924726734,12.768354684114456,0.15,True
0,49429,2,5.5086328983306885,11.017265796661377,0.9999999999999999,True
0,49430,9,8.798047357550212,26.9856960773468,0.7333333333333334,True
0,49431,9,7.319308218537257,25.35631799697876,0.6833333333333333,True
0,49433,10,10.442709421930616,30.044705152511597,0.6727272727272726,True
0,49434,9,3.5679253573339955,11.774738311767578,0.41666666666666663,True
0,49435,5,10.54314672858548,27.509555101394653,0.6,True
0,49436,9,7.226871192453343,20.762129187583923,-0.18333333333333335,True
0,49437,7,2.2200194427437294,6.885606169700623,0.1785714285714286,True
0,49438,9,5.358190169397724,16.909727096557617,0.41666666666666663,True
0,49439,9,2.4890194532710104,7.497513651847839,0.38333333333333336,True
0,49440,5,16.402005157100188,47.47879409790039,0.7,True
0,49443,10,4.298337621604314,13.096296787261963,0.23636363636363633,True
0,49444,10,3.6668698184610187,15.125272274017334,0.07878787878787878,True
0,49445,9,8.148391621050013,30.725999146699905,0.7333333333333334,True
0,49446,4,7.030780543535699,17.57722806930542,0.7999999999999999,True
0,49447,10,8.397428644848704,30.234477519989014,0.7333333333333332,True
0,49448,10,7.292172781609119,26.212748050689697,0.5757575757575757,True
0,49449,8,10.48006916376677,27.88873600959778,0.6428571428571429,True
0,49450,8,6.825516070870552,18.54722547531128,0.5714285714285715,True
0,49451,8,8.431114773945456,21.066067218780518,-0.07142857142857144,True
0,49452,8,12.91694255312116,35.183611273765564,0.6666666666666669,True
0,49453,8,3.4857274972176056,10.858468532562256,0.4285714285714286,True
0,49455,9,3.0200428975119578,10.610569477081299,0.21666666666666667,True
0,49456,1,0.0,0.0,,False
0,49457,6,9.756880220144698,28.44687271118164,-0.14285714285714288,True
0,49458,9,9.384506733397663,35.65876579284668,0.2833333333333333,True
0,49459,10,2.4001151041185937,8.534647941589355,0.22424242424242422,True
0,49460,1,0.0,0.0,,False
0,49461,10,4.170674924221724,14.380987644195557,0.38181818181818183,True
0,49462,9,7.970467101162395,24.275650680065155,0.5166666666666667,True
0,49464,9,5.3289788669451825,16.867388486862183,0.6333333333333333,True
0,49465,7,7.555231000323602,18.423556476831436,-0.6785714285714287,True
0,49466,9,1.1916230186639203,3.8745189011096954,0.48333333333333334,True
0,49468,10,9.487548083481483,32.138360023498535,0.5030303030303029,True
0,49469,9,3.6150732288140266,12.21031141281128,0.25,True
0,49470,8,5.849657513212474,21.445173740386963,0.6904761904761906,True
0,49471,8,8.11153619748833,26.264178037643433,0.8333333333333335,True
0,49472,6,4.149403998746091,10.15411114692688,0.942857142857143,True
0,49473,9,5.243620486000297,20.202051639556885,0.7833333333333333,True
0,49474,8,4.340471791575728,15.062923908233643,0.19047619047619052,True
0,49475,7,3.5843207592063333,11.749469518661499,-0.10714285714285716,True
0,49476,10,3.9082645338646445,12.78411316871643,-0.10303030303030303,True
0,49477,9,2.258909965099833,8.123288989067078,-0.21666666666666667,True
0,49478,9,7.781478682312968,28.994303464889526,0.6,True
0,49480,8,8.421182402461776,26.927344799041748,0.523809523809524,True
0,49481,8,4.774629833032631,14.425238251686096,0.7857142857142858,True
0,49482,10,2.597877280419392,8.838404536247253,0.2606060606060606,True
0,49484,10,2.3239767586123543,6.962065815925598,0.35757575757575755,True
0,49487,10,5.467975186233939,18.236182689666748,0.3939393939393939,True
0,49488,9,5.500862484019564,18.23744535446167,0.5,True
0,49489,3,3.7290115411816704,9.133748054504395,0.5,True
0,49490,6,3.1692230040480607,8.39738416671753,0.14285714285714288,True
0,49491,8,2.8220295254411307,8.198751449584961,0.7380952380952381,True
0,49492,9,5.910280976600161,20.23854947090149,0.75,True
0,49494,10,6.418459979504273,22.232895851135254,0.43030303030303024,True
0,49495,3,9.425719838041784,20.351107120513916,1.0,True
0,49496,5,7.081579936453503,19.65280318260193,0.19999999999999998,True
0,49497,7,4.6139751855591085,13.157410383224487,0.7142857142857144,True
0,49498,7,4.495720746124651,13.63474702835083,0.7500000000000002,True
0,49499,8,5.725797679313017,20.63816201686859,0.28571428571428575,True
0,49500,9,7.620600049257092,26.464844942092896,0.45,True
0,49501,9,7.901335700735107,23.1496444940567,0.65,True
0,49502,10,8.737481439436237,30.880915641784668,0.01818181818181818,True
0,49504,8,1.1335654770389922,3.2926671504974365,-0.1666666666666667,True
0,49505,7,8.246912523837395,22.157114267349243,0.4642857142857144,True
0,49506,5,2.8047711298091103,8.382831454277039,0.19999999999999998,True
0,49507,10,4.726376689210412,16.56155514717102,0.16363636363636364,True
0,49508,10,13.529110851485987,42.08588981628418,0.6848484848484848,True
0,49510,3,10.41126744283094,23.808404088020325,1.0,True
0,49511,8,8.034657111183503,28.919020652770996,0.7619047619047621,True
0,49512,7,4.052612563934949,12.119033977389336,0.3571428571428572,True
0,49513,7,7.315771095727992,21.776716709136963,0.28571428571428575,True
0,49516,9,11.44349039855719,33.12566137313843,0.21666666666666667,True
0,49518,2,8.261061131954193,16.522122263908386,0.9999999999999999,True
0,49519,8,7.302521156878009,23.567084550857544,-0.19047619047619052,True
0,49520,9,3.4043247616756895,9.686702013015747,-0.03333333333333333,True
0,49521,9,9.272588014644374,30.030110359191895,0.5666666666666667,True
0,49523,6,9.17324823385577,28.172058135271072,0.48571428571428577,True
0,49524,10,8.618195338152159,35.95227289199829,0.32121212121212117,True
0,49526,8,3.9958824187442867,14.08511233329773,0.2380952380952381,True
0,49527,9,2.2803095882865407,6.697856664657593,0.18333333333333335,True
0,49528,8,5.526663962131859,18.14248099923134,-0.04761904761904763,True
0,49530,6,3.3866654655023996,11.037115573883057,0.6,True
0,49531,9,5.449355152656993,17.48042356967926,0.8333333333333333,True
0,49532,8,5.57600374463058,15.10004472732544,0.3571428571428572,True
0,49533,2,0.2833380699157715,0.566676139831543,-0.9999999999999999,True
0,49535,8,5.812193013728475,18.180037796497345,0.5714285714285715,True
0,49536,10,5.812508872706096,21.306060314178467,0.5272727272727272,True
0,49537,8,11.711136244669968,33.70336842536926,0.07142857142857144,True
0,49538,10,8.979759103322078,33.022302865982056,0.5878787878787878,True
0,49539,10,3.2638004888922456,12.050819158554077,0.32121212121212117,True
0,49540,9,7.551597428426036,25.46458077430725,0.8499999999999999,True
0,49541,8,6.424819304237418,22.608534336090088,0.9047619047619048,True
0,49542,7,2.5838776540268373,8.627472877502441,0.1785714285714286,True
0,49543,8,5.4693881451271835,18.983505725860596,0.19047619047619052,True
0,49544,8,4.960461689644921,17.804573476314545,0.8571428571428572,True
0,49546,1,0.0,0.0,,False
0,49548,10,4.774683683680915,15.764272212982178,-0.07878787878787878,True
0,49549,8,8.252019086908279,26.406834483146667,0.8095238095238096,True
0,49550,4,4.851426561285104,13.154451370239258,-0.19999999999999998,True
0,49551,8,8.889009402557445,29.96436357498169,0.3333333333333334,True
0,49553,10,4.426532438605781,14.361742734909058,0.09090909090909088,True
0,49554,10,4.583952212729751,14.907933235168457,0.5272727272727272,True
0,49555,7,3.426102758145349,11.160550951957703,0.8214285714285715,True
0,49556,10,7.087948644288918,24.367458820343018,0.4666666666666666,True
0,49557,7,6.1630662987396185,18.85535991191864,-0.6785714285714287,True
0,49558,8,6.836043651144319,22.786898016929626,0.2380952380952381,True
0,49559,8,4.317479392031307,13.843720316886902,0.261904761904762,True
0,49560,7,7.369341762379175,25.11118745803833,0.5357142857142858,True
0,49561,9,6.843455003189066,24.015370845794678,0.26666666666666666,True
0,49562,10,4.757117465960778,14.046734482049942,0.2727272727272727,True
0,49563,9,4.720955095030708,16.439061403274536,0.21666666666666667,True
0,49565,10,10.327704040218567,35.10485553741455,0.43030303030303024,True
0,49566,7,5.8521814100608625,20.144811809062958,0.8928571428571429,True
0,49567,10,9.776334386949516,29.600233554840088,0.7333333333333332,True
0,49568,10,3.1960854186905023,9.416369676589966,0.5272727272727272,True
0,49569,9,4.545106243240323,16.45472013950348,0.6833333333333333,True
0,49572,9,3.607042782561283,10.948595523834229,0.3666666666666667,True
0,49573,8,5.990828691231088,17.443639993667603,-0.38095238095238104,True
0,49574,7,2.823120546234319,8.762885093688965,-0.14285714285714288,True
0,49575,7,5.420254073422215,15.631731748580933,0.3571428571428572,True
0,49576,8,9.681092095617988,24.471484661102295,0.8095238095238096,True
0,49577,6,11.017618416548775,30.90191161632538,0.7142857142857143,True
0,49578,5,9.111676787623663,24.510406494140625,0.7,True
0,49579,10,5.952150606038443,22.224066734313965,0.4424242424242424,True
0,49580,10,3.8305761211923035,13.587161898612976,0.32121212121212117,True
0,49581,3,4.545896852684826,10.546151161193848,0.5,True
0,49582,9,7.762212573656468,25.618700981140137,0.5166666666666667,True
0,49584,10,6.444451420843998,25.582518577575684,0.6121212121212121,True
0,49585,9,8.094789233456885,21.986376523971558,0.049999999999999996,True
0,49586,10,5.061242237811577,16.544216632843018,0.11515151515151514,True
0,49588,9,15.677017202851612,48.42172384262085,0.6666666666666667,True
0,49589,10,3.791349779366424,14.567657470703125,0.7212121212121211,True
0,49591,7,4.887666156905455,14.229667663574219,0.14285714285714288,True
0,49592,10,4.596849597056887,15.55703091621399,0.6242424242424242,True
0,49593,8,2.468760363062999,8.068587064743042,0.6904761904761906,True
0,49594,4,11.3153085540521,27.640660762786865,0.39999999999999997,True
0,49596,10,7.141234881971937,25.079212546348572,0.17575757575757575,True
0,49597,10,5.724141834884046,20.818056106567383,0.4666666666666666,True
0,49598,10,4.491869044171373,12.11548137664795,0.41818181818181815,True
0,49599,7,3.047104860161553,9.564036846160889,0.5357142857142858,True
0,49600,8,10.2167819535381,28.63777184486389,0.6666666666666669,True
0,49601,8,8.738074618304214,26.328803539276123,0.4047619047619048,True
0,49603,9,6.413465447694209,18.130444765090942,0.8833333333333333,True
0,49604,8,5.770070609761693,19.92540216445923,0.4761904761904762,True
0,49605,10,5.074921875083017,18.247607707977295,0.4424242424242424,True
0,49606,4,2.6525455565772402,6.859848856925964,0.7999999999999999,True
0,49607,9,3.1296995767153253,9.588806688785553,0.7666666666666667,True
0,49608,10,9.620084399042488,34.56544518470764,0.22424242424242422,True
0,49609,4,8.881015138932781,22.95832622051239,1.0,True
0,49612,8,7.717143433744007,23.590784549713135,0.1666666666666667,True
0,49616,8,5.1070534893583375,17.687010765075684,0.09523809523809526,True
0,49618,10,6.359256852059991,25.98031711578369,0.7575757575757575,True
0,49619,8,8.919917713331325,23.020385056734085,0.5952380952380953,True
0,49620,4,11.41064347896805,29.820481300354004,0.39999999999999997,True
0,49621,7,8.697790198355197,24.07343363761902,0.0,True
0,49622,9,8.052362828277847,26.911377429962158,0.5333333333333333,True
0,49624,1,0.0,0.0,,False
0,49625,9,4.871398047529496,17.190054059028625,0.5499999999999999,True
0,49627,5,2.661224309090853,6.131391406059265,-0.19999999999999998,True
0,49629,10,4.815970846172489,15.535436272621155,0.4424242424242424,True
0,49631,8,7.043822773234001,18.582798957824707,0.4523809523809524,True
0,49632,9,4.871978449015786,17.640815019607544,0.45,True
0,49633,7,10.306833662657896,30.058661580085754,0.7500000000000002,True
0,49634,10,8.975906161590274,23.719402551651,0.5878787878787878,True
0,49635,7,8.047380977777824,22.275317192077637,0.7500000000000002,True
0,49636,4,6.279900498589542,16.209280490875244,0.7999999999999999,True
0,49637,10,5.27679994916638,18.835441827774048,-0.24848484848484845,True
0,49639,8,2.2733431658296346,6.531524658203125,0.38095238095238104,True
0,49640,10,4.197462562773125,12.03347110748291,-0.06666666666666665,True
0,49641,6,7.597051090257762,21.025720566511154,0.7714285714285715,True
0,49644,10,8.43599936207075,28.683675289154053,0.34545454545454546,True
0,49645,10,2.983026548770938,8.328130722045898,0.5878787878787878,True
0,49646,9,6.390488779657866,22.84734982252121,0.6,True
0,49647,6,10.595988778510327,29.52308487892151,0.6571428571428573,True
0,49648,7,7.2675720593040785,23.18082892894745,0.7142857142857144,True
0,49649,10,6.285521826608191,20.89857268333435,0.33333333333333326,True
0,49650,9,9.828217573009749,33.77021861076355,0.9333333333333332,True
0,49651,3,4.440136700404727,9.759920120239258,-1.0,True
0,49652,6,7.128179778756321,20.15008795261383,0.8285714285714287,True
0,49653,8,8.104709279674218,24.06015384197235,0.4761904761904762,True
0,49654,10,6.4549855580039734,21.240375518798828,0.34545454545454546,True
0,49655,6,2.5707587644181706,8.037146419286728,0.2,True
0,49656,10,10.528218586075432,35.604483246803284,0.4545454545454545,True
0,49657,9,4.7480032893977056,16.437570214271545,0.2333333333333333,True
0,49658,7,6.613784632933367,20.218562364578247,0.5714285714285715,True
0,49659,1,0.0,0.0,,False
0,49660,10,6.761782153225514,29.128948211669922,0.5878787878787878,True
0,49662,9,6.660216953873098,19.69082260131836,0.4666666666666666,True
0,49663,5,6.861516494457358,19.196860790252686,0.7,True
0,49665,10,7.609266967515088,28.550339221954346,0.7575757575757575,True
0,49667,5,5.090975216839578,15.695570290088654,0.19999999999999998,True
0,49669,8,5.598811426132138,17.949198722839355,0.3571428571428572,True
0,49670,8,3.6202106425086216,11.286595582962036,0.9047619047619048,True
0,49671,10,11.01944608066563,34.32757616043091,0.9393939393939393,True
0,49673,10,3.976659140627335,14.622044086456299,0.19999999999999998,True
0,49674,6,4.41513038258271,12.440778732299805,0.48571428571428577,True
0,49675,10,6.400309023757867,23.450918912887573,0.709090909090909,True
0,49676,5,6.105113348109636,18.502690315246582,0.9999999999999999,True
0,49677,6,7.5711500113394425,23.879018783569336,0.942857142857143,True
0,49678,9,11.295688364649385,35.768744468688965,-0.13333333333333333,True
0,49680,10,2.7498303128803894,8.229799628257751,0.2606060606060606,True
0,49681,9,8.297115530972873,25.624749660491943,-0.2833333333333333,True
0,49683,1,0.0,0.0,,False
0,49684,7,3.985834785751889,10.432595372200012,0.42857142857142866,True
0,49685,6,7.365285799608196,20.317858695983887,0.6,True
0,49686,8,8.27388875193947,27.33669662475586,0.4761904761904762,True
0,49687,7,13.42181456278249,42.01628637313843,0.7142857142857144,True
0,49688,2,0.7685186862945557,1.5370373725891113,-0.9999999999999999,True
0,49689,9,8.12813073220007,23.7313414812088,0.5,True
0,49690,9,11.295250411861918,36.74999916553497,-0.5333333333333333,True
0,49691,9,7.977415738314229,28.084604263305664,0.7333333333333334,True
0,49692,9,9.796785954153908,32.67169141769409,0.09999999999999999,True
0,49693,10,2.8876238765712485,10.023484706878662,-0.16363636363636364,True
0,49694,9,7.869586018379514,19.855004996061325,0.6833333333333333,True
0,49695,8,2.186440610339663,7.150751322507858,0.523809523809524,True
0,49696,2,0.6647946983575821,1.3295893967151642,0.9999999999999999,True
0,49697,10,8.185654132805922,29.310341835021973,0.17575757575757575,True
0,49698,9,5.645218017557249,19.08269691467285,0.2833333333333333,True
0,49699,9,3.4056788000428315,11.492894649505615,0.18333333333333335,True
0,49700,8,5.783610468218513,14.998770117759705,0.7142857142857144,True
0,49701,10,5.554825950354307,20.116835355758667,0.6848484848484848,True
0,49702,7,5.655737057111744,18.91032350063324,0.5,True
0,49703,10,7.297289711936629,27.14537763595581,0.8424242424242423,True
0,49704,7,10.078427258651145,31.982308566570282,0.7142857142857144,True
0,49705,9,5.6257502024876205,16.515814900398254,0.16666666666666669,True
0,49706,8,9.7703174928555,36.29188346862793,0.5714285714285715,True
0,49707,8,10.787963304726382,36.18241763114929,0.7380952380952381,True
0,49708,8,7.664488488895401,28.73423194885254,0.3571428571428572,True
0,49710,10,3.5886464542526544,14.164710760116577,0.06666666666666665,True
0,49711,3,6.460912585873783,13.859139919281006,1.0,True
0,49712,9,11.222134239256565,33.44837248325348,0.6333333333333333,True
0,49713,8,17.90037547315209,46.52473068237305,0.5714285714285715,True
0,49714,7,5.601529089770195,14.305524706840515,0.28571428571428575,True
0,49715,9,2.629389414180671,8.596525073051453,0.6666666666666667,True
0,49716,4,3.009410800288761,7.24628210067749,-0.39999999999999997,True
0,49717,9,6.302268928542797,24.41935443878174,0.5333333333333333,True
0,49718,7,9.353768331871077,31.3488130569458,0.4642857142857144,True
0,49719,9,7.747018306726496,22.809470057487488,0.7166666666666667,True
0,49721,9,3.785685426681335,12.92783808708191,0.5166666666666667,True
0,49722,10,4.546325440071754,15.476113080978394,0.5393939393939393,True
0,49723,9,2.8267847276867983,9.248135089874268,0.7333333333333334,True
0,49724,8,7.676625716718608,25.567432403564453,0.11904761904761905,True
0,49725,10,7.428118673905162,23.982216358184814,0.06666666666666665,True
0,49726,7,4.027110247880982,11.287489086389542,0.3214285714285715,True
0,49727,9,5.467006133062702,18.965250998735428,0.6166666666666666,True
0,49730,10,2.7013613554152074,9.479021549224854,0.6848484848484848,True
0,49731,10,7.856941407259721,22.494579553604126,0.6969696969696969,True
0,49732,1,0.0,0.0,,False
0,49733,10,4.9168405684080465,16.512004375457764,0.6969696969696969,True
0,49734,7,11.042950403982458,34.24541091918945,0.7142857142857144,True
0,49735,9,7.851761055151877,28.546048164367676,0.8166666666666667,True
0,49737,8,7.776729827397245,22.784552812576294,0.07142857142857144,True
0,49738,8,11.261531226709362,35.43185830116272,0.6190476190476191,True
0,49739,8,2.6192992232217023,9.736830949783325,0.6428571428571429,True
0,49740,7,4.708780760970436,11.702491283416748,-0.1785714285714286,True
0,49742,9,7.7280263590489024,22.815236449241638,0.5666666666666667,True
0,49743,10,3.789578077738604,13.26959753036499,0.10303030303030303,True
0,49744,7,5.267228299094723,14.693570494651794,0.642857142857143,True
0,49746,7,7.341855666439604,20.398223161697388,0.3214285714285715,True
0,49747,10,3.5087780064807554,11.778998851776123,-0.41818181818181815,True
0,49748,1,0.0,0.0,,False
0,49749,7,3.8731125379008478,13.11124762892723,0.25,True
0,49750,7,5.822318119601401,17.19547748565674,0.3571428571428572,True
0,49751,6,8.001403592441198,22.590781569480896,0.6,True
0,49752,7,3.418288556725221,9.352819561958313,0.14285714285714288,True
0,49753,7,5.453921814097321,16.891144037246704,0.5357142857142858,True
0,49754,8,8.52701133498623,28.412638187408447,0.7380952380952381,True
0,49756,10,8.425924896207404,29.41364896297455,0.12727272727272726,True
0,49757,10,4.327768221104773,12.28303861618042,0.0303030303030303,True
0,49758,7,8.139153844744643,23.350176572799683,0.21428571428571433,True
0,49759,8,8.448151563254171,28.312703609466553,0.07142857142857144,True
0,49760,2,12.084889888763428,24.169779777526855,0.9999999999999999,True
0,49761,10,5.591835208060245,19.464773893356323,0.709090909090909,True
0,49762,10,7.621219015703661,29.916222095489502,0.6727272727272726,True
0,49763,8,11.172629262916788,33.55847978591919,-0.3333333333333334,True
0,49765,10,3.5059893978998877,12.014745235443115,0.24848484848484845,True
0,49766,8,8.382656149816839,27.95331645011902,0.7619047619047621,True
0,49768,4,7.910544271192554,21.339510440826416,0.7999999999999999,True
0,49769,8,5.405646817499802,17.996183156967163,0.7142857142857144,True
0,49770,7,2.7754750865971562,7.4475250244140625,0.03571428571428572,True
0,49772,7,6.061994682908583,20.447261810302734,0.3571428571428572,True
0,49775,6,3.4474220945510363,9.68012648820877,0.2571428571428572,True
0,49777,6,6.8407396096463415,20.512001514434814,0.942857142857143,True
0,49778,10,5.829936467587857,22.10306477546692,0.309090909090909,True
0,49779,8,4.586234236539101,13.808548092842102,0.6666666666666669,True
0,49780,9,5.376891346884747,16.23308753967285,-0.25,True
0,49781,6,5.2525431268973835,15.605053037405014,0.8285714285714287,True
0,49782,8,9.595722763206847,27.45552396774292,0.7619047619047621,True
0,49783,8,7.684837104746278,24.627175092697144,0.6190476190476191,True
0,49784,10,5.174355526374793,19.173826456069946,0.9030303030303028,True
0,49785,6,8.274440471203185,25.53226375579834,0.8857142857142858,True
0,49786,10,4.27375324351982,16.941839337348938,0.6363636363636362,True
0,49787,7,11.143524059379393,28.57049611210823,0.7500000000000002,True
0,49788,10,5.117553992164136,20.72391939163208,0.49090909090909085,True
0,49790,7,6.122838868639642,16.3602557182312,0.7500000000000002,True
0,49791,3,6.332713213327627,14.080204486846924,1.0,True
0,49792,10,9.32079825370337,36.19800138473511,0.34545454545454546,True
0,49793,7,5.5142476534450084,19.08291983604431,0.42857142857142866,True
0,49796,10,8.837577852851476,27.069066286087036,0.7575757575757575,True
0,49798,10,3.309074290205996,11.448261499404907,-0.38181818181818183,True
0,49801,10,3.4779477793573887,14.096477270126343,0.38181818181818183,True
0,49802,10,4.57897607092119,14.759467124938965,0.8181818181818182,True
0,49803,10,3.87044564584331,11.830119609832764,0.7696969696969697,True
0,49804,10,8.419018886094769,30.77920627593994,0.38181818181818183,True
0,49805,8,5.557282799521634,18.191723972558975,0.5476190476190477,True
0,49807,5,7.2439585720888555,19.154597997665405,0.6,True
0,49808,6,7.8812556273804075,22.633297085762024,0.3142857142857143,True
0,49810,10,8.740417644418013,25.27352738380432,0.06666666666666665,True
0,49811,5,6.807359099737042,20.640365839004517,0.8999999999999998,True
0,49812,10,7.772623533035993,26.8848614692688,0.8303030303030302,True
0,49813,8,4.812052109381864,12.548655390739441,0.880952380952381,True
0,49815,5,5.0438702293762505,12.76147973537445,0.3,True
0,49816,4,4.7997915672309714,12.56868600845337,1.0,True
0,49817,8,7.140387486741022,18.16608214378357,0.09523809523809526,True
0,49818,10,5.200400174393902,17.409502267837524,0.3939393939393939,True
0,49819,10,6.947825686404808,25.821194291114807,0.4787878787878787,True
0,49820,8,1.1177389371373452,4.153092607855797,0.6666666666666669,True
0,49821,7,3.9607664617220704,11.952376008033752,-0.10714285714285716,True
0,49822,5,8.101447221722868,22.064632266759872,0.49999999999999994,True
0,49825,9,9.60141148473235,31.841904163360596,0.7666666666666667,True
0,49826,8,7.299519008024905,22.166052103042603,0.14285714285714288,True
0,49827,6,4.334617950867109,12.95851480960846,0.48571428571428577,True
0,49828,8,9.346956666351302,23.461143225431442,0.14285714285714288,True
0,49831,6,14.655357899688251,32.89553165435791,0.48571428571428577,True
0,49833,8,10.070059589203417,27.813623189926147,0.4285714285714286,True
0,49834,10,9.574002856603126,32.38515520095825,0.41818181818181815,True
0,49835,10,7.9444186023608685,22.204067587852478,0.5272727272727272,True
0,49837,10,8.865293274180166,33.48270773887634,0.6,True
0,49838,10,6.0962213364614195,21.87553381919861,0.3696969696969697,True
0,49839,8,3.9130979331913687,12.911314487457275,0.523809523809524,True
0,49841,9,3.092091333491898,11.627730369567871,0.65,True
0,49842,6,7.4649479445157825,22.008979320526123,0.8857142857142858,True
0,49844,8,11.438759048187737,32.99297785758972,0.261904761904762,True
0,49845,6,4.31642831809996,12.831502437591553,0.028571428571428574,True
0,49846,8,7.287021799746191,23.2432541847229,0.28571428571428575,True
0,49847,8,9.404224313053454,29.932329177856445,-0.1666666666666667,True
0,49848,7,7.677413394119408,24.18159794807434,0.7857142857142859,True
0,49849,7,3.864005438053504,12.146240949630737,0.7857142857142859,True
0,49850,9,5.673525190878857,18.041532516479492,0.06666666666666667,True
0,49851,10,4.416404938055961,14.924777269363403,0.5272727272727272,True
0,49853,10,1.9163105853708045,6.912893712520599,0.006060606060606061,True
0,49854,7,6.266486163409255,19.575645446777344,0.28571428571428575,True
0,49855,6,5.8670030673617015,16.83714723587036,0.7142857142857143,True
0,49856,9,3.8248799877289197,12.652195245027542,0.48333333333333334,True
0,49857,10,2.865054975241262,10.099549531936646,-0.0303030303030303,True
0,49858,9,8.184922840698102,21.4708514213562,0.6833333333333333,True
0,49859,10,6.164929811526392,22.908831477165222,0.4424242424242424,True
0,49861,10,6.125040400670164,18.452975749969482,0.8424242424242423,True
0,49863,9,7.895200267045665,28.085814476013184,0.6333333333333333,True
0,49864,8,6.912969485649088,18.858819484710693,0.5000000000000001,True
0,49865,6,6.637556527021582,19.114794492721558,0.028571428571428574,True
0,49866,9,2.180833923415185,6.95950722694397,-0.43333333333333335,True
0,49867,8,1.8211248098337016,6.181448936462402,0.5714285714285715,True
0,49869,10,4.526990589880479,14.224760174751282,0.6,True
0,49870,6,5.633759146911017,16.423332691192627,0.942857142857143,True
0,49871,5,9.705518449494427,22.134178161621094,-0.09999999999999999,True
0,49872,10,3.43389133068918,10.686400294303894,0.6484848484848483,True
0,49873,7,2.507520937431757,8.516846060752869,0.6785714285714287,True
0,49874,6,7.011072069815612,22.260507583618164,0.2571428571428572,True
0,49875,10,3.3453078353375614,10.507692575454712,0.33333333333333326,True
0,49876,3,1.547516603782299,3.5751233100891113,-0.5,True
0,49877,8,6.446893214062443,22.13965129852295,0.5476190476190477,True
0,49878,3,6.752099075962563,16.443325757980347,1.0,True
0,49879,9,5.206821564337302,14.516886115074158,0.5499999999999999,True
0,49880,9,4.501913843319579,15.671144008636475,0.7833333333333333,True
0,49881,8,3.3651027436435696,11.512538343667984,0.880952380952381,True
0,49884,10,9.049215418343213,28.158275365829468,0.5030303030303029,True
0,49887,9,2.136519676362361,6.653663396835327,-0.16666666666666669,True
0,49889,7,5.950916594613323,21.379462599754333,0.5,True
0,49890,8,6.675773162841425,21.32157874107361,0.5714285714285715,True
0,49891,10,4.578942856327934,14.445231556892395,0.7696969696969697,True
0,49893,10,4.427920864428828,14.17282235622406,0.7333333333333332,True
0,49894,10,5.783349311933116,22.73956835269928,0.6484848484848483,True
0,49896,2,7.851050853729248,15.702101707458496,0.9999999999999999,True
0,49898,6,3.3948703472344453,11.350062400102615,0.028571428571428574,True
0,49903,10,6.749506296402336,26.743444323539734,0.19999999999999998,True
0,49904,10,9.693832473472225,30.13030695915222,-0.2727272727272727,True
0,49906,10,8.312375434761687,21.777931690216064,0.28484848484848485,True
0,49907,10,7.036011415948806,24.464646100997925,0.9030303030303028,True
0,49908,8,6.487227065481699,18.286932706832886,0.6428571428571429,True
0,49909,7,4.893886774392694,14.949663192033768,0.7142857142857144,True
0,49910,6,3.2847878573258282,10.422966957092285,-0.08571428571428573,True
0,49911,6,2.6111311199190186,7.631117224693298,0.48571428571428577,True
0,49912,8,5.406414463739774,19.360958337783813,0.261904761904762,True
0,49913,10,5.625110915736572,14.850961804389954,0.6242424242424242,True
0,49914,8,4.24570291108845,12.079708576202393,0.6190476190476191,True
0,49915,3,15.74357819255913,38.53711211681366,0.5,True
0,49916,8,3.9942666857695936,13.46333122253418,0.04761904761904763,True
0,49917,6,7.016982374682687,19.16126525402069,0.7714285714285715,True
0,49918,9,3.7792228009071085,10.061003565788269,0.6,True
0,49919,9,1.762078773553242,5.480362415313721,0.13333333333333333,True
0,49921,5,3.046960489619905,8.218418598175049,0.3,True
0,49922,6,8.809437136462913,21.304192900657654,0.028571428571428574,True
0,49923,8,7.511764492005495,25.6262948513031,0.4047619047619048,True
0,49924,8,6.265013687792416,15.757721185684204,0.7619047619047621,True
0,49927,6,8.505664103362463,23.85621213912964,0.5428571428571429,True
0,49929,10,7.748917819240382,23.11479127407074,0.8545454545454544,True
0,49930,10,5.173524532565258,17.93355691432953,0.23636363636363633,True
0,49931,10,5.126687915883119,15.759144306182861,0.5393939393939393,True
0,49932,10,2.4842180341145843,8.752339482307434,-0.19999999999999998,True
0,49933,8,7.1051833524392904,27.097750663757324,0.7857142857142858,True
0,49934,10,7.115208449977175,23.331068992614746,0.18787878787878787,True
0,49937,2,19.23977941274643,38.47955882549286,0.9999999999999999,True
0,49938,9,8.348357634315951,27.268908858299255,0.2333333333333333,True
0,49939,8,6.317975032520727,22.36740630865097,0.5476190476190477,True
0,49940,9,8.563458027142447,28.518337965011597,0.35,True
0,49941,9,11.944729145493419,41.805423736572266,0.8333333333333333,True
0,49942,10,7.685744459060231,25.231488943099976,0.6242424242424242,True
0,49943,10,8.813217370524523,26.638821482658386,0.7818181818181817,True
0,49945,10,7.0779384576790365,26.868037581443787,0.32121212121212117,True
0,49946,6,6.97254994862029,19.10328435897827,-0.3142857142857143,True
0,49948,9,4.226982604966891,14.746376514434814,0.6333333333333333,True
0,49951,7,6.6364635179744695,18.97330904006958,0.5714285714285715,True
0,49952,8,4.35768837545082,15.905926704406738,0.261904761904762,True
0,49953,8,4.598488266256112,14.587133646011353,0.9523809523809524,True
0,49954,5,3.5693027300087508,7.797595739364624,-0.7,True
0,49955,10,8.379661999870997,27.648585319519043,0.7696969696969697,True
0,49956,9,4.84659554251815,14.636483430862427,0.45,True
0,49957,8,10.51407836333606,39.94792127609253,-0.023809523809523815,True
0,49958,9,5.803178315399191,17.99551832675934,0.6166666666666666,True
0,49959,10,9.846643814025313,25.723792791366577,0.34545454545454546,True
0,49960,7,5.011906791465363,12.648516416549683,0.5,True
0,49964,8,3.390643314338729,10.25552749633789,-0.11904761904761905,True
0,49967,8,5.271243011155101,20.661121368408203,0.9047619047619048,True
0,49968,8,6.302406399160835,22.51471972465515,0.5952380952380953,True
0,49969,8,11.37935999358249,26.678089022636414,0.2142857142857143,True
0,49970,10,8.147122558387931,31.652644634246826,0.29696969696969694,True
0,49972,5,5.793302370885063,15.61545717716217,0.7,True
0,49973,7,3.7377205324977436,9.11924934387207,0.8214285714285715,True
0,49974,10,6.080265527568916,19.7954623401165,0.5288778230016562,True
0,49975,10,6.428105345430837,23.72745442390442,0.4424242424242424,True
0,49976,6,8.034458344305902,22.524030208587646,0.7714285714285715,True
0,49977,10,7.809868422356318,22.741771817207336,0.8181818181818182,True
0,49978,9,6.729195956992036,19.677618503570557,0.11666666666666665,True
0,49979,9,6.218552036692421,17.654025673866272,0.7333333333333334,True
0,49980,4,6.542022586283411,18.176400899887085,0.39999999999999997,True
0,49981,10,7.023427584991799,24.084418773651123,0.8303030303030302,True
0,49982,10,3.648970641885677,12.656954765319824,0.5030303030303029,True
0,49983,8,7.387832278201185,23.600553035736084,0.5714285714285715,True
0,49985,1,0.0,0.0,,False
0,49986,7,10.228073450656746,28.485839366912842,0.42857142857142866,True
0,49989,10,3.379676624278529,14.570041537284851,0.49090909090909085,True
0,49991,7,4.82686219978239,15.81306791305542,0.25,True
0,49992,8,4.202929100175311,13.215894341468811,0.28571428571428575,True
0,49993,10,4.98643821304561,16.14530897140503,0.8060606060606059,True
0,49994,9,7.6816756070953325,21.714710474014282,0.2833333333333333,True
0,49995,9,6.995683156749094,24.240927696228027,0.7999999999999999,True
0,49997,8,2.1673265005126474,7.352855682373047,0.2142857142857143,True
0,49998,2,1.5655325651168823,3.1310651302337646,0.9999999999999999,True
0,49999,9,3.1419499327844593,9.842220783233643,-0.26666666666666666,True
0,50000,7,6.248642433615653,17.354490637779236,0.28571428571428575,True
0,50001,9,12.321451817264563,39.61070239543915,0.6666666666666667,True
0,50002,8,4.700671424362385,16.484458073973656,0.7380952380952381,True
0,50003,9,5.6312453766148165,20.27023148536682,0.8333333333333333,True
0,50004,7,6.102875823739756,19.477730751037598,0.5357142857142858,True
0,50005,7,4.238224854559723,11.961195230484009,0.4642857142857144,True
0,50006,7,8.904474202558537,26.6558039188385,0.642857142857143,True
0,50008,1,0.0,0.0,,False
0,50009,10,6.7946478616333055,23.575653314590454,0.6848484848484848,True
0,50010,2,0.8160083293914795,1.632016658782959,0.9999999999999999,True
0,50011,8,4.313815189762044,14.408412337303162,0.8095238095238096,True
0,50012,10,7.041421668947393,24.871771335601807,0.406060606060606,True
0,50013,10,8.622713532170035,32.32174587249756,0.38181818181818183,True
0,50014,4,10.49180425016954,28.199517488479614,0.7999999999999999,True
0,50016,8,6.199602360270563,16.990240216255188,0.5476190476190477,True
0,50017,9,7.680308677386062,21.797344088554382,0.2333333333333333,True
0,50019,10,5.063518555707214,16.55226695537567,0.16363636363636364,True
0,50021,10,3.606786539545967,13.03384792804718,0.7939393939393938,True
0,50022,10,1.9063937187632318,6.080590546131134,0.29696969696969694,True
0,50023,10,4.740704262701826,17.283280730247498,0.06666666666666665,True
0,50024,4,1.6929142294184136,4.583982706069946,0.7999999999999999,True
0,50026,10,5.87248831641407,24.319666862487793,0.5030303030303029,True
0,50027,7,7.495693550618233,22.503847122192383,-0.7142857142857144,True
0,50028,10,3.5256854412725587,13.24251103401184,0.6848484848484848,True
0,50029,7,4.628973979668715,13.175240993499756,0.642857142857143,True
0,50032,9,5.759886532724254,21.161356806755066,0.3666666666666667,True
0,50033,9,8.296463554956604,28.533658623695374,0.75,True
0,50034,9,5.474555435371606,18.92199468612671,0.39999999999999997,True
0,50035,10,4.3542238901288295,13.184700727462769,0.0303030303030303,True
0,50036,1,0.0,0.0,,False
20210423,45033,9,10.757980912000123,36.720439434051514,0.19999999999999998,True
20210423,45034,9,7.818839153907129,22.372888565063477,0.2333333333333333,True
20210423,45035,10,17.016168195517373,58.3482780456543,0.3696969696969697,True
20210423,45036,9,14.744418587376037,51.75367546081543,0.45,True
20210423,45037,7,5.310774928475387,16.115306854248047,0.9285714285714288,True
20210423,45038,9,13.641593082790745,40.865784645080566,-0.16666666666666669,True
20210423,45039,1,0.0,0.0,,False
20210423,45040,9,13.82039976722122,37.44728088378906,0.39999999999999997,True
20210423,45041,7,3.420740300915342,10.562871932983398,-0.10714285714285716,True
20210423,45042,9,11.06340348606013,35.358622789382935,0.6333333333333333,True
20210423,45043,9,9.72689569592201,31.871735095977783,0.31666666666666665,True
20210423,45044,2,6.921022415161133,13.842044830322266,-0.9999999999999999,True
20210423,45046,5,21.072845651367604,57.964735984802246,0.3,True
20210423,45047,6,16.913391703969094,57.81398963928223,0.2,True
20210423,45048,8,15.322320454460206,46.20297563076019,-0.4285714285714286,True
20210423,45050,7,5.525912615504172,17.627185344696045,0.6785714285714287,True
20210423,45051,8,10.041599505392686,33.234843254089355,0.6190476190476191,True
20210423,45052,10,8.869689937847369,33.728758335113525,0.3696969696969697,True
20210423,45055,8,17.24432390760419,47.81218338012695,0.9047619047619048,True
20210423,45056,10,8.783219855679427,26.67475914955139,0.7939393939393938,True
20210423,45057,10,7.261549324100031,22.56337308883667,0.33333333333333326,True
20210423,45058,10,9.808558935507117,31.624721884727478,0.2727272727272727,True
20210423,45059,9,10.752408584811567,39.20356369018555,0.8166666666666667,True
20210423,45060,10,15.604823926560993,60.19201874732971,0.709090909090909,True
20210423,45061,8,10.007294393438018,27.92336654663086,0.9047619047619048,True
20210423,45062,10,5.7028772549781275,21.472702980041504,-0.12727272727272726,True
20210423,45063,10,6.085191007312357,19.598121643066406,0.33333333333333326,True
20210423,45064,8,18.805051660661253,55.43138599395752,0.19047619047619052,True
20210423,45065,6,20.364488731265435,50.71541690826416,0.6571428571428573,True
20210423,45068,9,13.432696117559264,39.56678229570389,-0.21666666666666667,True
20210423,45069,9,12.958358823821309,47.25436019897461,0.6,True
20210423,45070,7,10.9172005054716,30.900903701782227,0.42857142857142866,True
20210423,45071,4,14.422551179096159,37.56946516036987,0.39999999999999997,True
20210423,45072,6,19.06906108249711,59.28767395019531,0.028571428571428574,True
20210423,45073,9,13.534669476337703,47.776638984680176,0.5333333333333333,True
20210423,45074,3,9.180231471101544,20.25147247314453,0.5,True
20210423,45075,10,10.900292298757059,38.16861152648926,0.28484848484848485,True
20210423,45076,10,16.05615526758148,60.46834325790405,0.772040040473682,True
20210423,45078,10,10.130655768605699,37.98442983627319,0.8181818181818182,True
20210423,45080,8,13.966438911639129,53.6692681312561,0.5476190476190477,True
20210423,45081,8,22.394332241179637,62.2328839302063,0.261904761904762,True
20210423,45082,8,8.702469090985199,32.27632522583008,0.2142857142857143,True
20210423,45083,8,14.111124011763271,41.18327331542969,0.1666666666666667,True
20210423,45084,6,11.624274729155086,35.80518341064453,0.4285714285714286,True
20210423,45085,7,12.651765938510453,34.03183937072754,0.8571428571428573,True
20210423,45087,8,16.767883942602833,45.6862268447876,0.1666666666666667,True
20210423,45092,10,16.748577174607103,64.2968966960907,0.2606060606060606,True
20210423,45093,9,6.955537501190903,25.337685108184814,-0.03333333333333333,True
20210423,45094,9,20.15110406746211,54.6989860534668,0.8833333333333333,True
20210423,45099,9,9.4563601243776,26.520947456359863,0.19999999999999998,True
20210423,45100,10,12.657289087439622,52.08806037902832,0.34545454545454546,True
20210423,45101,7,5.775815575360903,17.747220754623413,0.14285714285714288,True
20210423,45102,10,20.863419456754393,74.70566749572754,0.5393939393939393,True
20210423,45103,7,10.093260143929957,34.0400447845459,0.7500000000000002,True
20210423,45104,8,15.146030498352625,50.82578754425049,0.30952380952380953,True
20210423,45105,7,21.065392780185775,58.29202890396118,0.28571428571428575,True
20210423,45106,10,13.854330751273885,53.518911361694336,0.7212121212121211,True
20210423,45107,8,11.15108624253621,33.86579465866089,0.14285714285714288,True
20210423,45108,3,6.448678759205887,15.769233703613281,-0.5,True
20210423,45109,9,10.94136059287743,39.69502258300781,0.8333333333333333,True
20210423,45111,10,14.830218249621613,48.52734661102295,0.41818181818181815,True
20210423,45112,9,8.658522766623246,31.17103385925293,0.09999999999999999,True
20210423,45113,9,10.198771295123976,32.977713108062744,-0.18333333333333335,True
20210423,45115,9,6.76840958717359,18.94477081298828,0.0,True
20210423,45116,9,8.142904009835163,23.066094875335693,0.6333333333333333,True
20210423,45117,10,13.185717455391117,40.8228816986084,-0.6,True
20210423,45119,2,19.068874895572662,38.137749791145325,0.9999999999999999,True
20210423,45120,9,14.278019170228962,52.76553535461426,0.4666666666666666,True
20210423,45121,9,10.92846954245327,41.80837059020996,0.5,True
20210423,45122,8,9.936477978269577,33.61161231994629,0.14285714285714288,True
20210423,45123,8,14.240993125547163,50.34127616882324,0.7142857142857144,True
20210423,45124,10,6.965063439105663,20.651779651641846,0.6242424242424242,True
20210423,45128,10,17.0715288908053,54.25961446762085,0.8181818181818182,True
20210423,45129,7,28.643899140460196,68.6722207069397,0.21428571428571433,True
20210423,45130,9,13.687168734220684,44.661136627197266,0.38333333333333336,True
20210423,45131,8,10.179232480370583,34.61386442184448,0.7380952380952381,True
20210423,45133,8,10.071590918163839,33.84449052810669,0.9047619047619048,True
20210423,45135,10,14.947302285867355,47.22529220581055,0.38181818181818183,True
20210423,45136,8,12.482431263606129,36.94575309753418,0.4285714285714286,True
20210423,45137,7,23.289290550544038,74.2719841003418,0.25,True
20210423,45139,7,13.55580163592159,43.776175022125244,0.42857142857142866,True
20210423,45140,10,12.300167450311346,42.44298338890076,0.49090909090909085,True
20210423,45142,7,19.150937358517073,58.54688787460327,0.642857142857143,True
20210423,45143,10,12.953599334604696,34.359755992889404,-0.2606060606060606,True
20210423,45144,10,8.406770118176468,32.60486030578613,0.8787878787878788,True
20210423,45145,10,7.810487215630943,31.447726726531982,-0.04242424242424241,True
20210423,45146,1,0.0,0.0,,False
20210423,45147,7,8.452160955592905,24.221885323524475,0.42857142857142866,True
20210423,45148,9,6.70117399992729,21.830475330352783,-0.11666666666666665,True
20210423,45149,3,12.96836443409899,29.615914344787598,0.5,True
20210423,45150,9,9.646556735851426,33.57522630691528,0.5833333333333334,True
20210423,45151,6,12.615746500900405,38.007176876068115,-0.3714285714285715,True
20210423,45155,9,14.769209908917716,55.820992946624756,0.8833333333333333,True
20210423,45156,8,11.677019880122932,37.78773355484009,0.880952380952381,True
20210423,45157,7,18.98347157003767,51.13892841339111,0.42857142857142866,True
20210423,45158,9,18.0508519633852,42.360191345214844,0.3,True
20210423,45159,7,13.589034248216823,32.89294242858887,-0.5357142857142858,True
20210423,45161,7,11.26110315106594,36.63768529891968,0.21428571428571433,True
20210423,45163,10,14.665935168133341,53.25918483734131,0.43030303030303024,True
20210423,45164,9,10.035511081584385,30.656866550445557,0.6166666666666666,True
20210423,45165,7,19.876382012227086,63.480316162109375,0.6071428571428572,True
20210423,45166,9,24.01576469185782,88.55710935592651,0.8333333333333333,True
20210423,45168,10,14.684669395937775,42.466997146606445,0.8666666666666665,True
20210423,45169,9,14.193506374018394,47.600220680236816,0.3,True
20210423,45170,8,23.18159035332227,71.10616278648376,0.4761904761904762,True
20210423,45171,9,24.215078918054118,82.12683486938477,0.5166666666666667,True
20210423,45172,2,1.3766021728515625,2.753204345703125,-0.9999999999999999,True
20210423,45173,9,12.18623431227295,40.101919651031494,0.5,True
20210423,45174,10,6.682861137218205,23.63148069381714,0.49090909090909085,True
20210423,45175,9,4.0933724519339405,12.991365432739258,0.15,True
20210423,45176,8,4.888270043046287,16.140113830566406,0.38095238095238104,True
20210423,45178,10,14.679732331889062,56.19391441345215,0.7333333333333332,True
20210423,45179,8,19.513140535066803,61.692509174346924,0.4761904761904762,True
20210423,45181,3,9.752440802044191,23.48928451538086,1.0,True
20210423,45182,10,14.92108444538968,47.22473907470703,0.6969696969696969,True
20210423,45183,9,3.794636303274677,12.271800518035889,0.15,True
20210423,45184,7,12.225754094645469,43.92779803276062,0.5714285714285715,True
20210423,45185,9,18.795021812810177,65.61687135696411,0.3,True
20210423,45186,6,12.600602543652185,39.25554895401001,0.7714285714285715,True
20210423,45187,7,9.549902538754385,28.22390365600586,0.6071428571428572,True
20210423,45188,7,9.821886160480439,27.862720489501953,0.6071428571428572,True
20210423,45189,9,14.253553978386384,42.698392391204834,0.15,True
20210423,45190,9,8.381821560460201,29.3972430229187,0.65,True
20210423,45191,8,14.11575866506943,48.43776750564575,0.7619047619047621,True
20210423,45195,3,13.987034804125406,33.54819107055664,0.5,True
20210423,45196,7,11.253027306903563,36.94405007362366,0.5,True
20210423,45197,6,4.588008136157989,12.974653244018555,-0.3142857142857143,True
20210423,45198,9,11.89993866597474,40.661343574523926,0.21666666666666667,True
20210423,45199,8,6.676806280226138,19.662933826446533,0.5714285714285715,True
20210423,45200,10,4.7311051636721295,17.669007778167725,0.49090909090909085,True
20210423,45201,7,9.570698477165468,27.030007123947144,-0.4642857142857144,True
20210423,45202,10,11.464225867721144,40.27875280380249,0.6121212121212121,True
20210423,45203,8,12.451483229864301,38.20584058761597,1.0,True
20210423,45204,4,14.69261674735641,30.42505931854248,0.7999999999999999,True
20210423,45205,7,16.080634879184764,49.675846576690674,0.9285714285714288,True
20210423,45206,5,3.44178059529178,9.68629503250122,0.3,True
20210423,45208,7,5.9201611610541285,19.19849157333374,0.3214285714285715,True
20210423,45209,7,4.096525832137508,13.839656829833984,-0.07142857142857144,True
20210423,45210,10,7.9928023581076895,30.73596429824829,0.4666666666666666,True
20210423,45211,10,11.97706890395009,49.64920377731323,0.12727272727272726,True
20210423,45212,8,12.03744722080274,32.90186357498169,0.19047619047619052,True
20210423,45213,8,11.179519178670263,36.00479602813721,0.1666666666666667,True
20210423,45214,5,5.450082858847359,14.520512342453003,0.49999999999999994,True
20210423,45215,9,9.325570037116172,25.423359394073486,0.6666666666666667,True
20210423,45217,7,11.2999645521699,34.48412895202637,0.7142857142857144,True
20210423,45218,3,26.74957403338133,59.618324279785156,0.5,True
20210423,45219,9,6.58608229262534,21.316323280334473,0.45,True
20210423,45220,7,15.638645866155391,46.92152261734009,-0.3214285714285715,True
20210423,45222,10,8.616481347097533,30.81647539138794,0.6121212121212121,True
20210423,45223,10,5.313023437147569,18.602747440338135,0.4424242424242424,True
20210423,45224,8,5.4227127055438435,16.389493823051453,0.8571428571428572,True
20210423,45225,6,8.659713457068223,22.11332893371582,0.48571428571428577,True
20210423,45226,10,11.571068451164667,38.635756969451904,0.8666666666666665,True
20210423,45227,10,5.520739403301539,19.03657341003418,0.6986107936456588,True
20210423,45228,9,4.020607729927845,12.817774772644043,0.5166666666666667,True
20210423,45229,10,10.098934424807537,33.75029802322388,0.6,True
20210423,45231,9,15.984041030544015,57.901723861694336,0.6666666666666667,True
20210423,45232,3,15.88195327529968,37.445579051971436,1.0,True
20210423,45235,8,10.547794091681437,33.7149772644043,0.6904761904761906,True
20210423,45238,9,16.887791535767093,57.754478454589844,0.26666666666666666,True
20210423,45241,8,17.50023111977802,57.81736373901367,0.14285714285714288,True
20210423,45243,8,12.730815154232936,40.54685711860657,0.8571428571428572,True
20210423,45245,9,4.3221886218062515,15.941300868988037,0.7,True
20210423,45246,9,13.651883473349086,50.10293221473694,0.6166666666666666,True
20210423,45248,9,12.016032849921842,42.68206977844238,0.21666666666666667,True
20210423,45249,6,4.301379444243051,12.560922622680664,0.3142857142857143,True
20210423,45251,10,6.879747560492215,20.715818405151367,0.9515151515151514,True
20210423,45253,9,7.79662334308593,25.873761653900146,0.31666666666666665,True
20210423,45254,10,7.233970861297351,20.034605026245117,0.6,True
20210423,45256,9,17.142803594681048,57.43345761299133,0.5499999999999999,True
20210423,45257,9,5.771694530125778,17.06349229812622,0.3,True
20210423,45258,10,9.24132064710128,33.90753793716431,0.34545454545454546,True
20210423,45261,7,23.58963454060892,72.92306900024414,0.3214285714285715,True
20210423,45262,7,7.626221859325955,25.213680267333984,0.5357142857142858,True
20210423,45263,7,20.448240935738617,51.79149389266968,-0.14285714285714288,True
20210423,45264,2,25.82066535949707,51.64133071899414,0.9999999999999999,True
20210423,45266,10,6.047611106238261,21.69369888305664,0.5878787878787878,True
20210423,45267,8,17.017082971301875,52.688805103302,0.19047619047619052,True
20210423,45268,9,9.244654012302629,30.828774452209473,0.35,True
20210423,45269,10,11.957614736796508,46.416189193725586,0.13939393939393938,True
20210423,45270,6,9.290408181135328,26.01631784439087,0.48571428571428577,True
20210423,45271,10,23.45452812866071,73.42104196548462,-0.10303030303030303,True
20210423,45272,7,10.356531407466395,34.4878716468811,0.8214285714285715,True
20210423,45273,9,14.189758217030782,49.355791091918945,0.6166666666666666,True
20210423,45275,9,13.329047710114695,40.36115217208862,0.45,True
20210423,45276,8,20.86969331353336,64.44747352600098,0.04761904761904763,True
20210423,45277,8,10.620011435597137,33.8700852394104,0.6190476190476191,True
20210423,45278,8,13.072054837921495,49.47542667388916,0.7142857142857144,True
20210423,45280,6,7.88942933863931,21.84149694442749,0.08571428571428573,True
20210423,45281,7,15.11373695735547,45.09379768371582,0.8214285714285715,True
20210423,45282,7,9.427370612219876,23.982223510742188,0.4642857142857144,True
20210423,45283,8,16.838289493424583,57.87971878051758,0.19047619047619052,True
20210423,45284,9,11.007644445073675,38.883453369140625,-0.03333333333333333,True
20210423,45285,10,8.450038463230083,31.22369909286499,0.18787878787878787,True
20210423,45287,9,12.725941617200903,44.67573118209839,0.6833333333333333,True
20210423,45288,9,7.95258214007452,27.374518990516663,0.7333333333333334,True
20210423,45289,10,11.903005573482558,36.78276491165161,-0.4424242424242424,True
20210423,45290,10,21.008185243393264,67.49731826782227,0.7333333333333332,True
20210423,45291,2,21.948152780532837,43.896305561065674,0.9999999999999999,True
20210423,45292,10,11.661735114612775,33.21362113952637,-0.16363636363636364,True
20210423,45293,9,9.42458422766238,34.10332679748535,-0.11666666666666665,True
20210423,45294,10,7.657063220678588,25.58296775817871,0.5636363636363636,True
20210423,45295,10,4.044017920915875,15.174312591552734,-0.04242424242424241,True
20210423,45296,8,17.38249423719981,54.058271408081055,0.8333333333333335,True
20210423,45297,9,22.52880399361958,55.94045305252075,0.19999999999999998,True
20210423,45298,9,8.807773791705593,32.4915509223938,0.2833333333333333,True
20210423,45299,10,12.335100294057753,44.81979441642761,0.6727272727272726,True
20210423,45300,9,7.232091846548854,26.15060806274414,0.03333333333333333,True
20210423,45302,8,9.477962879861048,30.631779670715332,0.5714285714285715,True
20210423,45303,10,20.963422415484796,53.99210786819458,0.6969696969696969,True
20210423,45304,4,15.153518368427061,40.613534927368164,0.7999999999999999,True
20210423,45305,9,16.096758322674095,48.46832466125488,0.21666666666666667,True
20210423,45307,7,12.548371126608536,41.17419242858887,-0.21428571428571433,True
20210423,45308,10,10.306697377527755,43.51299428939819,0.5636363636363636,True
20210423,45311,10,19.38119465267592,64.96624612808228,0.6727272727272726,True
20210423,45312,3,18.405931255622196,44.29501962661743,0.5,True
20210423,45313,8,12.642005774464222,36.61808788776398,-0.19047619047619052,True
20210423,45314,8,10.113256320364053,32.64703416824341,0.523809523809524,True
20210423,45316,10,14.495012265212086,52.355751037597656,0.4666666666666666,True
20210423,45317,8,19.814525871407334,69.82094240188599,0.19047619047619052,True
20210423,45318,8,5.349584196632644,16.773091912269592,0.523809523809524,True
20210423,45319,9,5.0638876457211275,16.82235288619995,0.35,True
20210423,45321,10,12.594177327889703,46.33670425415039,0.8666666666666665,True
20210423,45323,1,0.0,0.0,,False
20210423,45325,8,15.096347613012075,44.438841819763184,0.6428571428571429,True
20210423,45327,10,11.959360381479668,49.305016040802,0.4787878787878787,True
20210423,45329,10,15.000763370014711,55.06962835788727,-0.06666666666666665,True
20210423,45330,8,4.716481913639737,16.0595760345459,0.1666666666666667,True
20210423,45333,8,19.858600770639573,63.38849115371704,0.5952380952380953,True
20210423,45334,9,9.437504639034637,33.17994844913483,0.5333333333333333,True
20210423,45335,5,17.385654899058398,48.944021224975586,0.8999999999999998,True
20210423,45336,7,13.411235170672464,42.68286848068237,0.8571428571428573,True
20210423,45338,8,7.2469743700763285,22.33852243423462,-0.04761904761904763,True
20210423,45339,1,0.0,0.0,,False
20210423,45340,9,13.381333419280093,51.77942657470703,-0.016666666666666666,True
20210423,45342,9,11.518095983841844,42.282230377197266,0.7333333333333334,True
20210423,45343,10,10.17917468156257,30.910897731781006,0.5272727272727272,True
20210423,45344,9,12.63380444814499,42.901493072509766,0.7666666666666667,True
20210423,45345,10,13.29059324287382,54.368478775024414,0.406060606060606,True
20210423,45346,9,8.444604782287312,23.77102279663086,0.21666666666666667,True
20210423,45347,6,8.954949251551156,27.36437153816223,0.3142857142857143,True
20210423,45349,9,11.053542529691567,40.57738018035889,0.21666666666666667,True
20210423,45350,9,7.3569336141000194,27.28349494934082,0.38333333333333336,True
20210423,45352,10,9.242137158268697,30.448481559753418,0.9030303030303028,True
20210423,45353,5,13.51051401662336,38.69427490234375,0.49999999999999994,True
20210423,45354,7,12.205459331886875,34.861114501953125,0.0,True
20210423,45355,8,11.3429886048061,42.21957588195801,-0.07142857142857144,True
20210423,45356,6,6.618417837256718,19.69754981994629,-0.2,True
20210423,45358,10,7.27491737725973,22.401023864746094,0.12727272727272726,True
20210423,45359,7,22.607644599428195,72.22313594818115,0.14285714285714288,True
20210423,45360,9,7.423353726934095,25.132620811462402,-0.16666666666666669,True
20210423,45363,4,10.283882436843149,24.794923782348633,0.39999999999999997,True
20210423,45364,9,6.447832441387135,18.564037322998047,0.31666666666666665,True
20210423,45365,8,9.310613348819967,28.22913885116577,0.19047619047619052,True
20210423,45366,9,17.22043956386331,66.67865371704102,-0.11666666666666665,True
20210423,45367,7,7.643618776000081,20.783597946166992,0.6785714285714287,True
20210423,45368,9,9.293228260186456,25.727232456207275,0.3666666666666667,True
20210423,45369,6,13.31120974294445,34.882659912109375,0.7142857142857143,True
20210423,45370,10,7.0749508624378805,27.006475925445557,0.4787878787878787,True
20210423,45371,8,15.190451270948149,50.87339735031128,0.5476190476190477,True
20210423,45373,10,23.506214840910683,95.58647537231445,-0.07878787878787878,True
20210423,45376,7,13.616922907345229,32.737998485565186,-0.21428571428571433,True
20210423,45377,10,14.632507955890036,54.641008377075195,0.5878787878787878,True
20210423,45378,9,17.69084655360524,58.179941177368164,-0.049999999999999996,True
20210423,45380,3,23.98758092323655,50.9079704284668,1.0,True
20210423,45381,8,26.100610572653682,77.93555450439453,0.38095238095238104,True
20210423,45382,10,8.255102241853734,26.595115661621094,0.7333333333333332,True
20210423,45384,6,9.38107618542944,27.06715726852417,0.7714285714285715,True
20210423,45385,2,14.599592447280884,29.199184894561768,0.9999999999999999,True
20210423,45386,6,14.756104289068658,35.909494400024414,0.08571428571428573,True
20210423,45387,8,8.227174813954703,24.198638916015625,0.4761904761904762,True
20210423,45389,5,11.85204258568418,32.112056732177734,0.9999999999999999,True
20210423,45390,10,12.673608428868391,45.1489200592041,0.28484848484848485,True
20210423,45391,2,20.904682278633118,41.809364557266235,0.9999999999999999,True
20210423,45392,3,17.16819055977035,39.267194747924805,0.5,True
20210423,45393,8,15.99319237097693,56.05296516418457,0.4047619047619048,True
20210423,45395,10,13.702218721263915,41.80756068229675,0.5878787878787878,True
20210423,45396,10,8.67172520280503,29.687559604644775,0.7939393939393938,True
20210423,45401,9,6.487233960477495,22.957355976104736,0.26666666666666666,True
20210423,45402,10,4.168599053758679,14.423856735229492,0.6606060606060605,True
20210423,45404,10,13.26673996537928,40.05723762512207,0.34545454545454546,True
20210423,45405,10,6.719186279866388,21.999378204345703,-0.0303030303030303,True
20210423,45406,8,18.44921368570509,67.59015083312988,0.14285714285714288,True
20210423,45407,8,12.13005234030905,34.64394998550415,0.8095238095238096,True
20210423,45408,7,10.420117159111486,34.03178286552429,0.5357142857142858,True
20210423,45409,6,7.78088001398251,23.33968162536621,0.3714285714285715,True
20210423,45410,8,16.282245401037436,56.936248779296875,0.38095238095238104,True
20210423,45411,9,7.105255911473512,18.224675178527832,0.45,True
20210423,45413,9,8.577425704228434,28.6268367767334,0.35,True
20210423,45414,5,8.364200016354713,25.028072834014893,-0.09999999999999999,True
20210423,45415,10,9.837919130616719,34.97271156311035,0.5636363636363636,True
20210423,45416,10,22.683356055175768,67.24875783920288,0.8424242424242423,True
20210423,45418,8,14.436412357230024,40.28708028793335,0.3571428571428572,True
20210423,45419,10,18.288721143934282,56.528133273124695,0.13939393939393938,True
20210423,45423,8,17.109097573236934,53.73782682418823,0.7857142857142858,True
20210423,45427,5,18.96666530735788,43.08810806274414,0.39999999999999997,True
20210423,45428,4,16.28096958428102,45.98702955245972,0.39999999999999997,True
20210423,45429,4,9.345865097231526,23.812564849853516,0.7999999999999999,True
20210423,45430,10,11.962946372654844,36.588839530944824,-0.22424242424242422,True
20210423,45431,8,15.671650891959548,40.36569833755493,0.7380952380952381,True
20210423,45432,10,18.674819997643205,54.30894470214844,0.6848484848484848,True
20210423,45433,8,17.34347120104737,59.33247709274292,0.7380952380952381,True
20210423,45434,8,6.6832093896544515,21.35816776752472,0.6666666666666669,True
20210423,45435,7,16.6594595944343,50.667800426483154,-0.1785714285714286,True
20210423,45436,7,10.78724453184376,34.9277286529541,-0.03571428571428572,True
20210423,45437,8,5.995748704868078,17.998868942260742,0.523809523809524,True
20210423,45438,10,4.249218650925052,15.353983998298645,-0.1515151515151515,True
20210423,45439,9,20.103944134022342,58.810580253601074,0.03333333333333333,True
20210423,45440,8,10.908663555944623,38.392484188079834,0.7380952380952381,True
20210423,45441,3,13.208156944800718,31.93168592453003,0.5,True
20210423,45442,7,14.69427058209816,37.72780466079712,0.0,True
20210423,45443,8,7.15861739141045,23.192312240600586,0.4761904761904762,True
20210423,45445,1,0.0,0.0,,False
20210423,45446,7,11.998341766234237,39.34625053405762,0.7500000000000002,True
20210423,45447,7,11.853942351191519,37.99077653884888,0.8214285714285715,True
20210423,45448,10,9.754168128089898,36.246315002441406,0.35757575757575755,True
20210423,45449,10,13.165130678898374,39.64134407043457,0.5272727272727272,True
20210423,45450,10,13.337859289096784,55.86847257614136,0.38181818181818183,True
20210423,45451,10,12.995279681720518,47.7982702255249,0.33333333333333326,True
20210423,45452,10,6.869675483016407,23.40349292755127,0.406060606060606,True
20210423,45453,8,14.17340808011263,54.3482449054718,0.5476190476190477,True
20210423,45457,8,12.442482468336602,32.83825349807739,0.523809523809524,True
20210423,45458,4,10.348007933916213,26.58882761001587,0.39999999999999997,True
20210423,45460,6,22.62708121419099,62.08947944641113,0.7714285714285715,True
20210423,45462,10,11.969981018232096,36.407392501831055,0.5030303030303029,True
20210423,45465,4,12.462235848754668,35.19950532913208,0.19999999999999998,True
20210423,45468,4,17.566226517849355,42.98584175109863,0.39999999999999997,True
20210423,45469,8,2.9044428475047956,7.540689468383789,-0.07142857142857144,True
20210423,45470,10,5.011831702849432,16.679223656654358,0.7575757575757575,True
20210423,45471,9,20.25079155112905,70.12416076660156,0.6666666666666667,True
20210423,45472,10,13.100006674151977,40.47928762435913,0.8787878787878788,True
20210423,45473,10,4.982475079528367,16.948229789733887,0.5757575757575757,True
20210423,45474,10,13.84700887069862,48.556832790374756,0.43030303030303024,True
20210423,45477,8,9.015864902815903,29.440503358840942,0.523809523809524,True
20210423,45478,10,9.257528600313355,33.32042169570923,0.4424242424242424,True
20210423,45479,8,8.180611016308905,26.30735206604004,0.523809523809524,True
20210423,45480,10,7.449329462373384,23.469085216522217,0.5030303030303029,True
20210423,45482,6,6.000660974598724,18.177988052368164,0.5428571428571429,True
20210423,45483,7,10.86202759588944,34.76860284805298,0.7142857142857144,True
20210423,45484,10,4.82779071590941,15.172107577323914,-0.01818181818181818,True
20210423,45485,7,15.762914794359174,39.46888065338135,0.0,True
20210423,45486,9,9.592566163114702,27.771315574645996,0.7333333333333334,True
20210423,45489,6,8.554073359321798,23.227489471435547,0.7714285714285715,True
20210423,45491,9,11.675088491103581,35.35573768615723,0.6,True
20210423,45492,10,17.045516465694682,53.41595458984375,0.7454545454545454,True
20210423,45493,10,13.906661108880385,39.86412239074707,0.8424242424242423,True
20210423,45495,7,10.609375109609692,31.711385846138,0.6071428571428572,True
20210423,45496,8,9.17488660685257,27.827823162078857,0.8095238095238096,True
20210423,45497,9,13.951069651375176,43.356988191604614,0.75,True
20210423,45498,8,6.029786886344141,21.48984718322754,0.04761904761904763,True
20210423,45499,9,9.056718155736167,28.072977542877197,0.7,True
20210423,45500,10,5.942311314072725,21.87270164489746,0.7575757575757575,True
20210423,45501,10,7.595970678202831,28.7799072265625,0.32121212121212117,True
20210423,45502,9,11.953169238987208,42.248371601104736,0.26666666666666666,True
20210423,45503,10,8.426652925790252,29.059232234954834,0.7454545454545454,True
20210423,45504,9,15.849662558494016,46.53064727783203,0.8333333333333333,True
20210423,45505,10,12.23076415043372,35.60089159011841,-0.49090909090909085,True
20210423,45507,10,10.338522093869926,40.896751165390015,0.4424242424242424,True
20210423,45508,10,12.319295539394222,37.884533643722534,0.7818181818181817,True
20210423,45509,7,12.038826927407014,31.14969825744629,0.9285714285714288,True
20210423,45511,3,9.83392172182878,21.40668773651123,0.5,True
20210423,45512,7,20.920401127722496,48.00836992263794,-0.07142857142857144,True
20210423,45513,9,8.532445096111706,32.26689684391022,0.11666666666666665,True
20210423,45514,9,4.968883955440106,19.598796725273132,-0.43333333333333335,True
20210423,45515,8,7.365364832641483,22.66251516342163,0.880952380952381,True
20210423,45516,6,21.983488044259744,75.97878837585449,0.5428571428571429,True
20210423,45517,10,7.952531808807102,25.16738522052765,0.22424242424242422,True
20210423,45519,9,9.40490862926104,30.243975400924683,0.5499999999999999,True
20210423,45520,8,13.833643434640166,42.64343309402466,0.5476190476190477,True
20210423,45521,7,16.119898244247285,49.77859687805176,0.25,True
20210423,45522,7,4.5253636248256885,14.934967041015625,-0.21428571428571433,True
20210423,45523,10,5.940153987073269,17.571703672409058,0.4424242424242424,True
20210423,45524,8,15.488133528238784,44.95821714401245,0.2142857142857143,True
20210423,45525,9,10.909548586170752,29.73806142807007,0.26666666666666666,True
20210423,45526,10,18.788621806636844,65.19606971740723,0.7454545454545454,True
20210423,45527,6,7.647822808368709,22.58300018310547,-0.028571428571428574,True
20210423,45529,8,11.757728047029374,38.586299896240234,0.8095238095238096,True
20210423,45531,8,10.300710903146726,30.659300088882446,0.2142857142857143,True
20210423,45532,9,6.4135673811892095,20.418021202087402,0.6333333333333333,True
20210423,45533,8,12.134613745034773,36.16327315568924,-0.09523809523809526,True
20210423,45535,4,12.084793875097414,33.972180008888245,1.0,True
20210423,45536,6,8.461640022565723,21.693928241729736,0.8285714285714287,True
20210423,45537,10,12.875017048165187,38.378536224365234,0.13939393939393938,True
20210423,45538,10,17.33519139734001,51.97692251205444,0.8424242424242423,True
20210423,45540,9,16.49016083546065,53.37468338012695,0.6166666666666666,True
20210423,45541,8,16.3279528668402,53.12330102920532,0.5952380952380953,True
20210423,45542,8,12.653342395139779,45.3430380821228,0.5714285714285715,True
20210423,45543,9,10.321671220548417,36.7615704536438,0.6666666666666667,True
20210423,45545,8,21.55042615438783,65.6456413269043,-0.30952380952380953,True
20210423,45546,8,9.269702478983831,31.34935188293457,0.4285714285714286,True
20210423,45547,10,8.64325457487412,32.135215759277344,0.33333333333333326,True
20210423,45548,10,6.832218192641519,25.316730976104736,0.18787878787878787,True
20210423,45549,10,16.347257884599223,50.996620178222656,0.5151515151515151,True
20210423,45550,4,24.211089517764933,59.667253494262695,0.19999999999999998,True
20210423,45552,10,9.165959437481764,32.129350662231445,0.8909090909090909,True
20210423,45553,7,5.660623827261486,18.82378387451172,0.10714285714285716,True
20210423,45554,8,13.160053920712707,36.78024911880493,0.1666666666666667,True
20210423,45556,6,13.962863003970474,37.26139545440674,0.8285714285714287,True
20210423,45557,9,10.531581492233013,30.240434646606445,0.7,True
20210423,45558,8,8.550263151882572,22.500900983810425,0.30952380952380953,True
20210423,45559,8,8.683247455724619,25.51582956314087,0.04761904761904763,True
20210423,45560,8,11.022959315719739,35.70785927772522,0.38095238095238104,True
20210423,45562,4,25.79658375461027,64.65801048278809,0.19999999999999998,True
20210423,45563,8,8.321865177856576,26.603459358215332,0.8095238095238096,True
20210423,45564,5,8.669594086002526,26.46154260635376,-0.39999999999999997,True
20210423,45565,7,12.066053458513766,32.80284070968628,0.5357142857142858,True
20210423,45566,6,10.419831837400272,29.901212215423584,0.2,True
20210423,45568,10,8.916042641965658,30.106650352478027,0.5515151515151515,True
20210423,45569,10,10.239204691186067,38.20411729812622,-0.35757575757575755,True
20210423,45570,9,10.384175410519235,34.90063238143921,0.7166666666666667,True
20210423,45572,6,6.208150551365971,17.497485637664795,0.8857142857142858,True
20210423,45573,7,10.736814663607968,36.40537357330322,0.8214285714285715,True
20210423,45574,6,6.806036977179562,19.819173336029053,0.7714285714285715,True
20210423,45575,2,3.6056392192840576,7.211278438568115,-0.9999999999999999,True
20210423,45576,5,9.14357921676004,24.50250816345215,0.0,True
20210423,45577,8,9.083102323615,27.493725299835205,0.7380952380952381,True
20210423,45578,6,16.07868183307214,51.489201068878174,1.0,True
20210423,45580,9,17.478474276744965,57.27494430541992,0.6166666666666666,True
20210423,45581,2,20.353386878967285,40.70677375793457,0.9999999999999999,True
20210423,45582,4,19.987734946293557,49.96978831291199,1.0,True
20210423,45583,3,17.899193009024597,43.08349657058716,1.0,True
20210423,45584,6,17.182667948572973,50.009589195251465,0.5428571428571429,True
20210423,45585,7,15.009118211346912,36.6453742980957,0.42857142857142866,True
20210423,45586,5,6.1276667127205675,16.772228717803955,0.0,True
20210423,45587,9,14.228502850740028,40.88190269470215,0.7333333333333334,True
20210423,45588,7,16.821256892521887,50.681885957717896,0.6785714285714287,True
20210423,45589,9,6.523957447149749,19.233855485916138,0.16666666666666669,True
20210423,45590,9,14.632114311055263,55.06105852127075,0.26666666666666666,True
20210423,45591,10,16.79982989873676,65.77542066574097,0.18787878787878787,True
20210423,45593,10,9.8955959125901,32.746076583862305,0.309090909090909,True
20210423,45594,7,9.557250196173525,30.79201579093933,0.642857142857143,True
20210423,45595,8,10.775983857129255,37.53348207473755,0.6190476190476191,True
20210423,45596,8,11.638749443175747,42.91796255111694,0.7619047619047621,True
20210423,45597,8,13.601275334141821,36.173194885253906,0.261904761904762,True
20210423,45600,1,0.0,0.0,,False
20210423,45601,9,10.590370468592202,37.764780044555664,-0.45,True
20210423,45603,10,12.749868932537058,49.13241910934448,0.6242424242424242,True
20210423,45604,8,18.585258567727532,53.811232805252075,0.8571428571428572,True
20210423,45605,8,7.9852345792881,29.527817249298096,0.5000000000000001,True
20210423,45606,8,21.160299034768286,62.499770641326904,-0.07142857142857144,True
20210423,45607,7,14.596048101229291,44.455965757369995,-0.03571428571428572,True
20210423,45608,6,4.985147146285356,14.45449161529541,-0.028571428571428574,True
20210423,45610,1,0.0,0.0,,False
20210423,45612,8,7.887212155009622,24.37234115600586,0.5000000000000001,True
20210423,45613,8,6.869353672962635,20.472209930419922,0.5000000000000001,True
20210423,45615,1,0.0,0.0,,False
20210423,45617,5,10.715450124500984,26.681434154510498,0.3,True
20210423,45618,7,8.410474860119066,27.637328624725342,0.21428571428571433,True
20210423,45620,2,10.8377845287323,21.6755690574646,0.9999999999999999,True
20210423,45621,9,24.113952297509837,71.59549713134766,0.5833333333333334,True
20210423,45623,9,7.623293698037423,20.817617177963257,0.8166666666666667,True
20210423,45624,7,12.26846273231074,39.59494400024414,0.5357142857142858,True
20210423,45625,10,7.003585642347609,21.394299507141113,0.5515151515151515,True
20210423,45626,5,10.697924832762746,30.23375701904297,0.7,True
20210423,45627,10,15.101679957395806,48.384772300720215,0.8181818181818182,True
20210423,45628,7,7.092036882857668,22.831253051757812,0.14285714285714288,True
20210423,45629,10,15.202792257877007,45.20283222198486,0.7939393939393938,True
20210423,45630,8,10.352268943115398,31.995885372161865,0.6190476190476191,True
20210423,45631,9,13.852691591237168,48.117921352386475,0.7,True
20210423,45632,6,9.699768297217869,27.656786918640137,-0.2571428571428572,True
20210423,45634,8,23.064737140540473,65.3265061378479,0.261904761904762,True
20210423,45635,7,14.112120111288526,49.47883987426758,0.642857142857143,True
20210423,45636,1,0.0,0.0,,False
20210423,45639,10,12.590512897314504,42.27301025390625,0.28484848484848485,True
20210423,45641,10,7.255664394566287,28.118793487548828,0.4787878787878787,True
20210423,45643,10,19.295335926668518,64.57666540145874,0.3696969696969697,True
20210423,45644,7,18.53999297276911,60.88161849975586,0.25,True
20210423,45646,8,7.424101525359441,22.89222288131714,0.28571428571428575,True
20210423,45647,10,10.274435239641564,35.067734718322754,0.10303030303030303,True
20210423,45648,1,0.0,0.0,,False
20210423,45649,7,9.651886263619613,31.193618774414062,0.39285714285714296,True
20210423,45650,10,16.54041996951388,57.45870542526245,0.6242424242424242,True
20210423,45651,6,11.173660597080563,35.35443925857544,0.14285714285714288,True
20210423,45652,6,14.897039921222008,39.399288177490234,0.4285714285714286,True
20210423,45653,8,7.4811718667782525,25.842390060424805,0.2380952380952381,True
20210423,45655,8,10.261253686984565,34.926239013671875,-0.14285714285714288,True
20210423,45656,7,10.157921931780063,29.078230381011963,-0.42857142857142866,True
20210423,45657,9,12.432981912422575,44.520132064819336,0.08333333333333334,True
20210423,45659,9,9.629574098910787,36.318376541137695,0.31666666666666665,True
20210423,45660,7,11.563099423042217,35.432180881500244,0.07142857142857144,True
20210423,45661,9,17.10604745983735,55.038856506347656,0.75,True
20210423,45663,10,15.876012084071474,49.17740535736084,0.6848484848484848,True
20210423,45664,10,7.844495709600285,28.47131633758545,0.4424242424242424,True
20210423,45667,9,4.9847961631865605,16.529536724090576,0.5666666666666667,True
20210423,45668,8,12.714728539101932,43.362919330596924,0.19047619047619052,True
20210423,45669,6,8.415978382986797,23.400554656982422,0.3142857142857143,True
20210423,45670,5,8.967263962587596,26.018934726715088,0.49999999999999994,True
20210423,45673,3,10.153992282543195,23.04911208152771,-1.0,True
20210423,45674,7,8.358905129173209,24.9541335105896,0.6071428571428572,True
20210423,45675,6,29.761322950863054,84.05352592468262,0.6,True
20210423,45676,8,8.400693050284836,25.273924350738525,0.4761904761904762,True
20210423,45677,4,4.156685602275585,11.136905670166016,0.0,True
20210423,45679,9,11.799999531167227,35.873464584350586,0.9,True
20210423,45680,9,8.269146061371435,27.050211191177368,0.3,True
20210423,45681,7,16.847843923261358,47.614431381225586,0.0,True
20210423,45682,8,16.010855140586152,54.53002738952637,0.7619047619047621,True
20210423,45683,9,6.033231219129139,17.716636776924133,0.5833333333333334,True
20210423,45684,8,5.327056713676045,15.02806544303894,0.9523809523809524,True
20210423,45685,10,13.766317827067889,45.979061126708984,0.6242424242424242,True
20210423,45686,10,5.339267119480992,17.611074686050415,0.5878787878787878,True
20210423,45687,8,9.983721494661834,29.095598697662354,0.4523809523809524,True
20210423,45688,10,12.082894044799902,46.26935005187988,0.6121212121212121,True
20210423,45689,10,8.882376517600466,34.95018124580383,0.709090909090909,True
20210423,45691,7,16.541496616988674,57.106239318847656,0.42857142857142866,True
20210423,45692,7,9.321019012704514,32.98141121864319,0.8214285714285715,True
20210423,45693,10,3.942203859729032,12.68819284439087,0.09090909090909088,True
20210423,45695,3,9.978323416133286,22.253880739212036,1.0,True
20210423,45696,10,7.521255594959225,25.840927004814148,0.6606060606060605,True
20210423,45697,8,16.70099696752343,58.655325412750244,0.3333333333333334,True
20210423,45698,10,15.260465414701361,44.30831289291382,-0.13939393939393938,True
20210423,45700,10,14.352403731649533,42.000611782073975,0.3696969696969697,True
20210423,45701,10,20.990089519047082,62.12689256668091,0.5030303030303029,True
20210423,45702,10,7.632007812422768,26.62562668323517,0.2606060606060606,True
20210423,45703,10,10.892925884669012,36.694403648376465,-0.5636363636363636,True
20210423,45704,9,7.256506312934921,20.637231826782227,-0.11666666666666665,True
20210423,45705,8,12.921303656193231,35.80656147003174,0.523809523809524,True
20210423,45706,7,16.27417022265339,48.26441764831543,0.7500000000000002,True
20210423,45707,6,12.535496833472347,36.31845140457153,0.4285714285714286,True
20210423,45708,10,15.074334218087909,58.47793006896973,0.5393939393939393,True
20210423,45709,1,0.0,0.0,,False
20210423,45710,9,15.72148713804019,50.8324089050293,0.8166666666666667,True
20210423,45711,10,12.244105397532843,43.80841284990311,0.13939393939393938,True
20210423,45712,8,13.746469379758896,46.808834075927734,0.8571428571428572,True
20210423,45713,8,20.769701224574593,58.43955421447754,0.4285714285714286,True
20210423,45714,10,8.585659670654488,25.715736150741577,0.6727272727272726,True
20210423,45716,9,11.28651119669701,39.86288928985596,0.8333333333333333,True
20210423,45717,1,0.0,0.0,,False
20210423,45720,8,14.816657082462486,39.39730453491211,0.3333333333333334,True
20210423,45721,2,5.869676113128662,11.739352226257324,-0.9999999999999999,True
20210423,45722,7,12.96011036921138,42.0014865398407,0.3214285714285715,True
20210423,45723,7,7.882640779784979,26.398030757904053,0.6071428571428572,True
20210423,45724,1,0.0,0.0,,False
20210423,45725,7,6.615989201142731,20.5003719329834,0.14285714285714288,True
20210423,45726,7,13.053909995548446,35.73077392578125,0.5357142857142858,True
20210423,45727,8,8.386622664728483,28.46978759765625,0.1666666666666667,True
20210423,45728,10,7.666174531135036,22.174362421035767,0.5515151515151515,True
20210423,45729,6,28.205502581599482,79.53800392150879,0.6571428571428573,True
20210423,45730,10,8.878977462071257,29.482203483581543,0.006060606060606061,True
20210423,45731,9,16.256894758776337,48.74970245361328,0.9,True
20210423,45732,7,14.847667712260613,49.88691186904907,0.6071428571428572,True
20210423,45734,10,13.553692423316116,43.26097536087036,0.6727272727272726,True
20210423,45736,1,0.0,0.0,,False
20210423,45737,8,7.740890180564265,23.962714672088623,0.4285714285714286,True
20210423,45740,8,11.969221840935026,44.873873233795166,0.9285714285714287,True
20210423,45741,5,9.262774028840061,23.44705104827881,0.8999999999999998,True
20210423,45743,7,5.579566547347677,16.39155864715576,0.28571428571428575,True
20210423,45746,9,20.294425336378392,62.442026138305664,0.39999999999999997,True
20210423,45748,9,7.971596776064032,22.799542903900146,0.8666666666666667,True
20210423,45749,7,13.898358519217632,49.88861083984375,0.9642857142857145,True
20210423,45750,10,16.240212001630553,58.85944354534149,0.28484848484848485,True
20210423,45751,8,11.756383679749153,33.97637701034546,0.9761904761904763,True
20210423,45752,10,9.93700883587746,35.84833359718323,0.5393939393939393,True
20210423,45754,3,10.019180062742409,24.53119659423828,1.0,True
20210423,45755,10,6.3256518472220415,20.04441523551941,0.8666666666666665,True
20210423,45756,10,6.639354335309699,21.777209520339966,0.309090909090909,True
20210423,45757,5,8.473133445123196,22.24807357788086,0.6,True
20210423,45759,10,9.260165455406211,29.990196228027344,0.5878787878787878,True
20210423,45761,7,9.031710856087582,27.563031673431396,0.39285714285714296,True
20210423,45762,8,7.010953992457153,25.472150802612305,0.1666666666666667,True
20210423,45763,10,18.64624383499928,52.53955602645874,0.5636363636363636,True
20210423,45764,8,9.849098154107168,26.783184051513672,-0.5000000000000001,True
20210423,45767,10,10.092896974526228,32.29811143875122,0.5636363636363636,True
20210423,45768,9,18.088114267881917,58.99287033081055,0.9333333333333332,True
20210423,45769,9,9.671345416130826,31.598830223083496,0.9,True
20210423,45773,9,5.4961780916613066,18.915634632110596,0.7,True
20210423,45774,9,10.520672510803898,34.78326416015625,0.7666666666666667,True
20210423,45775,5,4.099499279960688,9.382494449615479,0.7999999999999999,True
20210423,45776,10,10.48567747702921,40.22136306762695,0.5393939393939393,True
20210423,45777,8,8.431538530707819,29.15944790840149,0.11904761904761905,True
20210423,45778,5,8.09190989690276,24.2947416305542,-0.09999999999999999,True
20210423,45779,9,19.09797384142051,62.48487710952759,0.7333333333333334,True
20210423,45780,10,11.218596169732466,39.07529592514038,0.4787878787878787,True
20210423,45781,2,4.148128986358643,8.296257972717285,0.9999999999999999,True
20210423,45782,10,6.213774357480739,19.142602920532227,0.3696969696969697,True
20210423,45785,9,7.933059718045291,24.669522762298584,0.2333333333333333,True
20210423,45786,3,21.322240093782842,51.38138198852539,0.5,True
20210423,45787,9,12.009140823949133,38.610084533691406,0.5,True
20210423,45788,9,4.298660507142348,14.716585159301758,-0.016666666666666666,True
20210423,45789,8,8.153908107957669,26.791128635406494,0.6428571428571429,True
20210423,45790,9,12.423481530159522,33.775428771972656,0.7166666666666667,True
20210423,45791,8,11.345951657462479,37.313058853149414,0.9047619047619048,True
20210423,45793,8,4.206291320392523,11.117631912231445,0.6190476190476191,True
20210423,45794,5,15.184620821963248,42.06633949279785,0.3,True
20210423,45795,8,11.321500455925602,33.73724603652954,0.880952380952381,True
20210423,45796,10,17.096600689577617,56.247629165649414,0.7454545454545454,True
20210423,45798,10,9.900289175325705,34.809346199035645,0.43030303030303024,True
20210423,45800,8,7.461426753107136,26.508464813232422,0.11904761904761905,True
20210423,45801,7,7.12659915706375,20.96065092086792,0.21428571428571433,True
20210423,45802,7,7.939165869978744,22.20063066482544,0.7500000000000002,True
20210423,45803,10,16.874703041613774,46.02011680603027,0.5636363636363636,True
20210423,45804,10,11.569880592160873,35.394065856933594,0.9636363636363635,True
20210423,45805,10,17.389606919953124,52.236555099487305,-0.33333333333333326,True
20210423,45806,8,23.41093936217777,71.20108890533447,-0.04761904761904763,True
20210423,45807,7,7.323931036808386,22.434485912322998,0.42857142857142866,True
20210423,45808,9,10.733411674623524,32.769100189208984,0.6333333333333333,True
20210423,45809,9,11.85244912721714,37.831724405288696,0.8333333333333333,True
20210423,45810,7,4.341252703177522,11.845121383666992,0.5357142857142858,True
20210423,45812,9,8.21105891530897,25.563127040863037,0.45,True
20210423,45813,9,3.993031784973979,12.821948528289795,0.45,True
20210423,45814,10,10.600609219560003,37.855783462524414,0.5878787878787878,True
20210423,45815,1,0.0,0.0,,False
20210423,45816,9,21.92538576338978,63.629319190979004,0.21666666666666667,True
20210423,45818,9,6.570052452414305,20.032048225402832,0.8666666666666667,True
20210423,45819,9,10.733895437690443,39.631019115448,0.09999999999999999,True
20210423,45820,10,10.833911130929817,38.50361633300781,0.16363636363636364,True
20210423,45821,8,21.581890116283052,68.09228467941284,0.6904761904761906,True
20210423,45822,10,9.514252703439126,29.794496536254883,-0.32121212121212117,True
20210423,45823,7,4.346398822333715,14.379166841506958,0.3571428571428572,True
20210423,45824,10,6.064207420310336,19.165826320648193,0.5030303030303029,True
20210423,45825,9,9.702104739828071,33.08738899230957,0.5,True
20210423,45826,9,8.692454680454386,29.05992889404297,0.6833333333333333,True
20210423,45827,4,10.541189058018604,27.523757934570312,0.7999999999999999,True
20210423,45828,10,7.993104651054414,30.72119903564453,-0.12727272727272726,True
20210423,45829,3,3.2635327733849837,7.69563353061676,-1.0,True
20210423,45830,3,21.86785031336161,51.778690338134766,1.0,True
20210423,45832,9,7.452751089687885,24.51115572452545,0.26666666666666666,True
20210423,45834,2,0.2784222364425659,0.5568444728851318,0.9999999999999999,True
20210423,45835,9,14.075965378001143,42.35153841972351,0.65,True
20210423,45836,10,19.739857543273757,61.66333723068237,0.24848484848484845,True
20210423,45838,8,6.985706093256085,21.792697191238403,-0.261904761904762,True
20210423,45841,10,12.182620639929414,39.43719458580017,0.35757575757575755,True
20210423,45842,9,18.735327557481547,58.105950593948364,0.43333333333333335,True
20210423,45843,10,5.780081292427875,20.5059015750885,0.01818181818181818,True
20210423,45845,9,12.823796349226496,43.316415786743164,0.08333333333333334,True
20210423,45846,8,13.126769511696894,46.585256576538086,0.28571428571428575,True
20210423,45847,10,10.825658020515476,39.30364227294922,0.6363636363636362,True
20210423,45848,3,19.617804995665928,43.6837043762207,1.0,True
20210423,45849,7,22.036957349018156,57.36114549636841,0.1785714285714286,True
20210423,45850,4,14.707667452418558,37.512563705444336,0.39999999999999997,True
20210423,45851,8,9.021347070814986,27.610886096954346,-0.023809523809523815,True
20210423,45852,10,4.253706372281509,14.00163722038269,0.709090909090909,True
20210423,45853,10,20.08967113332662,71.07784366607666,0.006060606060606061,True
20210423,45854,10,8.915352403175135,30.58028793334961,-0.0303030303030303,True
20210423,45855,9,8.250982793715597,23.779025077819824,0.48333333333333334,True
20210423,45857,7,8.959769583192895,31.00697612762451,0.7857142857142859,True
20210423,45858,10,11.469682004293116,36.32314586639404,0.5636363636363636,True
20210423,45859,9,9.162747579937536,31.636844158172607,-0.2333333333333333,True
20210423,45860,6,8.842566647623828,24.552264094352722,0.2571428571428572,True
20210423,45861,10,5.641369623428207,18.619980335235596,0.33333333333333326,True
20210423,45862,9,15.698846171130242,52.738224029541016,-0.049999999999999996,True
20210423,45863,7,7.307472489677426,21.10436487197876,-0.4642857142857144,True
20210423,45864,9,9.176817289045625,33.912439823150635,0.09999999999999999,True
20210423,45865,10,12.011765519918889,38.55392265319824,-0.34545454545454546,True
20210423,45866,7,27.9499151783213,78.22801923751831,0.21428571428571433,True
20210423,45867,10,8.655817774806422,28.273215770721436,0.7333333333333332,True
20210423,45868,10,9.391383426798164,30.059848070144653,0.7454545454545454,True
20210423,45869,2,4.406377792358398,8.812755584716797,-0.9999999999999999,True
20210423,45870,5,12.68164216807633,29.19705605506897,0.49999999999999994,True
20210423,45871,8,9.331646362560372,26.302005290985107,0.6190476190476191,True
20210423,45872,10,13.238596273081944,41.31447625160217,-0.09090909090909088,True
20210423,45873,2,15.693509101867676,31.38701820373535,0.9999999999999999,True
20210423,45876,9,11.655180152201854,40.833863735198975,0.39999999999999997,True
20210423,45877,9,5.9104544100585015,20.47441816329956,0.15,True
20210423,45878,8,16.36598191762135,48.95110845565796,0.09523809523809526,True
20210423,45879,9,10.407129070090955,29.411259174346924,0.41666666666666663,True
20210423,45880,9,6.77687408940249,21.929819583892822,0.7166666666666667,True
20210423,45881,10,12.676033781277814,47.46282768249512,0.5030303030303029,True
20210423,45882,9,19.94207095332996,59.78089237213135,0.3051285766293647,True
20210423,45883,9,16.268795435441753,51.56631660461426,0.7166666666666667,True
20210423,45884,9,18.002981096461394,53.571202754974365,-0.09999999999999999,True
20210423,45885,8,3.9077579942248373,12.152394533157349,0.6428571428571429,True
20210423,45886,9,13.351807753177805,43.705299377441406,0.7166666666666667,True
20210423,45888,9,18.55337845228001,64.2089900970459,0.3666666666666667,True
20210423,45890,8,14.597312289266615,50.89061498641968,0.9047619047619048,True
20210423,45892,7,17.45918936749442,53.54342031478882,0.8928571428571429,True
20210423,45893,6,9.137063748873047,21.539186000823975,0.14285714285714288,True
20210423,45894,8,8.299333274542763,26.497503519058228,-0.19047619047619052,True
20210423,45896,10,13.453370641430515,48.832863330841064,0.0303030303030303,True
20210423,45897,10,8.563363855882386,30.983407974243164,0.28484848484848485,True
20210423,45898,9,17.250054584781363,63.95018196105957,0.7666666666666667,True
20210423,45902,4,9.145762310023429,25.59067153930664,1.0,True
20210423,45903,9,5.288496572078129,15.682206392288208,0.06666666666666667,True
20210423,45904,8,13.865382063583871,43.330942153930664,0.7142857142857144,True
20210423,45905,7,9.185346812445822,28.32210397720337,0.5,True
20210423,45906,10,12.67969040607756,51.29338455200195,0.4545454545454545,True
20210423,45907,8,16.33627839584457,56.27986145019531,-0.19047619047619052,True
20210423,45911,6,12.154402779352353,32.18769979476929,0.942857142857143,True
20210423,45912,7,7.910222781186282,25.29547119140625,0.8214285714285715,True
20210423,45913,6,11.904583347002285,35.65960693359375,-0.3714285714285715,True
20210423,45914,10,7.860368198864466,23.396682739257812,0.8303030303030302,True
20210423,45915,7,12.062799690061603,32.406609535217285,0.6785714285714287,True
20210423,45916,10,12.51587487423755,38.635783672332764,0.7939393939393938,True
20210423,45919,6,7.9936023855956835,22.70195722579956,-0.028571428571428574,True
20210423,45920,9,8.155909281446496,25.338469862937927,0.5333333333333333,True
20210423,45921,1,0.0,0.0,,False
20210423,45922,6,6.358128214899564,20.95118498802185,0.7714285714285715,True
20210423,45923,2,5.057696104049683,10.115392208099365,0.9999999999999999,True
20210423,45924,3,31.755259992956503,67.86028671264648,1.0,True
20210423,45925,10,13.90726565093634,55.334004402160645,0.7575757575757575,True
20210423,45926,10,12.445522006479935,46.46806716918945,0.6242424242424242,True
20210423,45927,3,14.8117186834563,35.79806566238403,0.5,True
20210423,45928,9,15.91423658565514,48.000242710113525,0.5,True
20210423,45929,10,7.550300288178139,23.226808071136475,0.6,True
20210423,45931,8,11.453346916533539,37.7331428527832,0.4047619047619048,True
20210423,45934,9,11.688376759801654,36.464293003082275,0.7166666666666667,True
20210423,45935,8,10.090850509564596,33.50075674057007,0.7142857142857144,True
20210423,45936,3,14.724706573959367,33.272620677948,0.5,True
20210423,45938,6,11.426464070438984,31.94189453125,0.3714285714285715,True
20210423,45939,7,10.02785921298432,31.94091248512268,0.3214285714285715,True
20210423,45940,9,12.264438466082337,46.59349060058594,0.08333333333333334,True
20210423,45941,7,10.626096754446971,35.67425012588501,-0.7857142857142859,True
20210423,45942,6,15.869996245098003,36.53102207183838,0.5428571428571429,True
20210423,45943,8,3.7559651717995854,11.338552474975586,0.5952380952380953,True
20210423,45944,4,10.990142058092044,26.869176864624023,0.39999999999999997,True
20210423,45946,10,5.273320100322959,15.816713571548462,0.4545454545454545,True
20210423,45948,2,28.086942434310913,56.173884868621826,0.9999999999999999,True
20210423,45949,3,20.936588817767593,49.70518469810486,0.5,True
20210423,45950,10,15.416571931981473,60.16324996948242,0.7939393939393938,True
20210423,45951,10,5.9336957211741055,20.80981707572937,0.5878787878787878,True
20210423,45952,10,10.091527231604283,28.58578133583069,0.4787878787878787,True
20210423,45953,7,21.358361927434498,54.2286319732666,0.5714285714285715,True
20210423,45955,6,27.44736185190888,79.95357894897461,0.942857142857143,True
20210423,45956,4,8.671746796115166,21.519065856933594,0.7999999999999999,True
20210423,45957,3,17.903686662643835,42.20588970184326,1.0,True
20210423,45958,8,7.858596481837075,25.915209770202637,0.5000000000000001,True
20210423,45959,8,13.848832599036585,47.92074728012085,0.8571428571428572,True
20210423,45963,10,11.594732836384528,42.792348861694336,0.406060606060606,True
20210423,45964,7,11.001826062955637,36.98728895187378,0.8571428571428573,True
20210423,45965,9,12.227506199749707,38.04163646697998,0.4666666666666666,True
20210423,45966,2,19.615160942077637,39.23032188415527,0.9999999999999999,True
20210423,45967,8,8.180117154645714,25.728097915649414,0.261904761904762,True
20210423,45969,10,15.142830665618353,47.27518701553345,0.6363636363636362,True
20210423,45970,7,17.175939642718635,52.3163948059082,0.42857142857142866,True
20210423,45971,10,12.311693533400682,42.62718868255615,0.6,True
20210423,45972,6,12.871828885010183,35.7702751159668,0.3714285714285715,True
20210423,45973,8,10.91038805981397,37.8335382938385,-0.07142857142857144,True
20210423,45974,8,11.45518815938977,41.86370325088501,0.9285714285714287,True
20210423,45976,10,11.25646266123828,38.91815137863159,-0.04242424242424241,True
20210423,45977,9,12.79271647116875,36.567609906196594,0.5333333333333333,True
20210423,45978,7,9.725281793364562,29.23152494430542,0.21428571428571433,True
20210423,45979,6,8.733615307060488,20.922097206115723,0.942857142857143,True
20210423,45980,10,8.452406886013563,26.987401247024536,0.41818181818181815,True
20210423,45982,10,9.308971875108139,28.650733947753906,0.28484848484848485,True
20210423,45983,7,14.599947100046968,45.88148069381714,0.1785714285714286,True
20210423,45984,9,10.920387629228042,40.767473220825195,0.21666666666666667,True
20210423,45985,8,19.938114029079497,66.00884628295898,0.6190476190476191,True
20210423,45987,9,6.76229648845605,21.529555320739746,0.5666666666666667,True
20210423,45988,9,8.399118106664927,25.21396827697754,0.09999999999999999,True
20210423,45990,9,7.091034910650067,18.992035388946533,0.13333333333333333,True
20210423,45991,4,15.614890348854706,42.42945098876953,1.0,True
20210423,45995,8,6.63161422209277,20.560604095458984,0.14285714285714288,True
20210423,45996,10,7.908142976937794,25.75245976448059,0.9636363636363635,True
20210423,45997,2,28.100479125976562,56.200958251953125,0.9999999999999999,True
20210423,45998,6,13.219784669321978,34.75874137878418,0.6571428571428573,True
20210423,46000,10,11.50468772697196,39.477341651916504,0.5272727272727272,True
20210423,46001,8,9.211438329240186,28.672989785671234,0.38095238095238104,True
20210423,46002,4,18.72104157763083,50.295982360839844,0.7999999999999999,True
20210423,46003,10,14.302040303692792,56.62400162220001,0.7333333333333332,True
20210423,46005,10,21.46040639324944,67.60015058517456,-0.10303030303030303,True
20210423,46006,9,7.2099277874473415,26.265812397003174,0.5,True
20210423,46007,10,13.243510401098984,46.71195459365845,0.8060606060606059,True
20210423,46010,9,11.435611055272945,39.21940040588379,0.26666666666666666,True
20210423,46012,7,13.673256771961778,45.12657117843628,0.3571428571428572,True
20210423,46013,9,10.717240707911127,37.34621047973633,0.4666666666666666,True
20210423,46016,8,13.393076233156316,37.44524574279785,0.30952380952380953,True
20210423,46017,8,11.90402265152374,40.97438430786133,0.0,True
20210423,46018,8,17.27898103302534,54.39936828613281,0.880952380952381,True
20210423,46019,8,7.88790771149603,25.80384588241577,0.6666666666666669,True
20210423,46020,10,10.833271168801822,38.78803634643555,0.5272727272727272,True
20210423,46021,7,13.226334435944185,42.73306441307068,0.39285714285714296,True
20210423,46022,7,16.651286451178898,58.870980739593506,0.6071428571428572,True
20210423,46023,9,9.073286860964776,35.73015880584717,0.65,True
20210423,46024,9,11.061720808647511,37.87554931640625,0.09999999999999999,True
20210423,46025,9,8.285969610303738,24.76563560962677,0.5666666666666667,True
20210423,46026,10,7.6576785121398565,27.11189556121826,0.7212121212121211,True
20210423,46028,8,14.502594135317471,40.85349798202515,0.7380952380952381,True
20210423,46030,6,5.796349919908267,14.630687713623047,0.942857142857143,True
20210423,46031,10,5.680164142512543,20.558207988739014,0.19999999999999998,True
20210423,46032,9,5.3022424955616785,15.39591360092163,0.13333333333333333,True
20210423,46033,10,10.23784470206888,37.65954399108887,0.7575757575757575,True
20210423,46034,9,9.428035165975338,28.39197278022766,0.65,True
20210423,46036,6,9.975836424916777,27.795549869537354,0.2571428571428572,True
20210423,46038,8,17.24910974212905,52.01903533935547,0.7857142857142858,True
20210423,46039,6,10.312774855604944,27.77580714225769,0.14285714285714288,True
20210423,46040,7,14.741524714231291,40.63737487792969,0.642857142857143,True
20210423,46041,8,21.62536289526684,59.14382839202881,-0.19047619047619052,True
20210423,46042,6,12.752293964348203,31.913551330566406,0.3714285714285715,True
20210423,46044,10,13.293457786957058,56.98608589172363,0.7212121212121211,True
20210423,46045,10,24.826612239834564,65.77714538574219,0.7454545454545454,True
20210423,46046,10,4.8437709046850115,15.139281272888184,0.01818181818181818,True
20210423,46047,10,14.86773417664293,56.249149799346924,0.35757575757575755,True
20210423,46048,10,9.610574600472148,32.86986792087555,0.4424242424242424,True
20210423,46049,10,8.372216831432803,30.872626781463623,0.41818181818181815,True
20210423,46050,9,9.282807240861123,32.72895383834839,0.0,True
20210423,46051,4,15.001284267064282,38.469778060913086,0.39999999999999997,True
20210423,46053,10,12.959652813824581,42.52962827682495,0.17575757575757575,True
20210423,46054,8,12.040630543786646,33.53722953796387,-0.07142857142857144,True
20210423,46055,7,19.923952459004056,55.92489290237427,-0.39285714285714296,True
20210423,46056,10,7.387147604361594,22.546512603759766,-0.38181818181818183,True
20210423,46058,8,11.394816886452194,36.15178155899048,0.28571428571428575,True
20210423,46059,7,7.953811053743996,28.3197660446167,0.6071428571428572,True
20210423,46060,7,15.42157397481315,44.858652114868164,0.5357142857142858,True
20210423,46061,9,5.267245908059473,15.745238304138184,0.41666666666666663,True
20210423,46062,9,7.582636833821541,24.742910385131836,0.5833333333333334,True
20210423,46063,9,8.157982285857544,25.135380268096924,0.31666666666666665,True
20210423,46064,6,9.647373834703115,32.50422143936157,-0.2,True
20210423,46065,8,18.525683253387204,50.47117471694946,0.8333333333333335,True
20210423,46066,3,8.086380710093882,19.249406814575195,0.5,True
20210423,46067,9,15.227155280472138,50.96390342712402,0.2833333333333333,True
20210423,46068,9,27.77925101568984,95.59038162231445,-0.3666666666666667,True
20210423,46069,9,17.72775483376038,66.29950094223022,0.8499999999999999,True
20210423,46070,1,0.0,0.0,,False
20210423,46071,10,8.588943360453355,32.985828280448914,0.5636363636363636,True
20210423,46072,8,7.4804740493932975,22.156509399414062,0.523809523809524,True
20210423,46073,1,0.0,0.0,,False
20210423,46074,10,14.519321204712607,48.756311893463135,0.6727272727272726,True
20210423,46076,1,0.0,0.0,,False
20210423,46078,10,8.956635812706896,30.2264404296875,0.2727272727272727,True
20210423,46080,8,10.492724820480108,34.55540466308594,0.7142857142857144,True
20210423,46081,7,6.404026089961071,19.45335578918457,0.5714285714285715,True
20210423,46082,8,15.086227969705085,53.32550764083862,0.9285714285714287,True
20210423,46083,10,8.34955237982246,27.55704164505005,0.5030303030303029,True
20210423,46084,5,16.946549346561664,45.5224552154541,0.7999999999999999,True
20210423,46085,10,12.199199437839592,33.4590859413147,0.49090909090909085,True
20210423,46088,8,9.331670244518167,34.1240291595459,0.6666666666666669,True
20210423,46089,7,10.206561964556288,29.796733856201172,0.7142857142857144,True
20210423,46091,7,7.656589568776909,25.194933891296387,0.39285714285714296,True
20210423,46092,7,3.946655957309651,11.19146728515625,0.25,True
20210423,46093,8,9.598822486264654,31.76811981201172,0.3333333333333334,True
20210423,46094,8,16.798267498433585,50.112807750701904,0.4523809523809524,True
20210423,46095,9,5.50028355389625,16.349878787994385,0.75,True
20210423,46096,8,15.722149268665618,48.09914493560791,0.38095238095238104,True
20210423,46097,9,3.8922632484548183,14.203021049499512,0.2833333333333333,True
20210423,46098,6,34.587971065325746,85.47654342651367,0.6571428571428573,True
20210423,46099,7,4.544072797714933,15.540229797363281,0.5357142857142858,True
20210423,46100,7,16.55331399099023,58.296565532684326,0.8571428571428573,True
20210423,46101,10,12.641055963556834,48.19960594177246,0.6484848484848483,True
20210423,46103,1,0.0,0.0,,False
20210423,46105,7,11.184932505267877,33.03329801559448,0.5714285714285715,True
20210423,46106,8,10.155725954788164,28.128881454467773,0.1666666666666667,True
20210423,46109,10,10.071660243890047,38.060977935791016,-0.34545454545454546,True
20210423,46112,8,8.780654587539342,23.948684692382812,0.14285714285714288,True
20210423,46113,10,15.329109567366887,53.81389832496643,0.23636363636363633,True
20210423,46114,10,10.303007901478225,31.721287727355957,0.7454545454545454,True
20210423,46115,9,11.303184802811776,32.31705379486084,0.09999999999999999,True
20210423,46116,7,18.754132893795287,62.058095932006836,0.6785714285714287,True
20210423,46117,9,11.416024379824565,40.776859283447266,0.16666666666666669,True
20210423,46118,10,16.05350389323297,50.884565353393555,0.5636363636363636,True
20210423,46120,7,7.189175926716775,26.2896409034729,0.28571428571428575,True
20210423,46121,10,11.940901205951919,36.32770299911499,0.06666666666666665,True
20210423,46122,7,5.550487596260367,20.221237659454346,0.10714285714285716,True
20210423,46123,9,8.822653859966943,27.333618640899658,0.3666666666666667,True
20210423,46124,10,14.434324497510246,44.998310565948486,0.6484848484848483,True
20210423,46125,7,4.9291072571174155,15.21417236328125,0.21428571428571433,True
20210423,46126,8,5.577830543264599,19.833263397216797,0.30952380952380953,True
20210423,46127,5,4.543434840492669,12.572395324707031,0.3,True
20210423,46129,8,10.0043750861522,33.034847021102905,0.6428571428571429,True
20210423,46131,1,0.0,0.0,,False
20210423,46132,10,11.39385201700646,43.506572246551514,0.7333333333333332,True
20210423,46134,8,7.171478018814115,24.13795518875122,0.5000000000000001,True
20210423,46135,9,15.628508006257817,48.02606236934662,0.06666666666666667,True
20210423,46136,10,11.84914482356514,41.98428964614868,0.7939393939393938,True
20210423,46137,10,9.421294181906259,32.24421274662018,0.6363636363636362,True
20210423,46138,7,20.315020039395783,65.35935354232788,0.6071428571428572,True
20210423,46140,8,11.401457690708982,33.94748783111572,-0.6190476190476191,True
20210423,46141,7,13.40614580403111,38.789757907390594,-0.6071428571428572,True
20210423,46144,6,12.138034311329479,39.16061067581177,0.8285714285714287,True
20210423,46145,8,5.067280078058335,16.80142831802368,0.38095238095238104,True
20210423,46146,8,4.526060669975939,14.273895263671875,0.261904761904762,True
20210423,46147,10,21.50391320548019,51.9305419921875,0.11515151515151514,True
20210423,46148,10,9.813573611099821,37.11158227920532,0.35757575757575755,True
20210423,46149,10,5.081110940253029,16.320313453674316,-0.01818181818181818,True
20210423,46151,8,13.250626511719398,34.03200340270996,-0.14285714285714288,True
20210423,46152,3,5.998607554279377,13.014144897460938,0.5,True
20210423,46153,8,17.83202186808351,62.3521842956543,0.09523809523809526,True
20210423,46154,8,16.652009605771923,56.13279390335083,0.5714285714285715,True
20210423,46155,8,17.92304157617313,60.84878969192505,0.880952380952381,True
20210423,46157,8,9.208563614232029,25.590124130249023,0.11904761904761905,True
20210423,46159,6,15.939363113121342,35.75555086135864,0.4285714285714286,True
20210423,46160,10,13.948986834449277,56.35172653198242,0.2606060606060606,True
20210423,46161,4,2.799183652329884,7.784887909889221,-0.19999999999999998,True
20210423,46162,5,6.225116264652786,16.499149322509766,0.9999999999999999,True
20210423,46164,8,8.727861419293957,25.60647487640381,0.4285714285714286,True
20210423,46165,8,12.536047846740116,35.31081938743591,0.7619047619047621,True
20210423,46166,9,5.7994011490907145,18.512686252593994,0.016666666666666666,True
20210423,46167,8,5.694721171673897,19.147571563720703,-0.4047619047619048,True
20210423,46169,10,6.828085718808609,21.491837918758392,0.709090909090909,True
20210423,46170,10,10.514557540663773,35.486244201660156,-0.3939393939393939,True
20210423,46171,10,12.287915867267651,40.43470048904419,0.24848484848484845,True
20210423,46172,9,5.930839980683998,17.15118432044983,0.8166666666666667,True
20210423,46173,8,8.071525624275312,26.62616729736328,0.9761904761904763,True
20210423,46174,8,10.806533304685498,36.92407035827637,0.11904761904761905,True
20210423,46175,7,14.933987464396328,45.90535116195679,0.28571428571428575,True
20210423,46176,10,8.058067584305798,28.16423201560974,0.6,True
20210423,46177,10,6.1648554522739705,21.519322156906128,0.406060606060606,True
20210423,46179,10,11.559624920218202,41.40905284881592,0.19999999999999998,True
20210423,46180,8,17.849916084611838,48.785367488861084,0.9285714285714287,True
20210423,46181,8,11.063177862042936,31.97545099258423,0.6904761904761906,True
20210423,46182,10,11.756481159426249,40.3737268447876,0.9393939393939393,True
20210423,46183,6,13.877359497565786,41.7510199546814,0.6571428571428573,True
20210423,46185,6,8.073015573226545,25.629304885864258,0.6571428571428573,True
20210423,46186,5,19.987926710047397,57.25233316421509,0.39999999999999997,True
20210423,46190,10,7.5921399712123625,22.1708984375,0.5151515151515151,True
20210423,46191,8,8.393867789285162,25.15988540649414,0.1666666666666667,True
20210423,46192,9,21.061488909345073,81.66757726669312,0.7,True
20210423,46194,10,9.497800519027377,31.76555347442627,0.35757575757575755,True
20210423,46195,10,9.710922504724136,30.631438732147217,0.13939393939393938,True
20210423,46196,9,6.862074695180116,24.941136360168457,0.43333333333333335,True
20210423,46198,7,5.741309942857785,20.228604555130005,0.14285714285714288,True
20210423,46199,9,9.320666408312864,25.5357084274292,0.5833333333333334,True
20210423,46201,7,7.614177568777625,21.982078552246094,0.10714285714285716,True
20210423,46202,5,11.331146864603701,28.616580963134766,0.8999999999999998,True
20210423,46203,9,6.920558929400746,25.66868495941162,0.6166666666666666,True
20210423,46204,10,7.937780125403821,29.44670033454895,0.17575757575757575,True
20210423,46205,5,12.606460491672989,36.10770034790039,0.0,True
20210423,46206,8,14.781309655804263,39.20374274253845,-0.6190476190476191,True
20210423,46208,9,20.370980309209553,57.727147579193115,0.5833333333333334,True
20210423,46209,6,18.06422126586731,51.83319854736328,0.4285714285714286,True
20210423,46210,9,13.314073030213876,50.45955848693848,0.049999999999999996,True
20210423,46211,8,15.00982349064184,49.108388900756836,-0.09523809523809526,True
20210423,46212,10,13.707212971184333,39.45065498352051,0.9151515151515152,True
20210423,46214,10,16.51882696631165,58.4734343290329,0.41818181818181815,True
20210423,46215,9,13.236398477900572,48.70204496383667,0.6833333333333333,True
20210423,46216,9,14.778571291979889,48.10484838485718,0.65,True
20210423,46218,9,9.378524555564779,35.57819628715515,0.06666666666666667,True
20210423,46219,1,0.0,0.0,,False
20210423,46220,8,12.916186966769224,46.35833930969238,-0.07142857142857144,True
20210423,46221,10,10.931773286053255,30.728394031524658,0.5272727272727272,True
20210423,46222,10,9.84247967542056,30.254626274108887,0.4787878787878787,True
20210423,46223,5,8.505879592807574,22.966007232666016,0.6,True
20210423,46224,7,15.593175538171135,51.45068359375,0.03571428571428572,True
20210423,46225,8,7.373882450089319,24.314197778701782,0.5952380952380953,True
20210423,46226,10,13.796530107384767,51.813451409339905,0.7212121212121211,True
20210423,46227,6,16.34462041157872,46.97137260437012,0.14285714285714288,True
20210423,46228,7,8.429577655970888,26.797863960266113,0.5357142857142858,True
20210423,46229,9,12.32140326785163,38.986196517944336,0.45,True
20210423,46230,4,11.339995179939404,28.053014278411865,0.19999999999999998,True
20210423,46231,9,23.119107517242334,72.84838819503784,0.75,True
20210423,46232,9,8.219553774402867,26.29978084564209,0.26666666666666666,True
20210423,46233,2,22.79499626159668,45.58999252319336,0.9999999999999999,True
20210423,46234,9,5.556330148347703,19.57157254219055,0.15,True
20210423,46235,8,9.553809242830333,24.826668739318848,0.880952380952381,True
20210423,46236,7,21.090385902008983,47.40972566604614,0.10714285714285716,True
20210423,46237,10,13.970078869802991,48.83363723754883,0.6242424242424242,True
20210423,46238,8,13.713405096205658,48.52558135986328,0.14285714285714288,True
20210423,46239,9,9.74281096593923,27.4918532371521,0.8499999999999999,True
20210423,46240,6,5.316890686649422,17.770051956176758,0.8285714285714287,True
20210423,46241,10,11.15658005302562,37.121882915496826,0.7939393939393938,True
20210423,46242,7,9.567180092162191,30.523865699768066,0.7500000000000002,True
20210423,46244,10,11.958458688658062,42.56832313537598,0.8424242424242423,True
20210423,46246,8,11.551776711312053,38.782609939575195,0.023809523809523815,True
20210423,46247,9,13.103899513704587,40.483556270599365,0.3,True
20210423,46248,9,9.157163696720097,28.236740589141846,0.16666666666666669,True
20210423,46249,10,20.247407370535747,74.60736131668091,0.8666666666666665,True
20210423,46250,9,15.046621653312974,47.202998638153076,0.08333333333333334,True
20210423,46251,7,19.171929861217123,48.03337264060974,-0.03571428571428572,True
20210423,46252,9,7.464052715636984,27.859650135040283,0.39999999999999997,True
20210423,46253,8,12.690385899264411,36.89004993438721,0.30952380952380953,True
20210423,46254,7,15.917182035894934,47.178555965423584,0.3214285714285715,True
20210423,46255,7,13.130873544155119,43.846195220947266,0.9642857142857145,True
20210423,46256,8,8.61169382979124,29.3449764251709,0.9047619047619048,True
20210423,46257,7,10.437506386228696,28.015164852142334,0.3571428571428572,True
20210423,46258,8,8.506571883963737,27.740800857543945,-0.07142857142857144,True
20210423,46259,9,7.166293829052635,25.60853385925293,-0.16666666666666669,True
20210423,46260,8,7.94376572710119,25.15558087825775,0.2380952380952381,True
20210423,46261,9,8.298894863126126,28.881397247314453,0.5666666666666667,True
20210423,46263,8,14.24655032716438,47.72085213661194,0.880952380952381,True
20210423,46264,10,8.965804108400313,33.866214752197266,0.4666666666666666,True
20210423,46267,10,12.082233320830778,44.727821350097656,0.7939393939393938,True
20210423,46268,8,7.617908438870827,24.126995086669922,0.8095238095238096,True
20210423,46269,9,10.545084950628967,32.95208549499512,0.16666666666666669,True
20210423,46270,5,12.474501945271548,30.79400062561035,0.7,True
20210423,46271,8,5.0694005056806475,17.97583770751953,0.3333333333333334,True
20210423,46272,9,3.2380291934870526,10.896005630493164,-0.06666666666666667,True
20210423,46273,1,0.0,0.0,,False
20210423,46274,4,9.845840188489968,26.837374210357666,0.7999999999999999,True
20210423,46275,7,11.0280681243255,35.071598052978516,0.8928571428571429,True
20210423,46276,5,29.647236533745815,86.80583477020264,0.3,True
20210423,46278,10,12.187423123991438,40.8765389919281,0.5151515151515151,True
20210423,46279,6,11.104535568302376,36.68795156478882,0.3142857142857143,True
20210423,46281,10,18.428674427252783,52.389163970947266,0.17575757575757575,True
20210423,46282,8,10.524855151840509,35.0626163482666,0.4761904761904762,True
20210423,46283,5,8.79817143869078,23.26243305206299,0.6,True
20210423,46284,9,17.194485092114554,49.48285901546478,0.0,True
20210423,46285,7,12.807159401499277,40.671329498291016,0.21428571428571433,True
20210423,46286,9,9.175766446112105,29.752106189727783,0.13333333333333333,True
20210423,46289,7,5.768674828440121,18.961877822875977,-0.03571428571428572,True
20210423,46290,7,10.321723745816435,34.786638259887695,-0.1785714285714286,True
20210423,46291,9,11.253972731256209,34.902148962020874,0.2833333333333333,True
20210423,46292,7,11.02714758344633,34.762757539749146,-0.10714285714285716,True
20210423,46295,7,5.482310515422381,17.62053680419922,0.5,True
20210423,46296,8,11.175864843321156,29.103382110595703,0.7619047619047621,True
20210423,46297,5,7.033968606961989,18.728219985961914,0.8999999999999998,True
20210423,46298,1,0.0,0.0,,False
20210423,46299,7,18.64951286898734,56.259642124176025,-0.10714285714285716,True
20210423,46300,10,12.292633488234042,47.49997568130493,0.10303030303030303,True
20210423,46301,8,9.66742308484408,32.696528911590576,-0.2142857142857143,True
20210423,46304,10,6.138056100639077,24.001686096191406,0.5515151515151515,True
20210423,46305,8,13.956293371632595,46.512208223342896,0.4285714285714286,True
20210423,46306,2,16.21036124229431,32.42072248458862,0.9999999999999999,True
20210423,46307,9,9.672712830873463,31.238840103149414,0.3666666666666667,True
20210423,46308,10,17.17255723582596,49.22018623352051,0.6848484848484848,True
20210423,46309,8,18.43771536860006,68.50678849220276,0.6190476190476191,True
20210423,46310,10,7.742292296751011,30.1511287689209,0.3696969696969697,True
20210423,46311,10,11.130016856838592,42.085569858551025,0.4545454545454545,True
20210423,46312,8,13.525016231635666,39.55973702669144,0.7619047619047621,True
20210423,46314,4,4.403352551521585,11.702464818954468,0.7999999999999999,True
20210423,46316,1,0.0,0.0,,False
20210423,46317,3,20.999713808456917,46.142290353775024,-0.5,True
20210423,46318,9,7.02431302158293,21.697280406951904,0.18333333333333335,True
20210423,46319,7,9.401457915389534,29.086324214935303,0.8928571428571429,True
20210423,46320,9,13.206472733409228,45.55160856246948,0.41666666666666663,True
20210423,46321,8,13.452904500830007,51.03190088272095,0.30952380952380953,True
20210423,46322,1,0.0,0.0,,False
20210423,46323,10,5.863102293599806,21.533670902252197,0.7939393939393938,True
20210423,46324,8,15.081139017325805,49.12151002883911,0.11904761904761905,True
20210423,46326,7,9.9604367372468,29.06901979446411,0.642857142857143,True
20210423,46327,3,14.560537360263533,33.184125900268555,-0.5,True
20210423,46328,1,0.0,0.0,,False
20210423,46329,9,10.006430716445653,37.27191495895386,0.5,True
20210423,46330,10,14.299221702875142,53.232380390167236,0.8181818181818182,True
20210423,46331,1,0.0,0.0,,False
20210423,46332,7,12.94462516751101,36.700753688812256,0.7500000000000002,True
20210423,46333,8,22.87423782110079,72.28919219970703,0.3333333333333334,True
20210423,46334,4,29.240335525656096,74.76009750366211,0.7999999999999999,True
20210423,46335,5,17.514558538961865,45.56876540184021,-0.3,True
20210423,46336,10,18.372099601767214,65.77999305725098,0.4424242424242424,True
20210423,46337,3,5.705292733978917,13.543415546417236,-0.5,True
20210423,46338,8,11.873865627245808,35.978058099746704,0.880952380952381,True
20210423,46339,7,12.360510379061523,42.57876777648926,0.3214285714285715,True
20210423,46340,7,9.978334780312123,31.407974243164062,0.5714285714285715,True
20210423,46341,8,13.180190283531172,38.62538528442383,0.04761904761904763,True
20210423,46342,10,14.567149750836396,44.41690254211426,0.04242424242424241,True
20210423,46343,10,11.037332475595361,40.66426944732666,0.406060606060606,True
20210423,46344,9,14.754290649006824,46.368326902389526,0.45,True
20210423,46345,7,18.05533551518901,49.16509819030762,0.5,True
20210423,46346,7,7.688591025085421,21.124678134918213,0.642857142857143,True
20210423,46347,7,8.641799748750831,28.732419967651367,0.5,True
20210423,46348,7,15.099933786452,41.852542877197266,0.07142857142857144,True
20210423,46349,10,10.692383392865931,37.251046657562256,0.4787878787878787,True
20210423,46350,9,13.499610804636951,50.51002550125122,-0.049999999999999996,True
20210423,46352,10,11.2566188396834,36.97285747528076,0.6727272727272726,True
20210423,46353,9,12.912765106408251,44.96959102153778,0.16666666666666669,True
20210423,46356,7,10.925242379655034,31.89511489868164,0.21428571428571433,True
20210423,46357,5,3.5864825070841144,10.683837413787842,0.9999999999999999,True
20210423,46358,9,15.328522739772275,46.15285301208496,0.25,True
20210423,46359,8,22.319068289142823,63.769811153411865,0.4523809523809524,True
20210423,46361,9,15.430866439988185,46.85663986206055,0.5,True
20210423,46362,7,8.870938924400761,26.587815046310425,0.7142857142857144,True
20210423,46363,7,16.16319923292639,42.884727001190186,0.8214285714285715,True
20210423,46365,4,11.49697671243937,27.795297145843506,0.39999999999999997,True
20210423,46366,8,9.355345833080124,23.924408435821533,0.523809523809524,True
20210423,46367,10,21.13525990508765,65.7087607383728,0.406060606060606,True
20210423,46368,9,9.99051612496704,31.41476321220398,-0.03333333333333333,True
20210423,46369,8,9.304672484957743,24.74683380126953,0.14285714285714288,True
20210423,46370,4,12.896921833893847,29.773740768432617,0.19999999999999998,True
20210423,46371,7,15.77681790976644,38.58970630168915,0.39285714285714296,True
20210423,46374,7,11.193721274469546,35.621084213256836,0.39285714285714296,True
20210423,46375,10,13.952280267500413,54.30643272399902,-0.29696969696969694,True
20210423,46376,7,13.142998180604861,44.261483669281006,0.4642857142857144,True
20210423,46378,9,4.403646638337532,12.786964416503906,0.65,True
20210423,46380,5,8.23688695676663,21.625181198120117,0.6,True
20210423,46381,8,23.1827250949566,73.86916923522949,0.7142857142857144,True
20210423,46382,8,19.20964581096162,57.75041961669922,0.7857142857142858,True
20210423,46383,2,10.341718673706055,20.68343734741211,0.9999999999999999,True
20210423,46384,8,8.221553625867024,23.610543727874756,0.4523809523809524,True
20210423,46385,9,6.494357502676081,22.60835576057434,0.6833333333333333,True
20210423,46386,1,0.0,0.0,,False
20210423,46387,9,6.558852351050253,17.315744400024414,-0.26666666666666666,True
20210423,46388,8,12.442842320374492,41.62151789665222,0.8571428571428572,True
20210423,46389,10,11.14936117973635,28.754440784454346,-0.28484848484848485,True
20210423,46390,9,19.61985273901926,57.095956802368164,0.15,True
20210423,46391,3,12.897307949086954,27.89054250717163,1.0,True
20210423,46392,8,8.416893427053,27.823699951171875,0.2380952380952381,True
20210423,46393,6,12.721381910321234,40.708740234375,0.8857142857142858,True
20210423,46394,9,7.130561586844261,20.657733917236328,-0.25,True
20210423,46395,5,14.938681454305238,38.98149299621582,0.9999999999999999,True
20210423,46396,8,24.384800860479764,64.90487718582153,-0.19047619047619052,True
20210423,46398,10,7.822635136941541,26.721491813659668,0.5878787878787878,True
20210423,46399,8,15.485195739189656,53.33199214935303,0.5952380952380953,True
20210423,46400,10,6.906572697852831,24.38494849205017,0.32121212121212117,True
20210423,46401,10,9.175058350166482,26.710617423057556,0.05454545454545454,True
20210423,46402,10,12.525869812839188,42.957279205322266,0.7212121212121211,True
20210423,46403,10,16.513565584576057,57.102291107177734,0.7818181818181817,True
20210423,46404,6,10.865661257736486,29.24747323989868,0.6,True
20210423,46405,8,10.089466472462895,32.08543539047241,0.6428571428571429,True
20210423,46406,9,9.24333045088061,30.685073375701904,0.8166666666666667,True
20210423,46407,6,11.2922730567054,31.7855486869812,0.8285714285714287,True
20210423,46408,9,5.657504544684889,20.147884368896484,0.5333333333333333,True
20210423,46409,6,12.393547460508998,34.472615242004395,0.7714285714285715,True
20210423,46410,4,7.581252422659969,19.957578659057617,1.0,True
20210423,46411,7,12.507535140724483,39.87296390533447,0.10714285714285716,True
20210423,46412,7,12.389574270424086,32.65255403518677,0.642857142857143,True
20210423,46413,7,18.18851518649863,50.82913064956665,0.7142857142857144,True
20210423,46415,9,9.328418687905627,27.354188919067383,0.049999999999999996,True
20210423,46416,3,0.8333628067816998,1.867258071899414,-0.5,True
20210423,46418,8,12.003356662284173,41.06020736694336,0.9047619047619048,True
20210423,46419,10,14.81997308056385,47.15968084335327,0.29696969696969694,True
20210423,46421,7,16.378809357514484,46.524813175201416,0.8571428571428573,True
20210423,46422,10,7.045485603081296,22.381124019622803,0.6121212121212121,True
20210423,46423,2,2.0750503540039062,4.1501007080078125,0.9999999999999999,True
20210423,46424,8,10.738173899795349,34.245927810668945,0.5714285714285715,True
20210423,46425,7,14.249009819202119,47.29208707809448,0.42857142857142866,True
20210423,46428,10,6.9489675493965155,20.784305572509766,0.6727272727272726,True
20210423,46429,7,13.677744938817753,48.51338529586792,0.10714285714285716,True
20210423,46430,9,13.314455594386043,41.11581563949585,0.8499999999999999,True
20210423,46431,10,24.67564260206602,68.62572479248047,0.9151515151515152,True
20210423,46432,9,17.827754870051418,58.75625658035278,-0.049999999999999996,True
20210423,46433,8,15.905238684486191,58.1088981628418,-0.11904761904761905,True
20210423,46434,5,7.568420831693817,19.306285858154297,0.7,True
20210423,46435,10,14.809992339317363,50.35173416137695,0.6484848484848483,True
20210423,46436,8,7.774861317408797,25.037053108215332,0.7619047619047621,True
20210423,46437,8,8.72738283576331,25.082422018051147,0.30952380952380953,True
20210423,46438,2,23.881402015686035,47.76280403137207,0.9999999999999999,True
20210423,46439,10,9.809260963017097,36.95647430419922,0.7696969696969697,True
20210423,46440,9,8.032275639757051,29.061641693115234,0.7666666666666667,True
20210423,46441,6,8.802337288712705,28.02397394180298,0.2571428571428572,True
20210423,46442,10,10.550672070085337,38.211814403533936,0.6363636363636362,True
20210423,46443,8,12.817833872547668,37.16799354553223,0.7142857142857144,True
20210423,46444,9,8.62188398089926,26.14536142349243,0.8333333333333333,True
20210423,46445,7,16.7827180964246,53.79669189453125,0.7857142857142859,True
20210423,46446,9,12.364676424757429,43.11872637271881,-0.4666666666666666,True
20210423,46447,9,4.120864000753828,11.88381052017212,0.7,True
20210423,46449,10,8.793621319777579,30.263123035430908,0.5636363636363636,True
20210423,46452,6,7.43929269167073,21.926140785217285,0.8857142857142858,True
20210423,46453,8,8.973468020086042,24.023006677627563,-0.4761904761904762,True
20210423,46454,10,15.359437040416955,50.439191579818726,0.7818181818181817,True
20210423,46455,9,12.953789021193375,51.78122866153717,0.5666666666666667,True
20210423,46456,6,16.647036647089312,47.50603485107422,0.8285714285714287,True
20210423,46457,10,3.4353221062188175,10.411872863769531,0.8060606060606059,True
20210423,46458,7,13.001867237403806,33.82712984085083,0.5357142857142858,True
20210423,46459,8,10.091406469193277,26.70630693435669,0.07142857142857144,True
20210423,46460,9,12.245531889975808,41.986948013305664,0.2333333333333333,True
20210423,46461,9,9.997110532905472,37.464731216430664,0.39999999999999997,True
20210423,46463,8,4.878277990214559,13.740865707397461,0.5952380952380953,True
20210423,46464,9,6.452001341130996,22.221904754638672,0.7999999999999999,True
20210423,46465,10,16.845039742882747,62.70281219482422,0.6242424242424242,True
20210423,46466,10,7.512762818056492,22.709697723388672,0.709090909090909,True
20210423,46467,6,21.75721820690262,59.847572326660156,0.6,True
20210423,46468,10,13.335629955828049,55.07498550415039,-0.006060606060606061,True
20210423,46469,8,17.51522857993267,57.1102614402771,0.3333333333333334,True
20210423,46470,7,18.113593859746043,62.139405727386475,0.7500000000000002,True
20210423,46472,10,13.866920420038426,54.267229080200195,0.4545454545454545,True
20210423,46473,6,11.034294814955246,33.79944181442261,0.8285714285714287,True
20210423,46474,8,10.951962066562345,31.42771625518799,0.9523809523809524,True
20210423,46475,7,10.661077481876859,34.392413854599,-0.1785714285714286,True
20210423,46477,8,11.335659740123091,29.0608868598938,0.09523809523809526,True
20210423,46479,7,9.291228172594916,26.69572687149048,0.7500000000000002,True
20210423,46480,7,7.935151179515413,23.86139154434204,0.5714285714285715,True
20210423,46481,8,13.10101338674818,43.065717697143555,0.261904761904762,True
20210423,46483,7,23.361034229475052,63.07601737976074,0.3571428571428572,True
20210423,46484,9,10.119279861897402,32.27157139778137,0.6833333333333333,True
20210423,46485,10,16.16228570866236,63.97848892211914,0.34545454545454546,True
20210423,46486,7,9.749461496410655,27.1225004196167,0.39285714285714296,True
20210423,46487,9,9.983069626603807,34.76357698440552,0.21666666666666667,True
20210423,46488,3,8.546153322966655,20.331417083740234,0.5,True
20210423,46489,10,8.723500098601436,37.33922600746155,0.11515151515151514,True
20210423,46490,10,10.376276916544356,32.43845820426941,0.38181818181818183,True
20210423,46491,9,11.709653975565477,34.594839215278625,0.35,True
20210423,46492,6,6.791938657105829,19.922706604003906,0.48571428571428577,True
20210423,46493,10,12.299951995107461,37.862775802612305,0.7575757575757575,True
20210423,46494,10,14.002524134194797,45.60364580154419,0.8666666666666665,True
20210423,46495,9,13.772912885950312,42.303447246551514,0.5666666666666667,True
20210423,46496,9,3.2149254240085043,9.28943133354187,0.5166666666666667,True
20210423,46498,9,5.69376220647346,18.963462591171265,0.18333333333333335,True
20210423,46499,9,12.042005174705901,35.357853055000305,0.6833333333333333,True
20210423,46500,8,17.728179719517996,51.70618486404419,-0.07142857142857144,True
20210423,46501,7,14.79714767021843,43.636919021606445,0.7500000000000002,True
20210423,46502,4,8.474635089275507,22.104507446289062,0.7999999999999999,True
20210423,46503,7,5.346670392218647,16.027864933013916,0.7500000000000002,True
20210423,46505,8,14.38932388349765,40.06518483161926,0.5476190476190477,True
20210423,46506,8,12.427156743649041,38.08218717575073,0.6190476190476191,True
20210423,46507,10,13.23340077468154,38.66084003448486,0.34545454545454546,True
20210423,46508,8,15.951356217875857,58.762786865234375,0.6428571428571429,True
20210423,46509,7,5.139065275976525,15.95725393295288,0.28571428571428575,True
20210423,46510,6,20.195187612044524,53.47956895828247,0.7714285714285715,True
20210423,46511,8,7.722729374932749,26.696983098983765,-0.023809523809523815,True
20210423,46512,1,0.0,0.0,,False
20210423,46514,2,1.4981951713562012,2.9963903427124023,0.9999999999999999,True
20210423,46516,10,7.107603197944415,25.293855667114258,0.17575757575757575,True
20210423,46518,10,12.29744059769122,44.80455827713013,0.43030303030303024,True
20210423,46519,6,13.569111859857822,43.946725845336914,0.3714285714285715,True
20210423,46520,9,15.96225395343832,47.87704932689667,0.7666666666666667,True
20210423,46521,9,14.711042028388011,51.40904998779297,-0.11666666666666665,True
20210423,46522,9,10.953322804585047,37.70250082015991,0.26666666666666666,True
20210423,46523,10,8.202700136705593,30.70251488685608,0.8909090909090909,True
20210423,46524,7,13.518845283003149,41.95292854309082,0.7142857142857144,True
20210423,46525,3,9.105852235665203,21.08687114715576,1.0,True
20210423,46526,7,11.128866909335898,32.10860776901245,0.6071428571428572,True
20210423,46527,2,6.244224548339844,12.488449096679688,0.9999999999999999,True
20210423,46528,4,18.575576251683138,48.558528900146484,0.39999999999999997,True
20210423,46529,10,7.0303537347257805,25.828717470169067,0.29696969696969694,True
20210423,46531,7,3.795849268782333,10.323766231536865,0.28571428571428575,True
20210423,46532,7,17.915450868037706,56.41259574890137,0.21428571428571433,True
20210423,46535,8,11.624468148003603,40.07151460647583,0.6904761904761906,True
20210423,46536,8,8.435120259496749,29.098586082458496,0.7380952380952381,True
20210423,46537,3,14.903769862349401,36.470481872558594,0.5,True
20210423,46538,10,7.659824149534918,26.862465262413025,0.0303030303030303,True
20210423,46539,8,23.554351626672645,61.59604597091675,0.8333333333333335,True
20210423,46540,10,13.565743969313859,44.03263854980469,-0.06666666666666665,True
20210423,46541,9,15.83815822917144,50.06888198852539,0.8333333333333333,True
20210423,46542,9,8.185051990185617,27.537444591522217,0.2833333333333333,True
20210423,46543,8,5.563564660015603,17.472469329833984,0.4761904761904762,True
20210423,46544,8,11.164714602158337,38.963090896606445,0.5952380952380953,True
20210423,46546,10,4.914312473774816,14.69090223312378,0.2727272727272727,True
20210423,46547,9,6.191586406974131,21.924785137176514,0.65,True
20210423,46548,10,5.707387134309139,21.47110414505005,0.19999999999999998,True
20210423,46549,7,5.5721705109334,17.836294651031494,0.9285714285714288,True
20210423,46550,7,20.720689326709508,58.23951005935669,0.25,True
20210423,46552,8,11.724620630401905,36.256019592285156,0.261904761904762,True
20210423,46555,1,0.0,0.0,,False
20210423,46556,8,13.205456290090897,45.63122034072876,0.4761904761904762,True
20210423,46558,9,11.077135585731957,36.67766714096069,0.7666666666666667,True
20210423,46559,9,11.014577853654872,44.449310302734375,-0.16666666666666669,True
20210423,46560,10,10.547462758955886,32.15911912918091,0.3696969696969697,True
20210423,46561,9,11.072565153023346,42.24249601364136,0.31666666666666665,True
20210423,46562,9,8.395426936920824,23.40366554260254,0.35,True
20210423,46563,7,16.00073825564072,42.76892328262329,0.3214285714285715,True
20210423,46564,8,10.250497729423198,29.642269492149353,0.8095238095238096,True
20210423,46565,8,11.458672558579128,36.0404691696167,0.14285714285714288,True
20210423,46566,10,12.813227579533768,44.73888349533081,0.5272727272727272,True
20210423,46567,9,8.423197986341094,26.731747150421143,0.09999999999999999,True
20210423,46569,8,17.310940234108955,50.545461654663086,0.14285714285714288,True
20210423,46570,10,10.836960982565754,34.58431816101074,0.5515151515151515,True
20210423,46571,9,10.0852374376123,39.13625955581665,0.13333333333333333,True
20210423,46573,10,5.353167636373786,19.124099254608154,0.2727272727272727,True
20210423,46574,10,5.542107033266971,17.05378669500351,0.18787878787878787,True
20210423,46575,6,7.173440003390036,22.541988372802734,0.6,True
20210423,46576,9,10.026814535248265,31.54939842224121,-0.2333333333333333,True
20210423,46578,8,10.955750524056317,31.93729066848755,0.30952380952380953,True
20210423,46579,10,22.46741726132441,85.01116943359375,0.34545454545454546,True
20210423,46580,9,7.188194449407511,24.758428812026978,0.43333333333333335,True
20210423,46581,8,8.263567524438619,27.867612838745117,-0.11904761904761905,True
20210423,46582,10,19.65774142908789,60.67764091491699,0.7333333333333332,True
20210423,46583,7,8.884550437345162,21.475075721740723,0.8571428571428573,True
20210423,46587,10,10.94778917856525,36.59740877151489,0.05454545454545454,True
20210423,46588,8,12.478342823144388,38.563152551651,0.3333333333333334,True
20210423,46589,9,10.992808510133296,39.60673475265503,0.15,True
20210423,46591,7,11.852382163244622,38.862664580345154,0.10714285714285716,True
20210423,46592,10,19.80727266422992,59.91000556945801,0.9030303030303028,True
20210423,46593,10,18.544667984756316,60.70612716674805,0.9515151515151514,True
20210423,46594,5,4.70613951670629,12.76956033706665,0.49999999999999994,True
20210423,46595,9,9.868131325077352,30.0156911611557,0.9500000000000001,True
20210423,46596,9,10.423961174283644,37.04729413986206,0.26666666666666666,True
20210423,46597,10,18.980030130770757,54.187978744506836,0.5272727272727272,True
20210423,46598,8,4.686921324633649,14.304551601409912,0.07142857142857144,True
20210423,46599,10,10.786311292832949,30.049116611480713,-0.2606060606060606,True
20210423,46600,8,17.507471625791407,50.652817726135254,0.2142857142857143,True
20210423,46601,9,8.725148918205829,30.227049827575684,0.7999999999999999,True
20210423,46602,7,7.65398971596717,22.780980348587036,0.14285714285714288,True
20210423,46603,8,14.17843608587887,48.33194327354431,0.04761904761904763,True
20210423,46604,8,9.40070953522514,29.33665370941162,0.5476190476190477,True
20210423,46605,10,9.591757075473485,32.13044011592865,0.4545454545454545,True
20210423,46606,3,31.867087985894184,77.03649282455444,1.0,True
20210423,46608,7,19.746629325474007,61.38064241409302,0.5357142857142858,True
20210423,46609,5,11.677790816275321,34.4929461479187,0.3,True
20210423,46610,8,12.165915025906335,40.83757925033569,0.9047619047619048,True
20210423,46611,9,10.15532406335739,34.60424184799194,0.5166666666666667,True
20210423,46612,10,9.129465048595417,35.07231163978577,0.17575757575757575,True
20210423,46613,5,11.934553711847128,32.15977478027344,0.8999999999999998,True
20210423,46615,1,0.0,0.0,,False
20210423,46617,7,4.76078041891411,16.304465770721436,0.1785714285714286,True
20210423,46618,9,9.368671663366387,29.579893589019775,0.75,True
20210423,46619,8,9.510354917024122,34.41536521911621,0.4523809523809524,True
20210423,46620,6,12.09840043361764,37.87071478366852,0.3142857142857143,True
20210423,46621,9,10.06250703350394,35.59154033660889,0.7999999999999999,True
20210423,46622,9,13.302547848649333,44.27867317199707,0.5833333333333334,True
20210423,46623,10,8.7048369177641,33.799179553985596,-0.01818181818181818,True
20210423,46625,6,7.2807792820157164,22.683769941329956,0.8857142857142858,True
20210423,46626,9,11.276234649055658,42.37703323364258,-0.13333333333333333,True
20210423,46627,6,4.254239035324228,12.837632417678833,0.7142857142857143,True
20210423,46628,8,9.188407893460568,31.305845022201538,0.8571428571428572,True
20210423,46629,9,6.515513329576175,21.799389362335205,0.33333333333333337,True
20210423,46630,10,3.413434003847448,11.040868759155273,0.309090909090909,True
20210423,46632,10,12.973857778009979,40.78602981567383,0.5515151515151515,True
20210423,46633,8,7.262151241922723,23.4080491065979,0.38095238095238104,True
20210423,46634,10,10.441890101797911,35.56731939315796,0.6242424242424242,True
20210423,46635,3,16.42508561871949,37.18132495880127,0.5,True
20210423,46637,10,23.886442134874965,69.50982999801636,0.5393939393939393,True
20210423,46638,10,13.29214689130712,43.10033369064331,0.709090909090909,True
20210423,46639,10,13.29639067543163,37.79814410209656,0.3696969696969697,True
20210423,46640,10,8.574925485930669,31.025741696357727,0.7696969696969697,True
20210423,46641,6,14.369556883086798,41.531649112701416,0.6,True
20210423,46642,10,12.038851419355359,34.31263303756714,0.0303030303030303,True
20210423,46643,3,15.875078705809104,38.51863431930542,0.5,True
20210423,46644,9,14.880974120384781,45.52305603027344,0.25,True
20210423,46645,10,13.560664077072602,45.31135559082031,0.05454545454545454,True
20210423,46646,7,7.913551022811209,24.224976539611816,0.7142857142857144,True
20210423,46647,10,8.944515378233861,33.74482583999634,0.23636363636363633,True
20210423,46649,7,13.07865171672888,43.779622077941895,0.7142857142857144,True
20210423,46650,8,8.813661404777507,31.519705295562744,0.7619047619047621,True
20210423,46651,10,17.219498949514232,52.82470345497131,0.01818181818181818,True
20210423,46652,10,22.04709854687129,82.16397047042847,0.12727272727272726,True
20210423,46654,6,13.3883067307885,33.31013059616089,0.14285714285714288,True
20210423,46655,9,8.773157476392953,30.065276622772217,0.5,True
20210423,46656,10,14.605847752217272,35.200557708740234,0.4666666666666666,True
20210423,46657,5,12.468666815924372,35.35012865066528,0.49999999999999994,True
20210423,46659,7,17.009895186089768,46.202885150909424,0.28571428571428575,True
20210423,46660,10,8.511105494761395,30.392494201660156,0.24848484848484845,True
20210423,46661,10,15.564704610792035,45.557854413986206,0.3696969696969697,True
20210423,46662,8,13.834694456942364,49.45284605026245,0.5000000000000001,True
20210423,46663,8,5.487604562502758,15.262597560882568,0.7857142857142858,True
20210423,46665,10,7.490442752163668,18.7274489402771,0.7696969696969697,True
20210423,46666,8,17.180538228414203,50.38151693344116,0.7857142857142858,True
20210423,46668,8,12.33133530805407,34.73717737197876,0.4523809523809524,True
20210423,46671,10,11.622210836346994,33.56327271461487,0.0303030303030303,True
20210423,46673,7,7.119983814343744,19.93622398376465,0.3571428571428572,True
20210423,46674,9,9.982719862479875,30.143675804138184,0.8833333333333333,True
20210423,46678,6,7.683026571989667,21.85220694541931,0.2,True
20210423,46679,6,8.227998690570296,26.641683101654053,0.6571428571428573,True
20210423,46681,8,14.670818568507311,45.40019369125366,0.523809523809524,True
20210423,46682,1,0.0,0.0,,False
20210423,46683,10,11.785024637022532,30.95497989654541,0.6121212121212121,True
20210423,46684,9,5.510207255427475,19.043238162994385,0.15,True
20210423,46685,8,21.709228559099458,82.34354400634766,0.880952380952381,True
20210423,46686,9,11.896560961815487,35.07606601715088,-0.39999999999999997,True
20210423,46688,9,11.79652683684062,41.80062961578369,0.2833333333333333,True
20210423,46689,8,5.535138651074621,14.37988567352295,-0.38095238095238104,True
20210423,46690,9,20.401154541323443,60.7740421295166,-0.11666666666666665,True
20210423,46691,10,10.96315773577045,30.703256607055664,0.4666666666666666,True
20210423,46693,8,5.498667374739162,19.240192413330078,0.5714285714285715,True
20210423,46694,10,11.15316869947975,35.786394119262695,-0.4787878787878787,True
20210423,46695,5,24.532234114134003,63.5015435218811,0.09999999999999999,True
20210423,46696,9,11.451023763635119,34.453030586242676,0.08333333333333334,True
20210423,46697,10,12.950673713262846,43.22725868225098,0.12727272727272726,True
20210423,46698,7,4.183859163986438,12.735292911529541,0.42857142857142866,True
20210423,46700,9,12.097548171332857,38.8417706489563,0.39999999999999997,True
20210423,46701,9,8.927481372182655,29.488295555114746,0.2333333333333333,True
20210423,46702,1,0.0,0.0,,False
20210423,46703,6,9.079988483638079,29.587595224380493,0.028571428571428574,True
20210423,46705,7,14.823452168223282,51.0828971862793,0.3214285714285715,True
20210423,46706,9,15.143655413783634,48.93805503845215,0.7,True
20210423,46707,3,12.751633184770272,27.586337089538574,1.0,True
20210423,46708,8,12.056536383022374,35.88223695755005,0.7142857142857144,True
20210423,46709,10,31.33386973960439,113.18647742271423,-0.6727272727272726,True
20210423,46710,8,13.35942255954405,38.5224494934082,0.3571428571428572,True
20210423,46711,8,6.42850768096215,17.487935066223145,-0.19047619047619052,True
20210423,46712,5,13.01989715476499,36.48988342285156,0.8999999999999998,True
20210423,46713,10,12.436140117384765,44.12286901473999,0.5878787878787878,True
20210423,46714,7,13.225124713533408,47.76383328437805,0.7857142857142859,True
20210423,46715,4,17.595969539412238,43.57980728149414,0.7999999999999999,True
20210423,46716,7,9.437813552965112,30.27041721343994,0.4642857142857144,True
20210423,46717,9,11.78919637745016,41.42338943481445,0.6666666666666667,True
20210423,46718,9,13.17151179633218,41.745877742767334,0.6166666666666666,True
20210423,46719,5,4.728994705943519,13.920979738235474,0.6,True
20210423,46720,6,4.633369768636474,13.085880279541016,0.8285714285714287,True
20210423,46721,8,21.624931649959777,65.31651449203491,0.14285714285714288,True
20210423,46722,10,12.863725354881963,43.29071807861328,0.5636363636363636,True
20210423,46723,10,6.224675806547595,20.501506805419922,-0.13939393939393938,True
20210423,46724,8,13.07220667475308,41.869728565216064,0.38095238095238104,True
20210423,46725,10,8.685841823359869,30.37154483795166,0.5393939393939393,True
20210423,46726,10,12.151583937659066,44.17244029045105,0.5272727272727272,True
20210423,46729,8,11.313522814268067,34.82664489746094,0.3571428571428572,True
20210423,46730,10,5.560374183956742,17.20650339126587,-0.04242424242424241,True
20210423,46731,9,10.350133171441948,34.851155281066895,0.75,True
20210423,46732,10,10.717035719220151,29.54485559463501,0.5272727272727272,True
20210423,46733,10,8.32764973326303,32.400346755981445,-0.11515151515151514,True
20210423,46734,8,8.828617712388635,31.94772458076477,0.3333333333333334,True
20210423,46735,1,0.0,0.0,,False
20210423,46736,9,5.913936964913136,16.226291179656982,0.16666666666666669,True
20210423,46737,6,14.59844749045359,41.67271280288696,0.14285714285714288,True
20210423,46738,7,11.903487913883126,34.06642389297485,0.6785714285714287,True
20210423,46739,8,17.41898943409561,62.614078521728516,-0.023809523809523815,True
20210423,46740,5,13.806859168253068,40.62550163269043,0.39999999999999997,True
20210423,46743,9,14.188975663238992,49.62481355667114,0.18333333333333335,True
20210423,46745,10,10.030635902915645,28.233603477478027,0.5393939393939393,True
20210423,46747,10,15.179358618851522,43.435657024383545,0.5030303030303029,True
20210423,46749,8,5.266706663129867,16.519322872161865,-0.4523809523809524,True
20210423,46750,10,13.571102969450196,44.91024351119995,0.4666666666666666,True
20210423,46751,8,3.3911838948264204,11.71044373512268,0.4047619047619048,True
20210423,46753,9,7.958655487457318,24.34271001815796,0.4666666666666666,True
20210423,46754,9,4.631131749469072,15.569683074951172,0.09999999999999999,True
20210423,46755,8,5.513081233251291,16.665231704711914,0.3571428571428572,True
20210423,46756,8,13.817756706218443,42.40848922729492,0.4285714285714286,True
20210423,46758,9,5.643929936505645,17.660210132598877,0.15,True
20210423,46759,8,13.40049763583017,41.36140060424805,-0.2142857142857143,True
20210423,46760,8,22.46820541488136,62.18646478652954,0.38095238095238104,True
20210423,46761,7,5.435414078333814,14.800812721252441,0.21428571428571433,True
20210423,46763,10,6.812299784117357,22.93989372253418,0.16363636363636364,True
20210423,46764,10,16.68328710832728,50.738359212875366,0.18787878787878787,True
20210423,46765,8,11.333001661409929,34.2031364440918,0.6666666666666669,True
20210423,46766,8,25.73450881916574,80.66710472106934,0.5952380952380953,True
20210423,46767,6,10.818351568864845,33.5069637298584,0.7714285714285715,True
20210423,46768,9,17.238565585207084,53.40527009963989,0.7999999999999999,True
20210423,46770,8,15.148145900638914,55.07428741455078,0.11904761904761905,True
20210423,46771,1,0.0,0.0,,False
20210423,46773,9,12.194990169021091,42.68584060668945,0.4666666666666666,True
20210423,46774,9,15.00916996830493,43.38057327270508,0.0,True
20210423,46775,8,6.307278069621877,21.058470249176025,-0.1666666666666667,True
20210423,46776,9,6.232486778929898,20.643023014068604,0.8499999999999999,True
20210423,46777,8,13.107481119994082,43.64840316772461,0.6904761904761906,True
20210423,46778,8,13.023072618012051,39.33689475059509,0.6428571428571429,True
20210423,46779,4,7.223584442313049,18.523587703704834,0.39999999999999997,True
20210423,46780,9,13.080157904448429,42.59127312898636,-0.33333333333333337,True
20210423,46781,9,9.83908412975866,33.45336723327637,0.43333333333333335,True
20210423,46782,10,13.201305405111983,40.34549331665039,-0.01818181818181818,True
20210423,46783,8,8.43135857633419,33.10614538192749,0.28571428571428575,True
20210423,46784,7,12.51767419588476,43.15038603544235,0.8571428571428573,True
20210423,46785,10,12.218227543213366,32.55973422527313,0.6969696969696969,True
20210423,46786,10,14.880727811857884,47.75334167480469,0.8909090909090909,True
20210423,46789,7,18.908672266188983,58.07506704330444,0.3214285714285715,True
20210423,46790,10,9.324399946779899,35.44887161254883,0.8181818181818182,True
20210423,46791,8,11.110330680714567,40.14826059341431,0.6190476190476191,True
20210423,46792,7,6.76893847501803,20.525010585784912,0.03571428571428572,True
20210423,46793,10,9.130152622502795,27.332751512527466,0.29696969696969694,True
20210423,46794,9,10.296332349473484,30.805930614471436,0.41666666666666663,True
20210423,46795,7,15.224093021001549,51.25720834732056,-0.10714285714285716,True
20210423,46796,3,13.306382312821954,29.145710229873657,0.5,True
20210423,46797,10,5.59572489442011,16.84256935119629,0.5272727272727272,True
20210423,46798,1,0.0,0.0,,False
20210423,46799,5,4.323194690138109,13.469959259033203,-0.6,True
20210423,46801,8,6.226083556044341,17.698105335235596,0.7142857142857144,True
20210423,46802,7,11.374079777337085,33.522762298583984,0.642857142857143,True
20210423,46803,9,16.37732047680633,53.3483304977417,0.03333333333333333,True
20210423,46804,10,9.498738280591038,27.079965591430664,0.7212121212121211,True
20210423,46805,10,13.310449758338754,38.01747179031372,0.01818181818181818,True
20210423,46808,10,7.796479719867962,28.609389781951904,0.06666666666666665,True
20210423,46809,7,12.664122388263962,42.513025760650635,0.9285714285714288,True
20210423,46810,7,9.856144197222928,32.88676834106445,0.8928571428571429,True
20210423,46811,8,8.90395360783732,28.231200337409973,0.4285714285714286,True
20210423,46815,9,7.790130432090861,24.078848361968994,0.35,True
20210423,46817,8,8.690354679074629,27.570881009101868,0.523809523809524,True
20210423,46818,9,22.52697921875774,66.6856336593628,0.5499999999999999,True
20210423,46819,10,4.162051807169915,12.212243556976318,0.7939393939393938,True
20210423,46820,5,8.334809774733385,19.337083339691162,0.7,True
20210423,46821,8,10.371514025304675,32.0699200630188,0.30952380952380953,True
20210423,46822,6,9.75422342479489,27.222997665405273,0.14285714285714288,True
20210423,46823,10,13.515506200200486,48.765939235687256,0.7818181818181817,True
20210423,46824,8,7.648994879807059,23.479854583740234,0.2380952380952381,True
20210423,46826,10,7.34060327094486,26.258440017700195,-0.43030303030303024,True
20210423,46829,5,16.22135296572958,43.24507522583008,0.9999999999999999,True
20210423,46830,10,8.58163179760541,32.208571434020996,0.12727272727272726,True
20210423,46831,9,5.1974442527519376,18.36863088607788,0.7833333333333333,True
20210423,46832,9,10.878253540970285,39.44611978530884,0.5166666666666667,True
20210423,46833,10,10.30072143503901,39.4328875541687,0.709090909090909,True
20210423,46835,10,7.773922460658013,20.766151428222656,-0.13939393939393938,True
20210423,46836,10,13.64946618282516,48.128740310668945,0.7696969696969697,True
20210423,46837,8,20.691189884591232,54.57157897949219,0.30952380952380953,True
20210423,46840,8,13.245933422092182,42.5238471031189,0.4523809523809524,True
20210423,46843,10,7.493146600505127,26.156139373779297,0.17575757575757575,True
20210423,46844,3,18.200078238704524,42.2696795463562,0.5,True
20210423,46845,9,8.762855707824675,23.619707584381104,0.2833333333333333,True
20210423,46846,9,11.608027265020684,34.74183130264282,0.03333333333333333,True
20210423,46847,7,7.183144451434001,22.431982040405273,-0.14285714285714288,True
20210423,46848,10,8.37166149066596,28.106046676635742,0.6363636363636362,True
20210423,46850,3,14.331452846827947,33.88924598693848,0.5,True
20210423,46851,8,9.268867467851074,27.213699340820312,0.5476190476190477,True
20210423,46852,10,13.56956320046881,46.37069320678711,0.8666666666666665,True
20210423,46853,9,12.118453643273417,37.83024787902832,0.4666666666666666,True
20210423,46855,9,15.309247156908306,52.74875831604004,0.6,True
20210423,46856,8,13.580967040272382,44.27893543243408,0.4523809523809524,True
20210423,46857,7,7.391360741450293,25.072885274887085,0.3571428571428572,True
20210423,46858,5,16.149776154638957,45.171823501586914,0.39999999999999997,True
20210423,46860,9,16.054338549488474,61.71020984649658,0.7,True
20210423,46861,10,6.48393508324366,25.691972255706787,0.2727272727272727,True
20210423,46862,9,9.980328086938044,29.816996097564697,0.8666666666666667,True
20210423,46863,10,6.922463319446416,23.129119873046875,0.7818181818181817,True
20210423,46864,3,9.880956290555906,24.080673217773438,0.5,True
20210423,46865,8,7.7575262357395065,21.497922658920288,0.8095238095238096,True
20210423,46866,1,0.0,0.0,,False
20210423,46867,1,0.0,0.0,,False
20210423,46869,10,4.522886928717716,12.811087131500244,0.16363636363636364,True
20210423,46870,5,12.16077683149361,32.16557598114014,0.3,True
20210423,46871,5,7.656642611664757,17.834919452667236,-0.39999999999999997,True
20210423,46873,8,11.376428402855428,36.07145929336548,0.2380952380952381,True
20210423,46875,5,2.2396388476860527,6.202173709869385,0.3,True
20210423,46876,7,11.072989559652951,36.42626953125,0.5357142857142858,True
20210423,46877,8,5.712194490963453,21.385621547698975,0.11904761904761905,True
20210423,46878,10,5.213245454083908,18.637678146362305,0.4787878787878787,True
20210423,46881,10,16.396726738104334,48.485727310180664,0.8666666666666665,True
20210423,46883,9,10.069974278083096,24.88195037841797,0.33333333333333337,True
20210423,46884,9,12.825760370408501,41.465572357177734,0.31666666666666665,True
20210423,46885,10,10.995083397622885,39.17319631576538,-0.09090909090909088,True
20210423,46886,10,8.083071352933322,25.989809274673462,0.6727272727272726,True
20210423,46888,9,9.507649455559466,27.40970802307129,-0.03333333333333333,True
20210423,46889,10,10.21392505465259,37.57474374771118,0.709090909090909,True
20210423,46890,9,6.986336719789266,20.74109125137329,0.8833333333333333,True
20210423,46891,8,8.594035841067292,27.02460289001465,0.9047619047619048,True
20210423,46893,10,9.090105270623772,29.64230453968048,0.6606060606060605,True
20210423,46894,9,14.995201093096814,48.257965087890625,0.6666666666666667,True
20210423,46895,8,16.472138708284948,57.980863094329834,0.5000000000000001,True
20210423,46896,10,11.016183279982688,39.10281038284302,0.406060606060606,True
20210423,46897,8,7.849425048381782,21.091803550720215,0.0,True
20210423,46898,3,16.38876080680947,40.11255073547363,1.0,True
20210423,46899,1,0.0,0.0,,False
20210423,46900,9,11.840751238356125,33.733577728271484,0.9166666666666666,True
20210423,46901,10,9.88317302398537,32.247249603271484,0.9151515151515152,True
20210423,46903,8,7.37431265725223,26.944475412368774,0.4047619047619048,True
20210423,46904,6,13.121289357219721,34.12033271789551,0.4285714285714286,True
20210423,46905,9,10.094512667583382,39.12523126602173,0.8499999999999999,True
20210423,46906,5,7.167048850737879,21.07634687423706,0.8999999999999998,True
20210423,46907,9,8.281417429942609,28.00516653060913,0.18333333333333335,True
20210423,46908,8,10.833358605236432,38.109824657440186,-0.09523809523809526,True
20210423,46909,5,7.5020468837152325,22.581860542297363,0.7,True
20210423,46910,7,6.274448529448398,16.870392322540283,0.7500000000000002,True
20210423,46911,10,7.655772131306568,29.471834659576416,0.406060606060606,True
20210423,46912,8,12.600016692126394,47.944332122802734,-0.023809523809523815,True
20210423,46913,10,10.479571585079107,41.84699201583862,-0.18787878787878787,True
20210423,46914,10,9.956775681851019,39.1668906211853,0.6363636363636362,True
20210423,46915,1,0.0,0.0,,False
20210423,46916,10,8.277207921092144,32.434874057769775,-0.13939393939393938,True
20210423,46918,9,10.32504313961962,33.95019996166229,0.6,True
20210423,46922,2,5.84914755821228,11.69829511642456,-0.9999999999999999,True
20210423,46923,10,23.638686532547194,80.76382207870483,0.4666666666666666,True
20210423,46924,9,8.973736668509886,30.072238445281982,0.3666666666666667,True
20210423,46925,8,11.833353009050077,34.38138437271118,0.38095238095238104,True
20210423,46926,8,12.35982775192293,40.02593278884888,0.7380952380952381,True
20210423,46929,8,8.835183032661185,26.737634658813477,0.1666666666666667,True
20210423,46930,10,12.169208377792367,49.06037521362305,0.7818181818181817,True
20210423,46931,6,5.250032157158178,17.878775715827942,0.3142857142857143,True
20210423,46933,9,18.613154682019854,69.33017158508301,0.6166666666666666,True
20210423,46934,7,12.183608757374333,40.68010330200195,0.642857142857143,True
20210423,46935,5,5.569128420198091,15.140506267547607,0.9999999999999999,True
20210423,46936,7,9.540246573564067,29.88915729522705,0.4642857142857144,True
20210423,46937,7,8.194952958933293,26.321163415908813,0.642857142857143,True
20210423,46938,2,21.205448150634766,42.41089630126953,0.9999999999999999,True
20210423,46939,9,6.58829128505251,21.680654525756836,-0.26666666666666666,True
20210423,46940,9,11.403873253166742,43.70456266403198,0.6166666666666666,True
20210423,46941,10,9.359727362691398,35.7501482963562,0.41818181818181815,True
20210423,46942,10,8.199509069217134,31.695305585861206,0.8424242424242423,True
20210423,46943,7,10.273811613471077,32.186026096343994,0.42857142857142866,True
20210423,46944,8,10.666411797134698,30.47930145263672,0.5714285714285715,True
20210423,46945,2,30.19716763496399,60.39433526992798,0.9999999999999999,True
20210423,46946,7,4.134243800366377,14.419898986816406,0.6071428571428572,True
20210423,46947,9,13.770977434563838,38.18562650680542,-0.13333333333333333,True
20210423,46948,10,10.803313515865563,32.06859493255615,0.0303030303030303,True
20210423,46949,7,8.615943905637852,22.60620403289795,0.7142857142857144,True
20210423,46950,9,22.55085420324364,66.08850002288818,0.6,True
20210423,46952,8,10.602348131792048,32.457489013671875,0.3571428571428572,True
20210423,46953,9,5.355871501612063,20.457993507385254,-0.09999999999999999,True
20210423,46954,9,15.977153572274908,60.10241985321045,0.39999999999999997,True
20210423,46955,10,8.997539842793335,34.15609270334244,-0.5272727272727272,True
20210423,46957,9,14.372689368509379,43.76124703884125,0.016666666666666666,True
20210423,46958,10,6.781088829251081,24.968007564544678,0.33333333333333326,True
20210423,46959,4,19.55474488172101,49.82011795043945,1.0,True
20210423,46960,7,18.94779153175272,55.79335975646973,0.7500000000000002,True
20210423,46961,8,8.784389550956549,27.51418685913086,-0.04761904761904763,True
20210423,46962,8,10.214967842646464,30.30840301513672,-0.1666666666666667,True
20210423,46963,7,12.671645373902042,38.08277463912964,0.5714285714285715,True
20210423,46965,2,13.20524001121521,26.41048002243042,0.9999999999999999,True
20210423,46966,8,5.780822175554085,17.58882427215576,0.4047619047619048,True
20210423,46967,9,7.646616473778306,26.82307493686676,0.3,True
20210423,46969,7,3.713765077744365,10.986572265625,0.4642857142857144,True
20210423,46972,8,17.477704941454835,64.33122253417969,0.7857142857142858,True
20210423,46974,8,8.630703667221459,29.48469591140747,0.38095238095238104,True
20210423,46975,3,1.933064843427371,4.287654876708984,-0.5,True
20210423,46976,9,12.203199392900585,38.27833878993988,0.7999999999999999,True
20210423,46977,8,4.897286931459921,13.64920949935913,0.30952380952380953,True
20210423,46978,7,5.920347639344059,15.153393745422363,0.3571428571428572,True
20210423,46979,9,6.793855171811099,23.163443088531494,0.39999999999999997,True
20210423,46980,8,15.023366106155823,41.32236051559448,0.4761904761904762,True
20210423,46981,8,21.402010086763386,65.95034217834473,0.6904761904761906,True
20210423,46982,9,13.549915807515454,41.35377359390259,0.6333333333333333,True
20210423,46983,3,19.048555988169117,42.559885025024414,1.0,True
20210423,46986,8,7.86414681971468,25.29664421081543,-0.3571428571428572,True
20210423,46987,10,12.067557238049439,43.25144720077515,0.6848484848484848,True
20210423,46989,4,12.039815800348256,32.6471905708313,0.7999999999999999,True
20210423,46990,7,11.76532179027507,35.74142932891846,0.9642857142857145,True
20210423,46991,9,12.153744240073257,38.22716426849365,0.016666666666666666,True
20210423,46992,7,7.6757111265296745,25.785361349582672,0.42857142857142866,True
20210423,46994,4,16.36489725752899,44.9945182800293,0.7999999999999999,True
20210423,46996,10,14.54574624668142,53.95508360862732,0.43030303030303024,True
20210423,46997,9,13.2546189258504,46.6617546081543,0.9500000000000001,True
20210423,46998,9,7.955348617222134,26.040050506591797,-0.11666666666666665,True
20210423,46999,9,13.408206934655276,40.9660758972168,0.7,True
20210423,47000,10,17.191077491223577,52.60087299346924,0.5878787878787878,True
20210423,47001,8,12.170345374082311,44.47163915634155,0.1666666666666667,True
20210423,47002,5,19.06427125122062,48.95887756347656,0.8999999999999998,True
20210423,47004,7,15.432687018293922,49.12944459915161,0.8214285714285715,True
20210423,47005,10,5.795285051736068,19.13027572631836,0.10303030303030303,True
20210423,47007,10,4.205008111201807,13.458295583724976,0.6,True
20210423,47008,3,7.24343501410527,15.873960971832275,1.0,True
20210423,47010,10,8.239974744659436,26.807125568389893,0.5515151515151515,True
20210423,47011,5,15.15682952293119,45.77176856994629,0.0,True
20210423,47012,8,10.067492597848885,34.140684604644775,0.14285714285714288,True
20210423,47013,7,8.453282039190706,24.675586700439453,0.9285714285714288,True
20210423,47015,2,19.560338020324707,39.120676040649414,0.9999999999999999,True
20210423,47016,9,7.516957243675672,23.346325159072876,-0.35,True
20210423,47017,4,16.17575403617939,43.17432451248169,0.39999999999999997,True
20210423,47018,9,11.641352422248632,36.42389798164368,0.7333333333333334,True
20210423,47020,9,13.245777590277681,49.723633766174316,0.8499999999999999,True
20210423,47021,7,8.108887237843478,25.52954864501953,0.03571428571428572,True
20210423,47022,10,6.912376888556894,26.585509300231934,0.309090909090909,True
20210423,47023,10,12.695758788344069,39.24489116668701,0.406060606060606,True
20210423,47024,10,9.181481959458706,35.89180946350098,0.4545454545454545,True
20210423,47025,8,7.547107154960152,22.456016302108765,0.7619047619047621,True
20210423,47026,8,12.098014739171921,37.65558838844299,0.5714285714285715,True
20210423,47027,10,4.6749908932016435,15.730476379394531,0.4787878787878787,True
20210423,47028,8,7.3426207826031415,24.971020698547363,0.6190476190476191,True
20210423,47029,7,6.604615565905259,22.710425853729248,0.642857142857143,True
20210423,47030,7,16.192079693503533,40.54353904724121,0.3571428571428572,True
20210423,47032,3,7.42645014810838,18.185856342315674,1.0,True
20210423,47034,8,8.023762552486994,23.625640869140625,0.8095238095238096,True
20210423,47035,6,10.685510045810668,31.990692138671875,0.48571428571428577,True
20210423,47036,10,12.891713397767793,41.00776696205139,0.16363636363636364,True
20210423,47037,3,19.05617223535796,46.56679916381836,1.0,True
20210423,47038,9,11.184917964920029,37.72874641418457,0.5166666666666667,True
20210423,47039,10,12.68562771579187,41.60443687438965,-0.38181818181818183,True
20210423,47041,1,0.0,0.0,,False
20210423,47042,8,8.506463943849417,23.43421697616577,0.6904761904761906,True
20210423,47043,10,12.495173484428507,40.1055965423584,0.7939393939393938,True
20210423,47044,6,15.227086949713193,44.771406173706055,0.48571428571428577,True
20210423,47045,6,12.267605045403984,41.105567932128906,0.3142857142857143,True
20210423,47046,10,12.065650597523465,37.709925174713135,0.1515151515151515,True
20210423,47047,9,9.201572427916151,33.410789012908936,0.049999999999999996,True
20210423,47048,8,13.301330619579666,37.18404006958008,0.523809523809524,True
20210423,47049,10,7.216758979574133,24.912213802337646,0.8424242424242423,True
20210423,47050,9,10.673708820296378,43.527477741241455,0.5166666666666667,True
20210423,47051,8,12.973796042623194,39.25179576873779,0.4285714285714286,True
20210423,47052,10,10.931519008731208,40.89227104187012,0.43030303030303024,True
20210423,47053,2,20.15866470336914,40.31732940673828,0.9999999999999999,True
20210423,47055,10,11.992592376433628,37.761993169784546,0.6848484848484848,True
20210423,47056,10,4.761099230080547,13.782057046890259,0.5030303030303029,True
20210423,47058,7,16.371879500638155,39.23116934299469,0.42857142857142866,True
20210423,47060,6,7.841365650859055,24.45114755630493,0.7142857142857143,True
20210423,47061,8,18.4181505405262,55.99167251586914,0.5000000000000001,True
20210423,47062,9,15.670145059535228,49.85724449157715,0.049999999999999996,True
20210423,47063,9,10.574225726731461,37.56840133666992,0.21666666666666667,True
20210423,47064,9,7.133552701872313,23.743149042129517,0.5833333333333334,True
20210423,47066,6,18.40952283581525,46.21792793273926,0.7142857142857143,True
20210423,47067,7,10.140863677039418,34.948885440826416,0.7142857142857144,True
20210423,47068,3,17.55265782288034,38.407431960105896,1.0,True
20210423,47069,8,15.438952375593763,46.64558935165405,-0.38095238095238104,True
20210423,47070,8,7.3278383617907945,28.137733936309814,0.7380952380952381,True
20210423,47071,9,6.583854299295724,21.06768798828125,0.31666666666666665,True
20210423,47072,9,9.689122404295277,37.72998857498169,0.16666666666666669,True
20210423,47073,9,15.24138603572447,40.745362758636475,0.08333333333333334,True
20210423,47074,10,2.63647476283692,8.094297409057617,0.28484848484848485,True
20210423,47076,10,11.080601833993573,32.81147885322571,0.4666666666666666,True
20210423,47077,10,16.2497969808731,49.50286912918091,0.3939393939393939,True
20210423,47078,8,15.110259161783341,48.93840217590332,0.1666666666666667,True
20210423,47079,10,5.55045509055406,16.39987564086914,0.41818181818181815,True
20210423,47080,9,16.247876665681705,50.05872440338135,0.6166666666666666,True
20210423,47081,7,10.84402225581226,31.49370551109314,0.4642857142857144,True
20210423,47082,6,15.57760116685926,37.737401485443115,0.5428571428571429,True
20210423,47083,7,17.830907575165202,49.58346509933472,0.4642857142857144,True
20210423,47084,7,15.64072589770254,44.350833892822266,-0.03571428571428572,True
20210423,47085,8,14.212317828992616,45.69559621810913,0.4047619047619048,True
20210423,47086,7,4.077138576268729,11.47429084777832,-0.10714285714285716,True
20210423,47087,9,16.10669495824749,51.22598284482956,0.41666666666666663,True
20210423,47088,10,8.620709953125242,31.018606662750244,0.5757575757575757,True
20210423,47089,10,16.52006643652938,58.73945426940918,0.5757575757575757,True
20210423,47090,10,18.31764573068084,58.81593990325928,0.5515151515151515,True
20210423,47091,10,13.662443049032051,40.09260082244873,0.43030303030303024,True
20210423,47092,8,9.652094277113804,30.917189121246338,-0.11904761904761905,True
20210423,47093,8,17.14173660653536,47.497628688812256,0.6190476190476191,True
20210423,47094,6,32.294317949580375,93.66954803466797,0.5428571428571429,True
20210423,47095,10,8.147919882414902,26.29385757446289,0.7939393939393938,True
20210423,47097,6,30.16438564958082,74.18670296669006,0.14285714285714288,True
20210423,47098,10,12.642779457646839,33.92665195465088,0.7212121212121211,True
20210423,47099,8,11.231449507979923,34.32803726196289,0.9047619047619048,True
20210423,47100,8,13.135201392569948,36.755695819854736,0.2142857142857143,True
20210423,47101,10,7.853117994071548,27.596049070358276,0.29696969696969694,True
20210423,47102,10,15.201151618147946,62.82847595214844,0.4666666666666666,True
20210423,47104,1,0.0,0.0,,False
20210423,47105,8,16.64963516391438,49.86878824234009,0.2380952380952381,True
20210423,47106,8,9.500047932164094,28.556091785430908,0.3571428571428572,True
20210423,47107,9,18.044481520004943,48.80450063943863,0.6666666666666667,True
20210423,47108,4,5.37716771099537,13.797337532043457,0.7999999999999999,True
20210423,47110,10,6.099977160934243,20.03743600845337,0.006060606060606061,True
20210423,47111,7,13.963037857932429,48.12139844894409,0.6071428571428572,True
20210423,47112,9,17.02224832043857,56.94842004776001,0.39999999999999997,True
20210423,47113,8,10.427821075460768,29.370028972625732,0.7142857142857144,True
20210423,47114,10,13.061640858406374,35.43839454650879,0.7212121212121211,True
20210423,47115,10,11.723434384028783,45.47836351394653,0.35757575757575755,True
20210423,47116,6,13.070208506584063,40.29180908203125,0.7142857142857143,True
20210423,47117,9,3.704923030602376,13.532249450683594,0.03333333333333333,True
20210423,47118,10,15.951258645160726,40.306023716926575,0.05454545454545454,True
20210423,47119,6,13.98702403968595,36.52580976486206,0.7714285714285715,True
20210423,47120,9,7.952364125590242,24.18125343322754,0.45,True
20210423,47121,8,12.320369335021734,39.04303455352783,0.04761904761904763,True
20210423,47122,3,0.9747944495464806,2.255666732788086,-1.0,True
20210423,47123,7,8.493744042654562,27.914883136749268,0.9642857142857145,True
20210423,47124,9,12.178631247551138,42.972312450408936,0.31666666666666665,True
20210423,47125,7,11.30346555191454,29.458694458007812,0.03571428571428572,True
20210423,47128,9,12.696441814894452,44.93027305603027,0.049999999999999996,True
20210423,47130,10,9.44490910643295,28.82762908935547,0.12727272727272726,True
20210423,47131,8,9.845566870733872,29.619720458984375,0.5952380952380953,True
20210423,47132,7,5.730607409901761,18.85901403427124,0.3571428571428572,True
20210423,47133,5,11.494175689297498,28.569549560546875,0.09999999999999999,True
20210423,47134,10,13.298672644219232,51.153551518917084,-0.2121212121212121,True
20210423,47135,10,14.295099699097282,58.25819778442383,0.38181818181818183,True
20210423,47136,10,3.969378305450234,12.397793292999268,-0.4424242424242424,True
20210423,47137,9,5.6796379441120655,20.766062259674072,0.38333333333333336,True
20210423,47138,7,4.317441831971791,14.842506408691406,0.4642857142857144,True
20210423,47139,10,6.809319879597568,27.265151500701904,0.09090909090909088,True
20210423,47140,9,9.882343628098452,30.51724100112915,0.9,True
20210423,47141,7,9.237453116306433,24.773675441741943,0.8928571428571429,True
20210423,47142,9,7.882328677101988,28.001874446868896,0.31666666666666665,True
20210423,47143,5,6.75262982965679,17.364907264709473,-0.7,True
20210423,47144,9,7.974989102673076,26.648606538772583,0.4666666666666666,True
20210423,47145,10,6.281505275739783,20.752105712890625,0.5272727272727272,True
20210423,47146,8,7.620946422860215,25.09232187271118,0.6904761904761906,True
20210423,47147,6,13.607517680058297,43.32880449295044,0.3142857142857143,True
20210423,47151,9,17.71616441381943,53.028013706207275,0.5166666666666667,True
20210423,47152,10,8.357005490516134,24.26374363899231,0.7212121212121211,True
20210423,47154,5,12.809532386817027,35.08888244628906,0.09999999999999999,True
20210423,47155,10,11.534712581936898,41.22120022773743,0.8060606060606059,True
20210423,47156,7,5.539851198995563,17.673943042755127,0.7142857142857144,True
20210423,47157,9,14.369964670447882,50.135140895843506,-0.41666666666666663,True
20210423,47158,1,0.0,0.0,,False
20210423,47159,10,5.343929232153711,18.948011875152588,0.7454545454545454,True
20210423,47160,8,14.454106743469952,46.27130126953125,0.8571428571428572,True
20210423,47161,6,9.449759374535063,27.887838125228882,0.7142857142857143,True
20210423,47163,6,25.559848550805466,72.73082542419434,0.4285714285714286,True
20210423,47165,6,20.197357916566038,52.92590951919556,0.3714285714285715,True
20210423,47166,6,10.099642117125423,29.99375605583191,0.4285714285714286,True
20210423,47168,8,8.934707314385713,27.91280734539032,0.6190476190476191,True
20210423,47169,1,0.0,0.0,,False
20210423,47170,8,10.824232107748623,35.775527238845825,0.4285714285714286,True
20210423,47171,8,14.430733601418872,49.998666763305664,0.5476190476190477,True
20210423,47172,10,10.340225015093798,33.434375286102295,0.6484848484848483,True
20210423,47175,7,9.655011752252618,33.61930274963379,0.4642857142857144,True
20210423,47177,9,9.018268095575737,35.31714677810669,0.3,True
20210423,47179,8,15.95292948878833,50.493099212646484,0.8571428571428572,True
20210423,47181,8,14.18136943570559,45.757850646972656,0.8571428571428572,True
20210423,47182,8,11.032778089713041,40.19769740104675,0.4285714285714286,True
20210423,47183,8,10.01841503335656,33.76384735107422,-0.28571428571428575,True
20210423,47185,8,9.026006281189462,26.8620548248291,0.5714285714285715,True
20210423,47186,9,15.797928850140904,49.22975397109985,0.7166666666666667,True
20210423,47187,10,6.909141935340994,23.069412231445312,0.4787878787878787,True
20210423,47188,10,15.328250099866302,57.6783561706543,0.4666666666666666,True
20210423,47189,10,11.896666341878191,45.274386405944824,0.35757575757575755,True
20210423,47191,1,0.0,0.0,,False
20210423,47192,4,7.796986860695542,18.049718856811523,0.19999999999999998,True
20210423,47193,8,6.792055521968426,18.89996337890625,0.261904761904762,True
20210423,47197,10,10.962698950635952,38.68037283420563,0.6848484848484848,True
20210423,47198,9,18.529591502800724,60.60514831542969,0.41666666666666663,True
20210423,47199,9,5.743721439898699,18.102040767669678,0.8499999999999999,True
20210423,47200,8,9.735063750789308,34.404930114746094,0.3333333333333334,True
20210423,47201,9,11.294854764990706,36.38349723815918,0.016666666666666666,True
20210423,47202,6,12.787707839036178,37.234304428100586,0.48571428571428577,True
20210423,47203,9,10.69430709449686,33.289313316345215,0.8499999999999999,True
20210423,47205,10,15.208347352082255,45.732574462890625,0.7818181818181817,True
20210423,47207,10,8.314258150857551,31.576870441436768,0.17575757575757575,True
20210423,47209,2,11.82441234588623,23.64882469177246,0.9999999999999999,True
20210423,47210,8,6.190416844583028,20.15196418762207,0.7619047619047621,True
20210423,47211,10,15.958667653294176,55.364365577697754,0.6121212121212121,True
20210423,47212,10,11.080411264066493,30.33004593849182,-0.33333333333333326,True
20210423,47213,10,10.330819380094225,34.75270652770996,0.01818181818181818,True
20210423,47214,7,9.141241842463264,29.496991634368896,0.0,True
20210423,47216,3,30.311976104173763,73.44148635864258,0.5,True
20210423,47217,8,18.89193283120625,68.00172424316406,0.7619047619047621,True
20210423,47219,10,14.064355587915767,43.52031755447388,0.8787878787878788,True
20210423,47220,10,11.31130446411531,39.94380760192871,0.24848484848484845,True
20210423,47221,10,9.566177531148373,32.797529458999634,0.8181818181818182,True
20210423,47222,8,2.4474352508838075,8.64163589477539,-0.261904761904762,True
20210423,47223,10,8.7982614718068,29.424307346343994,0.32121212121212117,True
20210423,47225,7,16.08359141243503,46.64519119262695,0.5714285714285715,True
20210423,47226,9,8.739917400533738,26.50076651573181,0.7,True
20210423,47227,10,5.9950243247320785,19.90743064880371,0.7333333333333332,True
20210423,47228,10,11.579791853823565,46.68771409988403,0.406060606060606,True
20210423,47229,8,12.501257570367,33.92235040664673,-0.023809523809523815,True
20210423,47230,10,5.711973644984286,21.00049591064453,0.2121212121212121,True
20210423,47231,7,13.222154338878218,41.41157531738281,0.21428571428571433,True
20210423,47233,10,12.437115680709587,44.4588885307312,0.7333333333333332,True
20210423,47234,10,11.23102115399066,44.113746643066406,0.5151515151515151,True
20210423,47235,8,14.166412120571382,41.691709995269775,0.0,True
20210423,47236,10,9.567132021385389,32.96786451339722,-0.006060606060606061,True
20210423,47237,3,9.441359503042912,22.949840545654297,0.5,True
20210423,47239,9,6.1905225683096585,22.786983489990234,0.5,True
20210423,47241,8,8.018736242422406,26.25014489889145,0.6190476190476191,True
20210423,47242,8,18.372651028677762,54.80214524269104,0.9047619047619048,True
20210423,47243,10,11.456858636977357,30.400409698486328,-0.12727272727272726,True
20210423,47245,7,13.295736990579655,35.80616521835327,0.7500000000000002,True
20210423,47247,4,7.973572563935214,21.78751039505005,0.39999999999999997,True
20210423,47248,8,10.951042485643185,36.301105976104736,0.4285714285714286,True
20210423,47249,7,18.750831175052475,48.815608501434326,0.39285714285714296,True
20210423,47250,7,14.741558183391987,44.52785122394562,0.5357142857142858,True
20210423,47251,8,11.459940336654933,36.44326639175415,0.8095238095238096,True
20210423,47252,7,8.579935178657838,22.80044460296631,0.642857142857143,True
20210423,47253,8,15.860203497369902,44.2044792175293,0.30952380952380953,True
20210423,47254,2,22.118059158325195,44.23611831665039,0.9999999999999999,True
20210423,47256,2,26.836647272109985,53.67329454421997,0.9999999999999999,True
20210423,47258,10,12.606389027229344,50.630542278289795,0.38181818181818183,True
20210423,47259,9,15.093651188126447,45.00664758682251,0.8166666666666667,True
20210423,47261,8,12.26468019188956,37.43691825866699,0.2142857142857143,True
20210423,47263,10,6.629349349707695,23.26157295703888,0.16363636363636364,True
20210423,47264,3,19.59840946030583,47.22707939147949,0.5,True
20210423,47265,8,10.384998759957487,36.54460948705673,-0.1666666666666667,True
20210423,47266,10,20.852656131872077,69.04778146743774,0.5515151515151515,True
20210423,47268,8,12.718714525211842,36.22799873352051,-0.09523809523809526,True
20210423,47269,8,9.466864754807029,30.91912603378296,0.4761904761904762,True
20210423,47271,8,4.052764595984967,12.965580463409424,0.2142857142857143,True
20210423,47273,9,14.767982974315577,47.490145683288574,0.8666666666666667,True
20210423,47274,1,0.0,0.0,,False
20210423,47276,8,4.958930144931955,16.710438549518585,0.6904761904761906,True
20210423,47278,8,9.560222897101333,33.18677866458893,0.261904761904762,True
20210423,47279,9,7.273318302280659,20.082677125930786,0.8833333333333333,True
20210423,47280,10,5.919409723355885,20.15071439743042,0.3696969696969697,True
20210423,47281,10,4.884102320494273,15.50844144821167,0.6848484848484848,True
20210423,47284,9,12.334679759245905,48.75920248031616,0.48333333333333334,True
20210423,47286,9,9.383067990964056,34.99430799484253,0.5833333333333334,True
20210423,47287,7,8.84908618127962,24.88356375694275,0.7500000000000002,True
20210423,47289,6,19.92128432242109,56.78340435028076,0.48571428571428577,True
20210423,47290,10,11.335215131142332,39.66390419006348,0.309090909090909,True
20210423,47291,9,10.330691110999453,34.39607238769531,0.5833333333333334,True
20210423,47293,1,0.0,0.0,,False
20210423,47294,6,5.465377656819635,16.428951025009155,0.7714285714285715,True
20210423,47297,9,7.7213608426837075,23.62725603580475,-0.2333333333333333,True
20210423,47298,10,23.220078271294128,77.31820821762085,0.5030303030303029,True
20210423,47299,7,18.678246867007882,55.27702522277832,0.21428571428571433,True
20210423,47300,7,17.12409812811182,52.32835006713867,0.642857142857143,True
20210423,47301,8,9.466293081491617,28.480988025665283,0.8333333333333335,True
20210423,47303,10,16.71278380592815,68.69171524047852,0.38181818181818183,True
20210423,47304,10,3.7239053910255877,12.550682067871094,0.35757575757575755,True
20210423,47305,7,9.481791996528727,33.66057014465332,0.39285714285714296,True
20210423,47306,10,7.661431057789311,28.35343098640442,0.22424242424242422,True
20210423,47307,9,5.687670370180001,19.17895996570587,0.03333333333333333,True
20210423,47308,6,19.499881587439916,49.15178680419922,-0.028571428571428574,True
20210423,47310,9,14.302507119873404,50.37372398376465,0.2833333333333333,True
20210423,47311,5,20.14552873414234,56.42305564880371,0.8999999999999998,True
20210423,47312,3,7.57704607498881,18.22382926940918,-0.5,True
20210423,47313,7,10.5179840978249,32.23676919937134,0.5714285714285715,True
20210423,47316,10,9.85474587192251,33.251272201538086,0.6363636363636362,True
20210423,47317,10,7.077054063245491,25.050373554229736,0.5636363636363636,True
20210423,47318,9,6.554190173734697,23.693706512451172,-0.11666666666666665,True
20210423,47320,10,5.698855592980654,16.873079478740692,0.2121212121212121,True
20210423,47321,9,12.643089893162584,43.60708141326904,0.38333333333333336,True
20210423,47322,10,6.56456238025574,23.928088903427124,0.5151515151515151,True
20210423,47324,1,0.0,0.0,,False
20210423,47325,5,3.996893675973116,12.218672752380371,-0.19999999999999998,True
20210423,47326,5,6.518847829079961,19.698546409606934,0.3,True
20210423,47327,8,15.48434666068063,49.84182929992676,0.7142857142857144,True
20210423,47328,7,11.01126648096889,28.34482192993164,0.7500000000000002,True
20210423,47329,9,26.036307972176747,85.14913606643677,0.18333333333333335,True
20210423,47330,9,16.773151754456812,59.06375455856323,0.5666666666666667,True
20210423,47332,6,8.91852821616517,28.713542461395264,0.7714285714285715,True
20210423,47334,8,6.473317812036098,20.271905422210693,-0.6428571428571429,True
20210423,47335,8,12.839451988854188,40.17680764198303,0.4761904761904762,True
20210423,47336,4,6.167603891849952,13.876569330692291,0.7999999999999999,True
20210423,47337,7,19.3333130917845,51.984594106674194,0.6071428571428572,True
20210423,47338,9,8.88690065972614,32.14777994155884,0.16666666666666669,True
20210423,47341,8,11.383716844894431,38.29206967353821,0.5714285714285715,True
20210423,47342,9,4.4695968363238965,12.380208969116211,-0.45,True
20210423,47343,7,14.810323007436986,43.36675500869751,0.5714285714285715,True
20210423,47344,9,11.97591169321803,40.099679946899414,0.19999999999999998,True
20210423,47345,10,9.195782336198116,35.502418875694275,0.709090909090909,True
20210423,47346,10,8.743968994359319,29.082603931427002,-0.07878787878787878,True
20210423,47347,7,5.506638473692136,18.456799507141113,-0.14285714285714288,True
20210423,47348,5,18.49676135427703,47.880144119262695,0.7,True
20210423,47350,9,5.29452129141211,14.467666804790497,0.3666666666666667,True
20210423,47351,6,7.645704353044366,23.182384967803955,-0.028571428571428574,True
20210423,47352,10,18.402443909748737,52.91290283203125,0.7212121212121211,True
20210423,47353,5,23.842993815068926,70.65739250183105,0.09999999999999999,True
20210423,47354,8,9.848173977492502,33.805405139923096,0.4285714285714286,True
20210423,47355,7,10.161465455572243,32.005767822265625,0.7500000000000002,True
20210423,47356,3,22.438975496588537,52.822232484817505,0.5,True
20210423,47358,4,2.5863680727324536,6.719369173049927,-0.7999999999999999,True
20210423,47359,8,16.533634965084698,53.31940221786499,0.4523809523809524,True
20210423,47361,10,17.98644371250647,68.95736694335938,0.6727272727272726,True
20210423,47362,10,11.215807004647353,34.720396995544434,0.3696969696969697,True
20210423,47364,9,8.112131050683582,26.737002849578857,0.06666666666666667,True
20210423,47365,10,4.569324937314079,17.63808286190033,-0.006060606060606061,True
20210423,47367,9,18.27223526229609,57.63131904602051,0.7999999999999999,True
20210423,47368,7,15.054886194065872,50.91020345687866,0.9285714285714288,True
20210423,47369,8,9.898137213194127,28.123830556869507,0.6428571428571429,True
20210423,47371,10,12.949228631982974,40.342113971710205,0.32121212121212117,True
20210423,47372,10,8.93157721284271,31.18805980682373,0.10303030303030303,True
20210423,47373,10,15.261147573463777,52.506608963012695,0.2727272727272727,True
20210423,47374,10,6.816458171700692,22.601285457611084,0.6727272727272726,True
20210423,47375,9,8.722700719082066,24.128586292266846,0.19999999999999998,True
20210423,47377,9,9.64130352382069,34.28871726989746,-0.5,True
20210423,47380,7,9.566026205787496,29.91182565689087,0.6785714285714287,True
20210423,47381,10,8.379413886231587,29.68563938140869,0.17575757575757575,True
20210423,47382,9,5.7101617297918414,20.04009699821472,0.7166666666666667,True
20210423,47384,9,10.160602902469336,35.3459210395813,-0.18333333333333335,True
20210423,47385,7,12.212091623242951,38.40383815765381,-0.14285714285714288,True
20210423,47386,10,5.38014223386465,20.169613122940063,0.32121212121212117,True
20210423,47387,6,18.335332713913715,49.59026098251343,0.8857142857142858,True
20210423,47388,6,10.678710787267402,35.872615337371826,0.7714285714285715,True
20210423,47390,8,15.887755841031087,47.56624698638916,0.9285714285714287,True
20210423,47391,7,5.222296920191298,19.11715316772461,0.6071428571428572,True
20210423,47392,2,3.582554340362549,7.165108680725098,-0.9999999999999999,True
20210423,47393,8,13.870199244542347,42.034687519073486,0.5476190476190477,True
20210423,47394,7,15.253563899263453,52.428112506866455,0.39285714285714296,True
20210423,47396,9,8.496265955230996,29.099315643310547,0.4666666666666666,True
20210423,47397,9,8.059044294466807,28.601014375686646,0.65,True
20210423,47399,6,6.510339620478533,18.74859046936035,0.8285714285714287,True
20210423,47400,10,11.050461563978509,38.38514852523804,0.7939393939393938,True
20210423,47401,8,6.986390317242068,21.30925226211548,0.6666666666666669,True
20210423,47402,8,12.934728250920287,35.17778730392456,0.8571428571428572,True
20210423,47404,6,14.10231504971424,43.19186019897461,0.8285714285714287,True
20210423,47405,9,15.855983479799923,45.49724531173706,0.18333333333333335,True
20210423,47406,10,12.709356622364357,47.60656499862671,0.709090909090909,True
20210423,47408,9,7.497545168363665,26.164503574371338,0.5666666666666667,True
20210423,47409,8,10.625052243695858,29.002158641815186,-0.04761904761904763,True
20210423,47411,9,3.520949979045255,9.934038162231445,-0.19999999999999998,True
20210423,47412,9,11.665584850615243,40.17734146118164,0.6833333333333333,True
20210423,47413,6,11.736689050892661,28.9881329536438,0.2571428571428572,True
20210423,47415,7,13.502398165422015,39.24076294898987,0.8571428571428573,True
20210423,47417,9,19.899830075991957,67.75172233581543,0.06666666666666667,True
20210423,47418,1,0.0,0.0,,False
20210423,47419,9,7.42808412893971,21.84850412607193,0.5499999999999999,True
20210423,47420,9,11.87212588279731,46.44036149978638,0.5166666666666667,True
20210423,47421,10,10.29958473924547,30.754878520965576,0.9393939393939393,True
20210423,47422,10,11.410251565014438,43.73855209350586,0.32121212121212117,True
20210423,47425,10,13.712232290845444,45.964529514312744,0.10303030303030303,True
20210423,47426,9,10.79859762457526,35.01861619949341,0.016666666666666666,True
20210423,47427,2,13.001339197158813,26.002678394317627,0.9999999999999999,True
20210423,47428,7,23.83320774458119,55.141361236572266,-0.14285714285714288,True
20210423,47429,2,3.2396270036697388,6.4792540073394775,0.9999999999999999,True
20210423,47431,9,9.38290068880228,26.19512701034546,0.8333333333333333,True
20210423,47432,9,8.43551484059011,27.297319889068604,0.2833333333333333,True
20210423,47433,2,6.349480628967285,12.69896125793457,0.9999999999999999,True
20210423,47434,6,9.47947009203704,30.818267822265625,0.08571428571428573,True
20210423,47435,10,15.306653358702665,45.52867364883423,0.5757575757575757,True
20210423,47436,10,11.576106735630239,44.80664920806885,0.5393939393939393,True
20210423,47437,8,12.507327100503671,40.378883361816406,0.2142857142857143,True
20210423,47438,7,11.832191794395778,34.360137939453125,-0.21428571428571433,True
20210423,47439,6,7.5061773849910605,19.702245712280273,0.3142857142857143,True
20210423,47440,10,9.350208938338021,24.516183257102966,0.9030303030303028,True
20210423,47441,8,6.279031009516547,19.77902626991272,0.9523809523809524,True
20210423,47442,10,11.359905059204163,34.36481428146362,0.9151515151515152,True
20210423,47443,8,9.177939500434954,31.147878170013428,-0.3333333333333334,True
20210423,47444,2,18.065674781799316,36.13134956359863,0.9999999999999999,True
20210423,47445,10,14.653531867038064,43.13812327384949,0.6727272727272726,True
20210423,47446,5,9.010820471065887,21.42827606201172,0.7999999999999999,True
20210423,47447,7,17.419850340975216,58.310014724731445,0.42857142857142866,True
20210423,47448,7,9.636565825224501,31.363940000534058,0.5,True
20210423,47449,9,8.006071534425393,21.181625366210938,0.09999999999999999,True
20210423,47450,8,12.46327993521218,39.025983810424805,0.6190476190476191,True
20210423,47453,5,4.743565282774793,12.875122547149658,0.8999999999999998,True
20210423,47454,9,12.115084939592487,44.93221068382263,0.7833333333333333,True
20210423,47456,9,10.539107704426348,31.153897166252136,0.5,True
20210423,47457,9,9.337143774762836,30.79817032814026,0.75,True
20210423,47458,9,15.343531746577698,51.75426483154297,0.7999999999999999,True
20210423,47461,8,8.388259635770423,27.950234174728394,0.523809523809524,True
20210423,47463,9,13.858358064835304,49.39484918117523,0.7,True
20210423,47464,5,17.3810654126116,49.53030824661255,0.39999999999999997,True
20210423,47465,9,6.66230302818314,19.9553279876709,0.4666666666666666,True
20210423,47466,4,15.228795958825824,38.22371244430542,0.39999999999999997,True
20210423,47467,6,8.955779733950727,26.37283968925476,0.5428571428571429,True
20210423,47469,9,7.279806609984683,27.384974718093872,0.41666666666666663,True
20210423,47470,6,9.870950014459174,25.40861403942108,0.6,True
20210423,47472,10,12.879734177087132,39.74020457267761,-0.13939393939393938,True
20210423,47474,9,22.18081529089382,78.34475231170654,-0.6833333333333333,True
20210423,47475,5,6.7107170693630005,20.601766109466553,0.6,True
20210423,47476,10,9.68211465461719,35.999507904052734,0.09090909090909088,True
20210423,47477,9,12.301198252515443,42.15398597717285,0.4666666666666666,True
20210423,47478,8,16.043129898796796,54.319011211395264,0.7142857142857144,True
20210423,47479,3,26.64384349287226,60.71671485900879,0.5,True
20210423,47480,9,9.174836083548538,29.391976833343506,0.18333333333333335,True
20210423,47481,4,8.169584774295476,20.023839473724365,0.39999999999999997,True
20210423,47482,10,16.58706191780421,68.96097755432129,0.22424242424242422,True
20210423,47483,10,11.41560379061824,45.65573692321777,0.5030303030303029,True
20210423,47484,2,18.10339641571045,36.2067928314209,0.9999999999999999,True
20210423,47485,10,8.9282756552416,31.04471445083618,0.17575757575757575,True
20210423,47486,8,12.88933171594109,42.788095474243164,0.5000000000000001,True
20210423,47487,10,10.42876529825973,33.074886322021484,0.9515151515151514,True
20210423,47488,9,7.324121333019842,21.42059087753296,0.7666666666666667,True
20210423,47490,7,21.411429754472692,54.27472257614136,0.0,True
20210423,47491,3,13.914492793619162,32.08501672744751,1.0,True
20210423,47493,7,8.64152065967677,22.789767742156982,0.9285714285714288,True
20210423,47494,10,6.412597480435995,18.79015874862671,0.5030303030303029,True
20210423,47498,8,14.09672675315873,42.80033254623413,0.3333333333333334,True
20210423,47499,6,8.77067918061292,27.266807079315186,0.8857142857142858,True
20210423,47500,9,14.877337319020084,50.062294006347656,0.4666666666666666,True
20210423,47501,9,8.011382008099574,25.926538467407227,-0.016666666666666666,True
20210423,47502,2,11.484822273254395,22.96964454650879,0.9999999999999999,True
20210423,47503,7,5.080091769396094,14.183270454406738,0.42857142857142866,True
20210423,47504,10,4.102508251526712,13.05783462524414,0.35757575757575755,True
20210423,47505,9,11.892949289666676,36.8249773979187,0.38333333333333336,True
20210423,47506,10,8.499506511567674,32.62429714202881,0.4666666666666666,True
20210423,47508,6,5.244052543111695,15.140422105789185,0.3142857142857143,True
20210423,47509,5,5.665895524779729,16.645628213882446,0.8999999999999998,True
20210423,47510,10,17.272789910920373,73.32251739501953,0.43030303030303024,True
20210423,47511,5,13.5373512196763,33.826964378356934,0.6,True
20210423,47512,9,12.553604904412827,43.69763946533203,0.41666666666666663,True
20210423,47514,5,14.77852085889862,38.43104815483093,0.49999999999999994,True
20210423,47515,10,12.730078918457666,48.625389099121094,0.8666666666666665,True
20210423,47516,10,6.28790927615339,19.913442611694336,0.2727272727272727,True
20210423,47517,8,16.222654763246197,51.443281173706055,-0.07142857142857144,True
20210423,47518,8,7.650419094974423,24.893849849700928,0.28571428571428575,True
20210423,47519,10,10.746061983736318,32.97247505187988,-0.06666666666666665,True
20210423,47521,10,7.369367386684276,18.018129348754883,0.38181818181818183,True
20210423,47523,9,12.116016528023268,36.21105194091797,0.5166666666666667,True
20210423,47525,9,21.347793006904336,80.5924186706543,0.15,True
20210423,47526,10,15.523602983468173,60.048025131225586,0.6484848484848483,True
20210423,47529,10,6.677550787501018,26.641087889671326,-0.28484848484848485,True
20210423,47530,7,7.732358239514341,21.189884901046753,0.1785714285714286,True
20210423,47532,8,11.272456416365333,32.24119186401367,0.5952380952380953,True
20210423,47533,10,7.5089368502766085,24.715139389038086,0.6121212121212121,True
20210423,47534,7,12.600661116811981,41.70914697647095,0.03571428571428572,True
20210423,47535,7,14.071589344755472,40.01558828353882,0.6785714285714287,True
20210423,47536,9,6.5239343163088845,21.47750997543335,0.9166666666666666,True
20210423,47538,7,15.669115139155034,56.51234436035156,0.25,True
20210423,47539,9,9.732797969755296,31.5884952545166,0.7833333333333333,True
20210423,47540,10,13.709902985285963,49.590721130371094,0.6848484848484848,True
20210423,47542,10,13.24042678332314,47.75636434555054,0.18787878787878787,True
20210423,47544,8,8.585253987298977,25.490723133087158,0.880952380952381,True
20210423,47545,9,7.405159824218385,19.854724884033203,0.19999999999999998,True
20210423,47546,7,9.903372175740767,29.181063175201416,0.8571428571428573,True
20210423,47547,3,7.6663567261687655,18.378002047538757,-0.5,True
20210423,47548,10,12.772428886692415,42.11210632324219,0.7212121212121211,True
20210423,47550,6,10.682984848339053,26.560041427612305,0.6,True
20210423,47551,10,12.17930842710337,39.764087438583374,0.8424242424242423,True
20210423,47553,4,23.08988881930857,55.87071466445923,0.0,True
20210423,47554,10,25.14398018788924,72.67136526107788,0.10303030303030303,True
20210423,47555,7,13.333420856639755,40.18205690383911,0.28571428571428575,True
20210423,47556,9,8.959294096717327,30.541988372802734,0.09999999999999999,True
20210423,47557,7,9.953629364503955,34.77216720581055,0.7857142857142859,True
20210423,47558,8,21.878276470185085,67.0566234588623,0.8571428571428572,True
20210423,47559,8,14.193417183699754,45.22667169570923,0.4523809523809524,True
20210423,47561,4,15.144593693699663,36.884063720703125,0.7999999999999999,True
20210423,47562,10,3.6512359490025132,13.219284057617188,0.5636363636363636,True
20210423,47563,8,6.211640851972247,20.904017686843872,0.3571428571428572,True
20210423,47564,10,5.777663439501582,23.32375144958496,0.2121212121212121,True
20210423,47566,4,8.593045951993933,20.78440570831299,0.7999999999999999,True
20210423,47567,10,7.901850285573587,23.64439356327057,-0.01818181818181818,True
20210423,47568,7,22.562569175362405,59.22674608230591,0.7500000000000002,True
20210423,47569,6,12.421755539046545,37.06104803085327,0.6,True
20210423,47570,10,8.449115726286271,26.57956349849701,0.13939393939393938,True
20210423,47571,9,25.722832241824943,91.91684913635254,0.3666666666666667,True
20210423,47572,8,13.128770821141746,40.71369171142578,0.7619047619047621,True
20210423,47573,7,14.111221119271004,38.081900119781494,0.03571428571428572,True
20210423,47574,10,12.685129544458217,47.49036884307861,0.5393939393939393,True
20210423,47575,7,16.92503322337018,57.93521451950073,0.5,True
20210423,47576,6,18.6711800412988,58.526947021484375,0.8285714285714287,True
20210423,47577,10,12.93725988267665,45.55716800689697,0.13939393939393938,True
20210423,47578,10,17.355140737925048,47.92234992980957,0.4666666666666666,True
20210423,47580,10,7.273144071269484,22.21466588973999,0.6242424242424242,True
20210423,47581,8,10.159275599229568,33.059326171875,0.04761904761904763,True
20210423,47582,9,4.08698611670094,12.496522665023804,0.18333333333333335,True
20210423,47583,10,14.090540688487572,52.129117131233215,0.34545454545454546,True
20210423,47584,9,18.972634630640233,53.695104241371155,-0.06666666666666667,True
20210423,47586,8,5.084745953801983,16.35391676425934,0.5714285714285715,True
20210423,47587,3,22.160907183086042,47.29849433898926,0.5,True
20210423,47588,8,13.931497427786637,42.95765542984009,0.523809523809524,True
20210423,47589,8,7.140398038782531,25.608151078224182,0.7857142857142858,True
20210423,47591,10,8.989560062612465,33.85314965248108,0.8060606060606059,True
20210423,47593,8,8.64462842514129,27.58757209777832,0.523809523809524,True
20210423,47594,9,5.116761007757258,17.83394718170166,0.48333333333333334,True
20210423,47595,8,13.869413291920704,46.7524254322052,0.1666666666666667,True
20210423,47597,8,11.880640778835474,35.17495536804199,0.6666666666666669,True
20210423,47598,10,10.446912845807248,36.48342943191528,0.4666666666666666,True
20210423,47601,4,18.309033744051096,44.767470359802246,0.7999999999999999,True
20210423,47602,8,20.778112014219282,61.74657344818115,0.3333333333333334,True
20210423,47603,8,11.01834591286008,38.92707943916321,0.28571428571428575,True
20210423,47604,4,15.915773684657069,43.866361141204834,1.0,True
20210423,47605,10,4.491848083199355,15.868213176727295,-0.10303030303030303,True
20210423,47607,10,12.195980604966893,38.964290261268616,0.3696969696969697,True
20210423,47608,8,8.771517357825754,22.909912109375,-0.11904761904761905,True
20210423,47609,8,12.090972797893784,41.69520020484924,0.8571428571428572,True
20210423,47612,7,21.229648448186232,60.820937633514404,0.7500000000000002,True
20210423,47613,9,10.9981850096618,33.83702898025513,-0.18333333333333335,True
20210423,47614,10,10.505574000542204,30.6097412109375,0.309090909090909,True
20210423,47615,10,8.670264344389121,25.410151481628418,0.7696969696969697,True
20210423,47616,7,10.088402230003172,30.564170837402344,0.07142857142857144,True
20210423,47617,10,17.761913789099598,64.89196348190308,0.33333333333333326,True
20210423,47618,6,9.600858557955243,27.32962727546692,0.2,True
20210423,47619,3,16.261483323344603,36.33616924285889,0.5,True
20210423,47621,8,8.683001024076978,31.487834930419922,0.6190476190476191,True
20210423,47622,9,14.053741394763229,45.944547176361084,0.5333333333333333,True
20210423,47623,9,10.431031685102369,35.82278823852539,0.5166666666666667,True
20210423,47624,10,13.191125064710205,39.305238008499146,0.5515151515151515,True
20210423,47625,10,6.864709478572972,27.165246963500977,0.49090909090909085,True
20210423,47626,1,0.0,0.0,,False
20210423,47627,8,7.469253768363096,25.544743299484253,0.7380952380952381,True
20210423,47628,1,0.0,0.0,,False
20210423,47629,8,9.111478579901087,30.31499147415161,0.7142857142857144,True
20210423,47631,7,21.4233998125301,63.831326723098755,0.21428571428571433,True
20210423,47632,10,7.990409731828492,26.65771794319153,0.8181818181818182,True
20210423,47633,9,6.957275682144403,23.638832092285156,0.5666666666666667,True
20210423,47634,10,16.244239436912505,59.19898533821106,0.7454545454545454,True
20210423,47636,8,34.347475470258836,117.47119522094727,0.523809523809524,True
20210423,47638,9,9.962019193646258,35.107112884521484,0.11666666666666665,True
20210423,47639,10,9.44165509211531,27.92784309387207,0.6363636363636362,True
20210423,47640,7,8.744469858279253,31.552346229553223,0.39285714285714296,True
20210423,47642,10,11.72156803632308,42.76866912841797,0.5757575757575757,True
20210423,47643,10,11.995238448210923,47.10240030288696,0.24848484848484845,True
20210423,47644,8,10.165081718604908,34.85259389877319,0.6666666666666669,True
20210423,47646,10,12.448769076956996,37.687782764434814,0.8181818181818182,True
20210423,47647,9,14.644515276010067,41.650129318237305,0.7833333333333333,True
20210423,47648,6,7.424674341819963,22.445878982543945,0.6571428571428573,True
20210423,47649,1,0.0,0.0,,False
20210423,47650,9,11.357073868389083,34.71551513671875,0.7333333333333334,True
20210423,47651,10,13.083665011420921,44.8057599067688,0.5878787878787878,True
20210423,47652,10,11.661866990127367,42.79941129684448,0.4545454545454545,True
20210423,47655,10,9.207407954959796,34.01268196105957,0.6606060606060605,True
20210423,47656,5,19.288026644158712,54.9428973197937,0.8999999999999998,True
20210423,47657,4,14.740757493284036,38.314802169799805,0.7999999999999999,True
20210423,47658,10,6.22824656264793,18.89454698562622,0.5515151515151515,True
20210423,47659,10,5.798706715529305,20.312467575073242,0.7696969696969697,True
20210423,47660,9,9.253143565189358,28.859508991241455,0.39999999999999997,True
20210423,47661,10,14.789239048024024,47.31299638748169,0.8181818181818182,True
20210423,47662,7,12.313571332181619,34.222278118133545,0.642857142857143,True
20210423,47663,10,7.522580662364061,28.776399552822113,0.8060606060606059,True
20210423,47664,9,14.366896406012476,51.780208110809326,0.6333333333333333,True
20210423,47665,9,8.639883150828325,28.887217044830322,0.5666666666666667,True
20210423,47666,7,9.221439566863525,29.55629539489746,0.7142857142857144,True
20210423,47667,7,9.352117126837419,31.60065984725952,1.0,True
20210423,47668,10,9.951368105738247,36.237220764160156,-0.5515151515151515,True
20210423,47669,10,9.576652884448562,32.216867446899414,0.7818181818181817,True
20210423,47670,9,9.989997110627622,35.11177849769592,-0.09999999999999999,True
20210423,47671,10,14.351968241505537,50.85538911819458,0.5515151515151515,True
20210423,47673,10,10.060975346213413,34.51913928985596,0.5272727272727272,True
20210423,47674,7,5.6369088697558904,18.775851726531982,0.6785714285714287,True
20210423,47675,10,3.530012060576885,10.876965999603271,0.5151515151515151,True
20210423,47676,10,14.409808241908777,45.94429063796997,0.9030303030303028,True
20210423,47677,9,6.264978185237316,22.556299924850464,0.4666666666666666,True
20210423,47678,10,9.945890487601751,27.98991298675537,0.6848484848484848,True
20210423,47680,10,7.0459832969867575,24.71290874481201,0.2727272727272727,True
20210423,47682,10,9.377214822496517,36.49359369277954,0.5757575757575757,True
20210423,47683,8,4.401180224528095,14.700068473815918,0.4761904761904762,True
20210423,47684,7,6.9966797621880925,21.74260950088501,0.5714285714285715,True
20210423,47685,7,6.009417745271815,20.655298709869385,0.28571428571428575,True
20210423,47687,2,23.192829132080078,46.385658264160156,0.9999999999999999,True
20210423,47688,9,6.26989547490421,23.18182945251465,0.09999999999999999,True
20210423,47689,7,6.489540249133731,23.29463768005371,0.9642857142857145,True
20210423,47690,8,17.434722660193735,58.94699287414551,0.6428571428571429,True
20210423,47691,9,14.473647736350573,46.282114028930664,0.7833333333333333,True
20210423,47692,9,14.686913803907554,50.263558864593506,0.6666666666666667,True
20210423,47693,7,18.081796006046545,46.58287239074707,0.7857142857142859,True
20210423,47694,10,10.01414511328319,31.525954961776733,0.6969696969696969,True
20210423,47695,10,4.8925965755630605,19.68978440761566,0.6727272727272726,True
20210423,47696,9,10.906957405760934,40.500330686569214,0.016666666666666666,True
20210423,47698,7,16.570554846363777,44.586681842803955,-0.14285714285714288,True
20210423,47700,10,7.220812256131083,25.85274314880371,-0.19999999999999998,True
20210423,47701,10,30.88666341104736,83.17800831794739,-0.309090909090909,True
20210423,47702,10,11.73205484211821,36.03271436691284,0.7575757575757575,True
20210423,47703,8,11.643900337154632,30.81056833267212,0.07142857142857144,True
20210423,47705,8,10.661037787258442,38.00697374343872,0.7142857142857144,True
20210423,47706,8,21.15523122123332,65.05683135986328,0.7857142857142858,True
20210423,47707,7,17.468188672862688,42.420785427093506,-0.1785714285714286,True
20210423,47708,8,12.151663518255955,36.7821364402771,0.07142857142857144,True
20210423,47709,10,7.567699482049763,23.336731910705566,-0.01818181818181818,True
20210423,47710,10,12.85803422008519,36.68865394592285,0.04242424242424241,True
20210423,47711,10,6.811577028654889,18.905698776245117,0.41818181818181815,True
20210423,47713,3,16.48591910230232,35.540698528289795,1.0,True
20210423,47714,10,6.662368554562235,20.087003707885742,0.28484848484848485,True
20210423,47715,7,8.53121756412835,27.01136350631714,0.7500000000000002,True
20210423,47716,6,25.097352798102673,75.20042037963867,-0.028571428571428574,True
20210423,47718,10,14.430226740133868,60.43343782424927,0.33333333333333326,True
20210423,47720,1,0.0,0.0,,False
20210423,47721,10,12.792909068688717,45.79650115966797,0.6848484848484848,True
20210423,47722,9,4.607979463737058,14.08110237121582,0.5166666666666667,True
20210423,47723,1,0.0,0.0,,False
20210423,47724,9,9.070321372156386,33.073387145996094,0.7,True
20210423,47726,10,11.745843305659688,44.60315179824829,0.1515151515151515,True
20210423,47727,8,25.61818846042598,68.88826179504395,0.7142857142857144,True
20210423,47728,1,0.0,0.0,,False
20210423,47730,8,11.28459715660424,38.95304465293884,0.6190476190476191,True
20210423,47731,10,9.38591797480438,35.987969636917114,0.22424242424242422,True
20210423,47732,10,12.553311970630741,36.14720344543457,0.41818181818181815,True
20210423,47733,9,9.586169434269141,28.126161098480225,0.16666666666666669,True
20210423,47734,9,11.56674247978002,32.958956718444824,0.38333333333333336,True
20210423,47735,8,10.007391296386496,33.85768699645996,0.28571428571428575,True
20210423,47736,8,6.7623795291951705,26.528900861740112,0.2142857142857143,True
20210423,47737,7,22.149069616342224,72.62336921691895,-0.28571428571428575,True
20210423,47738,9,8.193159400278157,31.76674509048462,0.03333333333333333,True
20210423,47740,8,7.6152732494946775,24.452251434326172,0.3333333333333334,True
20210423,47741,7,21.58066405515236,72.58153295516968,0.5714285714285715,True
20210423,47743,9,7.738366736381178,26.88023042678833,-0.08333333333333334,True
20210423,47744,6,10.472150315140293,35.02663469314575,0.6571428571428573,True
20210423,47745,9,16.363120568174608,59.16081380844116,0.7333333333333334,True
20210423,47746,10,7.125592494037529,21.4406818151474,0.7818181818181817,True
20210423,47747,10,8.189819295618266,32.447211503982544,-0.11515151515151514,True
20210423,47748,8,9.481456168381017,31.020469665527344,0.28571428571428575,True
20210423,47749,10,13.315658423658775,47.06107884645462,0.6484848484848483,True
20210423,47750,6,30.162074229256636,69.73695850372314,-0.028571428571428574,True
20210423,47752,6,18.955158421326598,55.93687605857849,0.028571428571428574,True
20210423,47753,10,13.822002260966068,40.53545022010803,0.8545454545454544,True
20210423,47754,8,26.286505873480944,67.43078947067261,0.523809523809524,True
20210423,47755,7,4.033059410144344,12.674032211303711,-0.42857142857142866,True
20210423,47756,10,9.536950182879005,35.42074394226074,0.29696969696969694,True
20210423,47757,7,18.059467276995118,46.2487370967865,0.5,True
20210423,47758,9,5.544597362532984,19.475170135498047,0.3,True
20210423,47759,10,17.227935226721034,65.33875274658203,0.33333333333333326,True
20210423,47760,8,29.112135948815727,90.99992406368256,0.6666666666666669,True
20210423,47761,9,17.722276957723004,47.44408369064331,0.21666666666666667,True
20210423,47762,8,9.605660419635829,30.45439338684082,0.6904761904761906,True
20210423,47763,6,11.947309095650478,33.687692642211914,0.7714285714285715,True
20210423,47764,10,6.658396713736314,23.24972939491272,0.10303030303030303,True
20210423,47766,9,12.290026478844998,47.473477602005005,0.7999999999999999,True
20210423,47767,10,6.9442910081567675,21.607840538024902,0.8666666666666665,True
20210423,47768,9,13.808391996311775,46.24121904373169,0.7,True
20210423,47770,7,10.528133054392356,33.31581497192383,0.5714285714285715,True
20210423,47771,2,13.635379791259766,27.27075958251953,0.9999999999999999,True
20210423,47772,10,9.304683698538975,36.23621702194214,0.1515151515151515,True
20210423,47773,7,10.110763559312872,30.242748260498047,0.5714285714285715,True
20210423,47775,9,16.548775907280636,56.73011350631714,0.7666666666666667,True
20210423,47776,8,10.389321397982076,30.351723670959473,0.30952380952380953,True
20210423,47777,9,9.35463919842577,33.887300968170166,0.33333333333333337,True
20210423,47778,8,15.718691793241833,53.18260908126831,0.5952380952380953,True
20210423,47779,10,10.201449952067748,37.02810716629028,0.05454545454545454,True
20210423,47780,10,14.446045438931451,56.14064359664917,-0.10303030303030303,True
20210423,47782,7,6.797214465494256,21.363117218017578,0.14285714285714288,True
20210423,47783,9,6.624266976365902,21.609834671020508,0.43333333333333335,True
20210423,47784,8,7.078428072407501,22.595256328582764,0.6904761904761906,True
20210423,47785,9,11.404883982836996,40.06133961677551,0.06666666666666667,True
20210423,47786,9,11.10879825048008,36.23996067047119,0.049999999999999996,True
20210423,47788,8,9.47476903077881,26.71042776107788,0.7857142857142858,True
20210423,47790,4,5.796589038270281,15.74034833908081,1.0,True
20210423,47791,7,17.454755613763446,57.882558822631836,0.3214285714285715,True
20210423,47792,8,8.476963180527035,28.638779163360596,0.6904761904761906,True
20210423,47793,10,8.87938828047908,37.51308584213257,0.7333333333333332,True
20210423,47794,10,6.902375075010657,23.173874855041504,0.22424242424242422,True
20210423,47797,7,14.252886977340468,48.3144326210022,0.5357142857142858,True
20210423,47799,8,8.506007012777745,24.22288942337036,0.7142857142857144,True
20210423,47800,10,8.634368592136667,32.66918420791626,0.309090909090909,True
20210423,47801,10,8.412590137346342,29.210010528564453,0.49090909090909085,True
20210423,47802,2,2.8798078298568726,5.759615659713745,-0.9999999999999999,True
20210423,47804,10,12.935664506698227,43.0808892250061,0.9030303030303028,True
20210423,47805,8,8.757362294554502,25.025869846343994,0.523809523809524,True
20210423,47806,9,18.735499395988533,70.19715309143066,0.39999999999999997,True
20210423,47807,6,15.775224303940517,46.389132499694824,0.7142857142857143,True
20210423,47808,8,8.420706709341175,24.722654819488525,0.8095238095238096,True
20210423,47809,6,11.827922533423877,36.738200664520264,0.7714285714285715,True
20210423,47811,7,5.825621467792538,19.503077030181885,0.3571428571428572,True
20210423,47812,9,6.259803462397839,18.415334701538086,0.2333333333333333,True
20210423,47813,10,9.911467084381023,34.506882190704346,0.5757575757575757,True
20210423,47814,9,14.543651584623282,45.26894521713257,0.33333333333333337,True
20210423,47815,8,11.527920147715477,38.77524769306183,0.4047619047619048,True
20210423,47816,10,12.107927613518818,42.87191200256348,0.7696969696969697,True
20210423,47817,10,12.706620166509161,40.17762756347656,-0.2606060606060606,True
20210423,47818,7,13.73261020194834,37.980992794036865,0.9285714285714288,True
20210423,47819,9,18.87962445187816,59.97144651412964,0.6,True
20210423,47820,7,13.828745592943227,42.46452188491821,0.14285714285714288,True
20210423,47821,10,14.52629519424044,55.024731159210205,-0.06666666666666665,True
20210423,47823,10,7.416304362581047,27.01042938232422,0.2606060606060606,True
20210423,47824,9,15.493163738983453,50.18798899650574,0.41666666666666663,True
20210423,47826,6,5.717966329202561,15.734051704406738,-0.14285714285714288,True
20210423,47827,9,7.700268637762572,25.856910705566406,0.48333333333333334,True
20210423,47828,7,8.348829101820414,23.546272039413452,0.03571428571428572,True
20210423,47829,10,16.95368404458115,56.69915723800659,0.2727272727272727,True
20210423,47830,9,11.038174583775753,36.00012493133545,0.09999999999999999,True
20210423,47831,10,10.825769715660202,35.937804222106934,0.2727272727272727,True
20210423,47832,5,8.562546616245323,23.052204608917236,0.3,True
20210423,47836,10,10.49838997027084,33.46679067611694,0.6242424242424242,True
20210423,47837,8,9.087373599696166,30.254210948944092,-0.6666666666666669,True
20210423,47840,10,5.964022217303143,18.595582485198975,0.6848484848484848,True
20210423,47841,10,12.12803754362078,43.07965660095215,0.2121212121212121,True
20210423,47844,3,6.318189051651467,15.434657573699951,1.0,True
20210423,47846,5,12.794452197148804,36.15048825740814,0.7,True
20210423,47847,6,4.0577142503197745,12.018431186676025,0.6,True
20210423,47848,7,9.787470842554608,33.36431837081909,0.21428571428571433,True
20210423,47849,9,9.309447467429584,29.950977325439453,0.35,True
20210423,47850,2,1.1971988677978516,2.394397735595703,0.9999999999999999,True
20210423,47851,9,12.698199781353853,44.47808885574341,0.6,True
20210423,47852,10,7.483619972712382,25.833088159561157,0.3696969696969697,True
20210423,47855,8,11.995165346768076,35.968623638153076,0.9047619047619048,True
20210423,47856,10,5.645417588131198,21.25686550140381,0.23636363636363633,True
20210423,47857,10,10.386596647089135,41.85347557067871,0.6848484848484848,True
20210423,47859,10,7.161952042032663,30.44191551208496,0.5393939393939393,True
20210423,47860,9,10.253186420470856,39.55363130569458,0.6666666666666667,True
20210423,47861,6,15.52134335175136,45.63038635253906,0.2,True
20210423,47862,6,4.912438221021623,12.312871932983398,0.6571428571428573,True
20210423,47863,9,16.965148312879958,54.13066291809082,0.7166666666666667,True
20210423,47866,8,17.9601662915623,62.353352308273315,0.6666666666666669,True
20210423,47868,10,14.855803902372042,47.615254402160645,0.7454545454545454,True
20210423,47871,9,14.964015795473598,44.311331272125244,0.31666666666666665,True
20210423,47872,5,10.94435101459895,28.945032119750977,0.6,True
20210423,47873,10,18.288191140659777,61.572824478149414,-0.1515151515151515,True
20210423,47874,10,13.125926821725125,41.77962636947632,0.7212121212121211,True
20210423,47875,10,9.716146388101798,31.363441228866577,0.05454545454545454,True
20210423,47876,10,11.91008157516859,38.830881118774414,0.23636363636363633,True
20210423,47877,2,7.777067184448242,15.554134368896484,0.9999999999999999,True
20210423,47878,10,11.008026900384891,38.022411823272705,0.6,True
20210423,47882,10,20.813982127827796,60.85138702392578,0.35757575757575755,True
20210423,47883,10,10.437903307188845,36.98130667209625,0.28484848484848485,True
20210423,47884,8,9.58152963522152,32.86346483230591,0.9285714285714287,True
20210423,47885,6,11.329418445707113,28.364700317382812,-0.4285714285714286,True
20210423,47886,9,12.794448273001484,43.938841819763184,0.48333333333333334,True
20210423,47887,10,10.069437090160617,39.898807525634766,0.7818181818181817,True
20210423,47888,9,8.079822198096496,31.292089700698853,0.8666666666666667,True
20210423,47889,5,6.9661616650564095,18.428683757781982,0.09999999999999999,True
20210423,47890,9,10.982931099843048,38.184826374053955,0.9166666666666666,True
20210423,47891,9,3.5179656803861543,11.433656692504883,0.11666666666666665,True
20210423,47892,1,0.0,0.0,,False
20210423,47894,10,10.135186043869892,33.707890033721924,0.43030303030303024,True
20210423,47895,9,12.569535093993483,46.06201767921448,0.6,True
20210423,47897,9,9.008141484588348,31.24119782447815,0.5,True
20210423,47898,8,12.607499928935344,39.708725452423096,0.6190476190476191,True
20210423,47901,10,25.648787177935247,78.41874933242798,0.2606060606060606,True
20210423,47902,9,9.876992615507222,31.756333827972412,0.7999999999999999,True
20210423,47903,7,17.454589485748485,55.641446590423584,0.8928571428571429,True
20210423,47905,10,12.188355090190909,42.59548473358154,-0.01818181818181818,True
20210423,47906,9,11.393024420095895,38.27763366699219,0.7166666666666667,True
20210423,47909,9,6.985396375423593,21.311550617218018,0.65,True
20210423,47910,7,11.809239536552022,27.269363403320312,0.3571428571428572,True
20210423,47911,10,16.76786545792406,53.57592821121216,0.4666666666666666,True
20210423,47912,9,12.669170552959718,36.97490692138672,0.43333333333333335,True
20210423,47913,7,11.284551307774448,35.45474815368652,0.6785714285714287,True
20210423,47914,7,24.26298726668601,69.89884853363037,0.1785714285714286,True
20210423,47915,9,7.11380635367382,26.83062505722046,0.3,True
20210423,47916,5,14.622557032922302,43.8894739151001,0.8999999999999998,True
20210423,47917,8,7.768236283134797,25.20504379272461,0.880952380952381,True
20210423,47918,9,8.832546096061167,31.13624119758606,0.9666666666666667,True
20210423,47919,8,5.9196052149233,18.908626556396484,0.9285714285714287,True
20210423,47920,3,16.311623130023616,36.17134380340576,-1.0,True
20210423,47921,10,9.768423520778065,33.15795040130615,0.13939393939393938,True
20210423,47923,7,7.344648516921896,20.306577682495117,0.6785714285714287,True
20210423,47925,5,14.656711300061849,41.54965329170227,0.39999999999999997,True
20210423,47926,9,15.510826843557032,44.113994121551514,0.6,True
20210423,47928,7,7.268638423820283,18.30031394958496,0.8214285714285715,True
20210423,47929,8,10.893790017296794,33.46353578567505,0.4285714285714286,True
20210423,47930,7,11.976880709050768,40.6780366897583,0.39285714285714296,True
20210423,47931,6,11.257167783263728,30.645793676376343,0.2,True
20210423,47932,8,11.132852030548095,40.048418045043945,0.2142857142857143,True
20210423,47933,9,13.645135671331682,49.24940299987793,0.2833333333333333,True
20210423,47934,8,13.615329531859182,43.8192024230957,0.4761904761904762,True
20210423,47935,7,5.602442728904417,16.61310386657715,0.7142857142857144,True
20210423,47936,7,8.001747222216473,23.02436065673828,0.8571428571428573,True
20210423,47937,10,12.295483298653613,35.84830093383789,0.09090909090909088,True
20210423,47938,5,14.443675352891319,38.3506965637207,0.3,True
20210423,47940,7,7.46954730286061,23.61813735961914,0.7857142857142859,True
20210423,47942,9,14.826726091679722,59.096628189086914,0.4666666666666666,True
20210423,47943,9,10.975206902031353,36.862656593322754,0.5833333333333334,True
20210423,47944,10,12.67558334306528,45.77617073059082,0.09090909090909088,True
20210423,47945,7,18.811231862440554,64.35242319107056,0.7857142857142859,True
20210423,47946,2,10.349447250366211,20.698894500732422,0.9999999999999999,True
20210423,47947,1,0.0,0.0,,False
20210423,47949,6,27.622495958223656,69.14463424682617,0.6571428571428573,True
20210423,47951,10,8.065869295787323,33.46755790710449,0.6,True
20210423,47952,9,11.519358540147293,36.17686939239502,0.38333333333333336,True
20210423,47953,7,5.033420680818508,16.681090593338013,0.9285714285714288,True
20210423,47954,5,10.89260437411821,30.9286071062088,0.8999999999999998,True
20210423,47956,9,10.45741987519572,33.62974786758423,0.08333333333333334,True
20210423,47957,3,16.348805463202257,37.489437103271484,0.5,True
20210423,47958,8,14.65850352494232,47.34124183654785,0.4285714285714286,True
20210423,47959,10,9.017018925146663,28.783409118652344,0.4666666666666666,True
20210423,47961,10,4.121523166073288,13.130868673324585,0.43030303030303024,True
20210423,47962,9,11.266534227727938,40.36438989639282,0.7999999999999999,True
20210423,47964,4,11.513137903273163,28.886528730392456,0.39999999999999997,True
20210423,47965,9,6.905913129619191,23.162811756134033,0.6,True
20210423,47966,10,10.558869987465284,40.836992263793945,0.33333333333333326,True
20210423,47967,6,13.927704169604816,42.15016174316406,0.14285714285714288,True
20210423,47969,7,12.91389026922689,38.21837568283081,0.28571428571428575,True
20210423,47970,8,8.38363239292381,20.790598392486572,0.6190476190476191,True
20210423,47971,7,11.01150609954755,29.184348583221436,0.5,True
20210423,47972,7,4.833268680007867,16.143975973129272,0.3214285714285715,True
20210423,47973,6,15.781632396237821,49.17928695678711,0.6,True
20210423,47974,9,7.6959324138418905,23.517425537109375,0.5,True
20210423,47976,10,17.54271424494652,62.05422258377075,0.41818181818181815,True
20210423,47977,10,10.665412068710074,39.32857084274292,0.8303030303030302,True
20210423,47978,10,7.27446476842599,27.479801893234253,0.41818181818181815,True
20210423,47979,6,12.867806233742193,36.60285711288452,0.08571428571428573,True
20210423,47980,4,13.922911994383323,32.90494728088379,0.7999999999999999,True
20210423,47981,8,12.814436000260704,42.53558969497681,0.523809523809524,True
20210423,47982,8,7.9641053986414,24.74837636947632,0.3333333333333334,True
20210423,47983,2,9.708446502685547,19.416893005371094,0.9999999999999999,True
20210423,47985,4,7.065127882210774,16.973618984222412,0.39999999999999997,True
20210423,47986,6,22.906028081131502,63.67222738265991,0.6,True
20210423,47987,7,5.6989887892839945,19.605966925621033,-0.03571428571428572,True
20210423,47988,9,12.156123058307562,34.84665012359619,0.13333333333333333,True
20210423,47989,10,10.116664761328874,32.09929704666138,0.5393939393939393,True
20210423,47990,7,6.32557966194915,19.237321853637695,0.25,True
20210423,47991,1,0.0,0.0,,False
20210423,47992,10,22.153532955570103,68.63204288482666,0.49090909090909085,True
20210423,47993,10,10.257735842251622,33.74847364425659,-0.04242424242424241,True
20210423,47994,10,9.414943047576267,30.37042236328125,0.8909090909090909,True
20210423,47995,8,9.674214409701563,35.15721559524536,0.5476190476190477,True
20210423,47996,8,5.598604856848796,20.747642517089844,0.2142857142857143,True
20210423,47998,7,19.81013750081742,66.48431777954102,0.1785714285714286,True
20210423,48000,8,7.985182544861943,24.06685447692871,0.5476190476190477,True
20210423,48001,9,10.232690757639192,32.76330494880676,0.21666666666666667,True
20210423,48002,7,8.627780135619071,28.797115206718445,0.4642857142857144,True
20210423,48003,4,9.003971731254106,24.56518840789795,0.39999999999999997,True
20210423,48005,6,9.099219575454173,27.185436964035034,-0.08571428571428573,True
20210423,48006,3,9.446897857400282,22.02091944217682,0.5,True
20210423,48007,10,12.170442404091649,43.32943344116211,0.2121212121212121,True
20210423,48009,9,8.996514500619048,30.110655784606934,0.6,True
20210423,48010,10,10.429411943276104,31.069486618041992,0.709090909090909,True
20210423,48012,10,12.806944506974276,43.445892333984375,0.9151515151515152,True
20210423,48013,9,11.00920968221006,33.378825664520264,0.31666666666666665,True
20210423,48014,10,13.179994782332779,48.57814025878906,0.709090909090909,True
20210423,48015,10,9.910600403316202,39.071813106536865,0.5878787878787878,True
20210423,48016,7,6.905623743257459,20.93069314956665,0.7142857142857144,True
20210423,48017,5,19.55934779909904,61.23866891860962,0.8999999999999998,True
20210423,48019,10,7.761148543734531,23.869161128997803,0.4424242424242424,True
20210423,48021,9,9.642722542372221,30.31295394897461,0.21666666666666667,True
20210423,48022,6,15.65621482809786,39.98918354511261,-0.48571428571428577,True
20210423,48023,7,7.739561070322332,27.003202438354492,0.39285714285714296,True
20210423,48024,10,17.771711245911803,56.141112327575684,0.6848484848484848,True
20210423,48025,6,13.271619571775878,40.57314896583557,0.8857142857142858,True
20210423,48026,8,13.574705086479083,40.58017539978027,0.7857142857142858,True
20210423,48029,10,12.822856963576113,42.585206031799316,0.6969696969696969,True
20210423,48030,2,10.309287071228027,20.618574142456055,-0.9999999999999999,True
20210423,48031,8,6.517370404437634,21.73460626602173,0.1666666666666667,True
20210423,48032,3,10.402912228469116,24.833606719970703,0.5,True
20210423,48036,9,8.843468255927093,31.827857971191406,0.6333333333333333,True
20210423,48038,9,12.27912209434175,43.976590633392334,0.39999999999999997,True
20210423,48041,10,16.85003233801391,58.57082748413086,0.6848484848484848,True
20210423,48042,9,9.950209821185132,30.77195930480957,0.2833333333333333,True
20210423,48044,8,7.08129017056647,23.0576434135437,0.9047619047619048,True
20210423,48045,7,19.228944593825286,57.22765350341797,-0.1785714285714286,True
20210423,48047,10,14.517918355850904,38.192378520965576,-0.24848484848484845,True
20210423,48048,6,16.124668921357472,46.526418685913086,0.6,True
20210423,48049,1,0.0,0.0,,False
20210423,48050,8,15.546391130762519,41.869725465774536,0.7857142857142858,True
20210423,48051,3,13.041377430206516,29.23252785205841,0.5,True
20210423,48052,7,19.23818633067464,53.66911697387695,0.39285714285714296,True
20210423,48053,9,20.60790532231223,61.523027420043945,0.16666666666666669,True
20210423,48055,8,7.420056249631377,21.855825424194336,-0.5000000000000001,True
20210423,48056,10,3.225348825887964,11.218637645244598,0.29696969696969694,True
20210423,48057,7,12.267219786043274,34.587010860443115,0.1785714285714286,True
20210423,48058,10,10.79737893843008,32.8220591545105,0.24848484848484845,True
20210423,48060,6,13.010950618823326,39.714792251586914,0.48571428571428577,True
20210423,48061,7,8.849373034651789,24.154743194580078,0.5357142857142858,True
20210423,48062,10,9.125053328093076,33.535147190093994,0.6,True
20210423,48064,9,6.560096054870093,17.308484077453613,0.5333333333333333,True
20210423,48065,7,15.719513894125974,45.222036361694336,0.39285714285714296,True
20210423,48066,9,13.549125311758317,41.50615727901459,0.7999999999999999,True
20210423,48067,10,3.7722841538562424,13.655238628387451,0.4787878787878787,True
20210423,48068,8,12.616518043884374,39.09415006637573,-0.4761904761904762,True
20210423,48069,6,6.6020763105874645,16.764596343040466,0.7714285714285715,True
20210423,48071,10,8.750209158742853,26.226869583129883,0.01818181818181818,True
20210423,48074,7,25.35458541443343,70.86943054199219,0.3214285714285715,True
20210423,48076,7,16.979622000218367,52.81757354736328,0.642857142857143,True
20210423,48077,6,11.92714214071789,33.553149700164795,0.8285714285714287,True
20210423,48078,7,8.734933184235135,25.34243631362915,0.42857142857142866,True
20210423,48079,10,4.485565787122512,16.61380386352539,0.6242424242424242,True
20210423,48080,9,15.329553167627564,42.36970138549805,0.33333333333333337,True
20210423,48082,6,12.993144959265441,39.125147342681885,0.08571428571428573,True
20210423,48083,5,9.056910138249311,23.73849582672119,0.7,True
20210423,48085,8,10.368649493529224,32.966551780700684,0.523809523809524,True
20210423,48086,10,8.012698848800772,25.54815435409546,0.6484848484848483,True
20210423,48088,8,4.51034939549795,13.759515047073364,0.3571428571428572,True
20210423,48090,9,16.662539913265746,58.78447103500366,0.6333333333333333,True
20210423,48092,9,9.198381615607142,33.02864074707031,0.5,True
20210423,48093,10,7.9724328813444165,24.177797079086304,0.32121212121212117,True
20210423,48094,6,8.732483694821441,28.39823889732361,0.7714285714285715,True
20210423,48096,4,28.319574293136057,75.15249824523926,0.19999999999999998,True
20210423,48097,10,14.225715147030805,51.9386100769043,-0.29696969696969694,True
20210423,48098,6,21.73480019834858,70.29092025756836,0.7714285714285715,True
20210423,48099,8,12.497497271560063,41.58636474609375,0.3333333333333334,True
20210423,48100,10,8.92262838818182,27.029837131500244,0.18787878787878787,True
20210423,48101,1,0.0,0.0,,False
20210423,48102,8,13.099208924080562,39.07992124557495,0.19047619047619052,True
20210423,48104,6,21.862689440987005,63.34736251831055,0.028571428571428574,True
20210423,48105,10,7.486781308567306,23.261138439178467,0.12727272727272726,True
20210423,48108,8,6.804977975439241,23.56590175628662,0.5714285714285715,True
20210423,48109,9,5.231985825027084,17.52971649169922,0.43333333333333335,True
20210423,48110,8,10.726322422902246,38.443005084991455,0.4523809523809524,True
20210423,48111,8,6.5845030169446614,21.896011352539062,-0.2380952380952381,True
20210423,48114,9,5.502295703100894,16.887678146362305,-0.39999999999999997,True
20210423,48116,8,5.910341807983703,17.06793212890625,0.2142857142857143,True
20210423,48118,4,10.440506598431408,28.330792903900146,1.0,True
20210423,48119,8,9.707613075977338,25.379445552825928,0.3571428571428572,True
20210423,48120,8,7.286091972560598,23.782462120056152,0.19047619047619052,True
20210423,48121,8,14.592150876582854,50.6071891784668,0.28571428571428575,True
20210423,48122,8,17.090517104282878,52.45969533920288,0.14285714285714288,True
20210423,48123,9,5.7415023333888096,19.772212028503418,0.16666666666666669,True
20210423,48124,9,14.807712958136324,46.706944942474365,0.19999999999999998,True
20210423,48125,5,13.777339544418336,41.852171421051025,0.8999999999999998,True
20210423,48126,10,15.073658303614819,53.7525634765625,-0.04242424242424241,True
20210423,48127,9,6.4308001908442,19.72344446182251,0.25,True
20210423,48128,10,13.831080292903009,50.32536506652832,0.6363636363636362,True
20210423,48129,5,17.531046827018386,50.5628719329834,0.0,True
20210423,48130,9,11.996618374038235,41.559356927871704,0.26666666666666666,True
20210423,48131,10,9.763752589938578,34.06598925590515,0.8424242424242423,True
20210423,48132,10,10.374117351088225,34.21869659423828,0.5030303030303029,True
20210423,48133,10,9.83969017164636,34.24851608276367,-0.09090909090909088,True
20210423,48137,4,5.325481606090807,13.824008703231812,-0.7999999999999999,True
20210423,48138,9,14.784128892784937,50.693289279937744,0.8833333333333333,True
20210423,48139,6,5.335168130102541,17.52766442298889,0.8285714285714287,True
20210423,48141,7,3.6614004966999842,11.59093952178955,0.7142857142857144,True
20210423,48142,10,7.903315414578425,24.579514265060425,0.8424242424242423,True
20210423,48143,8,18.7791396909248,58.25639319419861,0.7380952380952381,True
20210423,48144,9,8.576224234211187,29.50704836845398,0.6833333333333333,True
20210423,48145,10,10.836433480823903,38.6298770904541,0.41818181818181815,True
20210423,48147,8,20.015618718008298,60.246975898742676,0.3571428571428572,True
20210423,48148,10,5.5344644812325186,21.84253191947937,0.9030303030303028,True
20210423,48149,6,17.409133416073818,44.223034381866455,-0.14285714285714288,True
20210423,48150,9,5.8767974233650495,16.413373947143555,0.41666666666666663,True
20210423,48151,8,20.386375101474282,66.24966049194336,0.2380952380952381,True
20210423,48152,10,13.569190701518052,39.91208362579346,0.6,True
20210423,48153,10,12.305061465576573,45.84525489807129,-0.23636363636363633,True
20210423,48154,4,14.548500784415104,40.45199966430664,0.7999999999999999,True
20210423,48155,7,11.256440098927968,29.53081512451172,0.5714285714285715,True
20210423,48157,7,20.6811663052111,50.42885971069336,0.14285714285714288,True
20210423,48158,10,13.45798206923545,49.08185338973999,0.22424242424242422,True
20210423,48159,9,12.166698206991773,44.35549545288086,0.7,True
20210423,48160,9,10.237107666335087,39.92558526992798,0.39999999999999997,True
20210423,48162,6,6.591995305266515,20.895397663116455,0.5428571428571429,True
20210423,48164,9,10.185003772104622,33.93716287612915,0.2333333333333333,True
20210423,48165,6,10.643221924655256,31.731422424316406,0.6,True
20210423,48166,8,22.06741451634476,60.12611538171768,0.5714285714285715,True
20210423,48167,7,21.40014073043863,64.24511861801147,0.0,True
20210423,48168,10,12.917667290016162,44.871965408325195,0.33333333333333326,True
20210423,48170,5,14.326827247552156,37.830227732658386,0.7,True
20210423,48171,8,12.771754253040855,38.52465200424194,-0.023809523809523815,True
20210423,48173,6,10.582058874746984,28.328514099121094,0.48571428571428577,True
20210423,48174,8,11.905757926512809,44.577545166015625,0.19047619047619052,True
20210423,48175,8,6.4846308227688265,20.794922351837158,0.30952380952380953,True
20210423,48176,8,5.172752934789652,16.77178382873535,-0.07142857142857144,True
20210423,48177,5,10.095319852854097,29.359385013580322,0.8999999999999998,True
20210423,48178,10,5.060197403733666,20.370314121246338,0.4787878787878787,True
20210423,48179,10,7.9294330383078995,25.77191162109375,0.34545454545454546,True
20210423,48180,9,4.67172922253769,13.111414909362793,0.16666666666666669,True
20210423,48181,10,12.369226256539717,39.67259621620178,0.7575757575757575,True
20210423,48182,8,26.983145214096023,60.65281391143799,0.6428571428571429,True
20210423,48184,7,14.599311856101775,43.87359428405762,0.42857142857142866,True
20210423,48185,10,11.69313226585963,36.73154258728027,0.7696969696969697,True
20210423,48186,9,3.8871656459310198,12.090635299682617,-0.6333333333333333,True
20210423,48187,10,8.893083090757099,32.95577359199524,0.41818181818181815,True
20210423,48188,6,6.3914098057525965,16.810827016830444,0.14285714285714288,True
20210423,48189,8,8.303036463799677,31.12909460067749,0.6190476190476191,True
20210423,48190,8,8.573245477508056,31.42294216156006,0.4047619047619048,True
20210423,48191,6,5.5398525700153405,13.90186071395874,0.08571428571428573,True
20210423,48192,8,30.85175544290706,88.29925322532654,0.6190476190476191,True
20210423,48194,9,9.266779541337394,32.95043992996216,0.15,True
20210423,48196,3,12.03791461932087,28.452168226242065,1.0,True
20210423,48197,8,11.399709117998214,36.15725755691528,0.19047619047619052,True
20210423,48198,10,4.974973353241718,17.34610939025879,0.6121212121212121,True
20210423,48199,10,13.302808871004304,46.54349708557129,0.05454545454545454,True
20210423,48200,7,14.30453905886569,45.35318040847778,0.14285714285714288,True
20210423,48201,8,11.92374196273787,30.1262149810791,0.4285714285714286,True
20210423,48203,9,8.62348084393394,26.063180685043335,0.8499999999999999,True
20210423,48205,8,9.974119015353546,28.20792269706726,0.5714285714285715,True
20210423,48206,8,11.462338689305835,33.28473091125488,0.023809523809523815,True
20210423,48207,10,10.130685963728036,38.01046168804169,0.2727272727272727,True
20210423,48208,8,19.180338729914926,61.366018295288086,0.4285714285714286,True
20210423,48209,9,7.1434114112169445,26.53608751296997,0.7999999999999999,True
20210423,48210,10,10.65363030327484,36.2012882232666,0.6363636363636362,True
20210423,48211,1,0.0,0.0,,False
20210423,48215,8,9.744107417771392,31.863762855529785,0.5476190476190477,True
20210423,48216,9,21.376008131547206,69.72376871109009,0.7333333333333334,True
20210423,48217,7,20.68736332531771,49.29979133605957,0.10714285714285716,True
20210423,48219,10,8.400668431573536,29.019757747650146,0.5878787878787878,True
20210423,48220,1,0.0,0.0,,False
20210423,48221,9,14.265458378228946,49.861703634262085,0.19999999999999998,True
20210423,48222,8,17.112651848082752,58.926297664642334,0.14285714285714288,True
20210423,48224,7,21.772157356336812,56.292420864105225,0.28571428571428575,True
20210423,48226,9,7.062410568972633,21.94014835357666,0.5,True
20210423,48227,1,0.0,0.0,,False
20210423,48228,10,8.150330297288038,23.257837295532227,-0.0303030303030303,True
20210423,48229,10,12.794167299065126,36.13708782196045,0.709090909090909,True
20210423,48230,9,10.618356725316955,38.68349075317383,0.75,True
20210423,48232,10,3.856623465634264,10.937085628509521,0.33333333333333326,True
20210423,48235,9,7.605595074984911,28.496343851089478,-0.16666666666666669,True
20210423,48236,10,12.375700022736845,40.0673885345459,0.5636363636363636,True
20210423,48237,10,10.213853978449048,36.649980545043945,0.12727272727272726,True
20210423,48239,6,9.769530740587651,25.680290460586548,0.028571428571428574,True
20210423,48240,8,4.776327592864663,14.424339771270752,0.4047619047619048,True
20210423,48241,6,14.721794600392363,49.11731147766113,0.942857142857143,True
20210423,48243,9,11.021169310638232,43.73728036880493,0.3666666666666667,True
20210423,48244,5,6.338244294828263,17.507474899291992,0.19999999999999998,True
20210423,48245,7,14.64004063588756,49.28422737121582,0.642857142857143,True
20210423,48246,10,14.045943268609742,39.426300048828125,0.29696969696969694,True
20210423,48247,8,13.82337534375482,48.52956432104111,0.5476190476190477,True
20210423,48248,9,15.125184612047514,50.961058616638184,0.45,True
20210423,48249,10,4.898085059780928,16.774002075195312,-0.13939393939393938,True
20210423,48250,8,14.547888993564506,40.44269418716431,0.4523809523809524,True
20210423,48252,7,13.211728079576547,41.1354740858078,0.7500000000000002,True
20210423,48253,9,7.716125137644755,28.17096996307373,0.16666666666666669,True
20210423,48255,6,13.40498886110071,37.28828048706055,0.5428571428571429,True
20210423,48256,10,13.25406145489067,49.26563835144043,0.29696969696969694,True
20210423,48257,9,13.9475207021441,47.557090282440186,0.19999999999999998,True
20210423,48258,5,8.799175908967973,25.09476089477539,0.6,True
20210423,48259,3,8.765361907022394,20.64222526550293,-0.5,True
20210423,48260,9,6.281698051094612,23.01268434524536,0.5,True
20210423,48261,9,8.24192026012232,28.94485902786255,0.39999999999999997,True
20210423,48262,8,9.969909079208435,32.312801361083984,0.38095238095238104,True
20210423,48263,10,16.311133448450033,49.102718353271484,0.05454545454545454,True
20210423,48264,8,20.244772639558022,50.352763175964355,0.4285714285714286,True
20210423,48266,6,9.731484625592943,29.073746919631958,0.2571428571428572,True
20210423,48267,8,12.377934333647229,43.38446092605591,0.2380952380952381,True
20210423,48268,9,15.840240541003576,49.356584548950195,0.8166666666666667,True
20210423,48269,8,7.428176213079652,28.571521759033203,0.14285714285714288,True
20210423,48270,9,12.593967806403633,40.104405879974365,0.5333333333333333,True
20210423,48271,10,10.17633346112517,40.55760717391968,0.4666666666666666,True
20210423,48272,5,13.329897684684694,36.032052516937256,0.8999999999999998,True
20210423,48273,9,7.061823688725428,24.13265609741211,0.5,True
20210423,48274,7,6.259525641683148,19.129448890686035,0.3214285714285715,True
20210423,48275,9,11.852599134353254,34.85341453552246,0.25,True
20210423,48276,10,17.03845626775791,57.92032551765442,0.9515151515151514,True
20210423,48277,10,19.784704867572074,59.63456153869629,-0.2727272727272727,True
20210423,48278,10,9.061010154425418,25.279855728149414,0.5757575757575757,True
20210423,48280,9,10.52944520631285,39.886165618896484,-0.21666666666666667,True
20210423,48281,9,2.170560321118768,8.129495620727539,-0.38333333333333336,True
20210423,48282,6,23.89915618469145,60.35858964920044,0.942857142857143,True
20210423,48283,7,9.26879036658892,31.894546508789062,0.5357142857142858,True
20210423,48284,8,3.2661942551572176,8.640755891799927,0.4523809523809524,True
20210423,48286,9,7.452519897881947,23.865129232406616,0.7833333333333333,True
20210423,48287,10,10.845146615774336,39.251280307769775,0.6727272727272726,True
20210423,48288,9,19.623178935766486,61.75869560241699,0.11666666666666665,True
20210423,48290,8,15.572134950253943,52.742913246154785,-0.7142857142857144,True
20210423,48291,5,20.49415870651299,47.415926694869995,0.3,True
20210423,48294,4,13.65636409231896,36.30840301513672,0.7999999999999999,True
20210423,48295,9,8.629362533830498,27.761041164398193,0.7333333333333334,True
20210423,48296,8,10.657954139736242,37.87778282165527,0.28571428571428575,True
20210423,48297,7,19.342994596697245,67.70428848266602,0.5,True
20210423,48298,1,0.0,0.0,,False
20210423,48299,9,20.25087293746374,61.81446075439453,0.5666666666666667,True
20210423,48300,9,20.630374431312905,83.8229079246521,0.15,True
20210423,48301,10,8.028897127586408,27.391141414642334,-0.11515151515151514,True
20210423,48303,10,12.661267991146847,36.482996463775635,0.9151515151515152,True
20210423,48305,8,11.404747646869405,38.53840780258179,0.28571428571428575,True
20210423,48306,10,3.949369569375892,12.92057991027832,0.29696969696969694,True
20210423,48307,8,20.161085003612776,62.31110143661499,0.9047619047619048,True
20210423,48308,10,6.233250402443015,22.02912998199463,0.24848484848484845,True
20210423,48309,8,7.3116893716558335,20.532278537750244,0.7380952380952381,True
20210423,48310,7,9.917206332157196,30.332571029663086,0.5357142857142858,True
20210423,48311,9,8.297696435294451,26.080362796783447,0.41666666666666663,True
20210423,48312,10,10.447389370512791,35.78592014312744,0.8181818181818182,True
20210423,48313,7,10.415176267080394,28.300584077835083,0.5357142857142858,True
20210423,48315,9,11.840306904880425,38.80673789978027,0.8166666666666667,True
20210423,48316,8,9.87395035403441,35.87919211387634,-0.04761904761904763,True
20210423,48318,3,13.708624804483284,32.270538330078125,1.0,True
20210423,48321,9,10.456227723209777,36.09945583343506,-0.19999999999999998,True
20210423,48322,8,14.401839635836607,35.23061943054199,0.6428571428571429,True
20210423,48325,8,7.450288173318617,23.454378366470337,0.8333333333333335,True
20210423,48326,9,11.292521192803644,43.27293252944946,0.06666666666666667,True
20210423,48328,4,4.5598181913544025,12.327699184417725,0.7999999999999999,True
20210423,48329,8,3.946038688055882,12.251468181610107,-0.09523809523809526,True
20210423,48330,10,14.662257620202103,62.25,0.5878787878787878,True
20210423,48331,8,5.829967510669383,16.24868631362915,0.09523809523809526,True
20210423,48332,10,16.285090342500837,59.482046127319336,0.5030303030303029,True
20210423,48333,9,7.630940881288164,26.878402709960938,0.5333333333333333,True
20210423,48335,10,3.791912976559478,13.394617080688477,0.2606060606060606,True
20210423,48336,1,0.0,0.0,,False
20210423,48337,10,6.95521303577841,25.517457962036133,-0.16363636363636364,True
20210423,48339,10,11.953455499160238,34.45262289047241,0.709090909090909,True
20210423,48340,6,7.665600129558517,20.33851957321167,0.7142857142857143,True
20210423,48341,10,8.917287674994524,29.864976406097412,0.6727272727272726,True
20210423,48342,5,6.226878689345214,17.689524173736572,-0.19999999999999998,True
20210423,48343,9,9.34201637190021,25.23709726333618,0.6,True
20210423,48344,10,7.885268044662752,22.888437271118164,0.4666666666666666,True
20210423,48345,9,9.688408443780082,34.3718204498291,0.15,True
20210423,48347,9,12.04428494977796,38.245558738708496,0.7,True
20210423,48348,9,7.799718877273056,25.988548278808594,0.08333333333333334,True
20210423,48349,5,5.7522250977879,16.572441339492798,0.7999999999999999,True
20210423,48350,3,10.26056254766035,24.533470153808594,-0.5,True
20210423,48351,10,23.892464885820136,78.65155792236328,0.29696969696969694,True
20210423,48352,10,6.173551944813203,23.51584815979004,-0.10303030303030303,True
20210423,48353,8,15.023614161944835,44.880348205566406,0.6666666666666669,True
20210423,48355,3,5.172769574684635,12.108221530914307,0.5,True
20210423,48356,5,6.622516684174661,18.680442810058594,-0.49999999999999994,True
20210423,48357,7,21.37115335598626,58.14253377914429,-0.03571428571428572,True
20210423,48359,8,11.1776124703627,31.852766513824463,0.9285714285714287,True
20210423,48360,8,9.920664030815242,30.278586864471436,0.6428571428571429,True
20210423,48361,7,11.588114932728386,29.31578552722931,0.14285714285714288,True
20210423,48362,9,7.925930460607821,22.712942361831665,0.11666666666666665,True
20210423,48363,8,10.128900191353022,33.81451416015625,0.6190476190476191,True
20210423,48364,10,10.796541101809561,35.4440860748291,0.6727272727272726,True
20210423,48365,4,4.9316202656142725,12.159140586853027,-0.39999999999999997,True
20210423,48366,10,12.981000702471421,44.952595472335815,0.406060606060606,True
20210423,48367,9,21.66436960815412,64.59121704101562,-0.19999999999999998,True
20210423,48368,7,10.28998576979844,32.02083873748779,0.21428571428571433,True
20210423,48371,8,11.786554481668391,44.03256070613861,0.7857142857142858,True
20210423,48372,5,6.7614514567244095,17.86771059036255,0.7,True
20210423,48373,2,27.818331718444824,55.63666343688965,0.9999999999999999,True
20210423,48374,9,16.984048736128518,50.96105194091797,0.8166666666666667,True
20210423,48375,10,11.663997718863289,35.87622785568237,0.6242424242424242,True
20210423,48378,10,11.954923373842856,40.53373575210571,0.6363636363636362,True
20210423,48379,7,21.151345934422842,72.73159980773926,0.8571428571428573,True
20210423,48380,8,18.14836866294856,53.64446544647217,0.4523809523809524,True
20210423,48381,6,9.161887736997546,27.946643829345703,0.7142857142857143,True
20210423,48382,10,8.916154536385386,33.21033239364624,0.23636363636363633,True
20210423,48383,10,12.880736923956976,44.76656675338745,0.5636363636363636,True
20210423,48384,9,8.043156641702495,23.726757526397705,0.6166666666666666,True
20210423,48385,1,0.0,0.0,,False
20210423,48386,8,10.251249439841798,30.486812591552734,0.6904761904761906,True
20210423,48387,7,23.89930632302206,76.74178171157837,0.9285714285714288,True
20210423,48389,10,21.853915680741157,74.30483055114746,-0.10303030303030303,True
20210423,48390,10,11.51059834624481,46.91585922241211,0.38181818181818183,True
20210423,48392,3,11.608619500464597,28.028780460357666,1.0,True
20210423,48393,8,14.985761841588756,51.50764608383179,0.7380952380952381,True
20210423,48394,4,14.266397672332214,38.627004623413086,0.0,True
20210423,48395,9,9.344133052171522,28.16620397567749,0.10878756313824399,True
20210423,48396,10,10.731807486569032,42.44473648071289,0.4666666666666666,True
20210423,48398,7,2.0991419477513498,5.278419017791748,0.07142857142857144,True
20210423,48399,10,9.77625064437473,31.578237533569336,0.24848484848484845,True
20210423,48400,4,13.220887844173829,33.70388126373291,0.39999999999999997,True
20210423,48403,7,13.85151306114307,34.7574462890625,-0.07142857142857144,True
20210423,48407,5,17.090284866171913,38.78010702133179,0.19999999999999998,True
20210423,48409,10,10.36593665074978,40.48598301410675,0.7696969696969697,True
20210423,48410,9,11.599283901722258,41.959962368011475,0.31666666666666665,True
20210423,48411,8,13.902733785254155,45.96071720123291,0.2142857142857143,True
20210423,48412,10,12.28850119891001,43.284712076187134,0.41818181818181815,True
20210423,48414,7,15.18673044236253,42.26787996292114,0.6071428571428572,True
20210423,48415,10,5.814783651494394,22.94043731689453,0.3939393939393939,True
20210423,48416,10,14.912801829212137,44.901418685913086,0.38181818181818183,True
20210423,48417,8,27.123140902787252,83.77845001220703,0.3571428571428572,True
20210423,48419,7,4.452324139133136,14.889295101165771,0.25,True
20210423,48420,10,8.805436174863084,23.140063047409058,0.709090909090909,True
20210423,48421,6,9.227623900182166,24.1831374168396,0.7714285714285715,True
20210423,48422,8,11.041053619482208,34.806936264038086,0.523809523809524,True
20210423,48423,3,23.770947808950954,56.511627197265625,0.5,True
20210423,48424,8,9.541040246506999,29.402111053466797,0.14285714285714288,True
20210423,48425,9,7.206781434462245,25.654465198516846,0.38333333333333336,True
20210423,48426,10,7.4109118363515565,24.304848194122314,0.6727272727272726,True
20210423,48427,2,22.88160538673401,45.76321077346802,0.9999999999999999,True
20210423,48428,6,7.103633124684482,20.732335090637207,0.6,True
20210423,48429,5,16.332374009587056,50.96713304519653,0.6,True
20210423,48430,8,14.746479335110546,44.44195365905762,0.14285714285714288,True
20210423,48431,5,14.895913309838853,40.35299634933472,0.49999999999999994,True
20210423,48432,10,7.586849900870325,24.625182628631592,-0.01818181818181818,True
20210423,48433,9,13.519366307144878,38.41124773025513,0.6666666666666667,True
20210423,48434,10,15.660278504709416,55.716166734695435,0.4545454545454545,True
20210423,48435,8,10.29078135587674,33.97832632064819,0.5714285714285715,True
20210423,48436,10,18.16594044733564,59.12501811981201,0.6,True
20210423,48437,7,13.831747738201223,42.06666612625122,0.0,True
20210423,48438,8,13.291340411157034,43.83656358718872,0.8571428571428572,True
20210423,48439,8,8.934166286737844,28.684120178222656,0.4285714285714286,True
20210423,48441,9,9.162003326787385,30.377089023590088,0.7,True
20210423,48442,8,9.5518260111341,28.83787727355957,0.19047619047619052,True
20210423,48443,9,12.595884793574413,48.96785545349121,0.08333333333333334,True
20210423,48445,10,9.476850904534428,30.077338218688965,0.18787878787878787,True
20210423,48446,8,17.49772669099644,53.00059127807617,0.5714285714285715,True
20210423,48447,4,3.2062198742920827,8.272013664245605,1.0,True
20210423,48448,5,9.764002102429735,25.889785289764404,0.7,True
20210423,48449,9,15.703679671262316,56.7506103515625,0.5166666666666667,True
20210423,48450,9,7.557652213043605,22.812275171279907,0.7,True
20210423,48451,1,0.0,0.0,,False
20210423,48452,10,12.933984660039568,55.20186233520508,0.3696969696969697,True
20210423,48455,9,9.869440354237108,35.37887191772461,0.2333333333333333,True
20210423,48456,10,12.603505937000179,37.900161266326904,0.28484848484848485,True
20210423,48457,10,6.694372722841247,21.209129571914673,0.4787878787878787,True
20210423,48458,8,13.305561946287717,42.25038290023804,0.7857142857142858,True
20210423,48459,10,8.103317219605744,33.40816831588745,0.5878787878787878,True
20210423,48460,3,5.720498130479662,13.402584552764893,1.0,True
20210423,48461,8,7.884458796230614,21.314303874969482,0.6904761904761906,True
20210423,48463,5,5.645699867565994,16.080841064453125,-0.6,True
20210423,48464,6,21.38680023643404,67.04161882400513,0.8285714285714287,True
20210423,48465,7,22.718241629968396,81.43513107299805,0.8928571428571429,True
20210423,48467,9,8.60659419188346,29.622164249420166,0.6,True
20210423,48468,10,15.868222958627095,52.58818769454956,0.6,True
20210423,48469,6,17.667067429284003,49.67276382446289,0.3142857142857143,True
20210423,48470,8,12.678037731816554,36.95543909072876,0.8571428571428572,True
20210423,48471,2,1.9939448833465576,3.9878897666931152,-0.9999999999999999,True
20210423,48472,8,5.676776855262399,14.504802703857422,0.023809523809523815,True
20210423,48473,10,7.156522246891691,27.54838228225708,-0.01818181818181818,True
20210423,48474,9,9.411190317246021,28.451322555541992,0.5,True
20210423,48475,9,7.751617365436726,24.282808423042297,0.35,True
20210423,48476,10,6.8075037744513835,25.5467472076416,0.34545454545454546,True
20210423,48477,10,16.058583959492914,52.07019567489624,0.6848484848484848,True
20210423,48478,8,14.876779992203696,47.997546434402466,0.1666666666666667,True
20210423,48481,10,12.87092101262665,42.52040243148804,0.5878787878787878,True
20210423,48482,8,9.126747886686635,32.71041679382324,0.1666666666666667,True
20210423,48484,6,12.665179596545679,34.90113115310669,0.2,True
20210423,48485,10,9.434157333572294,31.09995985031128,0.8545454545454544,True
20210423,48486,8,8.060249357470086,25.259848952293396,0.9047619047619048,True
20210423,48487,2,15.116960763931274,30.23392152786255,0.9999999999999999,True
20210423,48488,8,9.478672743684628,28.81025195121765,0.30952380952380953,True
20210423,48489,10,3.5521812417494263,9.765100479125977,0.17575757575757575,True
20210423,48490,10,6.466453097566975,24.40199899673462,0.5636363636363636,True
20210423,48491,8,18.7791780539941,65.05109024047852,-0.11904761904761905,True
20210423,48493,6,14.001945847916973,39.65271282196045,0.8285714285714287,True
20210423,48494,7,7.883629759933766,23.729310512542725,0.5714285714285715,True
20210423,48496,8,7.388470740964833,21.356607913970947,-0.4285714285714286,True
20210423,48497,10,7.933488490642699,29.38873863220215,0.8060606060606059,True
20210423,48498,10,12.351863496670788,37.25941467285156,0.406060606060606,True
20210423,48499,9,12.053938292955202,44.87024116516113,0.5666666666666667,True
20210423,48500,10,24.3160079071199,76.68997383117676,0.6848484848484848,True
20210423,48501,10,5.230227318204776,14.727044820785522,0.7575757575757575,True
20210423,48502,6,26.875627641560218,78.48022079467773,0.7714285714285715,True
20210423,48503,7,21.478468248647097,61.86069631576538,-0.14285714285714288,True
20210423,48504,8,10.958540040979353,36.26310157775879,0.30952380952380953,True
20210423,48507,7,7.982541614659051,25.303579330444336,0.39285714285714296,True
20210423,48509,10,12.92539055666719,39.16175663471222,0.7818181818181817,True
20210423,48510,8,8.151376548748347,26.525195598602295,0.4285714285714286,True
20210423,48512,8,8.869859822805603,27.525160312652588,0.8571428571428572,True
20210423,48513,10,8.040584043837645,27.440118312835693,-0.35757575757575755,True
20210423,48514,7,5.079061341642507,13.573585033416748,-0.10714285714285716,True
20210423,48515,9,8.07726967280733,24.584525108337402,0.4666666666666666,True
20210423,48516,6,5.97508283381466,18.72851872444153,0.6571428571428573,True
20210423,48517,3,14.697867495820832,35.81649208068848,1.0,True
20210423,48519,6,11.066313333856835,28.510802268981934,0.7142857142857143,True
20210423,48520,10,10.20220702116424,32.2586727142334,-0.3696969696969697,True
20210423,48521,7,23.82771630129133,65.70655155181885,0.25,True
20210423,48522,8,3.4407686455102877,12.148979187011719,0.023809523809523815,True
20210423,48523,9,8.919624068265056,31.720033645629883,0.33333333333333337,True
20210423,48524,1,0.0,0.0,,False
20210423,48525,7,13.626129887228753,43.42154312133789,0.42857142857142866,True
20210423,48526,8,7.534036569514869,26.67674207687378,0.4047619047619048,True
20210423,48527,8,6.442265742622974,21.904444217681885,0.38095238095238104,True
20210423,48528,10,15.189549994093262,51.84513282775879,0.5878787878787878,True
20210423,48530,2,5.226069450378418,10.452138900756836,0.9999999999999999,True
20210423,48531,10,15.342064879927449,57.931283950805664,0.2727272727272727,True
20210423,48532,10,11.591028471267157,38.675618290901184,0.13939393939393938,True
20210423,48533,10,5.851120689311232,19.685025215148926,0.8060606060606059,True
20210423,48534,9,9.63545426854623,30.436720371246338,0.7666666666666667,True
20210423,48535,7,24.152873004556408,84.37069892883301,0.10714285714285716,True
20210423,48536,8,14.648578686079953,46.374072551727295,0.6428571428571429,True
20210423,48538,10,6.176494535113004,21.538883209228516,0.2121212121212121,True
20210423,48539,9,16.07000555706264,55.68675422668457,0.3666666666666667,True
20210423,48541,8,17.560516954598853,67.72591590881348,0.2380952380952381,True
20210423,48542,9,15.133572216101127,50.3241081237793,0.13333333333333333,True
20210423,48543,8,6.792843822303266,21.034456253051758,0.6666666666666669,True
20210423,48544,8,11.32120451509334,39.760175704956055,0.3333333333333334,True
20210423,48545,6,11.442114562323894,32.44375604391098,0.028571428571428574,True
20210423,48546,7,6.804133805989543,21.877870559692383,0.39285714285714296,True
20210423,48547,9,12.7428225664386,43.01064729690552,0.6,True
20210423,48548,10,9.548896295110861,37.07733726501465,0.6363636363636362,True
20210423,48550,9,8.836716461955886,28.16527271270752,0.7666666666666667,True
20210423,48551,4,8.50827340642691,21.084596633911133,0.19999999999999998,True
20210423,48552,8,18.675900192451227,63.0611367225647,0.6904761904761906,True
20210423,48553,8,11.32247070533356,39.138333797454834,0.28571428571428575,True
20210423,48554,10,9.216959267517076,32.89191436767578,0.6242424242424242,True
20210423,48555,9,6.902917232604598,23.15792989730835,0.5499999999999999,True
20210423,48556,9,9.337893959259645,33.62010633945465,0.45,True
20210423,48557,9,11.178937064525018,32.75381135940552,0.6666666666666667,True
20210423,48558,10,11.004525256277685,34.419105529785156,-0.09090909090909088,True
20210423,48559,10,12.293603345259188,45.83784008026123,0.309090909090909,True
20210423,48560,7,9.167371609108203,22.918561935424805,0.3214285714285715,True
20210423,48561,3,16.388201557021173,38.41918230056763,0.5,True
20210423,48562,9,13.004386588880058,47.26237678527832,-0.25,True
20210423,48563,10,9.1555788154315,34.365482330322266,0.4424242424242424,True
20210423,48564,10,12.86599461155427,37.94659233093262,0.49090909090909085,True
20210423,48565,8,7.290532204032035,24.192477226257324,0.28571428571428575,True
20210423,48566,9,13.341036301742255,52.94502031803131,0.11666666666666665,True
20210423,48567,7,8.789063156383417,28.88544201850891,0.6071428571428572,True
20210423,48568,10,5.114459736012057,15.426064014434814,0.07878787878787878,True
20210423,48569,10,9.815572553730085,35.1604962348938,-0.09090909090909088,True
20210423,48570,7,8.495244297495796,27.09284210205078,0.07142857142857144,True
20210423,48574,6,2.859429209093994,8.99346399307251,0.3142857142857143,True
20210423,48576,8,22.907400838939182,68.12525177001953,0.3571428571428572,True
20210423,48577,10,8.974173550305723,34.07533597946167,0.006060606060606061,True
20210423,48578,9,10.577147677332487,40.2462215423584,0.6,True
20210423,48579,9,9.271815586229037,29.808252334594727,0.39999999999999997,True
20210423,48580,10,9.500385367598426,31.795434951782227,0.8060606060606059,True
20210423,48581,1,0.0,0.0,,False
20210423,48582,8,8.805563812636253,32.2392840385437,0.3333333333333334,True
20210423,48583,4,19.83187128021483,48.68632888793945,0.7999999999999999,True
20210423,48584,5,9.72304674505955,30.035914421081543,0.49999999999999994,True
20210423,48585,9,7.137581480169588,25.43397831916809,0.3,True
20210423,48587,9,12.011733614378166,41.401559829711914,0.5333333333333333,True
20210423,48588,10,14.661077363370431,57.40344429016113,0.49090909090909085,True
20210423,48589,7,12.439048521761087,37.695964336395264,0.6785714285714287,True
20210423,48590,8,14.509876692575988,47.31904470920563,0.14285714285714288,True
20210423,48591,10,6.639659247873243,19.994568347930908,0.24848484848484845,True
20210423,48592,10,12.279156810698769,48.70187044143677,0.6121212121212121,True
20210423,48593,8,13.073400780136147,40.94667339324951,0.6190476190476191,True
20210423,48595,8,6.419659291079045,19.62562131881714,0.6428571428571429,True
20210423,48596,7,12.481979397633701,31.93077826499939,0.8214285714285715,True
20210423,48597,8,6.8884869912289135,23.97239112854004,0.6666666666666669,True
20210423,48598,10,14.907440392140513,48.42084884643555,0.7212121212121211,True
20210423,48599,10,9.592025290579363,37.87251138687134,0.3939393939393939,True
20210423,48601,10,10.1958405839639,40.78258180618286,0.7696969696969697,True
20210423,48602,9,10.645168362346794,37.41336393356323,0.43333333333333335,True
20210423,48603,10,17.95933392491843,55.539306640625,0.7696969696969697,True
20210423,48605,9,4.663393165753234,15.520294666290283,-0.11666666666666665,True
20210423,48606,8,12.135239001596318,37.043663024902344,0.6666666666666669,True
20210423,48607,10,9.342029262600052,36.244773864746094,0.3939393939393939,True
20210423,48608,9,13.672024669335933,48.787155747413635,0.5333333333333333,True
20210423,48609,9,9.71151189513995,28.073273420333862,0.38333333333333336,True
20210423,48610,8,9.141206260603733,30.589937210083008,0.3571428571428572,True
20210423,48612,6,3.8721615889975864,12.706570029258728,0.8285714285714287,True
20210423,48614,7,7.719857760571796,24.980985164642334,0.5714285714285715,True
20210423,48616,8,11.34258376779096,35.43777108192444,0.7857142857142858,True
20210423,48617,9,14.505687573218196,58.08323669433594,0.75,True
20210423,48618,7,9.989358735429803,33.61949682235718,0.5357142857142858,True
20210423,48619,7,11.652568491501578,31.237176418304443,0.21428571428571433,True
20210423,48620,9,10.533234560044868,38.329976081848145,0.5833333333333334,True
20210423,48621,9,3.628459010637869,12.35132384300232,0.26666666666666666,True
20210423,48622,8,13.809303258358552,38.91154861450195,-0.1666666666666667,True
20210423,48623,6,11.705557210933605,34.22903823852539,0.7142857142857143,True
20210423,48625,8,17.27691954867424,52.12607300281525,0.7857142857142858,True
20210423,48626,10,8.525455968838875,31.08795976638794,0.8787878787878788,True
20210423,48628,9,17.40838685914658,67.7974419593811,0.18333333333333335,True
20210423,48630,9,15.713539722837126,51.851993560791016,0.7999999999999999,True
20210423,48632,8,13.157064373132352,46.69307851791382,0.6190476190476191,True
20210423,48633,10,9.267537527297142,25.16453456878662,0.309090909090909,True
20210423,48635,9,9.506863340906753,34.246384143829346,0.6666666666666667,True
20210423,48636,9,6.817162012541679,24.221096992492676,0.75,True
20210423,48637,9,4.370717643660452,15.700538158416748,0.38333333333333336,True
20210423,48639,10,12.550190415782728,40.49869418144226,0.5515151515151515,True
20210423,48640,10,12.624474863736774,38.83666658401489,0.06666666666666665,True
20210423,48641,7,6.193311714658584,20.82773494720459,0.5,True
20210423,48642,9,17.02012226999594,49.189838886260986,0.5166666666666667,True
20210423,48643,7,15.403140234007582,37.37417030334473,-0.03571428571428572,True
20210423,48644,10,8.70659995618404,29.668396770954132,0.18787878787878787,True
20210423,48645,7,7.569627876458406,21.997029066085815,0.5,True
20210423,48646,7,6.808220861982181,23.866727590560913,0.5357142857142858,True
20210423,48647,9,9.486236678697363,30.750545978546143,0.9,True
20210423,48648,9,10.33146410234138,38.03922653198242,0.26666666666666666,True
20210423,48649,5,10.62589737722733,31.195873022079468,-0.49999999999999994,True
20210423,48650,10,15.615970736375937,54.398457050323486,0.8424242424242423,True
20210423,48652,10,14.193202334438018,56.933250427246094,0.1515151515151515,True
20210423,48653,10,6.9434663848988745,20.09846305847168,0.3696969696969697,True
20210423,48655,8,5.813815602445118,16.140980005264282,0.0,True
20210423,48656,10,26.133608174738228,92.05312728881836,0.7575757575757575,True
20210423,48657,4,8.101509702620264,20.82480239868164,-0.19999999999999998,True
20210423,48658,10,4.140169567201928,14.81065559387207,-0.01818181818181818,True
20210423,48660,7,21.12112575212976,48.590638160705566,0.21428571428571433,True
20210423,48661,7,11.107215851464602,29.814437866210938,0.6785714285714287,True
20210423,48662,7,14.848107236273707,41.80250108242035,0.8214285714285715,True
20210423,48664,9,13.125431783707912,40.154584884643555,0.6,True
20210423,48665,9,13.28611028543869,52.028303027153015,0.6,True
20210423,48667,10,12.21585421041826,43.41677474975586,0.8787878787878788,True
20210423,48668,10,15.21391223537662,45.04884099960327,0.6484848484848483,True
20210423,48669,9,8.664909671017492,28.621366024017334,0.19999999999999998,True
20210423,48670,9,10.769107435926886,29.066400051116943,0.6833333333333333,True
20210423,48671,10,13.722639644378583,46.526047229766846,0.9393939393939393,True
20210423,48672,10,8.01925659279442,21.224807739257812,0.3696969696969697,True
20210423,48673,8,7.242209251580043,22.6217360496521,0.7857142857142858,True
20210423,48674,6,5.530274390205331,16.877114057540894,0.3714285714285715,True
20210423,48675,8,13.875685952625773,51.62669134140015,-0.04761904761904763,True
20210423,48676,8,10.129895424048787,32.2583384513855,0.5952380952380953,True
20210423,48677,8,15.63680024478488,52.628729820251465,0.5952380952380953,True
20210423,48678,9,10.541462884838609,36.61236524581909,0.35,True
20210423,48679,7,8.92228301008479,29.52861475944519,0.39285714285714296,True
20210423,48680,6,11.78032609578635,35.76139426231384,0.5428571428571429,True
20210423,48682,7,8.161817077376003,27.98204255104065,0.9642857142857145,True
20210423,48683,9,6.4331817089851295,19.722347259521484,0.06666666666666667,True
20210423,48684,7,5.949717421642782,18.994091033935547,0.8571428571428573,True
20210423,48685,8,7.6569465509075165,25.1016583442688,0.38095238095238104,True
20210423,48686,10,5.929389592540409,21.271451950073242,0.3939393939393939,True
20210423,48687,8,4.796116904974543,15.99280071258545,0.4047619047619048,True
20210423,48689,6,3.8876518353606118,12.542614221572876,0.7714285714285715,True
20210423,48690,7,9.8983215693346,31.35570192337036,-0.14285714285714288,True
20210423,48691,7,27.310458397297282,84.63978004455566,0.8571428571428573,True
20210423,48693,4,5.248289456130114,13.733349323272705,0.19999999999999998,True
20210423,48694,9,9.760705667705183,35.700031757354736,0.75,True
20210423,48696,1,0.0,0.0,,False
20210423,48697,9,13.39068736799637,47.65470886230469,0.4666666666666666,True
20210423,48698,7,6.9726315053568815,23.82810640335083,0.39285714285714296,True
20210423,48699,9,15.765690265908221,53.937657713890076,0.09999999999999999,True
20210423,48700,10,10.551846790957205,37.93105125427246,0.34545454545454546,True
20210423,48701,8,9.464465268767139,29.809991121292114,-0.4285714285714286,True
20210423,48702,8,10.49977108928821,34.47734498977661,0.023809523809523815,True
20210423,48703,8,7.856798629176319,26.93616247177124,0.2142857142857143,True
20210423,48704,3,6.163814115168335,13.73892593383789,1.0,True
20210423,48705,10,4.956531456941821,17.121320724487305,0.49090909090909085,True
20210423,48707,4,11.792433206740512,32.40386199951172,-0.19999999999999998,True
20210423,48708,7,5.845807832824579,21.404809951782227,0.21428571428571433,True
20210423,48709,7,16.61465527880372,52.19953107833862,0.8571428571428573,True
20210423,48710,10,13.339620488356708,40.47781801223755,0.3939393939393939,True
20210423,48711,8,10.01956539789083,33.92101001739502,-0.09523809523809526,True
20210423,48712,10,19.015022278799464,68.07733345031738,0.6969696969696969,True
20210423,48713,8,5.4014922090067925,17.562224864959717,0.6666666666666669,True
20210423,48714,3,28.448490325312136,66.70868873596191,0.5,True
20210423,48715,8,14.624479459916579,47.62139666080475,0.2380952380952381,True
20210423,48716,10,10.623560418761876,38.423744201660156,0.9393939393939393,True
20210423,48717,9,7.6355333133348715,23.429686069488525,0.7166666666666667,True
20210423,48718,10,4.798726875539355,15.708099842071533,-0.10303030303030303,True
20210423,48719,10,11.755716290595648,42.27480983734131,0.5272727272727272,True
20210423,48720,7,3.266375999170938,7.926246643066406,0.7857142857142859,True
20210423,48722,9,11.675543599903476,40.51814651489258,0.15,True
20210423,48723,7,8.438414793429878,20.95842981338501,-0.39285714285714296,True
20210423,48724,10,5.3935756092263825,18.61701488494873,0.1515151515151515,True
20210423,48725,10,14.230319192699902,53.585811614990234,0.35757575757575755,True
20210423,48726,7,13.734208805876074,38.678657710552216,0.8214285714285715,True
20210423,48727,10,14.889816913492572,52.96120262145996,0.06666666666666665,True
20210423,48728,6,14.776674690660762,47.84211874008179,0.6,True
20210423,48729,10,9.321852790660886,27.67262029647827,0.5151515151515151,True
20210423,48731,8,17.392100959345772,56.968101501464844,-0.19047619047619052,True
20210423,48732,10,14.93881273666351,54.62343645095825,0.5878787878787878,True
20210423,48733,9,10.077025312987315,35.420902252197266,-0.15,True
20210423,48734,9,11.623701525776166,42.98152780532837,0.15,True
20210423,48735,9,20.040493854638985,72.36756896972656,0.65,True
20210423,48736,4,5.750922603027001,15.973879337310791,0.7999999999999999,True
20210423,48737,8,6.338731582479067,20.405414581298828,0.11904761904761905,True
20210423,48738,9,8.389241320304487,31.18952989578247,0.48333333333333334,True
20210423,48740,2,11.556397557258606,23.112795114517212,0.9999999999999999,True
20210423,48741,10,19.037832128328233,61.220332741737366,0.7575757575757575,True
20210423,48742,7,17.897493271624636,44.54865074157715,0.7857142857142859,True
20210423,48743,8,7.986528198573893,26.19036626815796,0.04761904761904763,True
20210423,48744,8,10.473634089370773,35.88959360122681,0.04761904761904763,True
20210423,48745,9,19.921800056394257,65.65692138671875,0.3,True
20210423,48747,10,9.803703559752675,33.59623885154724,0.2606060606060606,True
20210423,48748,9,11.592227881568435,34.87578201293945,0.2333333333333333,True
20210423,48749,10,7.799504584965624,32.23959541320801,0.24848484848484845,True
20210423,48750,5,7.234012220486577,21.592289209365845,0.6,True
20210423,48751,6,11.766444731621014,30.43599772453308,0.3142857142857143,True
20210423,48752,8,4.7701686433893205,15.149103879928589,0.880952380952381,True
20210423,48753,8,6.373260895165384,18.43042755126953,0.2142857142857143,True
20210423,48754,10,7.9700222726328285,23.889745473861694,0.33333333333333326,True
20210423,48755,6,17.004085825289497,47.631676197052,0.3714285714285715,True
20210423,48756,7,10.39632703335165,27.3235502243042,0.3571428571428572,True
20210423,48757,8,9.082666895460788,29.449460983276367,0.28571428571428575,True
20210423,48758,6,16.020009060366913,40.32541465759277,0.3714285714285715,True
20210423,48760,6,10.188687231140106,28.296509265899658,0.2571428571428572,True
20210423,48761,9,12.740727845889845,44.65833628177643,0.26666666666666666,True
20210423,48762,8,15.25509665288517,56.20203876495361,0.6190476190476191,True
20210423,48763,9,14.60429886414502,44.50586748123169,0.5333333333333333,True
20210423,48765,8,16.700478602435933,43.279651165008545,0.19047619047619052,True
20210423,48766,6,14.194758030465374,42.647294998168945,0.2,True
20210423,48767,7,5.177125511570109,18.586097240447998,-0.14285714285714288,True
20210423,48768,6,25.44880837746147,59.81231927871704,0.942857142857143,True
20210423,48770,5,13.10984581013002,35.36321449279785,0.6,True
20210423,48771,10,7.7557832967231315,25.459989070892334,0.709090909090909,True
20210423,48772,7,12.34158156357342,36.96534729003906,0.03571428571428572,True
20210423,48773,8,15.575808335211129,45.744651794433594,0.5476190476190477,True
20210423,48774,8,8.238581576664581,27.813562870025635,0.30952380952380953,True
20210423,48775,8,14.924192414051445,39.81128978729248,0.3571428571428572,True
20210423,48776,7,22.01419241272301,60.087146639823914,0.39285714285714296,True
20210423,48777,10,11.313829290587632,38.107447385787964,0.4666666666666666,True
20210423,48778,8,5.66392657479506,20.356203079223633,0.14285714285714288,True
20210423,48779,6,4.77185898585889,14.999162673950195,-0.2571428571428572,True
20210423,48780,9,8.562148752967278,24.736908435821533,0.09999999999999999,True
20210423,48781,9,11.184908322673628,39.862733483314514,0.8666666666666667,True
20210423,48783,9,10.225265791884004,34.93990778923035,0.9333333333333332,True
20210423,48784,9,6.441515598713588,21.612839221954346,0.7999999999999999,True
20210423,48785,4,15.721104624269264,41.14291298389435,0.39999999999999997,True
20210423,48788,10,9.098054773586776,27.368536472320557,0.7212121212121211,True
20210423,48789,7,9.10169481831064,23.873886108398438,0.7500000000000002,True
20210423,48790,6,3.9500405738444666,11.617772102355957,0.48571428571428577,True
20210423,48791,9,8.27422410650032,28.520657539367676,0.65,True
20210423,48792,8,8.645380780810708,25.538537979125977,-0.2142857142857143,True
20210423,48794,10,10.755512430654193,41.112287521362305,0.5272727272727272,True
20210423,48795,9,7.588581460339582,28.770830631256104,0.39999999999999997,True
20210423,48796,10,16.61960866265759,65.62881326675415,0.406060606060606,True
20210423,48797,9,10.531354213062794,35.09974241256714,0.48333333333333334,True
20210423,48798,4,13.453498654744697,32.69050633907318,0.39999999999999997,True
20210423,48800,7,22.20980595868172,60.851829051971436,0.4642857142857144,True
20210423,48801,8,21.986734902304324,63.94704055786133,0.30952380952380953,True
20210423,48802,8,7.037050635428838,20.4283390045166,0.5952380952380953,True
20210423,48803,8,15.519347423622952,47.1878776550293,0.6666666666666669,True
20210423,48804,10,9.103101649275214,32.641515493392944,0.7454545454545454,True
20210423,48805,9,9.17467481476502,32.28814172744751,0.65,True
20210423,48806,9,6.767377041594921,25.32583475112915,0.5499999999999999,True
20210423,48807,6,17.733118736758197,55.32086133956909,0.2571428571428572,True
20210423,48808,10,16.1958489139549,52.33642649650574,0.28484848484848485,True
20210423,48810,8,12.35164477567376,36.64877116680145,0.5714285714285715,True
20210423,48811,9,6.845405042292632,24.2391996383667,0.31666666666666665,True
20210423,48812,10,7.87037184729502,28.750289916992188,0.33333333333333326,True
20210423,48813,8,14.993885717521202,47.26780462265015,0.9523809523809524,True
20210423,48814,7,9.280820209456987,28.607537746429443,0.642857142857143,True
20210423,48815,10,14.70315654328409,50.71908378601074,0.24848484848484845,True
20210423,48816,8,6.87978125226919,23.89070415496826,0.4285714285714286,True
20210423,48817,10,11.031550063644447,36.12445831298828,0.5757575757575757,True
20210423,48818,2,22.55356764793396,45.10713529586792,0.9999999999999999,True
20210423,48820,4,9.647713935280356,24.07654571533203,1.0,True
20210423,48821,9,13.782843448709032,42.053539752960205,0.06666666666666667,True
20210423,48822,10,8.46319904777659,26.968313217163086,0.6606060606060605,True
20210423,48823,10,8.689464522916774,27.93296194076538,0.6848484848484848,True
20210423,48825,8,6.778649361880702,21.108108520507812,0.38095238095238104,True
20210423,48826,10,10.840561898032737,32.815337002277374,0.6727272727272726,True
20210423,48827,3,15.727755286336656,38.00470209121704,0.5,True
20210423,48828,9,13.912182426017411,48.41551971435547,0.6166666666666666,True
20210423,48829,8,6.043185388945963,20.321465015411377,0.4761904761904762,True
20210423,48830,8,13.849100699937877,48.09433031082153,0.8333333333333335,True
20210423,48831,10,3.267789733919952,9.457834243774414,0.5636363636363636,True
20210423,48832,8,6.5994568952181485,21.184414625167847,0.6428571428571429,True
20210423,48833,9,7.431703134716266,24.27163076400757,0.39999999999999997,True
20210423,48834,8,6.4909549275633,20.846751511096954,0.6666666666666669,True
20210423,48836,10,11.128758406542358,39.88740974664688,0.38181818181818183,True
20210423,48837,2,18.66444683074951,37.32889366149902,0.9999999999999999,True
20210423,48838,5,11.397827308970543,29.428173542022705,0.44721359549995787,True
20210423,48839,9,14.630022101984814,50.58294153213501,0.39999999999999997,True
20210423,48840,10,14.132258264300745,52.91396617889404,-0.5272727272727272,True
20210423,48841,9,6.575807267233226,20.438793182373047,0.6,True
20210423,48842,9,8.978982750568768,32.36726951599121,-0.31666666666666665,True
20210423,48843,6,7.207167280347388,20.16512942314148,0.08571428571428573,True
20210423,48844,8,5.936185994448087,19.834928452968597,0.8333333333333335,True
20210423,48845,7,8.266836887425152,22.63703680038452,0.28571428571428575,True
20210423,48846,9,10.739559985427032,36.95239448547363,0.16666666666666669,True
20210423,48847,3,9.23190319647945,22.246117115020752,1.0,True
20210423,48848,10,10.550421973789861,29.985697627067566,-0.16363636363636364,True
20210423,48849,9,9.173599269713934,35.36352729797363,0.13333333333333333,True
20210423,48850,7,5.75946210228234,18.791141510009766,0.07142857142857144,True
20210423,48851,9,14.870953213968397,47.18483352661133,0.33333333333333337,True
20210423,48852,9,11.243597030363638,35.838793992996216,0.41666666666666663,True
20210423,48853,10,19.03464107499342,71.78128433227539,0.8181818181818182,True
20210423,48854,9,12.65165953312831,43.49171042442322,0.31666666666666665,True
20210423,48855,8,12.690269363332014,39.06129813194275,0.6190476190476191,True
20210423,48856,5,28.533008088601505,64.42283058166504,0.49999999999999994,True
20210423,48858,1,0.0,0.0,,False
20210423,48859,8,15.87100164454857,49.99688386917114,0.9047619047619048,True
20210423,48861,10,9.131805043284462,33.38722038269043,0.05454545454545454,True
20210423,48862,9,9.023375775763963,24.470975875854492,0.8833333333333333,True
20210423,48863,10,11.300837401866833,37.29203712940216,0.34545454545454546,True
20210423,48864,1,0.0,0.0,,False
20210423,48865,10,9.282069367431667,33.403399646282196,0.3939393939393939,True
20210423,48866,10,10.037298438960105,33.59999322891235,-0.11515151515151514,True
20210423,48867,8,7.685099680625818,25.986990213394165,0.3571428571428572,True
20210423,48868,9,5.689770511575417,18.088996946811676,0.3666666666666667,True
20210423,48870,7,6.115676549071292,19.314525842666626,-0.21428571428571433,True
20210423,48871,10,8.615821714651714,27.15513801574707,0.6,True
20210423,48872,10,12.06600126164625,43.01542091369629,0.5636363636363636,True
20210423,48873,9,6.815852274527575,20.315141677856445,0.8666666666666667,True
20210423,48874,10,4.511461906064053,14.725551128387451,0.406060606060606,True
20210423,48876,9,22.772585756028114,76.3821792602539,0.7333333333333334,True
20210423,48877,7,6.959200799646143,22.059292554855347,0.6071428571428572,True
20210423,48878,7,3.10515694843163,9.358526706695557,-0.07142857142857144,True
20210423,48879,9,7.238038189690533,26.5547354221344,0.43333333333333335,True
20210423,48881,8,23.539457841235045,68.07970666885376,0.14285714285714288,True
20210423,48882,3,16.03545360652429,37.32477593421936,0.5,True
20210423,48885,8,22.37909370967336,65.70796966552734,0.4761904761904762,True
20210423,48886,9,11.457891879645704,39.07459831237793,0.41666666666666663,True
20210423,48887,10,6.627380298759039,24.784570693969727,-0.11515151515151514,True
20210423,48888,8,16.07387831794531,54.78420972824097,0.7142857142857144,True
20210423,48889,8,12.243922467507671,40.92099857330322,0.7857142857142858,True
20210423,48892,8,15.38127130741609,49.030717849731445,0.4523809523809524,True
20210423,48894,6,7.842404771434989,21.91230010986328,0.3714285714285715,True
20210423,48896,8,15.650026989566772,50.46592140197754,0.1666666666666667,True
20210423,48897,10,11.761610385214617,44.89441728591919,0.5757575757575757,True
20210423,48898,6,8.82482534422083,28.295644521713257,0.08571428571428573,True
20210423,48899,10,3.3541311863859846,11.935325622558594,0.18787878787878787,True
20210423,48900,9,4.137396889331005,11.113573551177979,0.7666666666666667,True
20210423,48902,9,10.549686527399846,39.1794490814209,0.049999999999999996,True
20210423,48903,9,15.037592162151551,58.121610164642334,0.3666666666666667,True
20210423,48904,10,8.645711554949008,28.892742156982422,0.38181818181818183,True
20210423,48905,9,11.731248977324395,38.95423984527588,0.6666666666666667,True
20210423,48906,8,17.79993244138146,52.66953086853027,0.30952380952380953,True
20210423,48907,9,16.172567858642118,44.42428970336914,0.7,True
20210423,48908,10,8.988385456987844,28.90856647491455,0.7333333333333332,True
20210423,48909,4,3.457211079578267,9.633735179901123,0.39999999999999997,True
20210423,48910,7,11.356077915172925,34.56524133682251,0.28571428571428575,True
20210423,48915,9,8.812259033911841,32.9983024597168,0.5166666666666667,True
20210423,48916,9,19.54608935717497,60.042442321777344,0.5833333333333334,True
20210423,48917,8,8.606973677107215,30.556065559387207,0.4761904761904762,True
20210423,48918,8,9.843836399009076,34.1890971660614,0.5952380952380953,True
20210423,48919,4,24.501399755265474,63.59638833999634,0.7999999999999999,True
20210423,48920,5,24.41156796038352,61.78711545467377,-0.3,True
20210423,48921,10,16.188973468133092,49.84131145477295,0.5393939393939393,True
20210423,48923,10,12.262550332043894,44.19119071960449,0.6,True
20210423,48925,10,11.988789868038639,47.72946238517761,0.6848484848484848,True
20210423,48926,10,10.174926604932686,30.347261905670166,0.12727272727272726,True
20210423,48927,10,13.449081759629674,41.45627307891846,0.8424242424242423,True
20210423,48928,10,10.41064899462134,33.014692306518555,-0.1515151515151515,True
20210423,48929,8,8.947007067500905,27.424352645874023,0.7857142857142858,True
20210423,48930,10,13.440067333410477,52.83986282348633,0.12727272727272726,True
20210423,48931,9,16.4524983625385,52.0037841796875,0.5833333333333334,True
20210423,48932,10,5.430714954830778,14.702823638916016,0.1515151515151515,True
20210423,48933,9,7.886453280290011,26.83141326904297,0.45,True
20210423,48935,10,13.695632393275103,46.656679689884186,0.7939393939393938,True
20210423,48936,9,14.218472626439409,56.083452224731445,0.7999999999999999,True
20210423,48937,10,14.426217755173107,40.765610218048096,0.7454545454545454,True
20210423,48938,9,12.670168441217346,50.871173620224,0.45,True
20210423,48939,7,6.667957383888325,22.207934379577637,-0.8571428571428573,True
20210423,48940,9,9.884535581390276,37.97956669330597,0.8666666666666667,True
20210423,48941,10,8.867192466963942,25.480194091796875,0.10303030303030303,True
20210423,48942,9,12.565769645282634,44.960983753204346,0.6,True
20210423,48943,4,21.105913772497203,57.45683765411377,1.0,True
20210423,48944,9,16.670560310498438,59.61031198501587,0.6166666666666666,True
20210423,48945,9,13.262662327555468,49.60012173652649,0.65,True
20210423,48946,5,4.354472571084895,12.092531204223633,-0.7,True
20210423,48949,7,18.67480000118261,63.75603103637695,0.6071428571428572,True
20210423,48950,4,15.279328774097294,42.19389867782593,0.7999999999999999,True
20210423,48951,7,9.112586836653579,26.62526512145996,0.03571428571428572,True
20210423,48952,7,13.088234164737418,44.20063781738281,0.8571428571428573,True
20210423,48953,8,10.107047127441266,26.823882222175598,0.28571428571428575,True
20210423,48955,7,16.981847462066188,48.512346267700195,0.21428571428571433,True
20210423,48956,5,9.832352194979507,22.708245277404785,-0.09999999999999999,True
20210423,48957,6,13.501116163465554,42.63588190078735,0.942857142857143,True
20210423,48958,4,24.045629741737464,64.0207724571228,0.19999999999999998,True
20210423,48959,10,9.471005100833606,27.98599863052368,-0.05454545454545454,True
20210423,48960,8,9.401042191149012,25.844529271125793,0.5714285714285715,True
20210423,48961,6,18.354440397185705,51.15098524093628,0.942857142857143,True
20210423,48964,7,10.175470117739238,31.92249345779419,0.4642857142857144,True
20210423,48965,10,10.801333310267061,34.474374294281006,0.22424242424242422,True
20210423,48967,7,24.46161701704742,63.70951843261719,0.25,True
20210423,48968,9,9.070702618344773,27.586907863616943,0.09999999999999999,True
20210423,48969,6,5.74900684694926,16.06402587890625,0.4285714285714286,True
20210423,48970,8,12.813532845052091,47.13010501861572,0.04761904761904763,True
20210423,48971,10,8.932472527716502,29.505445957183838,0.1515151515151515,True
20210423,48972,7,3.993992006016239,11.203184127807617,0.10714285714285716,True
20210423,48973,8,9.71875540914232,27.332801818847656,0.14285714285714288,True
20210423,48976,8,12.675920889973034,41.225276947021484,0.3571428571428572,True
20210423,48977,3,11.664408494969964,28.449326992034912,0.5,True
20210423,48978,8,12.802555659306437,49.13320732116699,-0.3333333333333334,True
20210423,48979,9,11.781937046900183,39.74998998641968,0.0,True
20210423,48980,7,12.517810434421019,38.68357181549072,0.642857142857143,True
20210423,48983,10,9.880921908342545,35.36388921737671,0.5151515151515151,True
20210423,48984,8,11.843628771793133,39.111019134521484,0.4761904761904762,True
20210423,48986,8,21.02595931246111,60.014644145965576,0.7619047619047621,True
20210423,48988,10,13.031724973605234,47.337921380996704,0.6969696969696969,True
20210423,48990,10,11.131976800424933,42.54792523384094,0.06666666666666665,True
20210423,48991,10,9.509442558188859,30.012268543243408,0.01818181818181818,True
20210423,48993,10,16.94191552475466,61.97989463806152,0.9393939393939393,True
20210423,48995,8,14.58004648090984,41.42926216125488,0.1666666666666667,True
20210423,48996,6,2.4475323707894936,7.491703033447266,0.3714285714285715,True
20210423,48997,8,21.60272359681767,60.814456939697266,0.3571428571428572,True
20210423,48998,10,10.364931761600305,34.28715205192566,0.9515151515151514,True
20210423,48999,4,5.217193707013139,13.970676898956299,0.0,True
20210423,49000,7,22.88462598191251,72.09800148010254,0.10714285714285716,True
20210423,49001,10,6.048254897572837,23.980201363563538,-0.16363636363636364,True
20210423,49002,8,18.644818183469095,56.009498596191406,0.5714285714285715,True
20210423,49003,9,5.973614831355734,20.773839831352234,-0.06666666666666667,True
20210423,49004,9,11.019050842932183,40.171385288238525,0.6,True
20210423,49006,6,14.850811796959222,43.85623097419739,0.8285714285714287,True
20210423,49007,9,4.271525936928124,12.279088973999023,0.43333333333333335,True
20210423,49008,8,8.068827761291972,24.04722571372986,0.8095238095238096,True
20210423,49009,9,9.792834344870853,30.048980712890625,0.65,True
20210423,49010,10,8.763255054867265,32.67302465438843,0.19999999999999998,True
20210423,49012,3,24.5386073210393,59.65921401977539,1.0,True
20210423,49013,9,10.127326138416734,34.32781648635864,0.5333333333333333,True
20210423,49014,8,6.679611271861038,22.197433948516846,0.523809523809524,True
20210423,49015,7,9.802376173431135,29.429923057556152,0.5357142857142858,True
20210423,49016,7,8.049987088868834,23.49532127380371,-0.03571428571428572,True
20210423,49017,6,24.8117228924226,72.56528377532959,0.08571428571428573,True
20210423,49018,9,8.816429163407967,29.184596300125122,0.45,True
20210423,49019,9,18.000975933346993,62.452088952064514,0.26666666666666666,True
20210423,49020,10,8.754705383660584,30.663687229156494,0.2121212121212121,True
20210423,49021,8,8.046210550544357,24.003899574279785,0.19047619047619052,True
20210423,49022,2,14.617885828018188,29.235771656036377,0.9999999999999999,True
20210423,49024,10,15.227428524039484,54.990312576293945,0.7939393939393938,True
20210423,49027,8,13.336149370865149,48.144758224487305,0.9047619047619048,True
20210423,49028,10,5.615460128065931,19.458144187927246,0.49090909090909085,True
20210423,49029,8,13.342726000930174,40.20977163314819,0.11904761904761905,True
20210423,49031,9,15.351453810011598,54.481855392456055,0.8833333333333333,True
20210423,49032,9,8.979726941057688,30.258028745651245,-0.09999999999999999,True
20210423,49033,7,9.53840294047184,30.575519561767578,0.42857142857142866,True
20210423,49034,9,13.460959039914552,36.761372089385986,0.8833333333333333,True
20210423,49035,7,13.486336286603335,38.684781551361084,0.6071428571428572,True
20210423,49036,7,16.365889985036503,52.991352558135986,0.3214285714285715,True
20210423,49037,5,18.411722195795647,53.498499393463135,-0.09999999999999999,True
20210423,49038,3,18.552972139538305,40.83059310913086,0.5,True
20210423,49039,10,9.898796091723804,32.93035268783569,0.4787878787878787,True
20210423,49040,8,16.156089800311374,48.748650550842285,0.5952380952380953,True
20210423,49041,8,8.486476759217547,24.417696237564087,0.6428571428571429,True
20210423,49042,3,20.859506619220653,47.101308822631836,0.5,True
20210423,49044,2,18.756871223449707,37.513742446899414,0.9999999999999999,True
20210423,49046,8,9.451163664497141,33.10495400428772,0.5952380952380953,True
20210423,49047,7,11.747384869449965,38.51667642593384,-0.28571428571428575,True
20210423,49049,9,14.55978505608986,57.92354083061218,0.7666666666666667,True
20210423,49050,8,7.982574476327614,22.75579011440277,0.7619047619047621,True
20210423,49051,8,22.97850602533912,77.09868860244751,-0.023809523809523815,True
20210423,49052,7,21.847314954875365,63.15028715133667,0.25,True
20210423,49053,8,6.329137928898414,21.326431274414062,0.261904761904762,True
20210423,49054,7,18.0492451951726,56.98757028579712,0.5,True
20210423,49056,10,12.405009631160405,38.45966911315918,0.6242424242424242,True
20210423,49057,8,10.473135430027506,34.181344985961914,0.3571428571428572,True
20210423,49059,8,11.832265723948051,39.9948228597641,0.5952380952380953,True
20210423,49060,8,14.188858764289256,50.37378120422363,0.5000000000000001,True
20210423,49061,10,4.924813090708463,18.50363540649414,-0.29696969696969694,True
20210423,49062,10,7.036110380687826,21.63889968395233,0.7454545454545454,True
20210423,49063,9,8.431765413012828,24.04425811767578,0.21666666666666667,True
20210423,49064,10,9.044107137895354,30.830828189849854,0.8666666666666665,True
20210423,49065,7,19.131002760348675,59.71655082702637,0.5357142857142858,True
20210423,49066,10,11.473766877270213,41.07478332519531,0.4666666666666666,True
20210423,49068,9,10.164015535454658,34.19482660293579,-0.5499999999999999,True
20210423,49069,1,0.0,0.0,,False
20210423,49070,6,10.569447792329282,35.94678592681885,0.7714285714285715,True
20210423,49071,8,10.289711778470966,32.53153324127197,0.880952380952381,True
20210423,49072,7,12.74275168960582,37.4851393699646,0.642857142857143,True
20210423,49073,9,9.046527205665042,26.877318143844604,0.45,True
20210423,49074,7,10.92230627227033,29.57068681716919,0.8571428571428573,True
20210423,49076,9,12.28907164201234,36.57844638824463,0.09999999999999999,True
20210423,49077,9,7.682646145240322,26.35858726501465,0.75,True
20210423,49078,5,4.067495007889555,12.710332989692688,0.09999999999999999,True
20210423,49079,10,4.440503507532907,16.315000534057617,0.04242424242424241,True
20210423,49080,9,13.787364537584992,46.014824867248535,0.21666666666666667,True
20210423,49081,10,9.192075018375744,36.137856006622314,0.7212121212121211,True
20210423,49083,10,12.13149394219031,43.603198528289795,0.709090909090909,True
20210423,49084,8,18.718364080582656,58.936312437057495,0.09523809523809526,True
20210423,49087,1,0.0,0.0,,False
20210423,49088,10,10.107287232756873,36.08187770843506,0.32121212121212117,True
20210423,49089,8,6.159572831221563,17.457550048828125,0.04761904761904763,True
20210423,49090,10,6.728709668844728,22.141210079193115,0.22424242424242422,True
20210423,49091,10,22.900204330661868,67.29949951171875,0.7939393939393938,True
20210423,49092,9,6.06530772868684,21.082122802734375,-0.3,True
20210423,49093,6,7.508245828080684,22.002750396728516,0.5428571428571429,True
20210423,49095,10,7.59470968819445,22.849756240844727,0.8181818181818182,True
20210423,49096,7,19.45793247973028,62.36863708496094,0.8571428571428573,True
20210423,49097,9,14.612002155156377,47.77350187301636,0.9333333333333332,True
20210423,49098,8,3.7382252866764345,13.155029296875,0.7857142857142858,True
20210423,49099,4,13.425535414457906,33.327138900756836,0.39999999999999997,True
20210423,49101,10,10.262667066867145,39.00668430328369,0.18787878787878787,True
20210423,49102,4,11.616441017967295,32.71849250793457,0.7999999999999999,True
20210423,49103,7,18.84009789066543,59.677669048309326,0.9642857142857145,True
20210423,49104,8,13.718179079588328,50.94812774658203,0.6190476190476191,True
20210423,49105,9,10.261908448549555,34.00355672836304,0.16666666666666669,True
20210423,49106,9,4.678195344966792,17.18716049194336,0.15,True
20210423,49107,9,16.123680783331828,50.8536376953125,0.09999999999999999,True
20210423,49108,8,18.616541428065528,59.59842872619629,0.7857142857142858,True
20210423,49109,10,8.100940171233816,31.04479217529297,0.5151515151515151,True
20210423,49110,10,10.122832723957655,36.43430519104004,0.4787878787878787,True
20210423,49112,7,10.643910203459663,32.295214891433716,0.0,True
20210423,49113,7,5.178006002158469,15.56243896484375,-0.8928571428571429,True
20210423,49114,1,0.0,0.0,,False
20210423,49115,7,5.730752291809128,17.579471588134766,0.8928571428571429,True
20210423,49116,2,1.65581476688385,3.3116295337677,0.9999999999999999,True
20210423,49117,4,4.739168023111176,10.94266128540039,-0.7999999999999999,True
20210423,49118,10,10.50235267584042,33.72309732437134,0.49090909090909085,True
20210423,49120,2,23.566983222961426,47.13396644592285,0.9999999999999999,True
20210423,49121,10,8.654423397976167,30.467016220092773,0.3939393939393939,True
20210423,49122,7,9.359423708746363,28.218233585357666,0.9285714285714288,True
20210423,49123,10,14.907799128622615,43.904367566108704,0.3696969696969697,True
20210423,49124,10,11.516815027438543,43.757065296173096,0.5636363636363636,True
20210423,49125,8,7.887392489060628,28.875461220741272,0.5476190476190477,True
20210423,49126,10,8.524614867923102,24.573182582855225,-0.06666666666666665,True
20210423,49127,9,7.6668535367334,27.01693344116211,0.45,True
20210423,49128,8,6.431464483199274,18.941344738006592,0.5000000000000001,True
20210423,49132,10,11.159624325373557,36.70563364028931,0.6,True
20210423,49133,10,13.088079183712237,42.21752953529358,0.6606060606060605,True
20210423,49135,9,7.203530751644237,19.9341983795166,-0.26666666666666666,True
20210423,49136,5,9.18374262405758,25.0473210811615,0.7999999999999999,True
20210423,49137,6,9.53532224113459,28.5538272857666,0.3714285714285715,True
20210423,49138,7,14.859939232502132,47.3635368347168,0.14285714285714288,True
20210423,49139,10,12.262729713491476,37.1048698425293,0.10303030303030303,True
20210423,49140,10,10.793093462061632,38.888325214385986,0.7333333333333332,True
20210423,49141,9,9.302306451518898,27.52221953868866,0.15,True
20210423,49142,8,11.28784391293131,34.657158851623535,0.7142857142857144,True
20210423,49143,7,25.68171150899047,68.48544692993164,0.42857142857142866,True
20210423,49145,10,12.935939058090609,47.84113168716431,0.6848484848484848,True
20210423,49146,10,18.7628728453262,67.97716856002808,0.34545454545454546,True
20210423,49147,7,14.864364125018,43.59942817687988,-0.03571428571428572,True
20210423,49148,10,10.410261860903876,36.80669641494751,0.5272727272727272,True
20210423,49149,7,8.361762252952623,27.288259983062744,0.642857142857143,True
20210423,49150,10,9.508548241114983,30.41103172302246,0.8181818181818182,True
20210423,49151,10,21.264340497955466,61.574947357177734,0.5030303030303029,True
20210423,49152,8,10.936682590028841,37.33500337600708,0.04761904761904763,True
20210423,49154,4,11.962389786157681,29.759431838989258,0.39999999999999997,True
20210423,49155,8,15.479945865940996,57.748172760009766,0.7857142857142858,True
20210423,49156,8,5.4465026388645965,16.56192970275879,0.1666666666666667,True
20210423,49157,10,6.6323570131788525,23.249831676483154,0.6484848484848483,True
20210423,49158,9,11.730355987216372,35.667335987091064,0.7833333333333333,True
20210423,49159,8,8.648508730340062,28.397998332977295,0.30952380952380953,True
20210423,49160,9,6.395030588383113,22.374990463256836,0.21666666666666667,True
20210423,49161,10,10.704831159275862,35.29278755187988,0.6727272727272726,True
20210423,49162,7,12.45251433671928,33.86601638793945,-0.5714285714285715,True
20210423,49163,6,5.772281148139351,18.407899618148804,0.5428571428571429,True
20210423,49164,6,16.522809204414227,45.46268033981323,0.6571428571428573,True
20210423,49165,9,14.277587573517254,41.542755126953125,-0.15,True
20210423,49166,7,21.179523836376045,65.11794090270996,0.5,True
20210423,49169,9,6.14836637877189,19.829699873924255,-0.09999999999999999,True
20210423,49171,8,11.855550492423164,39.54146766662598,0.5000000000000001,True
20210423,49172,10,20.586597023644032,54.134517669677734,0.8303030303030302,True
20210423,49174,10,13.84238218298063,57.71141767501831,0.12727272727272726,True
20210423,49175,7,5.502341135418984,17.38435411453247,0.5,True
20210423,49176,10,18.284579362689996,60.185593128204346,0.22424242424242422,True
20210423,49177,7,14.654012472847269,39.29026556015015,0.1785714285714286,True
20210423,49178,9,8.34192734849422,32.919816732406616,0.2333333333333333,True
20210423,49181,7,10.27878925869325,31.11003541946411,0.4642857142857144,True
20210423,49182,10,6.351137455328763,26.112099766731262,0.3696969696969697,True
20210423,49183,10,13.246131819036579,39.38382816314697,0.8545454545454544,True
20210423,49184,10,11.151700444284174,30.514080047607422,0.09090909090909088,True
20210423,49185,7,5.913033372269454,20.525726318359375,0.9285714285714288,True
20210423,49187,7,10.866312277699087,28.380615234375,0.21428571428571433,True
20210423,49188,9,15.83369282446209,49.01746320724487,0.6,True
20210423,49189,3,12.44938689555182,28.917524337768555,1.0,True
20210423,49190,10,11.426980479991474,35.14607810974121,0.9393939393939393,True
20210423,49191,3,6.109962600804722,13.812560796737671,1.0,True
20210423,49192,8,10.59533456199823,27.849525451660156,0.2142857142857143,True
20210423,49193,7,15.824151444020623,49.75600051879883,0.6071428571428572,True
20210423,49194,9,6.593039552590451,25.629731059074402,0.65,True
20210423,49196,6,5.988954828392728,16.159013748168945,0.7142857142857143,True
20210423,49198,7,7.5860381003979755,25.988145351409912,0.5357142857142858,True
20210423,49199,5,16.923092708984456,46.03732442855835,0.3,True
20210423,49200,5,18.43581028360741,43.962183475494385,0.7999999999999999,True
20210423,49201,1,0.0,0.0,,False
20210423,49203,9,12.59827240028125,37.30342495441437,0.3666666666666667,True
20210423,49204,8,9.999506534259439,26.945854425430298,-0.023809523809523815,True
20210423,49205,10,19.89091428555813,47.770503997802734,0.0303030303030303,True
20210423,49207,10,15.360700200352547,60.256439208984375,0.29696969696969694,True
20210423,49208,8,15.46670836479904,46.43398380279541,0.2380952380952381,True
20210423,49209,10,14.050294553319496,43.824018478393555,0.8666666666666665,True
20210423,49210,10,3.291249498880806,12.50769567489624,-0.07878787878787878,True
20210423,49211,9,12.588835434001595,37.311882972717285,0.65,True
20210423,49212,7,14.343925145336453,40.418256759643555,0.8571428571428573,True
20210423,49213,4,10.592316319174746,26.603118896484375,0.39999999999999997,True
20210423,49214,5,12.063988923115847,31.443552017211914,-0.49999999999999994,True
20210423,49215,10,20.10156716962222,67.16769409179688,0.6484848484848483,True
20210423,49216,8,6.323645594442935,18.45155906677246,0.023809523809523815,True
20210423,49218,7,15.511824647269043,43.458534717559814,-0.3571428571428572,True
20210423,49220,8,5.840852923643814,22.531986236572266,-0.3571428571428572,True
20210423,49221,7,3.0232467174162365,10.031957149505615,-0.07142857142857144,True
20210423,49223,8,8.71911579943828,29.990237712860107,0.07142857142857144,True
20210423,49224,8,5.707050630810001,18.760563373565674,0.3571428571428572,True
20210423,49225,9,15.556330685291192,51.66178250312805,0.7166666666666667,True
20210423,49226,7,22.3698582375407,64.45787286758423,0.7142857142857144,True
20210423,49227,10,7.323541642013109,26.99484872817993,-0.3696969696969697,True
20210423,49229,9,11.999415515480308,36.2850399017334,0.9,True
20210423,49231,8,6.963661066718195,17.906758666038513,0.6904761904761906,True
20210423,49232,8,15.245169875020295,45.33260202407837,0.023809523809523815,True
20210423,49233,9,12.80785551983108,43.69434356689453,0.8666666666666667,True
20210423,49234,10,4.35179118498652,13.427979469299316,0.6242424242424242,True
20210423,49235,9,15.833701999410444,45.926591873168945,0.25,True
20210423,49236,9,11.944998844703534,39.725141763687134,-0.06666666666666667,True
20210423,49237,9,11.035155143905625,38.13054955005646,0.8833333333333333,True
20210423,49238,9,17.131624122426782,64.50706672668457,0.6,True
20210423,49239,9,18.507426224927165,60.98519730567932,0.6333333333333333,True
20210423,49242,10,6.766289010326036,22.392757415771484,0.709090909090909,True
20210423,49243,8,10.193838800742453,35.353912353515625,0.4523809523809524,True
20210423,49244,6,20.877829964151182,65.73260831832886,0.48571428571428577,True
20210423,49245,10,7.317330700788698,25.138668537139893,0.5393939393939393,True
20210423,49246,9,14.346864842219267,40.94334936141968,0.7666666666666667,True
20210423,49247,5,10.038293126506723,27.06756591796875,0.7999999999999999,True
20210423,49248,7,8.071449203773124,22.27317237854004,0.7857142857142859,True
20210423,49249,8,10.553701650128103,33.297043800354004,0.5476190476190477,True
20210423,49250,6,17.15255994707438,53.670206785202026,0.942857142857143,True
20210423,49251,9,15.884133392854844,58.216291427612305,0.65,True
20210423,49252,8,21.355806999415062,72.22552108764648,0.3333333333333334,True
20210423,49253,10,11.833001028589374,48.009963512420654,0.8060606060606059,True
20210423,49254,8,13.659021464151976,39.68854331970215,0.19047619047619052,True
20210423,49256,10,11.434217772326974,42.51039123535156,0.24848484848484845,True
20210423,49257,6,9.496184725682085,29.173076629638672,0.48571428571428577,True
20210423,49258,7,11.715381228059888,33.2313814163208,0.07142857142857144,True
20210423,49259,7,11.483914087885282,33.79057455062866,0.21428571428571433,True
20210423,49260,10,12.838645383578278,48.62431001663208,0.29696969696969694,True
20210423,49261,8,10.644786511291919,29.055870532989502,0.30952380952380953,True
20210423,49262,8,14.005561296441188,45.80121612548828,0.5714285714285715,True
20210423,49263,9,17.7479453455438,50.976189374923706,0.33333333333333337,True
20210423,49264,3,3.0707417105916512,6.990571975708008,1.0,True
20210423,49265,8,11.754757916136152,38.8491153717041,0.19047619047619052,True
20210423,49266,9,8.75119359994905,33.098997592926025,0.16666666666666669,True
20210423,49267,8,17.53951419330729,50.80206298828125,-0.07142857142857144,True
20210423,49268,8,13.174674738823185,43.47296905517578,0.2380952380952381,True
20210423,49269,8,8.54849358910463,23.647045373916626,0.7380952380952381,True
20210423,49270,10,3.6521067506769715,11.392965316772461,0.04242424242424241,True
20210423,49271,7,16.540034540447213,45.28512382507324,0.25,True
20210423,49272,10,10.603101362288923,34.88214433193207,0.5515151515151515,True
20210423,49273,8,17.369820053661265,55.25993728637695,0.6190476190476191,True
20210423,49275,7,11.59506402888673,34.896514892578125,0.8928571428571429,True
20210423,49276,10,13.531113643584277,45.381378412246704,0.7939393939393938,True
20210423,49278,10,9.917578875741558,33.86571931838989,0.38181818181818183,True
20210423,49280,10,19.554638772870643,75.83671760559082,0.5757575757575757,True
20210423,49282,8,7.23370536098726,22.219593048095703,0.261904761904762,True
20210423,49283,9,5.816847328694177,19.91163158416748,-0.2333333333333333,True
20210423,49284,9,10.565125019666953,35.879093170166016,0.7333333333333334,True
20210423,49285,7,14.7532286109536,45.92672777175903,0.39285714285714296,True
20210423,49286,9,8.627096425901438,27.716436862945557,0.13333333333333333,True
20210423,49287,8,12.004452157114715,39.625295639038086,0.261904761904762,True
20210423,49288,9,9.995086962438243,32.30488109588623,0.6,True
20210423,49289,8,13.44616621206793,38.72528696060181,0.3571428571428572,True
20210423,49290,8,7.52659072597426,26.724851608276367,0.19047619047619052,True
20210423,49291,9,12.219597970611394,33.685649275779724,0.8666666666666667,True
20210423,49292,8,12.300525991910686,39.20749521255493,0.4047619047619048,True
20210423,49294,9,9.001364208860648,28.74433946609497,0.9,True
20210423,49295,9,11.730556034229622,37.292709827423096,0.45,True
20210423,49296,9,12.529875767275687,42.6613655090332,0.06666666666666667,True
20210423,49299,10,16.140831730172433,58.649709820747375,0.33333333333333326,True
20210423,49300,9,7.452283328641263,25.348224639892578,0.16666666666666669,True
20210423,49301,8,13.97288300466922,50.10499572753906,-0.4285714285714286,True
20210423,49302,9,13.531413267878328,45.16973066329956,0.19999999999999998,True
20210423,49303,9,13.561390086204865,42.41239929199219,0.43333333333333335,True
20210423,49304,8,11.402223808569767,32.44481134414673,-0.1666666666666667,True
20210423,49305,9,19.500395795890693,63.01815223693848,0.7666666666666667,True
20210423,49306,8,12.941868967155695,44.88693559169769,0.7619047619047621,True
20210423,49307,10,13.577372645940397,40.66662263870239,0.4545454545454545,True
20210423,49308,10,16.82049064927332,56.30547332763672,0.5878787878787878,True
20210423,49309,10,10.83164395469386,43.130454778671265,0.23636363636363633,True
20210423,49310,6,7.9944691768707195,25.094642639160156,0.2571428571428572,True
20210423,49311,10,8.729448049982668,31.223259806632996,0.5878787878787878,True
20210423,49312,10,14.6178687978058,55.45263195037842,0.49090909090909085,True
20210423,49313,2,20.025537490844727,40.05107498168945,0.9999999999999999,True
20210423,49314,8,8.006622077429075,22.740024089813232,0.880952380952381,True
20210423,49316,7,8.2773585480869,26.898944854736328,0.8214285714285715,True
20210423,49317,8,25.20155253864914,73.71689891815186,-0.023809523809523815,True
20210423,49318,10,11.013202330101977,43.684757709503174,0.6121212121212121,True
20210423,49319,6,8.707278546393967,22.94692039489746,0.7142857142857143,True
20210423,49321,10,9.928166145632298,34.84447193145752,0.4666666666666666,True
20210423,49322,10,5.711051589124715,19.799946784973145,0.4666666666666666,True
20210423,49323,6,13.969159592930266,45.75748586654663,0.14285714285714288,True
20210423,49325,9,6.659699338112404,23.065759658813477,-0.6166666666666666,True
20210423,49326,10,10.381175449127122,33.78849220275879,-0.10303030303030303,True
20210423,49327,7,13.611761354668772,42.688246726989746,0.42857142857142866,True
20210423,49328,9,12.6699535935041,37.545971393585205,0.3666666666666667,True
20210423,49329,10,11.545825411360157,42.749144554138184,0.8060606060606059,True
20210423,49332,10,9.299017166518668,27.65423321723938,0.9636363636363635,True
20210423,49333,9,6.08106575861758,19.259244322776794,-0.15,True
20210423,49334,8,6.4754665243065155,21.754663467407227,0.30952380952380953,True
20210423,49336,8,9.424667590159762,29.74026346206665,0.6666666666666669,True
20210423,49337,8,19.261124457758918,55.09606313705444,-0.14285714285714288,True
20210423,49338,8,5.757442359484878,19.2721209526062,0.6904761904761906,True
20210423,49341,8,8.09063180445203,27.488643169403076,0.4523809523809524,True
20210423,49342,9,19.876140289550833,68.26228618621826,0.5499999999999999,True
20210423,49343,6,22.518139356360326,67.50337409973145,0.5428571428571429,True
20210423,49344,10,8.079301147987122,27.457866191864014,0.5878787878787878,True
20210423,49345,6,33.95052902634531,88.10728454589844,0.08571428571428573,True
20210423,49346,10,13.112690329819607,39.69701671600342,0.23636363636363633,True
20210423,49347,9,9.779542794257555,33.62274432182312,0.11666666666666665,True
20210423,49348,9,20.143826908550846,62.4540901184082,0.5666666666666667,True
20210423,49349,10,9.077126446024868,26.698306798934937,0.05454545454545454,True
20210423,49351,9,6.080836851421753,21.234870433807373,0.5166666666666667,True
20210423,49353,9,7.902904162866043,25.834537029266357,0.18333333333333335,True
20210423,49354,10,15.46726232381567,54.722485065460205,0.23636363636363633,True
20210423,49355,7,10.620406755601518,35.16406035423279,0.9642857142857145,True
20210423,49356,8,16.264726795494553,53.45245862007141,0.023809523809523815,True
20210423,49358,9,18.153495356676036,62.48540735244751,0.8499999999999999,True
20210423,49359,3,0.5342565985559505,1.3021459579467773,-1.0,True
20210423,49360,10,12.659216028824224,44.64885711669922,0.6848484848484848,True
20210423,49361,8,11.033521173507962,37.29918730258942,-0.30952380952380953,True
20210423,49362,1,0.0,0.0,,False
20210423,49363,4,18.912714677733856,51.21024417877197,0.7999999999999999,True
20210423,49365,9,13.880094577588029,40.761250019073486,0.7833333333333333,True
20210423,49367,10,10.794610412467888,39.00216245651245,0.32121212121212117,True
20210423,49369,8,7.429768687736111,19.762781620025635,0.11904761904761905,True
20210423,49370,4,2.726995300254974,7.097695827484131,-0.19999999999999998,True
20210423,49371,8,12.31997185190444,36.321895122528076,0.4285714285714286,True
20210423,49372,9,5.537662835930918,19.75169348716736,0.8499999999999999,True
20210423,49373,10,9.535508545805065,32.733261585235596,0.2606060606060606,True
20210423,49374,6,11.856785934342609,32.30799865722656,0.3142857142857143,True
20210423,49375,10,17.634086037002337,63.461883544921875,0.49090909090909085,True
20210423,49376,1,0.0,0.0,,False
20210423,49377,7,9.168569468709315,27.434433460235596,0.6785714285714287,True
20210423,49378,8,11.445959038868931,42.237863540649414,0.9523809523809524,True
20210423,49379,9,15.49815343997534,50.5330924987793,-0.016666666666666666,True
20210423,49380,9,14.5716848796196,56.29830980300903,0.7833333333333333,True
20210423,49381,5,4.353843571421805,11.956256866455078,0.3,True
20210423,49382,7,19.589876388685322,56.068045139312744,0.7142857142857144,True
20210423,49383,8,6.097162735040904,20.649648189544678,0.30952380952380953,True
20210423,49384,7,14.361795538277732,33.51363945007324,0.3571428571428572,True
20210423,49385,7,16.606501145497806,57.2232723236084,-0.21428571428571433,True
20210423,49387,9,14.216840536126018,36.158899784088135,0.75,True
20210423,49388,6,4.81574167430724,13.886680126190186,0.5428571428571429,True
20210423,49389,10,9.438090012721762,28.455705165863037,0.2727272727272727,True
20210423,49390,6,14.000590763658037,46.967355728149414,0.942857142857143,True
20210423,49393,6,11.181379017611079,34.62364387512207,0.8857142857142858,True
20210423,49394,9,8.81614995016349,27.146971940994263,0.8333333333333333,True
20210423,49395,9,15.426131979010782,51.8911954164505,0.8833333333333333,True
20210423,49397,10,11.560272390674218,41.78988170623779,0.5393939393939393,True
20210423,49398,9,14.533366759014525,57.58521270751953,0.25,True
20210423,49399,10,9.08689194757571,30.64444065093994,0.32121212121212117,True
20210423,49400,7,4.1536658783499565,12.74363899230957,-0.21428571428571433,True
20210423,49402,6,13.144977723394264,39.68229055404663,0.2,True
20210423,49403,10,10.969947324505641,40.3288254737854,0.6848484848484848,True
20210423,49405,10,5.2631400225858505,19.69967472553253,-0.006060606060606061,True
20210423,49406,7,16.434501166615227,53.751123666763306,0.0,True
20210423,49407,10,8.155030393136325,26.96144962310791,0.28484848484848485,True
20210423,49408,8,11.20945993442679,34.1457953453064,-0.023809523809523815,True
20210423,49409,9,7.501724946226041,22.854896545410156,0.8499999999999999,True
20210423,49410,8,12.389485425247864,40.00615310668945,0.8095238095238096,True
20210423,49412,8,14.027325506034495,46.50355386734009,0.6666666666666669,True
20210423,49414,10,2.7702407059052367,7.796672821044922,0.3939393939393939,True
20210423,49415,8,13.258105902353291,42.653207302093506,0.6666666666666669,True
20210423,49416,8,7.700905404064045,24.14029836654663,0.6904761904761906,True
20210423,49417,10,12.895107580470151,45.17966842651367,0.3696969696969697,True
20210423,49418,10,7.102789959976003,28.75972890853882,0.35757575757575755,True
20210423,49419,10,15.212974421455744,45.64408874511719,0.4545454545454545,True
20210423,49420,7,20.073099786683784,62.444899559020996,0.42857142857142866,True
20210423,49421,6,17.566335049755033,52.41215896606445,0.3714285714285715,True
20210423,49422,9,5.435644617769559,19.096437454223633,-0.03333333333333333,True
20210423,49423,10,11.464871749364725,41.463077545166016,0.7696969696969697,True
20210423,49424,10,12.218611445353588,31.840805172920227,-0.18787878787878787,True
20210423,49425,9,19.409420158441936,56.455047607421875,0.06666666666666667,True
20210423,49426,8,5.504217540552106,17.095301628112793,-0.14285714285714288,True
20210423,49427,9,6.446940898188504,20.781130075454712,0.7333333333333334,True
20210423,49429,2,5.636410713195801,11.272821426391602,0.9999999999999999,True
20210423,49430,9,13.445435605447603,43.53714179992676,0.6666666666666667,True
20210423,49431,9,9.329850715319512,30.016935348510742,0.65,True
20210423,49433,10,16.370469877070178,49.07995009422302,0.7212121212121211,True
20210423,49434,9,6.583171136713024,21.757375717163086,-0.06666666666666667,True
20210423,49435,5,24.699381348331233,59.08306407928467,0.49999999999999994,True
20210423,49436,9,13.584363311267703,40.00192070007324,-0.33333333333333337,True
20210423,49437,7,4.409737780814452,12.990744709968567,0.10714285714285716,True
20210423,49438,9,10.211614028320067,35.59735298156738,0.33333333333333337,True
20210423,49439,9,6.532722488760225,22.876837491989136,0.3666666666666667,True
20210423,49440,5,22.355552350252122,63.3009147644043,0.7,True
20210423,49443,10,8.789055540799797,28.15136480331421,0.5636363636363636,True
20210423,49444,10,5.631952906147583,18.86714816093445,-0.1515151515151515,True
20210423,49445,9,12.380383892841706,42.683820724487305,0.7666666666666667,True
20210423,49446,4,7.742822111605662,20.328097820281982,0.7999999999999999,True
20210423,49447,10,13.136809726460617,49.40152025222778,0.6969696969696969,True
20210423,49448,10,13.245969620798736,51.293615102767944,0.5272727272727272,True
20210423,49449,8,17.888003366961048,49.874069690704346,0.6190476190476191,True
20210423,49450,8,10.703428502570656,31.08572769165039,0.5000000000000001,True
20210423,49451,8,13.679494789984723,37.22645616531372,-0.2142857142857143,True
20210423,49452,8,24.588916378481816,71.57163953781128,0.6904761904761906,True
20210423,49453,8,5.909578230698032,21.53394365310669,0.1666666666666667,True
20210423,49455,9,8.180641480825322,28.838944673538208,0.16666666666666669,True
20210423,49456,1,0.0,0.0,,False
20210423,49457,6,17.560301463193525,55.54512977600098,-0.08571428571428573,True
20210423,49458,9,16.389864492176976,59.946828842163086,0.15,True
20210423,49459,10,9.806173157345565,37.66069793701172,0.7212121212121211,True
20210423,49460,1,0.0,0.0,,False
20210423,49461,10,10.259472516255736,35.970497131347656,0.33333333333333326,True
20210423,49462,9,14.39124302738349,49.29230070114136,0.5833333333333334,True
20210423,49464,9,8.91119240025536,29.290700435638428,0.48333333333333334,True
20210423,49465,7,15.073257098937935,40.904247760772705,-0.642857142857143,True
20210423,49466,9,3.359495753813547,10.510779619216919,0.5333333333333333,True
20210423,49468,10,15.05351844820061,45.90666580200195,0.7212121212121211,True
20210423,49469,9,5.900061324663469,18.005813121795654,0.049999999999999996,True
20210423,49470,8,12.616148890543018,48.32929039001465,0.6428571428571429,True
20210423,49471,8,12.62157717538505,42.5271532535553,0.8333333333333335,True
20210423,49472,6,9.572606167046994,23.161373138427734,0.942857142857143,True
20210423,49473,9,6.834305403389941,25.825159549713135,0.6,True
20210423,49474,8,4.452369579810757,14.770685195922852,0.2142857142857143,True
20210423,49475,7,8.776562929739194,27.661996841430664,-0.1785714285714286,True
20210423,49476,10,7.105358364428828,26.25226640701294,-0.04242424242424241,True
20210423,49477,9,6.62511385039271,20.54941463470459,-0.09999999999999999,True
20210423,49478,9,11.763803224868234,40.57953453063965,0.4666666666666666,True
20210423,49480,8,16.56498375404795,53.04277038574219,0.4761904761904762,True
20210423,49481,8,8.296933900358406,28.458564162254333,0.7142857142857144,True
20210423,49482,10,6.212471138328327,22.714645862579346,0.3696969696969697,True
20210423,49484,10,3.8618926549358057,11.314074218273163,0.7454545454545454,True
20210423,49487,10,11.148170211635726,40.26530075073242,0.4424242424242424,True
20210423,49488,9,10.61206735158715,37.2493462562561,0.7333333333333334,True
20210423,49489,3,2.111116243567054,4.930414199829102,0.5,True
20210423,49490,6,9.95514711790358,29.640878677368164,0.7142857142857143,True
20210423,49491,8,6.488339620291779,21.375380873680115,0.4761904761904762,True
20210423,49492,9,10.082951711151381,35.34408521652222,0.6666666666666667,True
20210423,49494,10,11.166556786325234,37.5717830657959,0.5393939393939393,True
20210423,49495,3,23.9839687710968,56.28753185272217,0.5,True
20210423,49496,5,14.283220083885723,40.729493141174316,0.19999999999999998,True
20210423,49497,7,7.586787844926222,23.023523807525635,0.642857142857143,True
20210423,49498,7,12.42136456362443,41.41725730895996,0.6071428571428572,True
20210423,49499,8,12.528892267252099,45.44768404960632,0.38095238095238104,True
20210423,49500,9,14.418618171595377,41.06927704811096,0.5666666666666667,True
20210423,49501,9,15.877773176018207,50.22454881668091,0.6333333333333333,True
20210423,49502,10,15.604572318693924,59.944149017333984,0.12727272727272726,True
20210423,49504,8,5.328698847188026,16.559057354927063,-0.5952380952380953,True
20210423,49505,7,16.401708174529475,50.476123332977295,0.3571428571428572,True
20210423,49506,5,7.790534473919624,21.397948265075684,0.09999999999999999,True
20210423,49507,10,11.61989313278609,34.51279640197754,0.12727272727272726,True
20210423,49508,10,19.369092592382927,63.85427236557007,0.6969696969696969,True
20210423,49510,3,13.516107982525249,32.13896703720093,1.0,True
20210423,49511,8,11.111697719678688,36.070629596710205,0.880952380952381,True
20210423,49512,7,10.067553724272166,29.318452835083008,0.28571428571428575,True
20210423,49513,7,10.059250624610806,30.316641330718994,0.28571428571428575,True
20210423,49516,9,22.645099073970886,66.4654335975647,-0.016666666666666666,True
20210423,49518,2,15.442493677139282,30.884987354278564,0.9999999999999999,True
20210423,49519,8,9.191617405234787,29.731903076171875,-0.6190476190476191,True
20210423,49520,9,6.397730523365034,18.116273880004883,0.16666666666666669,True
20210423,49521,9,15.824880629875013,49.33625411987305,0.5499999999999999,True
20210423,49523,6,10.198917108427885,30.356217622756958,0.4285714285714286,True
20210423,49524,10,14.824326226370946,61.440070152282715,0.23636363636363633,True
20210423,49526,8,8.087509615191646,23.514825582504272,0.38095238095238104,True
20210423,49527,9,4.274027251299895,11.126075744628906,0.08333333333333334,True
20210423,49528,8,6.823202695846267,22.513243913650513,-0.1666666666666667,True
20210423,49530,6,8.207313132044618,26.049158573150635,0.7714285714285715,True
20210423,49531,9,13.269763396662551,45.36180353164673,0.7833333333333333,True
20210423,49532,8,8.069621167913306,25.038475036621094,0.261904761904762,True
20210423,49533,2,1.4895808696746826,2.9791617393493652,-0.9999999999999999,True
20210423,49535,8,9.407751255107888,28.81203269958496,0.5476190476190477,True
20210423,49536,10,9.516134492648943,34.52160120010376,0.3696969696969697,True
20210423,49537,8,20.493072335787208,58.9704704284668,0.2142857142857143,True
20210423,49538,10,17.747372654969585,60.76709508895874,0.6,True
20210423,49539,10,4.705425460198161,18.31175136566162,-0.04242424242424241,True
20210423,49540,9,11.28450936693418,39.74526619911194,0.9,True
20210423,49541,8,10.76824909868103,34.101961612701416,0.8095238095238096,True
20210423,49542,7,4.96342546652972,17.34988260269165,0.1785714285714286,True
20210423,49543,8,8.364124394796907,25.860509872436523,0.6190476190476191,True
20210423,49544,8,15.636356415364968,55.91683340072632,0.8095238095238096,True
20210423,49546,1,0.0,0.0,,False
20210423,49548,10,8.141217428466357,27.767986536026,-0.10303030303030303,True
20210423,49549,8,16.299753843722982,55.40318965911865,0.8095238095238096,True
20210423,49550,4,5.7965502604078045,14.716922760009766,-0.7999999999999999,True
20210423,49551,8,18.687164374113078,59.10675048828125,0.38095238095238104,True
20210423,49553,10,8.3794634747737,26.576797485351562,0.06666666666666665,True
20210423,49554,10,8.763493457639123,31.44564437866211,0.5636363636363636,True
20210423,49555,7,9.618957896361811,26.433006525039673,0.6785714285714287,True
20210423,49556,10,10.986649480480176,39.70621061325073,0.4545454545454545,True
20210423,49557,7,13.12404163229234,40.29023456573486,-0.4642857142857144,True
20210423,49558,8,11.141864056210874,37.15286159515381,0.30952380952380953,True
20210423,49559,8,8.112056992741563,24.75672435760498,0.09523809523809526,True
20210423,49560,7,11.364509098024993,40.63154935836792,0.42857142857142866,True
20210423,49561,9,8.12854521427989,27.195823669433594,-0.03333333333333333,True
20210423,49562,10,7.555590928513117,21.94997501373291,0.2121212121212121,True
20210423,49563,9,9.29857072641014,25.893338680267334,0.31666666666666665,True
20210423,49565,10,18.8029915218318,68.60640716552734,0.32121212121212117,True
20210423,49566,7,8.824428385339367,23.944146156311035,0.8571428571428573,True
20210423,49567,10,15.207856195855989,51.22500228881836,0.7696969696969697,True
20210423,49568,10,6.331904994600017,21.65777349472046,0.5272727272727272,True
20210423,49569,9,8.653612485440073,33.00097131729126,0.7833333333333333,True
20210423,49572,9,4.722078477917024,12.451580047607422,0.11666666666666665,True
20210423,49573,8,10.99837054288531,31.99591875076294,-0.4761904761904762,True
20210423,49574,7,5.84810551773645,18.348623275756836,-0.10714285714285716,True
20210423,49575,7,11.41874133241948,33.39255738258362,0.39285714285714296,True
20210423,49576,8,24.53775039230224,67.38550329208374,0.6428571428571429,True
20210423,49577,6,16.249504713636732,48.75222682952881,0.6,True
20210423,49578,5,15.347716972921468,41.81554937362671,0.49999999999999994,True
20210423,49579,10,7.937801043653326,29.864246368408203,0.4545454545454545,True
20210423,49580,10,8.23232092293415,32.07121515274048,0.4545454545454545,True
20210423,49581,3,9.43897075473641,21.693950176239014,0.5,True
20210423,49582,9,14.58829624726243,47.994930267333984,0.6166666666666666,True
20210423,49584,10,9.194065846643426,37.76070976257324,0.6727272727272726,True
20210423,49585,9,16.479542048209385,43.30096709728241,0.03333333333333333,True
20210423,49586,10,10.252703690577807,41.61104202270508,0.18787878787878787,True
20210423,49588,9,28.535387624952172,92.75604438781738,0.6333333333333333,True
20210423,49589,10,6.483525551927095,24.13848638534546,0.6242424242424242,True
20210423,49591,7,7.73118950588269,24.967848300933838,0.14285714285714288,True
20210423,49592,10,6.407947329583149,21.884387493133545,0.5515151515151515,True
20210423,49593,8,6.326713746557895,20.09058654308319,0.5714285714285715,True
20210423,49594,4,22.087807505080054,50.52806615829468,0.39999999999999997,True
20210423,49596,10,10.783864457755858,33.43502998352051,0.5030303030303029,True
20210423,49597,10,10.311951268659671,40.364084243774414,0.4424242424242424,True
20210423,49598,10,9.125112692681931,25.824438095092773,0.38181818181818183,True
20210423,49599,7,5.499219829817801,17.337635040283203,0.3214285714285715,True
20210423,49600,8,17.439519786851125,46.313169956207275,0.7619047619047621,True
20210423,49601,8,10.03823756737386,29.075830459594727,0.3571428571428572,True
20210423,49603,9,16.253492193433317,47.31196069717407,0.8666666666666667,True
20210423,49604,8,10.464609542151178,34.75904655456543,0.3333333333333334,True
20210423,49605,10,8.974805499279807,31.64058494567871,0.41818181818181815,True
20210423,49606,4,5.754179299894318,13.772576332092285,0.39999999999999997,True
20210423,49607,9,3.9235330312502716,12.118843078613281,0.8499999999999999,True
20210423,49608,10,15.355715480826435,52.16546678543091,0.5393939393939393,True
20210423,49609,4,18.38699196561164,46.67271614074707,1.0,True
20210423,49612,8,11.859353019753986,39.22355103492737,0.2380952380952381,True
20210423,49616,8,10.238395040309914,38.05437421798706,0.2142857142857143,True
20210423,49618,10,12.319640091433369,46.786855697631836,0.7696969696969697,True
20210423,49619,8,12.99431831542986,36.28769361972809,0.880952380952381,True
20210423,49620,4,12.964974726280373,34.82396364212036,0.39999999999999997,True
20210423,49621,7,13.502243059828194,37.3070011138916,0.0,True
20210423,49622,9,11.558992503388788,39.81559872627258,0.5,True
20210423,49624,1,0.0,0.0,,False
20210423,49625,9,11.153546199307108,36.38221859931946,0.65,True
20210423,49627,5,6.456247921321059,17.837858200073242,0.39999999999999997,True
20210423,49629,10,9.894747648300692,33.26160717010498,0.17575757575757575,True
20210423,49631,8,12.094728506863984,33.554027795791626,0.5000000000000001,True
20210423,49632,9,8.22420806081332,31.925285816192627,0.48333333333333334,True
20210423,49633,7,14.79739918723799,41.22554624080658,0.6071428571428572,True
20210423,49634,10,14.416706380728758,39.89397144317627,0.5393939393939393,True
20210423,49635,7,13.04726198789247,32.9426646232605,0.8928571428571429,True
20210423,49636,4,10.488910930939626,27.599164485931396,0.7999999999999999,True
20210423,49637,10,11.47590260378797,40.542397022247314,-0.18787878787878787,True
20210423,49639,8,8.367157708775418,29.441973209381104,0.6190476190476191,True
20210423,49640,10,7.729498158748248,24.310375213623047,-0.1515151515151515,True
20210423,49641,6,12.961483844093333,34.72257959842682,0.7714285714285715,True
20210423,49644,10,12.844156254790393,46.512678146362305,0.309090909090909,True
20210423,49645,10,8.368055382288077,26.92924690246582,0.43030303030303024,True
20210423,49646,9,11.335042562185068,38.24241924285889,0.48333333333333334,True
20210423,49647,6,15.978345483890054,47.26417779922485,0.6571428571428573,True
20210423,49648,7,14.902590648828635,46.95318412780762,0.7500000000000002,True
20210423,49649,10,9.26278454297285,34.26911020278931,0.41818181818181815,True
20210423,49650,9,17.194428469877877,56.24336004257202,0.9333333333333332,True
20210423,49651,3,7.560387186618323,18.230663776397705,-1.0,True
20210423,49652,6,17.0783981617755,49.68003213405609,0.942857142857143,True
20210423,49653,8,13.880119027407973,42.803775787353516,0.5000000000000001,True
20210423,49654,10,11.022406943290267,38.30072259902954,0.12727272727272726,True
20210423,49655,6,6.151949224379926,19.690980434417725,0.2,True
20210423,49656,10,15.423251692350266,56.675063490867615,0.6,True
20210423,49657,9,9.208948312686932,32.94085359573364,0.09999999999999999,True
20210423,49658,7,15.312442323997876,45.100017070770264,0.5714285714285715,True
20210423,49659,1,0.0,0.0,,False
20210423,49660,10,12.290828413040021,52.574989318847656,0.5030303030303029,True
20210423,49662,9,13.402740282634563,42.827951431274414,0.33333333333333337,True
20210423,49663,5,10.678219890418832,31.245820999145508,0.7,True
20210423,49665,10,10.655126467373355,42.32760190963745,0.7333333333333332,True
20210423,49667,5,5.37334580092713,12.624250888824463,0.49999999999999994,True
20210423,49669,8,9.04788904255625,26.83179473876953,0.3571428571428572,True
20210423,49670,8,6.775747289842252,21.37095355987549,0.880952380952381,True
20210423,49671,10,14.34985973427089,48.360063552856445,0.9393939393939393,True
20210423,49673,10,8.039768208263384,25.085764586925507,0.09090909090909088,True
20210423,49674,6,10.998141456567376,33.66450136899948,0.48571428571428577,True
20210423,49675,10,9.58281114442607,35.40435743331909,0.6848484848484848,True
20210423,49676,5,12.544465027879697,33.75164031982422,0.9999999999999999,True
20210423,49677,6,16.09292564822825,48.55759835243225,0.7142857142857143,True
20210423,49678,9,21.22286545988708,69.29527854919434,-0.31666666666666665,True
20210423,49680,10,5.853653222002205,21.98482608795166,0.29696969696969694,True
20210423,49681,9,14.122422189590962,46.80934429168701,-0.06666666666666667,True
20210423,49683,1,0.0,0.0,,False
20210423,49684,7,10.192495362128914,25.02648401260376,0.3571428571428572,True
20210423,49685,6,8.74072990203234,27.725847721099854,0.8857142857142858,True
20210423,49686,8,13.372065823054584,40.36259651184082,0.6428571428571429,True
20210423,49687,7,23.592326945172196,74.5633716583252,0.7142857142857144,True
20210423,49688,2,4.241516828536987,8.483033657073975,0.9999999999999999,True
20210423,49689,9,15.51340269157154,48.57779312133789,0.7166666666666667,True
20210423,49690,9,26.72278395942517,86.87686419487,-0.049999999999999996,True
20210423,49691,9,16.28321070903468,56.9305477142334,0.75,True
20210423,49692,9,18.237640797870633,58.636985778808594,0.5499999999999999,True
20210423,49693,10,6.9019409558202245,25.51380157470703,0.4545454545454545,True
20210423,49694,9,13.152136852747052,35.768972396850586,0.8166666666666667,True
20210423,49695,8,5.091645703902502,18.572707414627075,0.8095238095238096,True
20210423,49696,2,0.8842674195766449,1.7685348391532898,0.9999999999999999,True
20210423,49697,10,11.786595424189995,41.8265495300293,-0.19999999999999998,True
20210423,49698,9,12.770243606909272,45.114585876464844,0.03333333333333333,True
20210423,49699,9,5.597896811561361,18.125267028808594,0.16666666666666669,True
20210423,49700,8,11.432705613447391,33.74160623550415,0.6190476190476191,True
20210423,49701,10,7.985538921832829,28.77364158630371,0.5393939393939393,True
20210423,49702,7,13.982317087912953,43.40293836593628,0.6785714285714287,True
20210423,49703,10,11.550924418868775,42.55608510971069,0.6484848484848483,True
20210423,49704,7,15.66552715101757,45.853423833847046,0.8571428571428573,True
20210423,49705,9,10.9101958911458,36.22673273086548,0.25,True
20210423,49706,8,13.04902808614968,48.956886291503906,0.4761904761904762,True
20210423,49707,8,19.845904274481235,68.17692828178406,0.5952380952380953,True
20210423,49708,8,15.8314875856417,58.39142417907715,0.4285714285714286,True
20210423,49710,10,8.206376461382682,29.083852291107178,-0.2606060606060606,True
20210423,49711,3,10.250420445893026,21.93846607208252,0.5,True
20210423,49712,9,17.09969548137486,53.97335720062256,0.6333333333333333,True
20210423,49713,8,37.391604514057185,96.87316274642944,0.6666666666666669,True
20210423,49714,7,7.2934168246078785,21.105595588684082,0.28571428571428575,True
20210423,49715,9,3.847696689301983,12.013081789016724,0.21666666666666667,True
20210423,49716,4,5.916294030832338,15.023494720458984,-0.19999999999999998,True
20210423,49717,9,7.962519930490611,28.759544134140015,0.7,True
20210423,49718,7,13.86834435398438,46.591442584991455,0.5357142857142858,True
20210423,49719,9,20.066733046974576,56.09761667251587,0.5666666666666667,True
20210423,49721,9,8.763072129197617,29.204747676849365,0.35,True
20210423,49722,10,6.2504325732024935,21.63206195831299,0.5636363636363636,True
20210423,49723,9,4.100802981636445,12.309419631958008,0.7,True
20210423,49724,8,13.678650568721384,45.08124256134033,0.07142857142857144,True
20210423,49725,10,9.140074829860731,27.3714656829834,-0.2727272727272727,True
20210423,49726,7,8.001958513772045,20.676260471343994,0.14285714285714288,True
20210423,49727,9,12.583425018601808,48.786133766174316,0.6333333333333333,True
20210423,49730,10,8.844155941852893,29.25554883480072,0.1515151515151515,True
20210423,49731,10,12.74042376449118,35.75065541267395,0.5393939393939393,True
20210423,49732,1,0.0,0.0,,False
20210423,49733,10,8.053122942187432,30.85430908203125,0.7454545454545454,True
20210423,49734,7,17.201325992024245,58.22476768493652,0.6071428571428572,True
20210423,49735,9,9.025264386347802,32.447021484375,0.6333333333333333,True
20210423,49737,8,16.682848871612006,50.01469945907593,0.0,True
20210423,49738,8,23.59570554552074,74.39810180664062,0.4285714285714286,True
20210423,49739,8,6.163415484606161,20.355297088623047,0.7142857142857144,True
20210423,49740,7,7.297392120737396,19.874176502227783,-0.07142857142857144,True
20210423,49742,9,16.05471645293645,49.48635745048523,0.65,True
20210423,49743,10,6.539825134804407,19.368492603302002,0.10303030303030303,True
20210423,49744,7,11.065212867772363,30.673962116241455,0.3571428571428572,True
20210423,49746,7,16.386028535419936,47.58448600769043,0.21428571428571433,True
20210423,49747,10,4.882206637695226,16.47049331665039,-0.23636363636363633,True
20210423,49748,1,0.0,0.0,,False
20210423,49749,7,9.812414953603893,35.848548889160156,0.39285714285714296,True
20210423,49750,7,9.380858990667875,27.306663513183594,-0.10714285714285716,True
20210423,49751,6,11.66646982483345,34.64161825180054,0.4285714285714286,True
20210423,49752,7,5.836236612696834,16.76690149307251,-0.03571428571428572,True
20210423,49753,7,11.368008675541002,37.62677901983261,0.5357142857142858,True
20210423,49754,8,12.1098010117512,37.22587251663208,0.7619047619047621,True
20210423,49756,10,11.083628984113972,40.67121934890747,0.22424242424242422,True
20210423,49757,10,5.500698418416422,17.48478400707245,0.07878787878787878,True
20210423,49758,7,15.79541261188392,46.068527698516846,0.10714285714285716,True
20210423,49759,8,14.324844096874683,44.34127616882324,0.0,True
20210423,49760,2,17.010998487472534,34.02199697494507,0.9999999999999999,True
20210423,49761,10,11.387298069650624,40.34627890586853,0.8181818181818182,True
20210423,49762,10,13.947825576445718,53.63757514953613,0.6484848484848483,True
20210423,49763,8,19.39516124580563,62.20611000061035,-0.4285714285714286,True
20210423,49765,10,6.317594560864087,22.588024377822876,0.24848484848484845,True
20210423,49766,8,15.277122379751583,50.4592365026474,0.7619047619047621,True
20210423,49768,4,16.669252319075106,43.742265582084656,0.7999999999999999,True
20210423,49769,8,10.039305955551368,34.64159345626831,0.6190476190476191,True
20210423,49770,7,3.917803440947695,12.059398174285889,0.28571428571428575,True
20210423,49772,7,9.7138145852625,30.366135120391846,0.1785714285714286,True
20210423,49775,6,8.587572075490495,24.664207458496094,0.2571428571428572,True
20210423,49777,6,11.517670713398735,32.74756050109863,1.0,True
20210423,49778,10,9.034955663600392,34.23830556869507,0.19999999999999998,True
20210423,49779,8,7.402914084895233,21.713522911071777,0.8571428571428572,True
20210423,49780,9,9.901279009229672,32.4752197265625,-0.16666666666666669,True
20210423,49781,6,12.672218078297641,36.23872125148773,1.0,True
20210423,49782,8,18.076669013875954,55.14656066894531,0.7619047619047621,True
20210423,49783,8,15.634485312492274,44.36654281616211,0.5952380952380953,True
20210423,49784,10,9.73156999866395,28.749229431152344,0.8424242424242423,True
20210423,49785,6,15.046274914034484,48.3792085647583,0.7714285714285715,True
20210423,49786,10,10.015183321405827,34.94370758533478,0.6121212121212121,True
20210423,49787,7,18.48891680752909,51.0307240486145,0.8214285714285715,True
20210423,49788,10,8.285887422121993,30.201709747314453,0.24848484848484845,True
20210423,49790,7,9.058348703567042,24.789885997772217,0.7142857142857144,True
20210423,49791,3,12.117718259380695,28.962202072143555,1.0,True
20210423,49792,10,16.604396663887364,63.44389486312866,0.33333333333333326,True
20210423,49793,7,10.097338459562971,32.780147552490234,0.642857142857143,True
20210423,49796,10,12.265478088534598,35.635836124420166,0.6606060606060605,True
20210423,49798,10,5.774252059565937,16.67104148864746,-0.16363636363636364,True
20210423,49801,10,7.709103150964364,27.444387197494507,0.4545454545454545,True
20210423,49802,10,8.36820168546613,31.25739097595215,0.709090909090909,True
20210423,49803,10,9.405092840160526,34.60213851928711,0.29696969696969694,True
20210423,49804,10,12.952535567525814,50.671974182128906,0.4424242424242424,True
20210423,49805,8,8.719988529648425,25.981337189674377,0.5476190476190477,True
20210423,49807,5,12.40361523992812,31.968239307403564,0.6,True
20210423,49808,6,17.68285946585995,51.22044086456299,-0.028571428571428574,True
20210423,49810,10,13.636917827549595,38.4545578956604,-0.006060606060606061,True
20210423,49811,5,14.897374806323946,43.02725028991699,0.8999999999999998,True
20210423,49812,10,16.03226606975713,59.68772506713867,0.7939393939393938,True
20210423,49813,8,9.54207384292615,25.419678688049316,0.7142857142857144,True
20210423,49815,5,10.659395185621399,32.693506717681885,0.09999999999999999,True
20210423,49816,4,6.936666261150419,19.01515769958496,1.0,True
20210423,49817,8,14.073558263984111,38.703697204589844,0.2142857142857143,True
20210423,49818,10,10.171100255663847,34.894121170043945,0.3696969696969697,True
20210423,49819,10,13.650302329622695,49.6122727394104,0.43030303030303024,True
20210423,49820,8,4.280048116253833,12.461655378341675,0.6666666666666669,True
20210423,49821,7,7.185048547724858,22.8282527923584,0.6071428571428572,True
20210423,49822,5,15.070550972344053,46.085039138793945,0.6,True
20210423,49825,9,16.69489200641487,55.803321838378906,0.7333333333333334,True
20210423,49826,8,10.392166158296511,26.682581663131714,0.3333333333333334,True
20210423,49827,6,9.796920104800257,31.091651439666748,0.3142857142857143,True
20210423,49828,8,17.21904051080189,45.51673889160156,0.1666666666666667,True
20210423,49831,6,24.986811267325155,59.591843605041504,0.48571428571428577,True
20210423,49833,8,17.509283533430956,47.00064182281494,0.4523809523809524,True
20210423,49834,10,18.308945966048093,55.77279853820801,0.38181818181818183,True
20210423,49835,10,12.909313245347223,38.31093406677246,0.6363636363636362,True
20210423,49837,10,13.792515399987845,52.69585990905762,0.5636363636363636,True
20210423,49838,10,10.654255378046942,35.97362971305847,0.19999999999999998,True
20210423,49839,8,11.386811279186205,32.27179145812988,0.7142857142857144,True
20210423,49841,9,4.567386539876083,15.793207168579102,0.4666666666666666,True
20210423,49842,6,15.373501005371601,46.60508918762207,0.8285714285714287,True
20210423,49844,8,17.22733914614189,51.06501770019531,0.261904761904762,True
20210423,49845,6,6.917016640526146,20.252408981323242,0.3142857142857143,True
20210423,49846,8,12.854354665193956,42.62322807312012,0.3571428571428572,True
20210423,49847,8,15.09684352393862,49.540390491485596,-0.14285714285714288,True
20210423,49848,7,18.506393981185404,60.56072998046875,0.8214285714285715,True
20210423,49849,7,6.037276402509043,16.144590377807617,0.642857142857143,True
20210423,49850,9,7.8395258758309465,27.213985204696655,0.049999999999999996,True
20210423,49851,10,10.70241541264813,35.70906710624695,0.38181818181818183,True
20210423,49853,10,6.337236360342041,25.87668466567993,0.29696969696969694,True
20210423,49854,7,10.889231776779466,34.06500434875488,0.1785714285714286,True
20210423,49855,6,11.236178137892322,31.44875717163086,0.8857142857142858,True
20210423,49856,9,8.504889885217054,31.687214851379395,0.7,True
20210423,49857,10,10.907859455396911,39.182992935180664,0.22424242424242422,True
20210423,49858,9,14.588513786229832,40.44945049285889,0.6666666666666667,True
20210423,49859,10,10.634322991530846,41.83301830291748,0.6121212121212121,True
20210423,49861,10,9.35953013680191,29.943009853363037,0.7454545454545454,True
20210423,49863,9,13.075895501196737,40.03389930725098,0.5166666666666667,True
20210423,49864,8,12.973392451574062,38.3806209564209,0.4761904761904762,True
20210423,49865,6,14.733420919991953,42.13575482368469,0.028571428571428574,True
20210423,49866,9,4.861959288577114,13.351419448852539,-0.13333333333333333,True
20210423,49867,8,4.561759219208565,15.978972911834717,0.3333333333333334,True
20210423,49869,10,9.455160251735382,36.135420083999634,0.41818181818181815,True
20210423,49870,6,12.414833022969498,32.69865608215332,0.942857142857143,True
20210423,49871,5,20.528148050010145,45.76279878616333,0.19999999999999998,True
20210423,49872,10,5.123654264082965,15.857725381851196,0.7333333333333332,True
20210423,49873,7,3.9184600077774854,13.245785236358643,0.6785714285714287,True
20210423,49874,6,14.276438856995176,42.24104118347168,0.3714285714285715,True
20210423,49875,10,8.062897074064276,25.264919757843018,0.41818181818181815,True
20210423,49876,3,2.0932653756494526,4.9290771484375,0.5,True
20210423,49877,8,12.666217510574334,40.42280435562134,0.5714285714285715,True
20210423,49878,3,15.176270850313646,35.64888381958008,0.5,True
20210423,49879,9,12.245375086905922,32.98570108413696,0.5499999999999999,True
20210423,49880,9,9.046219763421833,28.62063503265381,0.6833333333333333,True
20210423,49881,8,8.073793987687036,27.63953685760498,0.6190476190476191,True
20210423,49884,10,13.1125430111115,41.05504101514816,0.33333333333333326,True
20210423,49887,9,4.527836533349297,13.586499214172363,-0.35,True
20210423,49889,7,8.958798960651038,32.14840054512024,0.42857142857142866,True
20210423,49890,8,7.158348101957046,20.9581356048584,0.5476190476190477,True
20210423,49891,10,8.66295920050901,27.045289516448975,0.6969696969696969,True
20210423,49893,10,10.142223644019522,36.10758638381958,0.8181818181818182,True
20210423,49894,10,7.616136887124985,25.05901336669922,0.6121212121212121,True
20210423,49896,2,12.169071197509766,24.33814239501953,0.9999999999999999,True
20210423,49898,6,5.665504469596003,17.270520210266113,-0.028571428571428574,True
20210423,49903,10,11.864241326825244,44.6024227142334,0.32121212121212117,True
20210423,49904,10,15.370255470987413,42.17768859863281,-0.5878787878787878,True
20210423,49906,10,13.669525004013561,39.433594703674316,0.19999999999999998,True
20210423,49907,10,13.17526380480819,46.29134798049927,0.9030303030303028,True
20210423,49908,8,10.929711317144008,29.889140844345093,0.523809523809524,True
20210423,49909,7,12.490337739107817,40.63235282897949,0.8571428571428573,True
20210423,49910,6,6.145282591661308,19.221906661987305,-0.08571428571428573,True
20210423,49911,6,6.044861000613655,18.89261770248413,0.48571428571428577,True
20210423,49912,8,7.020659726148372,24.83264684677124,0.07142857142857144,True
20210423,49913,10,7.14395070903742,22.345277786254883,0.7818181818181817,True
20210423,49914,8,8.61018731824705,24.9572696685791,0.5000000000000001,True
20210423,49915,3,23.5125409367339,57.58563733100891,0.5,True
20210423,49916,8,7.34691972085522,25.139960527420044,0.3571428571428572,True
20210423,49917,6,12.695294148785115,33.356436252593994,0.8285714285714287,True
20210423,49918,9,8.373773205107481,24.713103771209717,0.6,True
20210423,49919,9,5.949427799431962,20.183446884155273,0.18333333333333335,True
20210423,49921,5,10.02006070503627,27.100467681884766,0.3,True
20210423,49922,6,21.849092173989757,49.68141710758209,0.2571428571428572,True
20210423,49923,8,10.743620612487547,34.90520703792572,0.261904761904762,True
20210423,49924,8,11.858012727581178,36.3419976234436,0.7380952380952381,True
20210423,49927,6,10.282114246142664,27.972920894622803,0.4285714285714286,True
20210423,49929,10,13.540489515375949,45.899354457855225,0.8424242424242423,True
20210423,49930,10,10.519074421531366,33.48191714286804,0.4424242424242424,True
20210423,49931,10,10.390595855241234,31.06574821472168,0.5151515151515151,True
20210423,49932,10,3.5782581971397875,12.555022239685059,-0.6727272727272726,True
20210423,49933,8,15.56992738264534,59.21817207336426,0.6190476190476191,True
20210423,49934,10,10.975862723942507,34.17579746246338,0.07878787878787878,True
20210423,49937,2,30.118282079696655,60.23656415939331,0.9999999999999999,True
20210423,49938,9,10.8853028089289,31.709830284118652,0.4666666666666666,True
20210423,49939,8,9.931990810959732,36.41058826446533,0.4285714285714286,True
20210423,49940,9,11.727592391078453,41.32360029220581,0.45,True
20210423,49941,9,20.111330613188336,69.90470886230469,0.7999999999999999,True
20210423,49942,10,16.78788244159421,55.925662994384766,0.6848484848484848,True
20210423,49943,10,15.117626568771792,52.375685691833496,0.7333333333333332,True
20210423,49945,10,11.926616010488619,45.57068061828613,-0.01818181818181818,True
20210423,49946,6,12.069746822906419,28.74714756011963,-0.028571428571428574,True
20210423,49948,9,7.73464829227661,26.95153284072876,0.41666666666666663,True
20210423,49951,7,12.78030082023224,41.82790565490723,0.642857142857143,True
20210423,49952,8,5.1241022481028535,13.37613821029663,0.6904761904761906,True
20210423,49953,8,14.290933316489722,45.78274917602539,0.9761904761904763,True
20210423,49954,5,6.19893242217131,15.203644633293152,-0.49999999999999994,True
20210423,49955,10,12.768978637260314,44.63670063018799,0.7454545454545454,True
20210423,49956,9,8.439367784437188,24.359160900115967,0.43333333333333335,True
20210423,49957,8,19.812404345798367,65.41218566894531,-0.14285714285714288,True
20210423,49958,9,8.003970859102115,28.726707458496094,0.6,True
20210423,49959,10,12.123922574792806,32.34599506855011,0.17575757575757575,True
20210423,49960,7,10.632656114977053,26.799001693725586,0.21428571428571433,True
20210423,49964,8,7.981423241409777,25.88065528869629,-0.3333333333333334,True
20210423,49967,8,9.631404522501136,35.07494926452637,0.9285714285714287,True
20210423,49968,8,11.079511157603088,37.682602763175964,0.6190476190476191,True
20210423,49969,8,25.94620456484373,61.404680013656616,-0.04761904761904763,True
20210423,49970,10,13.941338351551353,50.9358766078949,0.23636363636363633,True
20210423,49972,5,8.951764712292666,26.33908998966217,0.7,True
20210423,49973,7,5.728067361819153,17.795040130615234,0.7500000000000002,True
20210423,49974,10,10.509164281486363,34.31019079685211,0.44377104688644714,True
20210423,49975,10,9.762724141330715,34.6510614156723,0.5878787878787878,True
20210423,49976,6,11.286802174519012,35.016433238983154,0.6,True
20210423,49977,10,13.663735966414016,40.74099349975586,0.8181818181818182,True
20210423,49978,9,9.122455713439434,24.774211883544922,0.25,True
20210423,49979,9,7.310569125708017,25.052332878112793,0.7999999999999999,True
20210423,49980,4,9.547434229821317,26.549710869789124,0.39999999999999997,True
20210423,49981,10,14.154735829020296,48.431801319122314,0.8424242424242423,True
20210423,49982,10,4.672000016650304,18.6166929602623,0.29696969696969694,True
20210423,49983,8,11.375183380712503,38.476985931396484,0.09523809523809526,True
20210423,49985,1,0.0,0.0,,False
20210423,49986,7,20.401677396018123,51.58893156051636,0.3214285714285715,True
20210423,49989,10,9.12664703875231,35.46557283401489,0.7575757575757575,True
20210423,49991,7,10.506045411074675,34.73617649078369,0.28571428571428575,True
20210423,49992,8,9.055074736533262,29.29997968673706,0.6666666666666669,True
20210423,49993,10,8.222773128714339,25.989248275756836,0.8181818181818182,True
20210423,49994,9,9.527533596795077,29.62036418914795,-0.03333333333333333,True
20210423,49995,9,16.533532768668888,57.524566650390625,0.7999999999999999,True
20210423,49997,8,5.172535511834836,14.823162078857422,0.07142857142857144,True
20210423,49998,2,2.0592117309570312,4.1184234619140625,0.9999999999999999,True
20210423,49999,9,6.065616560344044,18.12596893310547,-0.48333333333333334,True
20210423,50000,7,17.17639598862772,43.60112380981445,0.28571428571428575,True
20210423,50001,9,21.386690304631024,67.23003768920898,0.5166666666666667,True
20210423,50002,8,10.554959350575407,37.05245018005371,0.7857142857142858,True
20210423,50003,9,9.701353683269938,36.6169695854187,0.5666666666666667,True
20210423,50004,7,13.882355832800394,45.6986289024353,0.5357142857142858,True
20210423,50005,7,9.842478014075922,29.359737873077393,0.642857142857143,True
20210423,50006,7,13.608192186548845,41.7820930480957,0.7500000000000002,True
20210423,50008,1,0.0,0.0,,False
20210423,50009,10,7.331830971114647,28.303961992263794,0.5878787878787878,True
20210423,50010,2,4.096351385116577,8.192702770233154,0.9999999999999999,True
20210423,50011,8,8.219072250097435,28.134857177734375,0.8333333333333335,True
20210423,50012,10,13.506769402530146,48.687583923339844,0.5636363636363636,True
20210423,50013,10,13.530593884372676,46.444541931152344,0.3939393939393939,True
20210423,50014,4,15.30784660935893,40.33285307884216,0.7999999999999999,True
20210423,50016,8,10.467527634770384,28.466821670532227,0.38095238095238104,True
20210423,50017,9,12.864354716629942,38.143946170806885,0.25,True
20210423,50019,10,11.121371524935773,32.86620116233826,0.10303030303030303,True
20210423,50021,10,8.289421449273712,25.041245222091675,0.709090909090909,True
20210423,50022,10,2.745786768814947,10.346950054168701,-0.13939393939393938,True
20210423,50023,10,8.716936818786909,31.8962345123291,0.19999999999999998,True
20210423,50024,4,4.064241116878546,10.063978672027588,0.7999999999999999,True
20210423,50026,10,12.082840976627793,51.413578033447266,0.5151515151515151,True
20210423,50027,7,13.907677966595628,40.078582763671875,-0.7142857142857144,True
20210423,50028,10,5.070249761800353,16.714066743850708,0.7939393939393938,True
20210423,50029,7,7.669839874969838,21.76660919189453,0.3571428571428572,True
20210423,50032,9,11.032797592270475,35.25606393814087,0.43333333333333335,True
20210423,50033,9,11.24684107269248,37.29802846908569,0.6666666666666667,True
20210423,50034,9,6.92066921287105,21.87004852294922,0.5499999999999999,True
20210423,50035,10,5.401177005186989,17.493236541748047,0.06666666666666665,True
20210423,50036,1,0.0,0.0,,False
77777777,45033,9,5.87344877108374,17.734809160232544,0.18333333333333335,True
77777777,45034,9,3.554717479598862,11.526243686676025,0.16666666666666669,True
77777777,45035,10,7.814336413397846,27.512455940246582,0.34545454545454546,True
77777777,45036,9,8.198743399015537,29.24561834335327,0.7166666666666667,True
77777777,45037,7,5.15309529692853,15.387933135032654,0.7142857142857144,True
77777777,45038,9,9.50179690581423,28.618863582611084,-0.09999999999999999,True
77777777,45039,1,0.0,0.0,,False
77777777,45040,9,4.291337059351135,10.204665184020996,0.39999999999999997,True
77777777,45041,7,2.4625423196933434,7.362514019012451,0.4642857142857144,True
77777777,45042,9,6.94740171946265,22.75062322616577,0.48333333333333334,True
77777777,45043,9,4.744908565585572,14.745429992675781,-0.21666666666666667,True
77777777,45044,2,2.2465239763259888,4.4930479526519775,-0.9999999999999999,True
77777777,45046,5,12.347148370489823,34.08084297180176,0.3,True
77777777,45047,6,9.484309931662974,31.731542587280273,0.2,True
77777777,45048,8,7.293558284388969,20.75942552089691,-0.6190476190476191,True
77777777,45050,7,3.1403824350785685,10.065340399742126,0.7500000000000002,True
77777777,45051,8,5.0358910893654985,15.05127876996994,0.5000000000000001,True
77777777,45052,10,6.863045710957977,26.97757712006569,-0.12727272727272726,True
77777777,45055,8,11.972675913527697,32.23688530921936,0.8095238095238096,True
77777777,45056,10,5.544034282264771,15.073213696479797,0.8545454545454544,True
77777777,45057,10,2.9047620926547535,10.224010825157166,0.006060606060606061,True
77777777,45058,10,5.59194494998039,20.744661331176758,0.5393939393939393,True
77777777,45059,9,5.414852073574054,16.989200592041016,0.8333333333333333,True
77777777,45060,10,9.346463395853016,33.84775531291962,0.8181818181818182,True
77777777,45061,8,3.0903486361326498,9.321685552597046,0.8571428571428572,True
77777777,45062,10,1.7486184980046988,5.219414710998535,-0.05454545454545454,True
77777777,45063,10,2.905821440263633,10.303827047348022,0.19999999999999998,True
77777777,45064,8,10.709812213921895,28.492918491363525,0.3571428571428572,True
77777777,45065,6,6.518302117908078,16.398176312446594,0.6571428571428573,True
77777777,45068,9,6.542278324971094,19.247629761695862,-0.19999999999999998,True
77777777,45069,9,6.84816863517127,23.58299970626831,0.6833333333333333,True
77777777,45070,7,6.222362060875696,17.43240350484848,-0.03571428571428572,True
77777777,45071,4,11.950528448195282,29.336572647094727,0.39999999999999997,True
77777777,45072,6,11.72798001369763,35.245201587677,0.028571428571428574,True
77777777,45073,9,8.357479229726964,27.041664361953735,0.65,True
77777777,45074,3,5.140685579317634,11.725802421569824,1.0,True
77777777,45075,10,4.632282394249712,16.836851954460144,0.18787878787878787,True
77777777,45076,10,7.8593357260629535,26.87326145172119,0.772040040473682,True
77777777,45078,10,5.601585528784761,19.83945322036743,0.6969696969696969,True
77777777,45080,8,6.422220540452856,24.074377059936523,0.6904761904761906,True
77777777,45081,8,11.72561465085079,29.596088886260986,0.5000000000000001,True
77777777,45082,8,4.672920583356381,16.106821060180664,0.14285714285714288,True
77777777,45083,8,11.290501431231588,35.82279746234417,0.2142857142857143,True
77777777,45084,6,6.337083131921642,19.31978988647461,0.3142857142857143,True
77777777,45085,7,5.3486955854054035,16.240161895751953,0.8928571428571429,True
77777777,45087,8,8.310824712119286,22.815199375152588,0.19047619047619052,True
77777777,45092,10,11.062317584576457,40.88713228702545,0.3696969696969697,True
77777777,45093,9,2.5634382985256674,8.09353506565094,-0.13333333333333333,True
77777777,45094,9,15.492966166397846,39.500168800354004,0.8499999999999999,True
77777777,45099,9,5.7676190738593895,19.387489795684814,0.15,True
77777777,45100,10,7.072966779965017,27.755634784698486,0.22424242424242422,True
77777777,45101,7,4.269437069249753,14.232930183410645,0.07142857142857144,True
77777777,45102,10,6.825498033762817,21.19732093811035,0.5757575757575757,True
77777777,45103,7,3.8888522711685356,13.60012674331665,0.6785714285714287,True
77777777,45104,8,7.97632974494331,26.458134174346924,0.3571428571428572,True
77777777,45105,7,13.797997240720287,39.488853454589844,0.3571428571428572,True
77777777,45106,10,8.35905933598326,25.60164974629879,0.7696969696969697,True
77777777,45107,8,6.5449846736144766,19.619978666305542,-0.023809523809523815,True
77777777,45108,3,4.686846715522799,11.383542776107788,-0.5,True
77777777,45109,9,8.743432894540613,32.94578176736832,0.9500000000000001,True
77777777,45111,10,9.63347007650159,34.208871841430664,0.5151515151515151,True
77777777,45112,9,6.178954901040518,21.72826898097992,0.5,True
77777777,45113,9,5.965440606265896,19.720172882080078,0.09999999999999999,True
77777777,45115,9,4.473302501001086,14.218483924865723,0.21666666666666667,True
77777777,45116,9,3.4705799331665625,10.565093517303467,0.5833333333333334,True
77777777,45117,10,11.354114923860829,36.14482927322388,-0.6484848484848483,True
77777777,45119,2,11.568385124206543,23.136770248413086,0.9999999999999999,True
77777777,45120,9,7.1176164130609925,25.16638994216919,0.35,True
77777777,45121,9,5.491787224301096,21.763330459594727,0.48333333333333334,True
77777777,45122,8,5.847015018147215,19.041592121124268,0.04761904761904763,True
77777777,45123,8,7.83915613114872,26.054503440856934,0.7380952380952381,True
77777777,45124,10,2.4262274361372236,8.655069351196289,0.5878787878787878,True
77777777,45128,10,11.589337627307053,28.059103965759277,0.7696969696969697,True
77777777,45129,7,17.352614171591302,40.66968107223511,0.0,True
77777777,45130,9,6.1895492633170175,19.464895248413086,0.3666666666666667,True
77777777,45131,8,6.460750297119366,20.928271770477295,0.6190476190476191,True
77777777,45133,8,3.6772791867299284,13.243546605110168,0.8571428571428572,True
77777777,45135,10,3.298373500624396,11.481575608253479,0.3696969696969697,True
77777777,45136,8,7.418643024735812,22.323225259780884,0.38095238095238104,True
77777777,45137,7,13.091428450492346,39.45439338684082,0.42857142857142866,True
77777777,45139,7,5.398242428779191,16.31382703781128,0.21428571428571433,True
77777777,45140,10,8.695264602152788,26.933532238006592,0.4424242424242424,True
77777777,45142,7,10.25724264659012,27.05737841129303,0.642857142857143,True
77777777,45143,10,7.605383632167782,19.992605805397034,-0.23636363636363633,True
77777777,45144,10,4.052648349975395,13.18734872341156,0.7333333333333332,True
77777777,45145,10,5.563765857079235,22.02654004096985,0.2606060606060606,True
77777777,45146,1,0.0,0.0,,False
77777777,45147,7,3.023297768874661,8.21020233631134,0.642857142857143,True
77777777,45148,9,3.678475338017892,12.377378702163696,-0.03333333333333333,True
77777777,45149,3,6.4362569974553265,13.89128041267395,0.5,True
77777777,45150,9,5.411202718369791,18.273309469223022,0.5333333333333333,True
77777777,45151,6,5.2379315739627454,16.6981161236763,-0.2,True
77777777,45155,9,8.761258310321457,30.624432921409607,0.8666666666666667,True
77777777,45156,8,7.195241402234284,25.06461811065674,0.9047619047619048,True
77777777,45157,7,10.608480589953132,29.43768346309662,0.25,True
77777777,45158,9,14.298156283865731,32.796746253967285,0.13333333333333333,True
77777777,45159,7,6.069526932894616,16.652504205703735,-0.5,True
77777777,45161,7,5.6529585233783415,14.932823657989502,0.42857142857142866,True
77777777,45163,10,9.311870732265074,34.03702926635742,0.35757575757575755,True
77777777,45164,9,3.6129430383898553,12.706364750862122,0.7833333333333333,True
77777777,45165,7,10.321615418710909,32.110633850097656,0.8928571428571429,True
77777777,45166,9,14.764780206274722,50.78254163265228,0.8166666666666667,True
77777777,45168,10,8.884439211709848,27.520394325256348,0.8060606060606059,True
77777777,45169,9,6.353403835776622,23.18372493982315,0.11666666666666665,True
77777777,45170,8,12.220445642728976,36.61812508106232,0.4761904761904762,True
77777777,45171,9,15.633266996255076,44.63788414001465,0.5333333333333333,True
77777777,45172,2,0.8314155340194702,1.6628310680389404,0.9999999999999999,True
77777777,45173,9,6.85833739514303,20.671672224998474,0.5333333333333333,True
77777777,45174,10,3.7535519705886804,10.361148834228516,0.7333333333333332,True
77777777,45175,9,3.0330341001997403,9.100480735301971,0.18333333333333335,True
77777777,45176,8,3.813173503649533,11.641124725341797,-0.38095238095238104,True
77777777,45178,10,7.9041236583947,26.731308937072754,0.7575757575757575,True
77777777,45179,8,10.718949676180769,34.66485512256622,0.3571428571428572,True
77777777,45181,3,3.2723516792611216,7.973787784576416,1.0,True
77777777,45182,10,10.463388643348978,33.06774425506592,0.6969696969696969,True
77777777,45183,9,3.1790949460545184,11.126221179962158,0.21666666666666667,True
77777777,45184,7,6.142982343168564,18.397273302078247,0.642857142857143,True
77777777,45185,9,10.380998736424194,34.37558150291443,0.3,True
77777777,45186,6,9.571170915581526,28.67330300807953,0.48571428571428577,True
77777777,45187,7,7.825730314814501,23.869623094797134,0.6071428571428572,True
77777777,45188,7,4.246571706772066,12.114266753196716,0.5357142857142858,True
77777777,45189,9,7.03249185619755,21.732911944389343,0.0,True
77777777,45190,9,5.0224552357599395,15.171292066574097,0.45,True
77777777,45191,8,9.316180193220344,29.945964813232422,0.8333333333333335,True
77777777,45195,3,5.004130324422173,12.11792641878128,0.5,True
77777777,45196,7,6.0452579202738015,18.431201934814453,0.42857142857142866,True
77777777,45197,6,2.336804132954885,7.662265777587891,-0.4285714285714286,True
77777777,45198,9,8.683996891346592,30.897907376289368,0.5,True
77777777,45199,8,4.029678897279482,12.230120778083801,0.7142857142857144,True
77777777,45200,10,1.6590306747407675,5.456176280975342,0.3939393939393939,True
77777777,45201,7,7.278512907345944,18.72568714618683,-0.1785714285714286,True
77777777,45202,10,6.172195499071068,22.814340591430664,0.6,True
77777777,45203,8,8.703825330189824,26.73388147354126,1.0,True
77777777,45204,4,9.110647933017,20.101622581481934,1.0,True
77777777,45205,7,7.870004316685183,26.588711261749268,0.8571428571428573,True
77777777,45206,5,3.7650192926307127,11.003172680735588,0.3,True
77777777,45208,7,3.8475549734992716,11.295125007629395,0.8571428571428573,True
77777777,45209,7,2.8543965280989156,9.360439896583557,0.25,True
77777777,45210,10,4.837443227024825,19.676884412765503,0.4787878787878787,True
77777777,45211,10,8.048824945796628,27.862838745117188,0.5151515151515151,True
77777777,45212,8,5.288166830300877,15.43898332118988,0.2142857142857143,True
77777777,45213,8,7.675533577073555,25.72422695159912,0.28571428571428575,True
77777777,45214,5,2.9996908188296474,7.060849905014038,0.6,True
77777777,45215,9,4.103252884688596,11.09620189666748,0.19999999999999998,True
77777777,45217,7,5.286599491427771,16.680179595947266,0.642857142857143,True
77777777,45218,3,11.666727507327437,26.90962266921997,0.5,True
77777777,45219,9,3.199281705066311,11.088563323020935,0.5833333333333334,True
77777777,45220,7,7.821280186672691,24.967872142791748,-0.03571428571428572,True
77777777,45222,10,8.59516981558768,27.16276264190674,0.5030303030303029,True
77777777,45223,10,2.9678346240090354,11.965437412261963,0.4666666666666666,True
77777777,45224,8,3.310035854957583,9.599119782447815,0.9047619047619048,True
77777777,45225,6,4.8228471232343635,13.06114661693573,0.48571428571428577,True
77777777,45226,10,6.108457231045873,20.590245723724365,0.8909090909090909,True
77777777,45227,10,2.338327670570879,8.480634689331055,-0.43427157442838255,True
77777777,45228,9,2.5174256037623373,7.950904726982117,0.049999999999999996,True
77777777,45229,10,5.115198565042607,14.971322655677795,0.6121212121212121,True
77777777,45231,9,9.591557687034985,33.51296901702881,0.7666666666666667,True
77777777,45232,3,7.901586426680975,19.339114785194397,1.0,True
77777777,45235,8,5.097895586365325,17.4177827835083,0.6904761904761906,True
77777777,45238,9,8.312471347677322,27.857059478759766,0.3,True
77777777,45241,8,8.039919396480991,26.789619207382202,0.14285714285714288,True
77777777,45243,8,8.992883382384713,27.638400673866272,0.8095238095238096,True
77777777,45245,9,2.4430396490144473,7.744880437850952,0.8333333333333333,True
77777777,45246,9,10.96622451938964,39.96370029449463,0.5499999999999999,True
77777777,45248,9,5.6343002660570605,17.375269889831543,0.0,True
77777777,45249,6,3.669411202175498,11.492547810077667,0.5428571428571429,True
77777777,45251,10,3.9461298556624778,13.150934219360352,0.9636363636363635,True
77777777,45253,9,5.017207139636824,18.932415768504143,0.21666666666666667,True
77777777,45254,10,3.5945800700505086,11.875052809715271,0.6363636363636362,True
77777777,45256,9,8.948813545392431,32.16922950744629,0.45,True
77777777,45257,9,2.9222659861599705,9.17146921157837,0.41666666666666663,True
77777777,45258,10,5.42830683192657,18.613779664039612,0.406060606060606,True
77777777,45261,7,14.777670133959655,43.639933586120605,0.3214285714285715,True
77777777,45262,7,4.732256938737926,15.789618015289307,0.5,True
77777777,45263,7,10.804497376499242,26.730476930737495,-0.07142857142857144,True
77777777,45264,2,16.320683479309082,32.641366958618164,0.9999999999999999,True
77777777,45266,10,2.4654626859554543,8.6291823387146,0.6848484848484848,True
77777777,45267,8,9.19916059403384,28.03763246536255,0.2380952380952381,True
77777777,45268,9,4.7772038408329305,18.022643089294434,0.7,True
77777777,45269,10,6.3214224336571005,25.819201469421387,-0.006060606060606061,True
77777777,45270,6,5.559692271378883,15.621505737304688,0.942857142857143,True
77777777,45271,10,14.719036021342895,46.741748332977295,-0.2121212121212121,True
77777777,45272,7,5.773989383372234,17.88132381439209,0.8214285714285715,True
77777777,45273,9,9.156290171044256,32.424949645996094,0.7166666666666667,True
77777777,45275,9,8.724565153636796,27.975026845932007,0.45,True
77777777,45276,8,12.025721547225046,33.85824114084244,-0.04761904761904763,True
77777777,45277,8,4.627443987226949,11.794309616088867,0.6666666666666669,True
77777777,45278,8,8.45279602756095,29.42086696624756,0.5952380952380953,True
77777777,45280,6,4.335565400763634,11.02483081817627,0.08571428571428573,True
77777777,45281,7,9.784665206499874,29.67896842956543,0.8571428571428573,True
77777777,45282,7,4.391730169031557,12.213691711425781,0.8571428571428573,True
77777777,45283,8,8.791182790295098,30.13767147064209,0.28571428571428575,True
77777777,45284,9,6.853028604241153,22.401687264442444,0.11666666666666665,True
77777777,45285,10,5.271480748071806,18.826213836669922,0.11515151515151514,True
77777777,45287,9,8.190141838665626,27.0903183221817,0.7333333333333334,True
77777777,45288,9,4.997713506081702,16.384788513183594,0.6666666666666667,True
77777777,45289,10,9.354599369066381,30.661225199699402,-0.4424242424242424,True
77777777,45290,10,10.871912104924144,35.88254261016846,0.6363636363636362,True
77777777,45291,2,12.991949081420898,25.983898162841797,0.9999999999999999,True
77777777,45292,10,8.258038428352592,24.985321164131165,-0.04242424242424241,True
77777777,45293,9,3.80905682064221,15.202895641326904,0.31666666666666665,True
77777777,45294,10,3.8760517792579514,13.589283347129822,0.34545454545454546,True
77777777,45295,10,2.687373877171718,9.539000034332275,-0.16363636363636364,True
77777777,45296,8,11.657933792828793,33.04153823852539,0.8333333333333335,True
77777777,45297,9,9.865886013749087,23.469942092895508,0.26666666666666666,True
77777777,45298,9,4.942345753437486,17.413747787475586,0.19999999999999998,True
77777777,45299,10,4.093994127940049,14.29998505115509,0.6363636363636362,True
77777777,45300,9,9.219476459672153,32.6724419593811,0.13333333333333333,True
77777777,45302,8,8.447811181045495,26.726218923926353,0.5714285714285715,True
77777777,45303,10,11.661260591542616,31.474899291992188,0.6727272727272726,True
77777777,45304,4,9.51550989287635,24.6679425239563,0.7999999999999999,True
77777777,45305,9,8.881624195612215,26.942598342895508,0.16666666666666669,True
77777777,45307,7,6.563170602603543,20.116926193237305,-0.10714285714285716,True
77777777,45308,10,3.8651891166590477,16.066938400268555,0.7818181818181817,True
77777777,45311,10,10.682938318841119,32.500096797943115,0.6727272727272726,True
77777777,45312,3,8.791960040430531,20.015588760375977,0.5,True
77777777,45313,8,9.133441225023027,24.553380727767944,0.2380952380952381,True
77777777,45314,8,5.88612203475161,19.024646520614624,0.6904761904761906,True
77777777,45316,10,4.248017414510089,15.629393577575684,0.7212121212121211,True
77777777,45317,8,12.728517331441513,43.696059226989746,0.09523809523809526,True
77777777,45318,8,2.0378451695661357,7.08435595035553,0.4523809523809524,True
77777777,45319,9,2.49891477820657,8.066467881202698,0.4666666666666666,True
77777777,45321,10,4.912426523682713,17.315133571624756,0.7696969696969697,True
77777777,45323,1,0.0,0.0,,False
77777777,45325,8,6.51184551735905,19.87511944770813,0.6190476190476191,True
77777777,45327,10,7.942671850692997,31.862810850143433,0.7212121212121211,True
77777777,45329,10,10.473645840925652,36.675453662872314,0.10303030303030303,True
77777777,45330,8,2.6797381370056943,9.4341881275177,0.6904761904761906,True
77777777,45333,8,12.728566770494623,38.391340255737305,0.5000000000000001,True
77777777,45334,9,5.400068437847241,18.79883563518524,0.45,True
77777777,45335,5,11.516800062799218,29.227096557617188,0.8999999999999998,True
77777777,45336,7,7.34287321369433,22.4533748626709,0.8928571428571429,True
77777777,45338,8,3.21643961563034,9.403886318206787,-0.09523809523809526,True
77777777,45339,1,0.0,0.0,,False
77777777,45340,9,4.659416222456812,16.38388156890869,0.2333333333333333,True
77777777,45342,9,7.500233213061142,28.717524528503418,0.7666666666666667,True
77777777,45343,10,5.769411146771543,15.556765079498291,0.4787878787878787,True
77777777,45344,9,6.897534022106908,22.173527717590332,0.8333333333333333,True
77777777,45345,10,7.180728330605083,28.62250518798828,0.4787878787878787,True
77777777,45346,9,6.532986184239977,17.261344075202942,0.09999999999999999,True
77777777,45347,6,3.580698632538571,11.204348683357239,0.3142857142857143,True
77777777,45349,9,6.524961423862588,20.423221111297607,0.21666666666666667,True
77777777,45350,9,3.7247064567519126,12.020514965057373,0.2833333333333333,True
77777777,45352,10,5.986916804692232,20.331230640411377,0.9030303030303028,True
77777777,45353,5,7.172558444434165,19.640458583831787,0.49999999999999994,True
77777777,45354,7,5.324436019196126,16.2801251411438,0.14285714285714288,True
77777777,45355,8,5.721003506561435,19.772329330444336,-0.023809523809523815,True
77777777,45356,6,3.6790617762480236,10.054901123046875,0.48571428571428577,True
77777777,45358,10,3.789904512679019,13.311966300010681,0.04242424242424241,True
77777777,45359,7,10.357906186052807,33.2583083063364,0.21428571428571433,True
77777777,45360,9,3.555842478139985,12.441935300827026,-0.049999999999999996,True
77777777,45363,4,5.969655125585967,12.968876600265503,0.39999999999999997,True
77777777,45364,9,1.9199736404930283,5.6002585887908936,0.3666666666666667,True
77777777,45365,8,5.524165763103226,13.340332984924316,0.023809523809523815,True
77777777,45366,9,10.129511042944204,37.8604679107666,0.03333333333333333,True
77777777,45367,7,5.3863860230780425,17.649238109588623,0.7500000000000002,True
77777777,45368,9,3.5541497039365715,10.734124660491943,0.5166666666666667,True
77777777,45369,6,6.772001709943644,17.18227767944336,0.8285714285714287,True
77777777,45370,10,4.914095078688307,16.517732620239258,0.6484848484848483,True
77777777,45371,8,7.639570063227524,25.97504997253418,0.8571428571428572,True
77777777,45373,10,10.939677105774711,44.824509501457214,-0.16363636363636364,True
77777777,45376,7,9.863375523744459,22.33919334411621,-0.28571428571428575,True
77777777,45377,10,9.403758164534349,30.503820419311523,0.7212121212121211,True
77777777,45378,9,10.249394282177517,37.91898727416992,0.03333333333333333,True
77777777,45380,3,12.051497776062586,25.938803672790527,1.0,True
77777777,45381,8,13.230626668803426,42.30123519897461,0.4523809523809524,True
77777777,45382,10,3.7022481558773603,12.953298807144165,0.5878787878787878,True
77777777,45384,6,5.672668392834921,15.654174089431763,0.942857142857143,True
77777777,45385,2,8.352749466896057,16.705498933792114,0.9999999999999999,True
77777777,45386,6,7.54835780546721,20.343326449394226,-0.028571428571428574,True
77777777,45387,8,7.320309516699188,22.74888527393341,0.523809523809524,True
77777777,45389,5,8.297266598620844,23.605900764465332,0.8999999999999998,True
77777777,45390,10,7.904390091896621,27.626683235168457,0.24848484848484845,True
77777777,45391,2,8.613502979278564,17.22700595855713,0.9999999999999999,True
77777777,45392,3,11.995236236972573,28.061777591705322,0.5,True
77777777,45393,8,9.392195209519361,33.1621675491333,0.30952380952380953,True
77777777,45395,10,9.548854051903222,32.58460807800293,0.6121212121212121,True
77777777,45396,10,4.5945042391730535,13.484101593494415,0.8303030303030302,True
77777777,45401,9,4.3035267548698,14.319983005523682,0.31666666666666665,True
77777777,45402,10,1.4112390616548995,4.17480742931366,-0.006060606060606061,True
77777777,45404,10,6.342564932859647,20.945663452148438,0.0303030303030303,True
77777777,45405,10,4.517757104349326,15.131954193115234,-0.22424242424242422,True
77777777,45406,8,11.022917540786468,39.23254680633545,-0.04761904761904763,True
77777777,45407,8,8.206861256394117,23.559073984622955,0.8333333333333335,True
77777777,45408,7,5.92061098461119,18.95817732810974,0.5357142857142858,True
77777777,45409,6,6.20616271965288,18.386936008930206,0.14285714285714288,True
77777777,45410,8,7.613697888528275,27.346212148666382,0.30952380952380953,True
77777777,45411,9,3.974907419642521,10.371607065200806,0.5,True
77777777,45413,9,4.746780199972383,15.15169632434845,0.6333333333333333,True
77777777,45414,5,2.9135898765018475,8.715912342071533,-0.3,True
77777777,45415,10,3.8939709333799533,13.559775829315186,0.5030303030303029,True
77777777,45416,10,13.793870448020156,42.39347171783447,0.8181818181818182,True
77777777,45418,8,9.417040655815512,24.52706003189087,0.3333333333333334,True
77777777,45419,10,8.682897795836277,28.455686330795288,0.29696969696969694,True
77777777,45423,8,11.698931614823517,34.25032663345337,0.8571428571428572,True
77777777,45427,5,9.220234931806734,21.842272758483887,0.3,True
77777777,45428,4,9.28037241441241,26.21324098110199,0.19999999999999998,True
77777777,45429,4,8.448147334523236,20.693943083286285,0.7999999999999999,True
77777777,45430,10,6.768411304995382,24.565622925758362,-0.11515151515151514,True
77777777,45431,8,9.880366622236824,24.749894380569458,0.4285714285714286,True
77777777,45432,10,12.487500258119642,35.962178230285645,0.6848484848484848,True
77777777,45433,8,9.86333877860271,32.776432037353516,0.7380952380952381,True
77777777,45434,8,4.283260487228936,14.84559154510498,0.14285714285714288,True
77777777,45435,7,11.211942585593308,33.610072016716,-0.28571428571428575,True
77777777,45436,7,5.321734310715413,18.91082763671875,0.21428571428571433,True
77777777,45437,8,3.1414341577098654,9.334575653076172,0.1666666666666667,True
77777777,45438,10,3.4957882738831847,11.990838766098022,-0.22424242424242422,True
77777777,45439,9,13.370039157996171,38.36328411102295,0.08333333333333334,True
77777777,45440,8,7.707592117057736,27.313222885131836,0.8095238095238096,True
77777777,45441,3,9.0303445608852,20.930269241333008,0.5,True
77777777,45442,7,7.054531859989555,20.58589005470276,0.21428571428571433,True
77777777,45443,8,2.9819224628476073,9.316819667816162,0.5952380952380953,True
77777777,45445,1,0.0,0.0,,False
77777777,45446,7,6.082763593595575,19.801071166992188,0.8571428571428573,True
77777777,45447,7,7.192242685956847,21.813754081726074,0.8214285714285715,True
77777777,45448,10,4.815041056052641,18.312910079956055,0.19999999999999998,True
77777777,45449,10,6.372169022435953,21.39220905303955,0.8666666666666665,True
77777777,45450,10,6.925962162078044,26.516838371753693,0.309090909090909,True
77777777,45451,10,9.199279030088798,34.23555827140808,0.1515151515151515,True
77777777,45452,10,3.9004039050323183,11.398152470588684,0.3939393939393939,True
77777777,45453,8,8.718035587724566,30.655171871185303,0.7619047619047621,True
77777777,45457,8,6.042822464488094,18.281031131744385,0.523809523809524,True
77777777,45458,4,3.558711822684834,9.135895386338234,0.39999999999999997,True
77777777,45460,6,13.63349804130172,37.73556637763977,0.7714285714285715,True
77777777,45462,10,7.460497624386106,21.917775750160217,0.5030303030303029,True
77777777,45465,4,8.051154027025326,22.382612228393555,0.39999999999999997,True
77777777,45468,4,10.814068100925606,26.4561185836792,0.19999999999999998,True
77777777,45469,8,2.5803692995178276,7.126620531082153,-0.523809523809524,True
77777777,45470,10,3.6283294196615103,13.027061223983765,0.7212121212121211,True
77777777,45471,9,12.0757385216383,40.92283535003662,0.5833333333333334,True
77777777,45472,10,6.032093636196098,20.375731348991394,0.9393939393939393,True
77777777,45473,10,3.0195938251357943,9.525222301483154,0.6363636363636362,True
77777777,45474,10,7.307205076752881,24.417370080947876,0.5515151515151515,True
77777777,45477,8,4.757203089463817,15.738261222839355,0.3571428571428572,True
77777777,45478,10,5.296689324049624,18.125049471855164,0.6484848484848483,True
77777777,45479,8,5.020355177564124,15.448521614074707,0.4047619047619048,True
77777777,45480,10,5.948998677588908,20.791557788848877,0.7939393939393938,True
77777777,45482,6,4.006924691594626,10.488322257995605,0.7714285714285715,True
77777777,45483,7,6.31245218990003,20.27755641937256,0.5714285714285715,True
77777777,45484,10,3.1358632671533275,9.86711573600769,-0.13939393939393938,True
77777777,45485,7,11.63304418135791,26.152143001556396,0.07142857142857144,True
77777777,45486,9,4.827581841593844,14.612748384475708,0.8499999999999999,True
77777777,45489,6,3.558166822925537,10.924124851822853,0.5428571428571429,True
77777777,45491,9,9.502795734837294,29.10861349105835,0.65,True
77777777,45492,10,8.091065472514542,25.667062997817993,0.8303030303030302,True
77777777,45493,10,12.797075421871426,38.74448621273041,0.8545454545454544,True
77777777,45495,7,6.231600978779095,19.494441986083984,0.6071428571428572,True
77777777,45496,8,2.4853800720562624,7.564315319061279,0.8333333333333335,True
77777777,45497,9,7.150764555691652,20.479885816574097,0.65,True
77777777,45498,8,3.8733480199654724,13.998514249920845,0.4285714285714286,True
77777777,45499,9,2.8992884286046285,8.50922703742981,0.7,True
77777777,45500,10,5.515483527131605,21.343082427978516,0.7818181818181817,True
77777777,45501,10,5.1507589442184605,16.8509880900383,0.2121212121212121,True
77777777,45502,9,6.621064389477799,23.81739377975464,0.38333333333333336,True
77777777,45503,10,3.8938362122041044,15.532968997955322,0.8181818181818182,True
77777777,45504,9,8.679450672815989,20.366204261779785,0.7333333333333334,True
77777777,45505,10,4.737543221306934,15.976581037044525,-0.49090909090909085,True
77777777,45507,10,7.575702494672454,28.483065605163574,0.3696969696969697,True
77777777,45508,10,7.782980946547661,22.71010732650757,0.7575757575757575,True
77777777,45509,7,7.736262610986073,22.34678363800049,0.9285714285714288,True
77777777,45511,3,5.139267737752598,12.253334522247314,1.0,True
77777777,45512,7,9.650051011059679,21.565983772277832,0.07142857142857144,True
77777777,45513,9,5.366207134206822,20.757184505462646,-0.06666666666666667,True
77777777,45514,9,3.4077832933882397,11.740705490112305,-0.03333333333333333,True
77777777,45515,8,3.6198040923728034,11.337923049926758,0.8333333333333335,True
77777777,45516,6,15.385120002939493,52.90288829803467,0.3714285714285715,True
77777777,45517,10,5.316817137580997,16.652759313583374,0.33333333333333326,True
77777777,45519,9,5.242000446431636,14.583630800247192,0.5499999999999999,True
77777777,45520,8,9.409828210831211,26.97061777114868,0.6190476190476191,True
77777777,45521,7,8.66060604023426,26.28730869293213,0.25,True
77777777,45522,7,2.115497278566243,5.353398323059082,-0.28571428571428575,True
77777777,45523,10,1.8454678984227142,5.648424029350281,0.2121212121212121,True
77777777,45524,8,11.049769362493745,29.88236141204834,0.4047619047619048,True
77777777,45525,9,5.695864251343842,15.92037057876587,0.35,True
77777777,45526,10,11.243791914491652,39.426862716674805,0.6848484848484848,True
77777777,45527,6,5.494529765212215,14.158736228942871,-0.08571428571428573,True
77777777,45529,8,5.924680779612247,20.177311897277832,0.9047619047619048,True
77777777,45531,8,5.611577959069766,17.723124623298645,0.3333333333333334,True
77777777,45532,9,4.287925331350385,15.053348660469055,0.7666666666666667,True
77777777,45533,8,5.4390381806277635,16.952187061309814,0.14285714285714288,True
77777777,45535,4,9.314115778880705,25.208138465881348,1.0,True
77777777,45536,6,3.129057080252272,9.21609091758728,0.942857142857143,True
77777777,45537,10,7.466863431921653,25.185011863708496,0.06666666666666665,True
77777777,45538,10,10.406698660194795,31.63595700263977,0.8424242424242423,True
77777777,45540,9,6.970205965897654,22.200236320495605,0.6166666666666666,True
77777777,45541,8,8.464808975384766,29.962101936340332,0.6190476190476191,True
77777777,45542,8,6.974783874274,24.307169198989868,0.5952380952380953,True
77777777,45543,9,8.289799828606204,29.36298894882202,0.5666666666666667,True
77777777,45545,8,12.8377245660984,35.45058727264404,-0.14285714285714288,True
77777777,45546,8,3.876601819146176,11.839213848114014,0.4047619047619048,True
77777777,45547,10,5.840874178655356,20.771019592881203,0.29696969696969694,True
77777777,45548,10,4.451869859006372,16.14551591873169,-0.0303030303030303,True
77777777,45549,10,9.035617128416025,31.8915433883667,0.6363636363636362,True
77777777,45550,4,16.48374900026896,42.52897357940674,0.19999999999999998,True
77777777,45552,10,5.692012706614666,17.37690830230713,0.7454545454545454,True
77777777,45553,7,1.872754006701234,5.8460164070129395,0.0,True
77777777,45554,8,11.833486373549835,35.34666049480438,0.2142857142857143,True
77777777,45556,6,8.575050709418996,25.413531243801117,0.8285714285714287,True
77777777,45557,9,5.2484914900132305,15.606056690216064,0.7833333333333333,True
77777777,45558,8,5.821271480886276,15.969342708587646,0.261904761904762,True
77777777,45559,8,5.017449413844677,14.681687355041504,0.04761904761904763,True
77777777,45560,8,5.544761716703781,16.341157138347626,0.38095238095238104,True
77777777,45562,4,13.536093247866862,32.6300630569458,0.19999999999999998,True
77777777,45563,8,4.073970756945089,12.867612838745117,0.7857142857142858,True
77777777,45564,5,6.207730763377407,18.93756103515625,-0.09999999999999999,True
77777777,45565,7,7.5394492990523885,20.28665256500244,0.5357142857142858,True
77777777,45566,6,4.545586446178768,14.176708698272705,0.2571428571428572,True
77777777,45568,10,3.4436029294213792,11.525128245353699,0.7333333333333332,True
77777777,45569,10,5.918291940409763,23.156041145324707,-0.4787878787878787,True
77777777,45570,9,7.353977314192845,25.591896057128906,0.5833333333333334,True
77777777,45572,6,3.7885986522010375,10.532392382621765,0.7714285714285715,True
77777777,45573,7,6.443997948402057,22.405800104141235,0.8571428571428573,True
77777777,45574,6,4.810765654768239,14.508947968482971,0.942857142857143,True
77777777,45575,2,2.882901132106781,5.765802264213562,-0.9999999999999999,True
77777777,45576,5,4.887924153693094,13.554972171783447,0.0,True
77777777,45577,8,6.678195004575585,23.00713348388672,0.7857142857142858,True
77777777,45578,6,7.362245163054019,24.95062828063965,0.7714285714285715,True
77777777,45580,9,7.617848061797315,24.240585327148438,0.6,True
77777777,45581,2,13.160554885864258,26.321109771728516,0.9999999999999999,True
77777777,45582,4,10.361191803304663,25.135634899139404,0.7999999999999999,True
77777777,45583,3,8.193709665978048,19.234793663024902,0.5,True
77777777,45584,6,6.433245354806673,18.278578281402588,0.3714285714285715,True
77777777,45585,7,6.7576081864650845,16.305013298988342,0.42857142857142866,True
77777777,45586,5,2.8734299070650478,8.756158471107483,0.3,True
77777777,45587,9,5.889923666587032,18.335407495498657,0.65,True
77777777,45588,7,9.800427809122361,28.802988648414612,0.6785714285714287,True
77777777,45589,9,5.089434696792111,14.758535385131836,0.08333333333333334,True
77777777,45590,9,6.883948859215521,24.566422939300537,0.016666666666666666,True
77777777,45591,10,10.33962373070919,37.185139656066895,0.23636363636363633,True
77777777,45593,10,5.379852465559512,15.866134643554688,0.24848484848484845,True
77777777,45594,7,4.454589061222956,13.173778891563416,0.5,True
77777777,45595,8,4.835273252670418,17.600069642066956,0.2142857142857143,True
77777777,45596,8,7.786724652292905,26.90653896331787,0.7619047619047621,True
77777777,45597,8,6.263055023157548,18.212597370147705,0.38095238095238104,True
77777777,45600,1,0.0,0.0,,False
77777777,45601,9,5.8803727909375105,18.579618453979492,-0.6166666666666666,True
77777777,45603,10,6.300200914378101,23.086195945739746,0.6363636363636362,True
77777777,45604,8,8.32093800572557,25.230650424957275,0.8333333333333335,True
77777777,45605,8,3.993016704940982,14.401800155639648,0.3333333333333334,True
77777777,45606,8,9.469818209022362,29.090139746665955,0.30952380952380953,True
77777777,45607,7,9.49991669826413,26.498793601989746,-0.10714285714285716,True
77777777,45608,6,3.2051739904829395,9.752620667219162,0.4285714285714286,True
77777777,45610,1,0.0,0.0,,False
77777777,45612,8,5.307735266659449,16.2135226726532,0.4761904761904762,True
77777777,45613,8,5.424407676499733,17.525147438049316,0.7142857142857144,True
77777777,45615,1,0.0,0.0,,False
77777777,45617,5,6.227740640471044,14.174152135848999,0.3,True
77777777,45618,7,3.9000355209097006,13.384270668029785,0.642857142857143,True
77777777,45620,2,6.775452226400375,13.55090445280075,0.9999999999999999,True
77777777,45621,9,10.276355178805417,29.862711906433105,0.6,True
77777777,45623,9,4.833295099827857,12.611276865005493,0.6333333333333333,True
77777777,45624,7,7.294992796393214,23.90003263950348,0.642857142857143,True
77777777,45625,10,4.25810665417199,12.787165522575378,0.5272727272727272,True
77777777,45626,5,5.762708126830604,16.763411045074463,0.7,True
77777777,45627,10,7.371469357854305,22.856271743774414,0.9030303030303028,True
77777777,45628,7,3.731691608694598,12.767542481422424,0.642857142857143,True
77777777,45629,10,9.211523253818987,28.02370262145996,0.7939393939393938,True
77777777,45630,8,5.230451857723337,16.703322887420654,0.6428571428571429,True
77777777,45631,9,6.3029164484669185,24.025672912597656,0.5166666666666667,True
77777777,45632,6,4.850638147206023,13.866925716400146,-0.3714285714285715,True
77777777,45634,8,13.753090919284178,40.019718647003174,0.28571428571428575,True
77777777,45635,7,8.424109722207477,28.8145694732666,0.642857142857143,True
77777777,45636,1,0.0,0.0,,False
77777777,45639,10,6.778702147211798,23.26046657562256,0.11515151515151514,True
77777777,45641,10,2.827571721689358,9.34116005897522,0.5757575757575757,True
77777777,45643,10,9.79920624881535,36.09901809692383,0.5272727272727272,True
77777777,45644,7,9.908679125117423,30.560749351978302,0.14285714285714288,True
77777777,45646,8,5.380196622853662,16.5296573638916,0.4285714285714286,True
77777777,45647,10,7.557222560054826,24.131709814071655,0.1515151515151515,True
77777777,45648,1,0.0,0.0,,False
77777777,45649,7,7.643327015828424,23.725770950317383,0.6071428571428572,True
77777777,45650,10,11.282945148920623,42.42989683151245,0.6363636363636362,True
77777777,45651,6,4.19015622254636,11.388975143432617,0.3714285714285715,True
77777777,45652,6,8.9004179266181,24.738636016845703,0.4285714285714286,True
77777777,45653,8,5.879290925272211,19.466118335723877,0.19047619047619052,True
77777777,45655,8,6.767759488417551,22.991341590881348,0.30952380952380953,True
77777777,45656,7,4.529301537562535,11.341157793998718,-0.7142857142857144,True
77777777,45657,9,6.3076593736544835,23.3510799407959,-0.03333333333333333,True
77777777,45659,9,5.58201470119759,20.16556040942669,-0.049999999999999996,True
77777777,45660,7,5.051146358099033,17.214431643486023,0.21428571428571433,True
77777777,45661,9,7.37861508122555,24.72761344909668,0.7,True
77777777,45663,10,10.721633422688283,32.65110683441162,0.6848484848484848,True
77777777,45664,10,4.529286638754754,12.904307961463928,0.3696969696969697,True
77777777,45667,9,2.3734612052057664,8.71567440032959,0.6666666666666667,True
77777777,45668,8,8.833656194736054,31.37496328353882,-0.023809523809523815,True
77777777,45669,6,3.575828931765903,11.264487624168396,0.2571428571428572,True
77777777,45670,5,7.063387868690964,17.18368911743164,0.7999999999999999,True
77777777,45673,3,5.64585699881567,13.469884395599365,-1.0,True
77777777,45674,7,5.026652693956944,15.964702174067497,0.642857142857143,True
77777777,45675,6,18.79780640332515,53.38737678527832,0.3142857142857143,True
77777777,45676,8,3.9947311429484373,13.07781982421875,0.5952380952380953,True
77777777,45677,4,1.4211493687192107,3.7697232961654663,0.6000000000000001,True
77777777,45679,9,6.298291179040801,18.458199977874756,0.7166666666666667,True
77777777,45680,9,5.650606513684367,21.119309425354004,0.3,True
77777777,45681,7,8.874840412530093,22.654783964157104,-0.03571428571428572,True
77777777,45682,8,11.04291147607614,35.44579744338989,0.7619047619047621,True
77777777,45683,9,2.0126997803371336,5.311311483383179,0.7999999999999999,True
77777777,45684,8,4.585970654074013,11.956286430358887,0.5476190476190477,True
77777777,45685,10,9.269263476007275,32.25656795501709,0.6242424242424242,True
77777777,45686,10,2.763645287691745,8.66103708744049,0.6484848484848483,True
77777777,45687,8,4.338433657827995,11.44814395904541,0.5000000000000001,True
77777777,45688,10,5.83899225729373,21.62999439239502,0.9030303030303028,True
77777777,45689,10,3.799522985820077,13.911969408392906,0.6727272727272726,True
77777777,45691,7,9.718405028544998,24.75528383255005,0.14285714285714288,True
77777777,45692,7,4.665980945866954,16.007100835442543,0.9285714285714288,True
77777777,45693,10,2.2514418042323383,9.030893206596375,-0.0303030303030303,True
77777777,45695,3,7.188709295462973,15.97506046295166,1.0,True
77777777,45696,10,3.219432655333998,11.914394974708557,0.5757575757575757,True
77777777,45697,8,6.999683856256911,22.330632209777832,0.1666666666666667,True
77777777,45698,10,8.358017149103555,30.251940608024597,-0.06666666666666665,True
77777777,45700,10,9.281428566983193,26.751559495925903,0.5757575757575757,True
77777777,45701,10,11.046924008201767,29.78973162174225,0.4424242424242424,True
77777777,45702,10,5.180950557623975,18.890012860298157,0.35757575757575755,True
77777777,45703,10,6.922567041596651,22.299859046936035,-0.5272727272727272,True
77777777,45704,9,2.832522418994238,8.452012062072754,-0.35,True
77777777,45705,8,8.579446846375589,26.214115142822266,0.523809523809524,True
77777777,45706,7,9.283641027809754,27.667027950286865,0.7857142857142859,True
77777777,45707,6,8.849521959257704,22.152340412139893,0.48571428571428577,True
77777777,45708,10,6.730387325813862,24.56124782562256,0.6484848484848483,True
77777777,45709,1,0.0,0.0,,False
77777777,45710,9,7.193697987329878,23.13884162902832,0.5666666666666667,True
77777777,45711,10,6.7502411784137,18.794063478708267,0.2606060606060606,True
77777777,45712,8,6.127105130827044,21.476532459259033,0.7380952380952381,True
77777777,45713,8,13.503138342929667,37.110337257385254,0.4285714285714286,True
77777777,45714,10,4.660101665691558,14.852086544036865,0.5878787878787878,True
77777777,45716,9,5.779532276771563,21.137824535369873,0.9,True
77777777,45717,1,0.0,0.0,,False
77777777,45720,8,8.123327465618472,23.388752937316895,0.2380952380952381,True
77777777,45721,2,1.216064214706421,2.432128429412842,-0.9999999999999999,True
77777777,45722,7,7.95365570373436,25.454622507095337,0.642857142857143,True
77777777,45723,7,2.241251370755417,5.992513507604599,0.4642857142857144,True
77777777,45724,1,0.0,0.0,,False
77777777,45725,7,3.362440305122677,10.787071466445923,0.3214285714285715,True
77777777,45726,7,3.489188807114588,9.193779110908508,0.5357142857142858,True
77777777,45727,8,5.128799883215344,18.381710052490234,0.1666666666666667,True
77777777,45728,10,3.920934360705629,14.879096508026123,0.3696969696969697,True
77777777,45729,6,13.694843565760634,36.02978563308716,0.6571428571428573,True
77777777,45730,10,6.942382612344593,22.126541435718536,-0.09090909090909088,True
77777777,45731,9,11.194098478590337,38.97407245635986,0.8666666666666667,True
77777777,45732,7,8.479293421939447,25.66605806350708,0.5357142857142858,True
77777777,45734,10,8.167707964139861,23.135940551757812,0.8060606060606059,True
77777777,45736,1,0.0,0.0,,False
77777777,45737,8,5.7504295985566145,16.728229999542236,0.4761904761904762,True
77777777,45740,8,5.20359908116143,16.613982319831848,0.9047619047619048,True
77777777,45741,5,7.272201357135201,16.217480182647705,0.7,True
77777777,45743,7,2.4876101570730382,6.913358211517334,0.3214285714285715,True
77777777,45746,9,11.603322871764517,35.5114312171936,0.5,True
77777777,45748,9,4.030980109799614,11.57515287399292,0.7833333333333333,True
77777777,45749,7,8.804592893788946,31.289865493774414,0.8571428571428573,True
77777777,45750,10,8.671825481916386,34.89007520675659,-0.05454545454545454,True
77777777,45751,8,7.5931746737996315,26.294034004211426,0.9523809523809524,True
77777777,45752,10,5.195396899307001,19.7621031999588,0.6727272727272726,True
77777777,45754,3,7.710676035074357,18.648313522338867,1.0,True
77777777,45755,10,2.8369793428933177,9.0881986618042,0.8909090909090909,True
77777777,45756,10,3.613012121356862,11.49583625793457,0.2121212121212121,True
77777777,45757,5,5.321073125143078,13.291742324829102,0.7,True
77777777,45759,10,3.4944769841660004,13.075515508651733,0.6484848484848483,True
77777777,45761,7,3.4607098071166154,10.920475006103516,0.6785714285714287,True
77777777,45762,8,3.394852346725561,11.28231829404831,0.1666666666666667,True
77777777,45763,10,8.234644519615271,23.23354148864746,0.4545454545454545,True
77777777,45764,8,5.342780500199117,15.135541439056396,-0.5476190476190477,True
77777777,45767,10,4.129573705970481,14.673842906951904,0.6363636363636362,True
77777777,45768,9,10.627940027930272,35.24979782104492,0.8333333333333333,True
77777777,45769,9,6.989173233856561,21.519878387451172,0.8333333333333333,True
77777777,45773,9,5.085640054001499,16.275118947029114,0.7333333333333334,True
77777777,45774,9,6.988940530720793,26.815166473388672,0.5333333333333333,True
77777777,45775,5,2.5510038433419138,6.910106420516968,0.8999999999999998,True
77777777,45776,10,6.595576814357329,23.121437072753906,0.6242424242424242,True
77777777,45777,8,4.532205740997733,14.250083208084106,0.11904761904761905,True
77777777,45778,5,4.044514619108134,11.867457866668701,-0.09999999999999999,True
77777777,45779,9,10.903524448111362,31.08314597606659,0.8499999999999999,True
77777777,45780,10,6.3384339409486525,25.12946319580078,0.32121212121212117,True
77777777,45781,2,2.11858868598938,4.23717737197876,0.9999999999999999,True
77777777,45782,10,4.889909031039975,15.262950703501701,0.38181818181818183,True
77777777,45785,9,4.0490472771441555,13.03846299648285,0.5499999999999999,True
77777777,45786,3,12.0623471380914,28.922646045684814,0.5,True
77777777,45787,9,8.005938766308638,26.97488784790039,0.39999999999999997,True
77777777,45788,9,1.9112637414453795,6.104042172431946,0.6166666666666666,True
77777777,45789,8,3.287260384122919,11.65001392364502,0.5476190476190477,True
77777777,45790,9,7.104859941361015,19.804779529571533,0.65,True
77777777,45791,8,6.644189857353646,22.664029121398926,0.8333333333333335,True
77777777,45793,8,3.243504290888831,9.846981287002563,0.6190476190476191,True
77777777,45794,5,8.786274012315575,22.533361434936523,0.3,True
77777777,45795,8,5.249491976607892,15.410114288330078,0.7619047619047621,True
77777777,45796,10,10.131925803801328,33.64689874649048,0.8060606060606059,True
77777777,45798,10,5.786277533203833,20.66299057006836,0.5151515151515151,True
77777777,45800,8,3.868435664741421,14.437199592590332,0.19047619047619052,True
77777777,45801,7,2.8555582797283368,9.332789421081543,0.3214285714285715,True
77777777,45802,7,3.09642518935152,8.739388704299927,0.7857142857142859,True
77777777,45803,10,9.700896544712764,26.748525619506836,0.709090909090909,True
77777777,45804,10,9.455446424724096,28.899311184883118,0.9151515151515152,True
77777777,45805,10,11.311671551653836,30.806756019592285,-0.11515151515151514,True
77777777,45806,8,12.640880672378724,36.78491020202637,0.023809523809523815,True
77777777,45807,7,3.244369392706666,10.4951773583889,0.21428571428571433,True
77777777,45808,9,6.738913678752623,19.65295423567295,0.6,True
77777777,45809,9,5.245915511889017,15.330085515975952,0.8166666666666667,True
77777777,45810,7,2.4875353792886856,7.597402572631836,0.4642857142857144,True
77777777,45812,9,4.375301413640145,16.29489803314209,0.4666666666666666,True
77777777,45813,9,1.3164559498766992,4.778343379497528,0.43333333333333335,True
77777777,45814,10,5.062780215862886,19.698430061340332,0.7212121212121211,True
77777777,45815,1,0.0,0.0,,False
77777777,45816,9,16.68256758987494,46.780186116695404,0.31666666666666665,True
77777777,45818,9,4.02769796522423,12.516166925430298,0.6666666666666667,True
77777777,45819,9,7.667645173877279,28.7412748336792,0.35,True
77777777,45820,10,5.810609930783288,18.26734733581543,0.10303030303030303,True
77777777,45821,8,7.853729868069036,23.776495397090912,0.4761904761904762,True
77777777,45822,10,6.766395240019366,23.10155999660492,-0.29696969696969694,True
77777777,45823,7,1.4512498140466241,4.662448346614838,0.642857142857143,True
77777777,45824,10,2.2874233437956555,7.690479874610901,0.6727272727272726,True
77777777,45825,9,7.815158760312854,26.255446314811707,0.5666666666666667,True
77777777,45826,9,3.4737734571695382,13.400306224822998,0.65,True
77777777,45827,4,8.83635670087768,22.9115127325058,0.7999999999999999,True
77777777,45828,10,4.762090405724559,19.62882089614868,0.09090909090909088,True
77777777,45829,3,2.5432389131769653,6.028915643692017,-1.0,True
77777777,45830,3,11.956509303893757,28.769392013549805,1.0,True
77777777,45832,9,3.9690630881651376,14.330072522163391,0.2333333333333333,True
77777777,45834,2,1.107169233262539,2.214338466525078,0.9999999999999999,True
77777777,45835,9,8.096715443882369,22.787784337997437,0.6333333333333333,True
77777777,45836,10,6.9507721833816944,18.52577257156372,0.2727272727272727,True
77777777,45838,8,4.522005081031216,14.334174156188965,-0.1666666666666667,True
77777777,45841,10,7.517965892550328,24.773042678833008,0.34545454545454546,True
77777777,45842,9,9.49777205319383,30.465659379959106,0.33333333333333337,True
77777777,45843,10,2.823889277464534,10.166067227721214,0.23636363636363633,True
77777777,45845,9,7.0890673371892845,26.163600400090218,0.2333333333333333,True
77777777,45846,8,9.92968812792639,34.83618712425232,0.28571428571428575,True
77777777,45847,10,6.5373550105749985,23.601051330566406,0.5393939393939393,True
77777777,45848,3,11.257308455433941,25.132741928100586,1.0,True
77777777,45849,7,11.570808268297016,29.11518383026123,0.1785714285714286,True
77777777,45850,4,6.640775197099719,15.599253445863724,0.7999999999999999,True
77777777,45851,8,5.440170145738164,15.522736549377441,0.2142857142857143,True
77777777,45852,10,3.6222501746719677,11.895047307014465,0.7696969696969697,True
77777777,45853,10,11.186988549446694,33.84681701660156,0.07878787878787878,True
77777777,45854,10,4.331561176602438,15.778909683227539,0.2727272727272727,True
77777777,45855,9,4.06154840494429,12.1382657289505,0.5166666666666667,True
77777777,45857,7,5.883819105006471,18.82691729068756,0.7857142857142859,True
77777777,45858,10,7.9263744458166165,24.47933864593506,0.6242424242424242,True
77777777,45859,9,4.391765500666257,13.902923345565796,-0.03333333333333333,True
77777777,45860,6,5.250520811699709,14.608395338058472,0.14285714285714288,True
77777777,45861,10,3.572420132697677,12.622858166694641,0.35757575757575755,True
77777777,45862,9,10.286794056123277,32.72546577453613,0.08333333333333334,True
77777777,45863,7,1.3962413176043316,3.8647985458374023,0.0,True
77777777,45864,9,7.02343178999698,21.36698603630066,0.13333333333333333,True
77777777,45865,10,4.174756992310451,15.520165920257568,-0.16363636363636364,True
77777777,45866,7,14.620482923444213,38.9090473651886,0.39285714285714296,True
77777777,45867,10,3.4273001005484423,11.65409004688263,0.8545454545454544,True
77777777,45868,10,5.78259326370157,18.586101293563843,0.7212121212121211,True
77777777,45869,2,0.31956160068511963,0.6391232013702393,-0.9999999999999999,True
77777777,45870,5,5.994387859051073,14.714493989944458,0.39999999999999997,True
77777777,45871,8,4.6035891413203744,12.946283340454102,0.6904761904761906,True
77777777,45872,10,7.487433923746175,24.39426898956299,-0.10303030303030303,True
77777777,45873,2,9.605176210403442,19.210352420806885,0.9999999999999999,True
77777777,45876,9,7.317863186546319,26.78986620903015,0.65,True
77777777,45877,9,2.0569137948515186,7.964876890182495,0.38333333333333336,True
77777777,45878,8,12.98310415488286,34.22171080112457,0.09523809523809526,True
77777777,45879,9,3.7954704029682205,9.78839586675167,0.33333333333333337,True
77777777,45880,9,2.857151921307269,8.343649625778198,0.7166666666666667,True
77777777,45881,10,8.284587101429722,32.09309959411621,0.38181818181818183,True
77777777,45882,9,10.17844045875949,25.228105545043945,0.32208016421988495,True
77777777,45883,9,9.368988553700644,30.96176528930664,0.7,True
77777777,45884,9,9.25984149350352,26.502724647521973,-0.11666666666666665,True
77777777,45885,8,2.522260232101205,7.910576820373535,0.38095238095238104,True
77777777,45886,9,4.008319088575711,12.613581463694572,0.6333333333333333,True
77777777,45888,9,8.133763416969504,26.26517927646637,0.6333333333333333,True
77777777,45890,8,7.348954107518121,26.006502628326416,0.7142857142857144,True
77777777,45892,7,9.589393135465075,29.26331901550293,0.7142857142857144,True
77777777,45893,6,4.127164456875292,11.81506884098053,-0.2,True
77777777,45894,8,2.5019141219701244,8.510168075561523,-0.4761904761904762,True
77777777,45896,10,8.56375564419355,30.754327416419983,0.11515151515151514,True
77777777,45897,10,4.6859856869021055,15.57466983795166,0.32121212121212117,True
77777777,45898,9,10.686070308974843,36.776331424713135,0.8333333333333333,True
77777777,45902,4,6.984212871577649,19.093374371528625,1.0,True
77777777,45903,9,2.460497398205791,7.3628329038619995,0.03333333333333333,True
77777777,45904,8,7.1299189644210665,19.845423698425293,0.6428571428571429,True
77777777,45905,7,6.521133044700368,18.7726993560791,0.42857142857142866,True
77777777,45906,10,6.493942246008525,25.848849296569824,0.41818181818181815,True
77777777,45907,8,5.775920696778007,20.28929901123047,0.261904761904762,True
77777777,45911,6,4.191009822356128,11.140090465545654,0.942857142857143,True
77777777,45912,7,5.376201411702556,15.63293206691742,0.7142857142857144,True
77777777,45913,6,6.5462535118337355,20.219680786132812,0.028571428571428574,True
77777777,45914,10,3.847626412234206,11.301117420196533,0.8787878787878788,True
77777777,45915,7,7.855770738100933,22.993001461029053,0.9285714285714288,True
77777777,45916,10,6.792126500509005,21.559693813323975,0.7333333333333332,True
77777777,45919,6,2.7646345880728878,6.924770832061768,-0.08571428571428573,True
77777777,45920,9,4.743906573632158,14.585483074188232,0.4666666666666666,True
77777777,45921,1,0.0,0.0,,False
77777777,45922,6,4.443269588036501,13.800649404525757,0.7714285714285715,True
77777777,45923,2,3.4589184522628784,6.917836904525757,0.9999999999999999,True
77777777,45924,3,14.172563666807198,30.654610633850098,0.5,True
77777777,45925,10,6.505619453396765,24.68616032600403,0.7818181818181817,True
77777777,45926,10,7.286306842387712,21.33737325668335,0.8060606060606059,True
77777777,45927,3,8.06798355190555,19.55534791946411,0.5,True
77777777,45928,9,9.252457590446422,31.068713188171387,0.41666666666666663,True
77777777,45929,10,3.6643318937921046,10.50664496421814,0.3939393939393939,True
77777777,45931,8,6.942963034103128,22.082597732543945,0.28571428571428575,True
77777777,45934,9,5.815978985883803,16.64511227607727,0.65,True
77777777,45935,8,4.175643825518139,13.382068514823914,0.6190476190476191,True
77777777,45936,3,9.238444315478391,21.231704711914062,0.5,True
77777777,45938,6,6.246156162997626,18.705378532409668,0.2,True
77777777,45939,7,5.982739021790714,17.747744858264923,0.7142857142857144,True
77777777,45940,9,8.487591685594797,27.52275562286377,0.0,True
77777777,45941,7,6.547710200636087,20.249586820602417,-0.7142857142857144,True
77777777,45942,6,9.330380283875204,22.8659725189209,0.3142857142857143,True
77777777,45943,8,2.859116258530132,9.259881138801575,0.28571428571428575,True
77777777,45944,4,5.217498964073158,12.935158133506775,0.7999999999999999,True
77777777,45946,10,3.4183335267917854,12.927647590637207,0.8545454545454544,True
77777777,45948,2,15.197206914424896,30.394413828849792,0.9999999999999999,True
77777777,45949,3,10.98775184615592,26.00080907344818,0.5,True
77777777,45950,10,10.339223180797669,40.65629696846008,0.8787878787878788,True
77777777,45951,10,4.18179803474302,14.105626702308655,0.6969696969696969,True
77777777,45952,10,3.733324237030137,11.617010474205017,0.5030303030303029,True
77777777,45953,7,11.509919433628845,28.427863836288452,0.6071428571428572,True
77777777,45955,6,17.283885414432934,48.678342655301094,0.942857142857143,True
77777777,45956,4,3.526855709836175,8.597720384597778,0.6000000000000001,True
77777777,45957,3,5.782327988851224,13.49544495344162,1.0,True
77777777,45958,8,3.832008978268205,12.369282960891724,0.5952380952380953,True
77777777,45959,8,9.367897626637252,30.079626083374023,0.9047619047619048,True
77777777,45963,10,6.0821953840239695,20.352741241455078,0.35757575757575755,True
77777777,45964,7,7.954430873246932,24.939635455608368,0.8214285714285715,True
77777777,45965,9,5.892959146146435,18.106319189071655,0.7333333333333334,True
77777777,45966,2,10.939264297485352,21.878528594970703,0.9999999999999999,True
77777777,45967,8,4.557689219091193,12.79854679107666,0.38095238095238104,True
77777777,45969,10,11.150902796206903,32.055559158325195,0.5030303030303029,True
77777777,45970,7,11.044025215908972,35.02741360664368,0.642857142857143,True
77777777,45971,10,6.993060491996328,23.35883331298828,0.6484848484848483,True
77777777,45972,6,6.9620259369138555,18.97474718093872,0.14285714285714288,True
77777777,45973,8,6.399502644495271,24.016355514526367,-0.14285714285714288,True
77777777,45974,8,8.01478786630997,29.36135768890381,0.6190476190476191,True
77777777,45976,10,6.467791419343886,19.811494648456573,0.10303030303030303,True
77777777,45977,9,7.042648349820755,21.603383660316467,0.6166666666666666,True
77777777,45978,7,4.251086900652035,13.982654690742493,0.21428571428571433,True
77777777,45979,6,5.053561625732591,13.648242831230164,0.942857142857143,True
77777777,45980,10,6.6715485003189405,18.798741102218628,0.3696969696969697,True
77777777,45982,10,5.200579591036696,16.839591026306152,0.09090909090909088,True
77777777,45983,7,9.109654396959602,29.64266538619995,0.5714285714285715,True
77777777,45984,9,7.801462846098038,28.172532081604004,0.2833333333333333,True
77777777,45985,8,10.170207225274712,35.69919157028198,0.5952380952380953,True
77777777,45987,9,2.773767426175305,9.158912658691406,0.7666666666666667,True
77777777,45988,9,6.143503159598114,21.29505741596222,0.26666666666666666,True
77777777,45990,9,2.5031187383983724,7.41545669734478,0.3666666666666667,True
77777777,45991,4,6.948077570106059,16.871337890625,1.0,True
77777777,45995,8,3.8021077380657453,10.858911037445068,0.5952380952380953,True
77777777,45996,10,3.647542925458016,13.441465258598328,0.6363636363636362,True
77777777,45997,2,15.37900972366333,30.75801944732666,0.9999999999999999,True
77777777,45998,6,8.682769098714164,23.702914714813232,0.6571428571428573,True
77777777,46000,10,6.471327017124729,19.470532774925232,0.6242424242424242,True
77777777,46001,8,4.87479435605949,17.711846828460693,0.04761904761904763,True
77777777,46002,4,9.283888673077723,24.543001174926758,0.39999999999999997,True
77777777,46003,10,8.842457470212613,33.15656089782715,0.5515151515151515,True
77777777,46005,10,12.362569146956687,35.46316993236542,-0.2606060606060606,True
77777777,46006,9,4.662562775153758,16.18276357650757,0.31666666666666665,True
77777777,46007,10,8.26237501377708,29.029276847839355,0.7333333333333332,True
77777777,46010,9,6.51606499370257,23.13772889971733,0.016666666666666666,True
77777777,46012,7,8.404990117274508,28.733131408691406,0.3571428571428572,True
77777777,46013,9,7.2047334143970305,23.179460525512695,0.48333333333333334,True
77777777,46016,8,9.014498334419415,26.548457145690918,0.1666666666666667,True
77777777,46017,8,4.636291399439518,14.852953910827637,0.6904761904761906,True
77777777,46018,8,8.462547409722237,27.19603443145752,0.9047619047619048,True
77777777,46019,8,5.88710523492327,17.55018973350525,0.7142857142857144,True
77777777,46020,10,4.10528905983077,15.841501235961914,0.8060606060606059,True
77777777,46021,7,8.907077080639949,28.508193969726562,0.42857142857142866,True
77777777,46022,7,9.984052204527133,35.66445875167847,0.7142857142857144,True
77777777,46023,9,5.499866293825537,17.815377235412598,0.3,True
77777777,46024,9,5.288970547367771,19.954235553741455,0.09999999999999999,True
77777777,46025,9,5.082634805743034,14.020932018756866,0.6833333333333333,True
77777777,46026,10,2.1852465086342154,6.602678537368774,0.6969696969696969,True
77777777,46028,8,10.301533647012297,29.36237335205078,0.7857142857142858,True
77777777,46030,6,3.6625684268681837,9.844749450683594,0.8285714285714287,True
77777777,46031,10,3.4386347506963086,12.825909733772278,0.12727272727272726,True
77777777,46032,9,4.513321204816947,14.400273323059082,-0.09999999999999999,True
77777777,46033,10,6.477531046632716,21.89986228942871,0.6363636363636362,True
77777777,46034,9,4.8306415051079785,13.592136263847351,0.75,True
77777777,46036,6,3.2876741721651874,9.675933241844177,0.7714285714285715,True
77777777,46038,8,8.804003637567972,25.700443148612976,0.7619047619047621,True
77777777,46039,6,5.0426801114009265,13.470584392547607,0.14285714285714288,True
77777777,46040,7,8.961732565884336,23.87753164768219,0.5357142857142858,True
77777777,46041,8,11.156731374532926,31.611705780029297,-0.2380952380952381,True
77777777,46042,6,4.503298181212863,13.635011076927185,0.6,True
77777777,46044,10,7.35158930105729,32.22702693939209,0.8666666666666665,True
77777777,46045,10,17.04325744048906,43.30286884307861,0.7212121212121211,True
77777777,46046,10,2.576516851782919,8.483856439590454,-0.309090909090909,True
77777777,46047,10,9.9709675970805,38.57238817214966,0.24848484848484845,True
77777777,46048,10,5.922920375140672,18.905073165893555,0.406060606060606,True
77777777,46049,10,5.6754363924948965,20.723543167114258,0.2727272727272727,True
77777777,46050,9,6.999526161999026,25.992870330810547,0.03333333333333333,True
77777777,46051,4,14.004527690364132,39.06552505493164,0.19999999999999998,True
77777777,46053,10,5.444553337511961,16.07932758331299,0.24848484848484845,True
77777777,46054,8,9.423648364194827,26.901698112487793,-0.09523809523809526,True
77777777,46055,7,14.786316573066744,39.98930358886719,-0.3571428571428572,True
77777777,46056,10,5.401439587644279,17.21298497915268,-0.24848484848484845,True
77777777,46058,8,6.854360740642631,22.384215474128723,0.7142857142857144,True
77777777,46059,7,5.905545841938259,21.303791046142578,0.6785714285714287,True
77777777,46060,7,10.25784567257361,27.53584861755371,0.642857142857143,True
77777777,46061,9,2.786980088220868,8.15270447731018,0.35,True
77777777,46062,9,6.821198892453947,18.91742914915085,0.7833333333333333,True
77777777,46063,9,4.306180497678591,13.222208499908447,0.39999999999999997,True
77777777,46064,6,4.001782243998789,13.066015720367432,-0.08571428571428573,True
77777777,46065,8,6.594412441553008,18.722716748714447,0.8333333333333335,True
77777777,46066,3,5.035992590465128,10.934577703475952,-0.5,True
77777777,46067,9,7.060381750329954,20.637555599212646,0.26666666666666666,True
77777777,46068,9,12.209384511166736,38.30018138885498,-0.2333333333333333,True
77777777,46069,9,6.632980484902989,25.44076442718506,0.8499999999999999,True
77777777,46070,1,0.0,0.0,,False
77777777,46071,10,5.311464051664981,20.330135226249695,0.5030303030303029,True
77777777,46072,8,3.8287800423021987,11.574562072753906,0.8333333333333335,True
77777777,46073,1,0.0,0.0,,False
77777777,46074,10,8.609537683515303,26.707348704338074,0.7333333333333332,True
77777777,46076,1,0.0,0.0,,False
77777777,46078,10,5.5372962400567625,19.662598609924316,0.13939393939393938,True
77777777,46080,8,5.715390853657183,19.157830238342285,0.7142857142857144,True
77777777,46081,7,4.83386197117327,12.802239418029785,0.5714285714285715,True
77777777,46082,8,6.586837559378486,19.794612884521484,0.9523809523809524,True
77777777,46083,10,5.2492917258808065,17.152092456817627,0.41818181818181815,True
77777777,46084,5,7.519648449754254,17.9283504486084,0.7999999999999999,True
77777777,46085,10,8.423199705980615,26.573256969451904,0.33333333333333326,True
77777777,46088,8,5.8556102810498345,21.20778751373291,0.8333333333333335,True
77777777,46089,7,3.0925003932697694,9.025781154632568,0.8214285714285715,True
77777777,46091,7,2.2619496813880704,7.573300018906593,0.6071428571428572,True
77777777,46092,7,3.676400898750894,12.393288254737854,-0.07142857142857144,True
77777777,46093,8,4.145863519241099,13.69720983505249,0.3333333333333334,True
77777777,46094,8,14.386101490619215,40.36576843261719,0.5476190476190477,True
77777777,46095,9,3.5036265587745303,10.08184564113617,0.6666666666666667,True
77777777,46096,8,9.434481982581094,25.907426357269287,0.4047619047619048,True
77777777,46097,9,1.7873095171813533,6.421653747558594,0.38333333333333336,True
77777777,46098,6,16.32090339822154,38.13645029067993,0.8285714285714287,True
77777777,46099,7,2.6080865531414306,7.232585191726685,0.7142857142857144,True
77777777,46100,7,10.474712459160575,37.21802043914795,0.7857142857142859,True
77777777,46101,10,5.7267832659757705,21.846092700958252,0.6606060606060605,True
77777777,46103,1,0.0,0.0,,False
77777777,46105,7,3.9705075789636886,11.026232719421387,0.25,True
77777777,46106,8,7.125692877005153,19.708667993545532,0.07142857142857144,True
77777777,46109,10,5.4093834684140205,19.217933416366577,-0.32121212121212117,True
77777777,46112,8,6.306133858172647,14.986729145050049,0.28571428571428575,True
77777777,46113,10,8.695320783399342,29.62627524137497,0.24848484848484845,True
77777777,46114,10,6.940628786216598,19.310856223106384,0.5757575757575757,True
77777777,46115,9,6.6377110480194474,16.777823448181152,-0.13333333333333333,True
77777777,46116,7,13.311091907671395,40.03629112243652,0.6071428571428572,True
77777777,46117,9,7.2945131591039845,23.62984347343445,0.26666666666666666,True
77777777,46118,10,9.5721900583455,28.491740226745605,0.6242424242424242,True
77777777,46120,7,2.7281214192127385,7.693302392959595,0.3214285714285715,True
77777777,46121,10,6.681450681688357,20.099474906921387,-0.006060606060606061,True
77777777,46122,7,2.860719220035403,9.055398941040039,0.07142857142857144,True
77777777,46123,9,5.941643785074934,20.479389190673828,0.7,True
77777777,46124,10,7.983545447495001,22.33809471130371,0.6242424242424242,True
77777777,46125,7,1.9572100250178641,5.68891978263855,0.3214285714285715,True
77777777,46126,8,5.119523724179383,17.950398921966553,0.5714285714285715,True
77777777,46127,5,2.0002032837459938,6.072027206420898,0.3,True
77777777,46129,8,6.380174979740275,22.24809229373932,0.7857142857142858,True
77777777,46131,1,0.0,0.0,,False
77777777,46132,10,6.7816840404911,26.42379856109619,0.6727272727272726,True
77777777,46134,8,2.886531342137595,8.402587413787842,0.5952380952380953,True
77777777,46135,9,8.269598451953613,25.388808250427246,0.35,True
77777777,46136,10,7.221465197533684,24.73822855949402,0.8666666666666665,True
77777777,46137,10,5.981799514021047,22.717097759246826,0.5636363636363636,True
77777777,46138,7,10.101547484272087,32.07077103853226,0.6785714285714287,True
77777777,46140,8,3.614681500986528,12.158535361289978,-0.30952380952380953,True
77777777,46141,7,7.100884291946916,21.26394321024418,-0.7857142857142859,True
77777777,46144,6,2.6602204466779757,8.676507711410522,0.8857142857142858,True
77777777,46145,8,3.988349099463764,12.677879214286804,0.2380952380952381,True
77777777,46146,8,2.385910696413299,8.284479156136513,0.4285714285714286,True
77777777,46147,10,10.850343130885689,28.22478723526001,0.2727272727272727,True
77777777,46148,10,5.620543463053912,21.382269620895386,0.22424242424242422,True
77777777,46149,10,2.6355110932293946,7.281292796134949,-0.24848484848484845,True
77777777,46151,8,6.351256063689845,15.201549530029297,-0.30952380952380953,True
77777777,46152,3,2.5869350241160363,6.160285472869873,0.5,True
77777777,46153,8,9.277803083713925,31.727027416229248,0.2142857142857143,True
77777777,46154,8,8.646069447973943,30.071648955345154,0.5714285714285715,True
77777777,46155,8,8.070891857489272,26.883867263793945,0.7619047619047621,True
77777777,46157,8,2.4111047239527625,7.684369921684265,0.523809523809524,True
77777777,46159,6,8.83309708317265,21.265855073928833,0.4285714285714286,True
77777777,46160,10,7.185818739698723,29.73178195953369,0.309090909090909,True
77777777,46161,4,4.771617999886351,12.983985424041748,-0.39999999999999997,True
77777777,46162,5,4.020755904011742,9.38683158159256,0.8999999999999998,True
77777777,46164,8,5.002156432102658,16.753053426742554,0.4047619047619048,True
77777777,46165,8,7.759143304120648,21.804854467511177,0.38095238095238104,True
77777777,46166,9,2.363353659700178,7.383703231811523,-0.5333333333333333,True
77777777,46167,8,2.999343315179568,9.52897834777832,-0.4047619047619048,True
77777777,46169,10,3.9728189147855177,13.217759847640991,0.5272727272727272,True
77777777,46170,10,6.4178140043820076,23.676331996917725,-0.17575757575757575,True
77777777,46171,10,7.150386886385076,21.501320362091064,0.24848484848484845,True
77777777,46172,9,3.072510298447405,11.381598591804504,0.5833333333333334,True
77777777,46173,8,3.6685188563986184,11.398165225982666,0.9761904761904763,True
77777777,46174,8,8.022944298867376,27.71518325805664,0.04761904761904763,True
77777777,46175,7,10.95658826949497,31.37041175365448,0.25,True
77777777,46176,10,6.417301637686107,23.689050674438477,0.7454545454545454,True
77777777,46177,10,2.9575891194136275,10.543670535087585,0.29696969696969694,True
77777777,46179,10,6.527554436277053,22.10961151123047,0.22424242424242422,True
77777777,46180,8,9.387362886183451,26.34839928150177,0.8571428571428572,True
77777777,46181,8,6.833040792971905,17.861328125,0.7857142857142858,True
77777777,46182,10,6.9639101420444245,24.977480173110962,0.9515151515151514,True
77777777,46183,6,8.509314922790367,22.405176162719727,0.6571428571428573,True
77777777,46185,6,5.037740615348374,15.899171829223633,0.8285714285714287,True
77777777,46186,5,9.577411144527192,27.01153564453125,0.39999999999999997,True
77777777,46190,10,4.934676065449924,18.489229917526245,0.4666666666666666,True
77777777,46191,8,5.480842808984017,18.648193955421448,0.19047619047619052,True
77777777,46192,9,9.350010829871467,36.10581970214844,0.7,True
77777777,46194,10,6.581994276110661,21.52271342277527,0.28484848484848485,True
77777777,46195,10,4.434585181679392,15.324922323226929,0.2727272727272727,True
77777777,46196,9,3.2355054373423457,12.121799230575562,0.5333333333333333,True
77777777,46198,7,4.112563533560571,14.217562675476074,0.10714285714285716,True
77777777,46199,9,5.989094334645988,16.369954705238342,0.5166666666666667,True
77777777,46201,7,3.519495442709185,10.118908405303955,-0.14285714285714288,True
77777777,46202,5,7.205630484849242,17.460901260375977,0.8999999999999998,True
77777777,46203,9,3.2373431274416546,12.35354745388031,0.5333333333333333,True
77777777,46204,10,4.375599566972169,18.315300345420837,-0.05454545454545454,True
77777777,46205,5,6.629375301197012,20.54679298400879,-0.09999999999999999,True
77777777,46206,8,8.856199000005807,24.704352021217346,-0.6190476190476191,True
77777777,46208,9,13.193365194101142,41.700989961624146,0.6666666666666667,True
77777777,46209,6,11.48133600661114,34.223050117492676,0.4285714285714286,True
77777777,46210,9,7.940792596263718,28.74537944793701,-0.11666666666666665,True
77777777,46211,8,8.71662719378385,31.056025505065918,0.14285714285714288,True
77777777,46212,10,7.259433971214198,21.156874656677246,0.8666666666666665,True
77777777,46214,10,10.958457636193595,34.44556140899658,0.6606060606060605,True
77777777,46215,9,7.338466984557782,27.863461017608643,0.65,True
77777777,46216,9,6.9589861960167285,22.47375798225403,0.5499999999999999,True
77777777,46218,9,5.753542315161203,19.43621265888214,0.25,True
77777777,46219,1,0.0,0.0,,False
77777777,46220,8,7.644165472416676,20.35092341899872,0.14285714285714288,True
77777777,46221,10,6.763966923542451,18.329701840877533,0.5030303030303029,True
77777777,46222,10,6.054413952007487,19.563118934631348,0.5030303030303029,True
77777777,46223,5,4.322128634272287,10.581377625465393,0.7,True
77777777,46224,7,7.045285802709218,21.637362957000732,-0.10714285714285716,True
77777777,46225,8,2.1825156314962206,7.36592960357666,0.5476190476190477,True
77777777,46226,10,7.121941783110482,27.015369176864624,0.5878787878787878,True
77777777,46227,6,12.938970602777067,37.300461769104004,0.028571428571428574,True
77777777,46228,7,4.506440569397245,14.085896968841553,0.6785714285714287,True
77777777,46229,9,2.717424040624992,8.198886394500732,0.39999999999999997,True
77777777,46230,4,7.01720868183319,17.458239197731018,0.19999999999999998,True
77777777,46231,9,11.463679199181932,33.539618492126465,0.6833333333333333,True
77777777,46232,9,1.852332072529985,5.035668060183525,0.21666666666666667,True
77777777,46233,2,12.06821060180664,24.13642120361328,0.9999999999999999,True
77777777,46234,9,3.260832523876336,10.624037384986877,0.13333333333333333,True
77777777,46235,8,4.314256702839316,12.690063953399658,0.9047619047619048,True
77777777,46236,7,11.611789910532561,26.868088364601135,0.10714285714285716,True
77777777,46237,10,8.372191270708386,29.857909202575684,0.6363636363636362,True
77777777,46238,8,6.299105742262172,21.15535831451416,0.023809523809523815,True
77777777,46239,9,6.254920882205408,16.436511039733887,0.8833333333333333,True
77777777,46240,6,1.5147898069643113,4.487710118293762,0.6571428571428573,True
77777777,46241,10,6.01993048254427,17.404295921325684,0.7454545454545454,True
77777777,46242,7,7.153125084071872,19.660616487264633,0.8928571428571429,True
77777777,46244,10,5.553779732201884,19.92121195793152,0.9515151515151514,True
77777777,46246,8,4.8661752656529,15.871070861816406,0.4047619047619048,True
77777777,46247,9,6.945348335916867,22.38444411754608,0.3,True
77777777,46248,9,8.253703242548879,24.57755196094513,0.2333333333333333,True
77777777,46249,10,11.6630703565575,43.11129808425903,0.8424242424242423,True
77777777,46250,9,8.908466108272,28.13783311843872,0.41666666666666663,True
77777777,46251,7,12.022849265457738,34.61195504665375,-0.1785714285714286,True
77777777,46252,9,4.59898050143708,16.018770217895508,0.41666666666666663,True
77777777,46253,8,8.313490547942626,21.98453199863434,0.14285714285714288,True
77777777,46254,7,11.540768868371138,36.34359788894653,0.25,True
77777777,46255,7,6.567488520720355,23.7743878364563,0.9285714285714288,True
77777777,46256,8,3.651477181561695,11.46370267868042,0.9761904761904763,True
77777777,46257,7,2.173572074643243,5.288517594337463,0.21428571428571433,True
77777777,46258,8,6.900807931444274,22.618043899536133,-0.11904761904761905,True
77777777,46259,9,2.9750497720749953,10.717782974243164,-0.2833333333333333,True
77777777,46260,8,4.87913858490622,14.720173835754395,0.023809523809523815,True
77777777,46261,9,5.7268285859213055,19.35603815317154,0.6,True
77777777,46263,8,9.725277274825492,31.12160897254944,0.9047619047619048,True
77777777,46264,10,4.670658102123869,18.95447826385498,0.4666666666666666,True
77777777,46267,10,8.37362703342602,30.48080015182495,0.7939393939393938,True
77777777,46268,8,5.954324930737392,18.070760011672974,0.7380952380952381,True
77777777,46269,9,4.720239679889982,14.868593394756317,0.16666666666666669,True
77777777,46270,5,7.894543177673004,18.303383350372314,0.7,True
77777777,46271,8,2.5578530079383617,8.842145919799805,0.3571428571428572,True
77777777,46272,9,1.9334472969355871,5.645715236663818,0.25,True
77777777,46273,1,0.0,0.0,,False
77777777,46274,4,3.63369222709779,10.1211626380682,0.39999999999999997,True
77777777,46275,7,5.207971664717734,16.405632972717285,0.8214285714285715,True
77777777,46276,5,15.357054928168022,42.55198383331299,0.3,True
77777777,46278,10,4.8698685714466885,13.784786581993103,0.6484848484848483,True
77777777,46279,6,6.763712897096468,20.20224142074585,0.2571428571428572,True
77777777,46281,10,11.889662478348072,38.62870627641678,0.22424242424242422,True
77777777,46282,8,6.300351520141011,17.178929805755615,0.5952380952380953,True
77777777,46283,5,6.823007584669428,19.410139799118042,0.6,True
77777777,46284,9,8.379318000628043,25.200379371643066,0.08333333333333334,True
77777777,46285,7,9.754560722009993,29.688942432403564,0.14285714285714288,True
77777777,46286,9,2.7395613094133235,8.744378447532654,0.21666666666666667,True
77777777,46289,7,4.621944782100873,16.89903712272644,0.10714285714285716,True
77777777,46290,7,5.0038938010063045,13.079404830932617,0.0,True
77777777,46291,9,4.517431679872475,12.730046570301056,0.38333333333333336,True
77777777,46292,7,8.151502776301623,21.611899614334106,-0.21428571428571433,True
77777777,46295,7,2.355062575959141,7.1571245193481445,-0.4642857142857144,True
77777777,46296,8,4.727319235592081,12.467287063598633,0.7142857142857144,True
77777777,46297,5,4.851208806235238,13.745957612991333,0.7999999999999999,True
77777777,46298,1,0.0,0.0,,False
77777777,46299,7,10.503193152980089,27.25996494293213,0.10714285714285716,True
77777777,46300,10,7.140912923432753,24.845031037926674,-0.12727272727272726,True
77777777,46301,8,2.768085608684639,7.980990171432495,-0.14285714285714288,True
77777777,46304,10,3.120356480599083,10.530365228652954,0.6969696969696969,True
77777777,46305,8,9.645434047992923,35.01525664329529,0.30952380952380953,True
77777777,46306,2,8.722411155700684,17.444822311401367,0.9999999999999999,True
77777777,46307,9,3.756716411879802,12.421662330627441,0.5499999999999999,True
77777777,46308,10,8.490843745436717,21.942512035369873,0.6363636363636362,True
77777777,46309,8,10.631903595698953,34.67501759529114,0.6428571428571429,True
77777777,46310,10,4.797862519231264,18.54378390312195,0.2606060606060606,True
77777777,46311,10,7.987655524783995,28.99736249446869,0.7333333333333332,True
77777777,46312,8,6.445643956697941,20.594906330108643,0.7380952380952381,True
77777777,46314,4,1.5413532755019297,4.024511933326721,1.0,True
77777777,46316,1,0.0,0.0,,False
77777777,46317,3,8.370482048261836,18.7727502733469,0.5,True
77777777,46318,9,4.3117835280538825,13.633534088730812,0.25,True
77777777,46319,7,4.797760240340944,14.328669309616089,0.9642857142857145,True
77777777,46320,9,6.004613937666338,20.471892952919006,0.43333333333333335,True
77777777,46321,8,6.316015492768046,22.045007824897766,0.5000000000000001,True
77777777,46322,1,0.0,0.0,,False
77777777,46323,10,2.6455628946766656,9.71687513589859,0.8303030303030302,True
77777777,46324,8,7.3399161353881865,20.158074855804443,0.19047619047619052,True
77777777,46326,7,3.360232966031984,10.482555627822876,0.6071428571428572,True
77777777,46327,3,10.467540795601925,24.75747537612915,-0.5,True
77777777,46328,1,0.0,0.0,,False
77777777,46329,9,6.055194449996671,23.575440168380737,0.5666666666666667,True
77777777,46330,10,8.516966385803343,29.27950429916382,0.8303030303030302,True
77777777,46331,1,0.0,0.0,,False
77777777,46332,7,7.25779564638556,19.18807363510132,0.8571428571428573,True
77777777,46333,8,10.322208406899998,32.77620315551758,0.30952380952380953,True
77777777,46334,4,11.999348887538988,31.379426956176758,0.7999999999999999,True
77777777,46335,5,12.322075946522878,32.9776930809021,0.09999999999999999,True
77777777,46336,10,8.597228194878186,30.872166633605957,0.3696969696969697,True
77777777,46337,3,2.889998650731487,6.891378283500671,0.5,True
77777777,46338,8,7.780670239782723,21.85607087612152,0.8095238095238096,True
77777777,46339,7,9.888208355262314,33.71250772476196,0.3214285714285715,True
77777777,46340,7,5.102546583187796,17.2384033203125,0.6785714285714287,True
77777777,46341,8,4.972659154308978,15.918462753295898,0.04761904761904763,True
77777777,46342,10,9.745578828080818,32.308544754981995,0.34545454545454546,True
77777777,46343,10,4.651849428333868,15.439345836639404,0.709090909090909,True
77777777,46344,9,10.327578287551628,35.704562187194824,0.41666666666666663,True
77777777,46345,7,10.400071772230408,25.052292346954346,0.6071428571428572,True
77777777,46346,7,6.085680969788773,16.7548206448555,0.10714285714285716,True
77777777,46347,7,5.608727425615622,17.874334812164307,0.6785714285714287,True
77777777,46348,7,8.496025673015165,21.82995569705963,-0.03571428571428572,True
77777777,46349,10,6.634330369841627,23.215145587921143,0.4424242424242424,True
77777777,46350,9,9.224041889799363,32.90666341781616,0.11666666666666665,True
77777777,46352,10,7.537560752481177,27.545384526252747,0.6848484848484848,True
77777777,46353,9,7.708504905136866,27.780991315841675,-0.016666666666666666,True
77777777,46356,7,6.127897377795647,15.8615802526474,0.25,True
77777777,46357,5,2.2310553878344557,6.2529953718185425,0.09999999999999999,True
77777777,46358,9,10.034777030489574,30.072301864624023,0.26666666666666666,True
77777777,46359,8,12.130458371331313,35.572237849235535,0.4523809523809524,True
77777777,46361,9,10.688769646366618,29.071961045265198,0.2833333333333333,True
77777777,46362,7,5.775242300457263,14.949275374412537,0.7500000000000002,True
77777777,46363,7,10.709578025219033,28.100175380706787,0.8571428571428573,True
77777777,46365,4,6.903036483965123,18.59585452079773,0.39999999999999997,True
77777777,46366,8,4.79817516019457,15.176721572875977,0.4285714285714286,True
77777777,46367,10,12.471080694249567,37.87226366996765,0.32121212121212117,True
77777777,46368,9,7.156933890896859,22.863643288612366,-0.15,True
77777777,46369,8,5.5914162636707365,13.46840488910675,0.261904761904762,True
77777777,46370,4,6.460634413889057,16.16063779592514,0.39999999999999997,True
77777777,46371,7,6.08449727940089,17.47368812561035,0.1785714285714286,True
77777777,46374,7,7.51717309541911,23.318466365337372,0.7500000000000002,True
77777777,46375,10,7.012543514630852,27.154778480529785,-0.22424242424242422,True
77777777,46376,7,5.5957850012668695,19.05786442756653,0.4642857142857144,True
77777777,46378,9,2.40859954931051,8.057921886444092,0.35,True
77777777,46380,5,6.371834755487246,19.684704303741455,0.7,True
77777777,46381,8,10.14833880041625,30.712737560272217,0.6190476190476191,True
77777777,46382,8,10.978025263940262,32.28465938568115,0.8333333333333335,True
77777777,46383,2,2.94262233376503,5.88524466753006,0.9999999999999999,True
77777777,46384,8,3.691581398428741,11.801031589508057,0.30952380952380953,True
77777777,46385,9,3.9938597607349076,12.20775043964386,0.6666666666666667,True
77777777,46386,1,0.0,0.0,,False
77777777,46387,9,4.605001810325305,15.76890516281128,-0.25,True
77777777,46388,8,8.76450409210628,23.71031630039215,0.880952380952381,True
77777777,46389,10,5.543112871242233,15.644250988960266,-0.01818181818181818,True
77777777,46390,9,12.862513813482396,38.53762912750244,0.21666666666666667,True
77777777,46391,3,5.168841497059957,11.35926103591919,1.0,True
77777777,46392,8,4.016695872054041,14.377001762390137,0.4047619047619048,True
77777777,46393,6,7.869912402115601,25.323185920715332,0.6571428571428573,True
77777777,46394,9,3.832803668421685,11.29321813583374,0.13333333333333333,True
77777777,46395,5,9.951057100154987,23.745124340057373,0.8999999999999998,True
77777777,46396,8,12.657955263446214,31.66329050064087,-0.11904761904761905,True
77777777,46398,10,8.204856598155834,28.01370906829834,0.13939393939393938,True
77777777,46399,8,9.311231095509363,33.61376094818115,0.5000000000000001,True
77777777,46400,10,3.809771550412153,13.913199424743652,-0.13939393939393938,True
77777777,46401,10,5.646340081924237,17.573314428329468,-0.10303030303030303,True
77777777,46402,10,7.752909396523911,27.017645835876465,0.7333333333333332,True
77777777,46403,10,7.188319088331487,25.328899383544922,0.7333333333333332,True
77777777,46404,6,4.96724214034232,13.469497263431549,0.942857142857143,True
77777777,46405,8,4.949444446524559,15.515106320381165,0.8095238095238096,True
77777777,46406,9,6.547470790150329,21.975454330444336,0.43333333333333335,True
77777777,46407,6,6.379306043192627,16.87609302997589,0.7714285714285715,True
77777777,46408,9,4.909347523215372,15.32146430015564,0.45,True
77777777,46409,6,8.366513722946303,22.05488359928131,1.0,True
77777777,46410,4,4.6608182026227265,12.873287633061409,1.0,True
77777777,46411,7,9.91522592661345,30.129108428955078,0.14285714285714288,True
77777777,46412,7,3.238783105064465,10.047178983688354,0.42857142857142866,True
77777777,46413,7,7.867410020155487,19.460254311561584,0.642857142857143,True
77777777,46415,9,7.176084674610862,19.07285237312317,0.0,True
77777777,46416,3,0.7752383287285715,1.8138542175292969,-0.5,True
77777777,46418,8,7.5585707595009115,24.30671715736389,0.7857142857142858,True
77777777,46419,10,10.653939728535535,31.583354115486145,0.2727272727272727,True
77777777,46421,7,11.568498250264257,34.71773546934128,0.7857142857142859,True
77777777,46422,10,3.4454995946485942,11.09219877421856,0.8181818181818182,True
77777777,46423,2,0.9559342861175537,1.9118685722351074,0.9999999999999999,True
77777777,46424,8,4.143933128461355,13.747296810150146,0.19047619047619052,True
77777777,46425,7,8.2390088803044,26.575984597206116,0.3571428571428572,True
77777777,46428,10,6.057398570474884,21.575201988220215,0.6242424242424242,True
77777777,46429,7,8.588614947691138,29.83191180229187,0.42857142857142866,True
77777777,46430,9,8.95137346259123,28.40592670440674,0.8833333333333333,True
77777777,46431,10,10.0827883892188,31.755247056484222,0.9393939393939393,True
77777777,46432,9,12.765349270830644,42.0179386138916,-0.09999999999999999,True
77777777,46433,8,7.491316911860309,26.86066436767578,-0.11904761904761905,True
77777777,46434,5,4.702669615358352,11.575031876564026,0.39999999999999997,True
77777777,46435,10,9.022880305826757,27.641298294067383,0.6969696969696969,True
77777777,46436,8,5.394879475943164,17.819209098815918,0.6428571428571429,True
77777777,46437,8,5.270562034566793,14.619540214538574,0.2380952380952381,True
77777777,46438,2,5.23167085647583,10.46334171295166,0.9999999999999999,True
77777777,46439,10,6.3502077934296235,19.24304473400116,0.8787878787878788,True
77777777,46440,9,4.5159262687830655,15.762871265411377,0.7666666666666667,True
77777777,46441,6,4.846804202995137,14.31667709350586,0.5428571428571429,True
77777777,46442,10,5.959870162238716,20.704472541809082,0.5030303030303029,True
77777777,46443,8,4.82197734965249,13.864517211914062,0.8571428571428572,True
77777777,46444,9,4.749202815223923,13.366376399993896,0.7999999999999999,True
77777777,46445,7,5.0375154747928255,14.78644573688507,0.7500000000000002,True
77777777,46446,9,8.33386848840005,28.75229561328888,-0.41666666666666663,True
77777777,46447,9,2.430342927451014,7.015008091926575,0.6666666666666667,True
77777777,46449,10,6.525590047851264,23.632840633392334,0.6121212121212121,True
77777777,46452,6,5.697983964382767,15.512031555175781,0.8285714285714287,True
77777777,46453,8,3.492640338461673,10.304475784301758,-0.30952380952380953,True
77777777,46454,10,9.668601052892562,32.11233472824097,0.6969696969696969,True
77777777,46455,9,8.465160963866921,28.526363372802734,0.25,True
77777777,46456,6,6.976442239274335,18.893181800842285,0.8285714285714287,True
77777777,46457,10,2.4025286574299383,8.386281311511993,0.41818181818181815,True
77777777,46458,7,5.272046104875657,15.01816976070404,0.5357142857142858,True
77777777,46459,8,8.114708899540883,22.21722149848938,0.38095238095238104,True
77777777,46460,9,7.531546779927954,26.30971997976303,0.33333333333333337,True
77777777,46461,9,5.705280290255375,21.07985770702362,0.19999999999999998,True
77777777,46463,8,2.3376556305589644,6.941526412963867,0.880952380952381,True
77777777,46464,9,4.829877222927634,15.421783685684204,0.65,True
77777777,46465,10,7.43726885150404,24.723331928253174,0.34545454545454546,True
77777777,46466,10,4.656915682079873,14.086128234863281,0.709090909090909,True
77777777,46467,6,14.533622918551647,41.32197141647339,0.6,True
77777777,46468,10,7.44040930828944,30.79387092590332,0.01818181818181818,True
77777777,46469,8,9.936910211597622,28.002444446086884,0.19047619047619052,True
77777777,46470,7,9.758378713063118,33.33171093463898,0.7500000000000002,True
77777777,46472,10,6.554900018135208,24.643795490264893,0.7818181818181817,True
77777777,46473,6,3.09681609956542,8.6975599527359,0.942857142857143,True
77777777,46474,8,6.925959425944965,18.998680114746094,0.9523809523809524,True
77777777,46475,7,4.859722612291582,15.275822281837463,-0.21428571428571433,True
77777777,46477,8,5.500072408514838,14.796082854270935,0.4047619047619048,True
77777777,46479,7,3.9625834888803166,13.139418721199036,0.7857142857142859,True
77777777,46480,7,3.1756345569379834,8.375181913375854,0.642857142857143,True
77777777,46481,8,7.686914426360154,24.205610275268555,0.3571428571428572,True
77777777,46483,7,9.842615205385817,27.82355308532715,0.28571428571428575,True
77777777,46484,9,2.6844676460874832,7.852696657180786,0.7333333333333334,True
77777777,46485,10,8.062863600988088,31.063658714294434,0.2727272727272727,True
77777777,46486,7,6.252365923225467,18.71435058116913,0.4642857142857144,True
77777777,46487,9,5.789212719080848,21.707179069519043,0.6166666666666666,True
77777777,46488,3,4.36479180679452,10.078738689422607,1.0,True
77777777,46489,10,5.318304763991857,21.641987800598145,-0.006060606060606061,True
77777777,46490,10,6.315973898142594,20.312437891960144,0.5515151515151515,True
77777777,46491,9,7.17536470261087,18.88676255941391,0.2833333333333333,True
77777777,46492,6,4.190804241294153,13.606782913208008,0.48571428571428577,True
77777777,46493,10,6.8087123580924045,22.896971702575684,0.7454545454545454,True
77777777,46494,10,9.874039037632894,30.366568565368652,0.8787878787878788,True
77777777,46495,9,9.198366267574805,28.006017923355103,0.5166666666666667,True
77777777,46496,9,1.9957227924842171,6.799478530883789,0.75,True
77777777,46498,9,4.325006144553897,14.50136947631836,0.13333333333333333,True
77777777,46499,9,9.241534919279037,27.207736492156982,0.6833333333333333,True
77777777,46500,8,11.791906197651501,30.82557201385498,-0.14285714285714288,True
77777777,46501,7,9.35542564261673,26.081562519073486,0.7857142857142859,True
77777777,46502,4,3.4722780286033097,8.417254328727722,0.7999999999999999,True
77777777,46503,7,1.9578760287646986,5.801959872245789,0.8214285714285715,True
77777777,46505,8,9.074571797872483,26.24850630760193,0.4285714285714286,True
77777777,46506,8,7.7294766826863235,23.73445701599121,0.6190476190476191,True
77777777,46507,10,10.301159324311518,30.288649082183838,0.2727272727272727,True
77777777,46508,8,11.44808416540883,42.79291248321533,0.523809523809524,True
77777777,46509,7,3.2683971653294575,11.038465857505798,0.0,True
77777777,46510,6,9.153551574244997,24.532673835754395,0.7142857142857143,True
77777777,46511,8,5.037091066048132,18.297539234161377,0.4047619047619048,True
77777777,46512,1,0.0,0.0,,False
77777777,46514,2,0.4685403108596802,0.9370806217193604,0.9999999999999999,True
77777777,46516,10,2.9463334052692187,10.638028621673584,0.8060606060606059,True
77777777,46518,10,6.220162441836264,19.881566405296326,0.23636363636363633,True
77777777,46519,6,9.26039822796921,28.316534996032715,0.2,True
77777777,46520,9,8.326522846459541,23.023003935813904,0.7833333333333333,True
77777777,46521,9,9.453083146391249,36.83746647834778,-0.03333333333333333,True
77777777,46522,9,6.636058624869654,24.338522911071777,0.3666666666666667,True
77777777,46523,10,4.561771751891844,17.44212508201599,0.8787878787878788,True
77777777,46524,7,7.89133030094831,25.26934576034546,0.7142857142857144,True
77777777,46525,3,5.5049425463152035,13.22147524356842,1.0,True
77777777,46526,7,6.025398927217171,14.427786707878113,0.6071428571428572,True
77777777,46527,2,0.27345073223114014,0.5469014644622803,0.9999999999999999,True
77777777,46528,4,10.831348901672989,28.943823099136353,0.39999999999999997,True
77777777,46529,10,3.837892115127623,10.638792157173157,0.006060606060606061,True
77777777,46531,7,0.5994272505345973,1.8038976192474365,0.6071428571428572,True
77777777,46532,7,11.26089702529238,34.15468168258667,0.03571428571428572,True
77777777,46535,8,5.386171298615957,18.3987455368042,0.9285714285714287,True
77777777,46536,8,3.2554681928503393,9.90227460861206,0.6190476190476191,True
77777777,46537,3,7.974464658397127,18.119271755218506,0.5,True
77777777,46538,10,4.026428238696528,13.751105308532715,0.38181818181818183,True
77777777,46539,8,12.460885025806581,30.490156173706055,0.7380952380952381,True
77777777,46540,10,5.508176721293294,18.222031116485596,0.0303030303030303,True
77777777,46541,9,10.981029094137067,32.453895568847656,0.8666666666666667,True
77777777,46542,9,3.2824977054198365,9.78423273563385,0.5,True
77777777,46543,8,3.6207784582844456,10.271766781806946,0.3571428571428572,True
77777777,46544,8,5.740165698264533,21.409360885620117,0.6904761904761906,True
77777777,46546,10,2.6206986940830195,8.807060360908508,0.38181818181818183,True
77777777,46547,9,3.8210781340743845,13.220035791397095,0.75,True
77777777,46548,10,2.8636105284082802,10.746155142784119,0.17575757575757575,True
77777777,46549,7,3.6724882368068545,11.943395972251892,0.9642857142857145,True
77777777,46550,7,13.363903286669622,36.97057580947876,0.25,True
77777777,46552,8,4.710616234782648,15.753867149353027,0.4761904761904762,True
77777777,46555,1,0.0,0.0,,False
77777777,46556,8,6.5088331956934695,23.362963676452637,0.7142857142857144,True
77777777,46558,9,9.061780077312402,27.884383589029312,0.7666666666666667,True
77777777,46559,9,4.332601371427132,15.933721661567688,-0.11666666666666665,True
77777777,46560,10,5.845578132629902,18.41584837436676,0.35757575757575755,True
77777777,46561,9,4.600624590925812,16.325864613056183,-0.08333333333333334,True
77777777,46562,9,3.517578960999593,12.579046249389648,0.4666666666666666,True
77777777,46563,7,8.563269114501885,23.390329360961914,0.6071428571428572,True
77777777,46564,8,5.610469500831471,17.824193954467773,0.7142857142857144,True
77777777,46565,8,7.86837232763496,26.494214057922363,0.09523809523809526,True
77777777,46566,10,6.316126538845105,19.151539474725723,0.5757575757575757,True
77777777,46567,9,3.2313277579825854,9.635401546955109,0.33333333333333337,True
77777777,46569,8,8.474812315254999,22.468960165977478,0.2380952380952381,True
77777777,46570,10,9.627637803125705,28.060608386993408,0.5515151515151515,True
77777777,46571,9,5.725883920323573,21.38661289215088,0.049999999999999996,True
77777777,46573,10,2.3278560490336595,8.644582271575928,0.3939393939393939,True
77777777,46574,10,3.4254227713023626,11.388323187828064,0.09090909090909088,True
77777777,46575,6,2.675041366017983,7.9220075607299805,0.3142857142857143,True
77777777,46576,9,4.514091565170239,14.873932838439941,-0.18333333333333335,True
77777777,46578,8,4.533376641824793,15.099766731262207,0.261904761904762,True
77777777,46579,10,12.8309303973906,50.35927963256836,0.38181818181818183,True
77777777,46580,9,3.580831885057901,10.841760873794556,0.6666666666666667,True
77777777,46581,8,5.268357458371324,15.904958724975586,0.0,True
77777777,46582,10,12.043043788534028,35.48520374298096,0.7212121212121211,True
77777777,46583,7,4.849392317684227,12.985929012298584,0.6785714285714287,True
77777777,46587,10,5.301431365461769,18.526277542114258,-0.06666666666666665,True
77777777,46588,8,7.616033939941756,24.808330059051514,0.38095238095238104,True
77777777,46589,9,6.614489647053362,21.85272216796875,0.35,True
77777777,46591,7,7.408214331775051,24.83745813369751,0.1785714285714286,True
77777777,46592,10,12.437194978962681,35.62206518650055,0.9030303030303028,True
77777777,46593,10,10.346838501481987,29.566648483276367,0.9030303030303028,True
77777777,46594,5,1.7839710778903943,5.567149996757507,0.0,True
77777777,46595,9,2.250853567803454,7.445589065551758,0.8166666666666667,True
77777777,46596,9,6.507678882218332,25.105220794677734,0.35,True
77777777,46597,10,10.961031271355075,31.514002069830894,0.6,True
77777777,46598,8,1.2771027427629822,4.118429601192474,0.07142857142857144,True
77777777,46599,10,5.37611628859869,17.911785364151,0.01818181818181818,True
77777777,46600,8,12.612553448254976,33.550670087337494,0.261904761904762,True
77777777,46601,9,7.182192620031084,23.604687452316284,0.7666666666666667,True
77777777,46602,7,2.7107153847700616,8.66225016117096,0.42857142857142866,True
77777777,46603,8,8.19984034067818,27.048519253730774,0.30952380952380953,True
77777777,46604,8,3.6880862948192896,12.725773334503174,0.5000000000000001,True
77777777,46605,10,4.575631312121383,14.750648975372314,0.43030303030303024,True
77777777,46606,3,14.726341642924327,32.6236572265625,1.0,True
77777777,46608,7,9.14165501609767,27.421420097351074,0.5,True
77777777,46609,5,6.0663926336568155,16.636779069900513,0.39999999999999997,True
77777777,46610,8,7.938668198855242,24.44248390197754,0.9285714285714287,True
77777777,46611,9,5.786743965463074,16.304922580718994,0.65,True
77777777,46612,10,5.132731205075451,20.307686626911163,0.23636363636363633,True
77777777,46613,5,3.5472731741464263,9.640498399734497,0.7,True
77777777,46615,1,0.0,0.0,,False
77777777,46617,7,2.580825782731129,7.226307392120361,-0.25,True
77777777,46618,9,5.4544155412290785,18.61296582221985,0.5666666666666667,True
77777777,46619,8,5.537173299427318,18.39141094684601,0.4523809523809524,True
77777777,46620,6,7.063338518670671,18.855128407478333,0.2,True
77777777,46621,9,5.487900357104429,18.503560066223145,0.9333333333333332,True
77777777,46622,9,6.8877967096750385,24.21525764465332,0.6166666666666666,True
77777777,46623,10,4.405137515505771,16.916590094566345,0.1515151515151515,True
77777777,46625,6,4.586830248934573,12.912092089653015,0.7714285714285715,True
77777777,46626,9,5.259213317615642,18.089970111846924,0.0,True
77777777,46627,6,3.321174335126532,11.356536388397217,0.5428571428571429,True
77777777,46628,8,4.120691806647299,13.528067588806152,0.9523809523809524,True
77777777,46629,9,3.663840371870933,11.389417171478271,0.18333333333333335,True
77777777,46630,10,3.271473499052209,12.175288915634155,0.07878787878787878,True
77777777,46632,10,8.745554916098587,24.57061330974102,0.6969696969696969,True
77777777,46633,8,4.971142020207346,17.47145652770996,0.38095238095238104,True
77777777,46634,10,5.683498290872305,20.040701985359192,0.6363636363636362,True
77777777,46635,3,4.537171071422839,10.178033828735352,0.5,True
77777777,46637,10,14.774663251510404,41.599756479263306,0.6242424242424242,True
77777777,46638,10,8.885459073346132,28.481738090515137,0.4666666666666666,True
77777777,46639,10,9.125696728367615,29.090048372745514,-0.006060606060606061,True
77777777,46640,10,5.064530363616352,18.390738129615784,0.6969696969696969,True
77777777,46641,6,7.141360849525479,22.986598134040833,0.48571428571428577,True
77777777,46642,10,7.230546830463313,20.31215226650238,0.06666666666666665,True
77777777,46643,3,8.435822453192861,20.469892144203186,0.5,True
77777777,46644,9,8.498188614300718,29.05271625518799,0.31666666666666665,True
77777777,46645,10,7.936054187148792,23.16135835647583,0.0303030303030303,True
77777777,46646,7,6.39025783172025,16.704396724700928,0.7142857142857144,True
77777777,46647,10,3.3394102329861157,10.09318208694458,0.19999999999999998,True
77777777,46649,7,6.956186933925775,23.454743266105652,0.9642857142857145,True
77777777,46650,8,6.94267424145659,21.800954341888428,0.7857142857142858,True
77777777,46651,10,9.490324892795178,30.406347915530205,0.16363636363636364,True
77777777,46652,10,9.550125432257179,33.15169131755829,0.13939393939393938,True
77777777,46654,6,6.910901716492361,17.505923748016357,0.08571428571428573,True
77777777,46655,9,4.477353047383818,15.750324249267578,0.48333333333333334,True
77777777,46656,10,9.173733302449463,22.920307636260986,0.5515151515151515,True
77777777,46657,5,5.8184386088959545,16.611682415008545,0.49999999999999994,True
77777777,46659,7,12.484411184173124,35.527153730392456,0.3214285714285715,True
77777777,46660,10,3.5550318968224994,11.522533416748047,0.23636363636363633,True
77777777,46661,10,7.939175277057939,25.88144713640213,0.4424242424242424,True
77777777,46662,8,8.817018763459291,32.148378014564514,0.523809523809524,True
77777777,46663,8,2.5811527049143255,8.244618356227875,0.6190476190476191,True
77777777,46665,10,3.1462869929401527,8.618278503417969,0.8666666666666665,True
77777777,46666,8,9.652168092037899,30.579384803771973,0.8095238095238096,True
77777777,46668,8,7.274381114889028,20.851765632629395,0.4523809523809524,True
77777777,46671,10,4.756057333560434,17.615687131881714,-0.2606060606060606,True
77777777,46673,7,3.2621828911860344,9.86713194847107,0.6785714285714287,True
77777777,46674,9,5.400612698042639,14.513242244720459,0.39999999999999997,True
77777777,46678,6,1.8882012038918896,5.051865935325623,0.6,True
77777777,46679,6,5.548886612785216,16.14469337463379,0.8285714285714287,True
77777777,46681,8,7.886045840234864,24.21229577064514,0.6190476190476191,True
77777777,46682,1,0.0,0.0,,False
77777777,46683,10,4.974891770266753,12.144755065441132,0.7454545454545454,True
77777777,46684,9,3.6043500953818235,12.495866537094116,0.2333333333333333,True
77777777,46685,8,8.979653338980869,33.232171058654785,0.4523809523809524,True
77777777,46686,9,6.471823192741001,18.709524154663086,-0.5,True
77777777,46688,9,8.993437343582508,33.79152774810791,0.2833333333333333,True
77777777,46689,8,5.287668676875513,17.238884925842285,-0.09523809523809526,True
77777777,46690,9,10.386623370330035,27.946104526519775,-0.16666666666666669,True
77777777,46691,10,6.4130500385694695,17.806740283966064,0.4424242424242424,True
77777777,46693,8,4.482328747343873,15.28051483631134,0.4285714285714286,True
77777777,46694,10,5.233755596199027,17.42177963256836,-0.5272727272727272,True
77777777,46695,5,11.923483187504683,31.033855438232422,0.09999999999999999,True
77777777,46696,9,7.863270895591312,23.82676100730896,0.08333333333333334,True
77777777,46697,10,7.423103657672808,24.828006744384766,0.19999999999999998,True
77777777,46698,7,2.7839992470607045,8.392635703086853,-0.07142857142857144,True
77777777,46700,9,6.841305754173087,19.186854660511017,0.7166666666666667,True
77777777,46701,9,6.976407259747263,25.162859678268433,0.3666666666666667,True
77777777,46702,1,0.0,0.0,,False
77777777,46703,6,6.262392697931502,20.312959671020508,-0.028571428571428574,True
77777777,46705,7,7.606307249967297,26.495919704437256,0.3214285714285715,True
77777777,46706,9,9.681056161409115,28.04926872253418,0.7999999999999999,True
77777777,46707,3,7.893735687644009,17.00704801082611,0.5,True
77777777,46708,8,8.785436877186863,25.109760850667953,0.8095238095238096,True
77777777,46709,10,12.688607188375004,41.27775287628174,-0.6727272727272726,True
77777777,46710,8,8.448310490168115,25.24663817882538,0.4285714285714286,True
77777777,46711,8,2.5730661185713886,7.424276113510132,-0.07142857142857144,True
77777777,46712,5,6.3898191843693315,17.51549530029297,0.8999999999999998,True
77777777,46713,10,6.933334249628492,23.07251536846161,0.6,True
77777777,46714,7,9.055476644732543,30.195376455783844,0.4642857142857144,True
77777777,46715,4,14.063331252451333,35.475117683410645,0.7999999999999999,True
77777777,46716,7,4.853562669247297,14.062792584300041,0.42857142857142866,True
77777777,46717,9,8.423743395733208,26.96241283416748,0.7166666666666667,True
77777777,46718,9,7.588804834249799,22.130688667297363,0.6333333333333333,True
77777777,46719,5,2.4611339640301906,6.216982841491699,0.6,True
77777777,46720,6,2.5915482811695623,7.605006694793701,0.5428571428571429,True
77777777,46721,8,12.036773149790715,38.19155693054199,0.523809523809524,True
77777777,46722,10,9.998352555912522,36.20102173089981,0.4424242424242424,True
77777777,46723,10,5.107006828011179,14.762744665145874,-0.17575757575757575,True
77777777,46724,8,7.063631136348266,22.704532623291016,0.4523809523809524,True
77777777,46725,10,6.141724543952821,22.181152045726776,0.5151515151515151,True
77777777,46726,10,8.02010823568118,28.618460536003113,0.5272727272727272,True
77777777,46729,8,5.817089967471413,18.26469326019287,0.4285714285714286,True
77777777,46730,10,3.3261780696789387,11.72654926776886,0.1515151515151515,True
77777777,46731,9,6.824228243986491,24.441028475761414,0.8166666666666667,True
77777777,46732,10,6.356517005862597,17.27460289001465,0.6,True
77777777,46733,10,5.775554172811105,20.94731307029724,0.06666666666666665,True
77777777,46734,8,4.855842304234888,15.88681149482727,0.5714285714285715,True
77777777,46735,1,0.0,0.0,,False
77777777,46736,9,2.8319654424053566,7.449029207229614,0.25,True
77777777,46737,6,8.419497363870962,24.545201241970062,0.2571428571428572,True
77777777,46738,7,8.217201242204913,21.325690552592278,0.6071428571428572,True
77777777,46739,8,8.872237545834283,32.02622699737549,-0.11904761904761905,True
77777777,46740,5,7.206536199868301,21.01790690422058,0.39999999999999997,True
77777777,46743,9,5.155552629617327,18.866002202033997,0.31666666666666665,True
77777777,46745,10,6.708153889230288,19.781695008277893,0.5878787878787878,True
77777777,46747,10,9.525944351361975,25.640737414360046,0.4666666666666666,True
77777777,46749,8,4.2996097075856055,14.719782829284668,0.07142857142857144,True
77777777,46750,10,9.191151366130033,28.275458693504333,0.49090909090909085,True
77777777,46751,8,1.350492963401934,4.5080119371414185,0.4523809523809524,True
77777777,46753,9,2.9844093395384688,8.943316221237183,0.26666666666666666,True
77777777,46754,9,1.9921934251723608,6.474042907357216,0.26666666666666666,True
77777777,46755,8,5.013422396282606,16.589344382286072,0.6428571428571429,True
77777777,46756,8,7.496520776848434,20.991628646850586,0.4285714285714286,True
77777777,46758,9,2.44802876486982,6.7000815868377686,0.15,True
77777777,46759,8,6.146225659030501,18.94819211959839,-0.2380952380952381,True
77777777,46760,8,14.760230497823803,40.69047713279724,0.19047619047619052,True
77777777,46761,7,1.8650512409687934,6.022237420082092,-0.1785714285714286,True
77777777,46763,10,5.93417979765552,18.479501247406006,0.11515151515151514,True
77777777,46764,10,7.173597566044251,25.11636573076248,0.32121212121212117,True
77777777,46765,8,3.713097664903855,8.854240417480469,0.880952380952381,True
77777777,46766,8,14.17939062222497,43.131967544555664,0.7380952380952381,True
77777777,46767,6,5.950653062224295,17.887099146842957,0.6,True
77777777,46768,9,9.813133174268899,30.645363807678223,0.7999999999999999,True
77777777,46770,8,7.9705309611698985,28.56599235534668,0.023809523809523815,True
77777777,46771,1,0.0,0.0,,False
77777777,46773,9,7.334249753884025,24.98845386505127,0.4666666666666666,True
77777777,46774,9,9.104323541752212,26.07065486907959,-0.08333333333333334,True
77777777,46775,8,3.852352432254061,13.796539783477783,0.11904761904761905,True
77777777,46776,9,4.834812729697937,16.237733125686646,0.6166666666666666,True
77777777,46777,8,8.094339230348734,27.12910747528076,0.5714285714285715,True
77777777,46778,8,7.272408840704362,23.541940093040466,0.5952380952380953,True
77777777,46779,4,5.998654986488524,13.64916729927063,0.39999999999999997,True
77777777,46780,9,6.374427355367212,23.296815037727356,-0.26666666666666666,True
77777777,46781,9,6.876375946833245,21.14129328727722,0.43333333333333335,True
77777777,46782,10,8.045446966734156,25.9377920627594,0.13939393939393938,True
77777777,46783,8,4.375165285360652,16.622593879699707,0.4761904761904762,True
77777777,46784,7,7.119761955027914,23.181325435638428,0.9642857142857145,True
77777777,46785,10,6.552322484833752,17.571078419685364,0.6363636363636362,True
77777777,46786,10,8.427438076300534,28.50546646118164,0.7696969696969697,True
77777777,46789,7,15.675907597211527,47.77046871185303,0.3571428571428572,True
77777777,46790,10,3.167558301959176,10.782713890075684,0.6848484848484848,True
77777777,46791,8,6.441826663019819,21.734612464904785,0.6428571428571429,True
77777777,46792,7,2.3937413353469945,7.054029107093811,0.3571428571428572,True
77777777,46793,10,6.245314829943736,18.647539973258972,0.2121212121212121,True
77777777,46794,9,5.172811699481728,13.791876912117004,0.6333333333333333,True
77777777,46795,7,7.341201925297509,23.58130168914795,-0.1785714285714286,True
77777777,46796,3,3.533453339301729,8.363703593611717,0.5,True
77777777,46797,10,4.6596666898039665,14.79753828048706,0.6121212121212121,True
77777777,46798,1,0.0,0.0,,False
77777777,46799,5,3.171883412025799,7.9711012840271,-0.6,True
77777777,46801,8,2.3636262422392575,7.978097200393677,0.8095238095238096,True
77777777,46802,7,5.713801088480299,16.13089668750763,0.7142857142857144,True
77777777,46803,9,7.736685611672925,25.05792762339115,-0.08333333333333334,True
77777777,46804,10,6.4648215703212895,20.712169528007507,0.6969696969696969,True
77777777,46805,10,8.19017625630025,20.639124155044556,0.12727272727272726,True
77777777,46808,10,5.0332875941369295,15.2949378490448,0.3696969696969697,True
77777777,46809,7,3.416403886555557,10.112707376480103,0.7857142857142859,True
77777777,46810,7,4.355001526503543,13.948763370513916,0.4642857142857144,True
77777777,46811,8,5.425309306739185,15.085242986679077,0.6190476190476191,True
77777777,46815,9,3.8494627091897438,11.477933809161186,0.16666666666666669,True
77777777,46817,8,3.822276761271837,12.370164275169373,0.38095238095238104,True
77777777,46818,9,14.12998683654924,39.5536413192749,0.5499999999999999,True
77777777,46819,10,2.7791081873433927,9.048246383666992,0.8303030303030302,True
77777777,46820,5,3.6660229461290044,8.893586337566376,0.7,True
77777777,46821,8,6.818041237996891,18.934829235076904,0.3333333333333334,True
77777777,46822,6,7.102791408267936,20.69510167837143,0.028571428571428574,True
77777777,46823,10,5.444463910527319,17.57910919189453,0.7696969696969697,True
77777777,46824,8,3.1506072119072948,9.86866807937622,0.261904761904762,True
77777777,46826,10,4.204694994925703,15.304379940032959,-0.3696969696969697,True
77777777,46829,5,6.327284835567417,17.398130416870117,0.9999999999999999,True
77777777,46830,10,6.830841147340692,24.764673233032227,-0.0303030303030303,True
77777777,46831,9,2.7606886524993195,11.018187522888184,0.5166666666666667,True
77777777,46832,9,5.521361728420949,21.592557549476624,0.41666666666666663,True
77777777,46833,10,8.254785347280915,29.987624168395996,0.8181818181818182,True
77777777,46835,10,3.4472170137450098,11.089308738708496,-0.10303030303030303,True
77777777,46836,10,7.559609301708587,22.420094966888428,0.7333333333333332,True
77777777,46837,8,9.726127262713353,25.09601402282715,0.3333333333333334,True
77777777,46840,8,6.466361503304798,21.001046299934387,0.261904761904762,True
77777777,46843,10,4.094702679251963,14.824605941772461,0.43030303030303024,True
77777777,46844,3,9.680203103394602,23.607425212860107,0.5,True
77777777,46845,9,4.614577872309789,13.720529556274414,0.049999999999999996,True
77777777,46846,9,5.44636160500086,17.863744020462036,0.03333333333333333,True
77777777,46847,7,3.1027456199212495,8.851354479789734,-0.3214285714285715,True
77777777,46848,10,5.006588000020604,18.211777210235596,0.7575757575757575,True
77777777,46850,3,5.7467637711963775,13.27856159210205,0.5,True
77777777,46851,8,5.252880715436088,15.339577838778496,0.6190476190476191,True
77777777,46852,10,5.970669756049033,23.290910720825195,0.7333333333333332,True
77777777,46853,9,5.557422308183747,18.068225860595703,0.48333333333333334,True
77777777,46855,9,8.216798621341423,29.442861080169678,0.48333333333333334,True
77777777,46856,8,6.667625283567425,23.696876049041748,0.4523809523809524,True
77777777,46857,7,2.822991513538612,6.823757886886597,0.42857142857142866,True
77777777,46858,5,9.30895005201879,24.43144989013672,0.7,True
77777777,46860,9,8.52149060901796,30.961880683898926,0.7833333333333333,True
77777777,46861,10,3.959992590241261,15.393668428063393,0.23636363636363633,True
77777777,46862,9,5.252425049347243,17.025584936141968,0.7666666666666667,True
77777777,46863,10,5.636509072053372,17.95925807952881,0.7575757575757575,True
77777777,46864,3,5.0610776923907315,12.152052879333496,0.5,True
77777777,46865,8,4.268428581549563,11.36813110113144,0.7857142857142858,True
77777777,46866,1,0.0,0.0,,False
77777777,46867,1,0.0,0.0,,False
77777777,46869,10,2.5673994448542232,8.425271987915039,0.19999999999999998,True
77777777,46870,5,6.3458991799961355,17.90706729888916,0.3,True
77777777,46871,5,4.700102148349267,11.49295437335968,0.0,True
77777777,46873,8,6.358454636186814,19.094295501708984,0.2380952380952381,True
77777777,46875,5,1.3385319362354295,3.5459229946136475,-0.3,True
77777777,46876,7,4.322491864474393,12.879321575164795,0.5,True
77777777,46877,8,2.98008315186282,10.389477759599686,-0.2142857142857143,True
77777777,46878,10,2.743331993459914,8.85070538520813,0.8666666666666665,True
77777777,46881,10,8.458424058763079,25.819465160369873,0.7575757575757575,True
77777777,46883,9,6.610515584803974,16.310115218162537,0.26666666666666666,True
77777777,46884,9,9.532544722394146,30.18736720085144,0.31666666666666665,True
77777777,46885,10,8.043429449053777,26.215592861175537,0.05454545454545454,True
77777777,46886,10,5.258413568458204,19.79007911682129,0.6363636363636362,True
77777777,46888,9,5.136101534041882,15.874480247497559,0.08333333333333334,True
77777777,46889,10,6.614786642836384,24.503953456878662,0.5272727272727272,True
77777777,46890,9,2.143478403866309,6.596330404281616,0.75,True
77777777,46891,8,6.103609991335309,19.721515417099,0.7142857142857144,True
77777777,46893,10,5.479202327485602,16.88758659362793,0.7333333333333332,True
77777777,46894,9,6.927454022802701,22.699871063232422,0.5333333333333333,True
77777777,46895,8,10.027800535759617,32.1454039812088,0.6190476190476191,True
77777777,46896,10,3.8537021796176347,14.543959259986877,0.43030303030303024,True
77777777,46897,8,4.0791615537731225,12.377707600593567,-0.1666666666666667,True
77777777,46898,3,7.934952589334151,19.336969956755638,1.0,True
77777777,46899,1,0.0,0.0,,False
77777777,46900,9,5.908131890168381,19.816563606262207,0.9166666666666666,True
77777777,46901,10,5.98791458333648,18.503432750701904,0.7696969696969697,True
77777777,46903,8,5.245830991925303,18.30179226398468,0.3333333333333334,True
77777777,46904,6,8.735997961256576,21.949103236198425,0.48571428571428577,True
77777777,46905,9,6.011114432425675,23.881256103515625,0.8666666666666667,True
77777777,46906,5,4.441895269286007,12.384057998657227,0.8999999999999998,True
77777777,46907,9,4.9615340444786815,15.95691454410553,0.16666666666666669,True
77777777,46908,8,4.130629334180481,14.035386085510254,-0.04761904761904763,True
77777777,46909,5,4.019558754144577,11.004269540309906,0.7,True
77777777,46910,7,3.615946629619428,11.860034227371216,0.6785714285714287,True
77777777,46911,10,4.617965916486524,15.308003425598145,0.43030303030303024,True
77777777,46912,8,6.256751114328897,21.42611837387085,0.28571428571428575,True
77777777,46913,10,5.623015544833939,22.596444725990295,0.38181818181818183,True
77777777,46914,10,4.093640637825105,14.987833634018898,0.17575757575757575,True
77777777,46915,1,0.0,0.0,,False
77777777,46916,10,5.2933299048195,19.20449209213257,-0.29696969696969694,True
77777777,46918,9,7.198376743971295,23.377285957336426,0.7,True
77777777,46922,2,2.5185766220092773,5.037153244018555,-0.9999999999999999,True
77777777,46923,10,11.596731440500212,41.763121604919434,0.43030303030303024,True
77777777,46924,9,6.517711115797988,21.412875056266785,0.3666666666666667,True
77777777,46925,8,5.775410397880117,15.322129145264626,0.30952380952380953,True
77777777,46926,8,7.8575141845087515,24.810755416750908,0.6666666666666669,True
77777777,46929,8,3.9791129339807014,13.787280559539795,0.4761904761904762,True
77777777,46930,10,7.690406281237238,27.63891315460205,0.7696969696969697,True
77777777,46931,6,3.210379462586795,9.478086471557617,0.7714285714285715,True
77777777,46933,9,10.818764533370048,37.180016040802,0.45,True
77777777,46934,7,6.8512832414420775,20.79033899307251,0.8571428571428573,True
77777777,46935,5,3.8693650094408785,11.85625970363617,0.3,True
77777777,46936,7,5.468732360854026,16.97289752960205,0.42857142857142866,True
77777777,46937,7,5.707305892616695,17.88700497150421,0.7500000000000002,True
77777777,46938,2,9.369897663593292,18.739795327186584,0.9999999999999999,True
77777777,46939,9,4.608246956448,11.802524209022522,-0.11666666666666665,True
77777777,46940,9,7.144439064158406,25.819602012634277,0.48333333333333334,True
77777777,46941,10,7.998557526688462,30.149840235710144,0.6484848484848483,True
77777777,46942,10,5.8841265869028385,23.7126624584198,0.7575757575757575,True
77777777,46943,7,4.306037435194136,12.162089824676514,0.25,True
77777777,46944,8,6.894290820996176,21.65170979499817,0.6904761904761906,True
77777777,46945,2,12.201632499694824,24.40326499938965,0.9999999999999999,True
77777777,46946,7,2.5907104168584802,7.295847177505493,0.7500000000000002,True
77777777,46947,9,5.523716468328147,17.281574249267578,-0.06666666666666667,True
77777777,46948,10,4.939801884601601,13.089143514633179,-0.11515151515151514,True
77777777,46949,7,3.7785106897564043,10.829919219017029,0.8571428571428573,True
77777777,46950,9,6.404103341606169,19.14210295677185,0.5,True
77777777,46952,8,5.937174079884895,17.003806591033936,0.3333333333333334,True
77777777,46953,9,1.6290316683154014,4.712690129876137,-0.06666666666666667,True
77777777,46954,9,11.794334257000633,41.04497241973877,0.25,True
77777777,46955,10,5.722119873176021,21.280695527791977,-0.17575757575757575,True
77777777,46957,9,7.987557464555121,23.529353141784668,-0.08333333333333334,True
77777777,46958,10,3.727903608732019,14.476307153701782,0.22424242424242422,True
77777777,46959,4,10.368749314735025,27.504754185676575,0.7999999999999999,True
77777777,46960,7,12.693177386742512,33.61178684234619,0.7500000000000002,True
77777777,46961,8,3.463100840489901,10.50811117887497,-0.3571428571428572,True
77777777,46962,8,3.9767969593957457,10.803134620189667,0.261904761904762,True
77777777,46963,7,9.843453505852342,26.09842824935913,0.4642857142857144,True
77777777,46965,2,8.680219113826752,17.360438227653503,0.9999999999999999,True
77777777,46966,8,2.4026372540615135,8.127631664276123,0.3333333333333334,True
77777777,46967,9,3.656009397242979,11.743220761418343,0.45,True
77777777,46969,7,1.843335409125626,5.839564561843872,0.5,True
77777777,46972,8,10.411500570318001,36.33721923828125,0.7857142857142858,True
77777777,46974,8,4.991975352702441,14.001225471496582,0.30952380952380953,True
77777777,46975,3,1.162616581693857,2.7836737632751465,-1.0,True
77777777,46976,9,5.568937134491064,17.368663907051086,0.9,True
77777777,46977,8,2.463872659943826,8.510492205619812,0.4523809523809524,True
77777777,46978,7,3.4301201710964255,10.997185230255127,0.7500000000000002,True
77777777,46979,9,5.154299912668383,18.631546020507812,0.5666666666666667,True
77777777,46980,8,10.142595279072175,25.79314947128296,0.6428571428571429,True
77777777,46981,8,10.627294759130438,31.84894847869873,0.6428571428571429,True
77777777,46982,9,7.396999841636321,24.52854323387146,0.5333333333333333,True
77777777,46983,3,9.574161263011195,21.401817798614502,0.5,True
77777777,46986,8,4.6263345037003045,14.039793968200684,0.023809523809523815,True
77777777,46987,10,5.713775396361674,21.007766008377075,0.6848484848484848,True
77777777,46989,4,5.622268164094524,14.23273253440857,0.7999999999999999,True
77777777,46990,7,6.417131459542795,19.03642749786377,0.9642857142857145,True
77777777,46991,9,6.201348674507523,19.131467938423157,0.08333333333333334,True
77777777,46992,7,4.34954779634983,14.21605384349823,0.5357142857142858,True
77777777,46994,4,9.145437535078843,24.431055784225464,0.7999999999999999,True
77777777,46996,10,9.040237815060237,34.769338846206665,-0.10303030303030303,True
77777777,46997,9,6.69292330918097,21.658742904663086,0.9666666666666667,True
77777777,46998,9,3.594600802312449,10.07871389389038,-0.25,True
77777777,46999,9,7.021845824923793,22.010343551635742,0.7166666666666667,True
77777777,47000,10,10.54614278121267,32.47018501162529,0.709090909090909,True
77777777,47001,8,6.342684637229334,22.77365016937256,0.6190476190476191,True
77777777,47002,5,9.714267958015386,25.599388122558594,0.7,True
77777777,47004,7,8.335476321952328,25.616450786590576,0.8571428571428573,True
77777777,47005,10,3.356684818194198,12.121094584465027,0.0303030303030303,True
77777777,47007,10,2.129844238638694,5.972042918205261,0.2606060606060606,True
77777777,47008,3,3.425846489164185,7.832385063171387,1.0,True
77777777,47010,10,2.4715171205247084,7.078689694404602,0.6727272727272726,True
77777777,47011,5,8.353292313091963,25.734189748764038,0.09999999999999999,True
77777777,47012,8,4.337705355092675,14.021562576293945,0.14285714285714288,True
77777777,47013,7,3.1154417911907637,8.555652379989624,0.8928571428571429,True
77777777,47015,2,12.00655221939087,24.01310443878174,0.9999999999999999,True
77777777,47016,9,4.34198499062152,16.173877477645874,-0.45,True
77777777,47017,4,7.484369259711192,19.104928374290466,0.39999999999999997,True
77777777,47018,9,7.105827897557935,22.958404541015625,0.2333333333333333,True
77777777,47020,9,7.672648516177064,23.739256858825684,0.7166666666666667,True
77777777,47021,7,4.177161149591725,14.296440124511719,0.5357142857142858,True
77777777,47022,10,3.858610693957566,13.973937511444092,0.309090909090909,True
77777777,47023,10,7.320392259794561,24.155755519866943,0.43030303030303024,True
77777777,47024,10,4.480509193613207,17.94605541229248,0.7939393939393938,True
77777777,47025,8,3.9436372177835586,12.628886699676514,0.9285714285714287,True
77777777,47026,8,7.020538902461654,24.240041971206665,0.5952380952380953,True
77777777,47027,10,3.091540906257195,10.204819798469543,-0.04242424242424241,True
77777777,47028,8,2.3343063157377313,6.696133852005005,0.8095238095238096,True
77777777,47029,7,3.1091375218237873,10.33661413192749,0.7500000000000002,True
77777777,47030,7,8.826422483703686,23.338607013225555,0.42857142857142866,True
77777777,47032,3,2.8836362775160578,6.975011587142944,1.0,True
77777777,47034,8,7.49269424606318,20.60152244567871,0.7619047619047621,True
77777777,47035,6,6.1064234984323456,18.277843713760376,0.6571428571428573,True
77777777,47036,10,6.157716266905307,18.822832107543945,0.24848484848484845,True
77777777,47037,3,11.410427781300912,27.901455879211426,1.0,True
77777777,47038,9,5.748731798055923,18.62623929977417,0.38333333333333336,True
77777777,47039,10,7.760189164718481,26.16613334417343,-0.4424242424242424,True
77777777,47041,1,0.0,0.0,,False
77777777,47042,8,3.311771844256033,10.535515666007996,0.5000000000000001,True
77777777,47043,10,4.695188609155318,18.269756317138672,0.7939393939393938,True
77777777,47044,6,9.546180504838226,29.542667746543884,0.5428571428571429,True
77777777,47045,6,4.522096238709275,14.282506465911865,0.3142857142857143,True
77777777,47046,10,8.659144526392685,25.86354649066925,0.22424242424242422,True
77777777,47047,9,4.378414144906365,17.005205050110817,-0.2333333333333333,True
77777777,47048,8,8.584308439197061,25.844095945358276,0.523809523809524,True
77777777,47049,10,4.987074660137532,16.447322845458984,0.8545454545454544,True
77777777,47050,9,4.938683834171514,19.70932912826538,0.18333333333333335,True
77777777,47051,8,7.465036245112001,21.833271145820618,0.5952380952380953,True
77777777,47052,10,4.832362194566125,17.596955180168152,0.5030303030303029,True
77777777,47053,2,12.75114393234253,25.50228786468506,0.9999999999999999,True
77777777,47055,10,5.305052884360777,15.342046976089478,0.6969696969696969,True
77777777,47056,10,4.014386522183802,11.29548692703247,0.5636363636363636,True
77777777,47058,7,11.444537611697745,28.61882869899273,0.4642857142857144,True
77777777,47060,6,2.9018726147593363,8.847400903701782,0.14285714285714288,True
77777777,47061,8,9.867734154517429,30.319351196289062,0.8571428571428572,True
77777777,47062,9,10.363518199195353,29.141858100891113,-0.016666666666666666,True
77777777,47063,9,5.246682508930736,17.722975254058838,0.15,True
77777777,47064,9,3.611598286480878,10.838992595672607,0.7833333333333333,True
77777777,47066,6,7.88250445339729,20.91665506362915,0.8857142857142858,True
77777777,47067,7,4.093556175857615,12.87669849395752,0.8928571428571429,True
77777777,47068,3,7.641166784956275,17.16927480697632,1.0,True
77777777,47069,8,8.240248352577618,23.53903365135193,-0.38095238095238104,True
77777777,47070,8,2.526459294150024,7.675508499145508,0.5714285714285715,True
77777777,47071,9,4.948273492978631,15.927676796913147,0.6333333333333333,True
77777777,47072,9,6.227828421011581,24.024599194526672,-0.06666666666666667,True
77777777,47073,9,8.784389412130317,25.046809673309326,0.08333333333333334,True
77777777,47074,10,2.395085137096311,9.055149674415588,0.6363636363636362,True
77777777,47076,10,5.939851469025608,17.338035583496094,0.6363636363636362,True
77777777,47077,10,13.29049770603432,38.77407240867615,0.2727272727272727,True
77777777,47078,8,10.497393295386841,34.718953132629395,0.4285714285714286,True
77777777,47079,10,3.099581334713287,11.100220084190369,0.6606060606060605,True
77777777,47080,9,8.62008405224069,24.774873733520508,0.35,True
77777777,47081,7,6.263918487666333,17.467947602272034,0.5357142857142858,True
77777777,47082,6,7.985604852150843,20.50429105758667,0.3142857142857143,True
77777777,47083,7,10.322339148600667,27.653470039367676,0.39285714285714296,True
77777777,47084,7,10.198628648283703,29.0189208984375,-0.03571428571428572,True
77777777,47085,8,6.029913788837116,18.18021196126938,0.3571428571428572,True
77777777,47086,7,2.9151546242971067,8.92022705078125,0.0,True
77777777,47087,9,10.42205966661774,31.68128365278244,0.2833333333333333,True
77777777,47088,10,4.690163835103728,15.9661283493042,0.49090909090909085,True
77777777,47089,10,11.258946795222439,40.035932540893555,0.5030303030303029,True
77777777,47090,10,8.640655587481678,30.57338523864746,0.7575757575757575,True
77777777,47091,10,5.293599090443743,16.705071449279785,0.4545454545454545,True
77777777,47092,8,8.202214134342167,26.35607612133026,-0.09523809523809526,True
77777777,47093,8,6.818796717958236,19.8611478805542,0.5952380952380953,True
77777777,47094,6,16.391782818154965,46.557366371154785,0.3714285714285715,True
77777777,47095,10,2.532169237184402,8.22431230545044,0.7818181818181817,True
77777777,47097,6,15.762422892467352,37.77864456176758,0.14285714285714288,True
77777777,47098,10,8.263406881294275,21.385854721069336,0.6484848484848483,True
77777777,47099,8,7.181534015497188,18.698240637779236,0.8095238095238096,True
77777777,47100,8,8.004591237050894,22.169356644153595,0.261904761904762,True
77777777,47101,10,5.059865809784806,18.405590653419495,0.32121212121212117,True
77777777,47102,10,6.5516552961098755,26.03743886947632,0.7212121212121211,True
77777777,47104,1,0.0,0.0,,False
77777777,47105,8,7.944258567169004,24.7208034992218,0.4047619047619048,True
77777777,47106,8,5.9418684707791645,19.172484397888184,0.5000000000000001,True
77777777,47107,9,12.160719982653342,33.43566918373108,0.8166666666666667,True
77777777,47108,4,2.7309177549709993,7.638975977897644,0.39999999999999997,True
77777777,47110,10,4.243988482870958,14.354488372802734,0.5151515151515151,True
77777777,47111,7,7.212080500480784,25.679502606391907,0.7500000000000002,True
77777777,47112,9,9.19578853249306,30.122859120368958,0.65,True
77777777,47113,8,3.8313463165144617,12.012779951095581,0.9047619047619048,True
77777777,47114,10,10.327101348758843,34.39166235923767,0.6727272727272726,True
77777777,47115,10,8.17465113099737,30.44685208797455,0.4666666666666666,True
77777777,47116,6,6.855174733529159,22.345457077026367,0.6,True
77777777,47117,9,2.533918637975855,7.8191680908203125,-0.26666666666666666,True
77777777,47118,10,8.682315128673856,21.84359896183014,-0.07878787878787878,True
77777777,47119,6,8.204522993557175,21.077057361602783,0.942857142857143,True
77777777,47120,9,3.411980210789665,9.753868103027344,0.5,True
77777777,47121,8,6.1938438770563184,19.259244203567505,0.09523809523809526,True
77777777,47122,3,0.5484523721553628,1.2342537641525269,0.5,True
77777777,47123,7,3.440781555729345,11.831783771514893,0.8571428571428573,True
77777777,47124,9,5.065875682029106,19.285280227661133,0.35,True
77777777,47125,7,5.020410606583338,15.130159378051758,-0.28571428571428575,True
77777777,47128,9,6.464900842270506,22.04942560195923,0.049999999999999996,True
77777777,47130,10,4.733251771740706,14.728490471839905,0.29696969696969694,True
77777777,47131,8,8.098605403945253,21.990901947021484,0.4761904761904762,True
77777777,47132,7,1.801074360113609,5.739114761352539,0.07142857142857144,True
77777777,47133,5,3.979578862217431,9.482600450515747,0.3,True
77777777,47134,10,6.390208138074974,25.2451491355896,-0.28484848484848485,True
77777777,47135,10,9.4885601288062,36.45157015323639,0.43030303030303024,True
77777777,47136,10,1.5036502794103277,5.520729064941406,-0.8060606060606059,True
77777777,47137,9,4.619341549382671,16.024129390716553,0.41666666666666663,True
77777777,47138,7,2.578512163288794,8.109243154525757,-0.07142857142857144,True
77777777,47139,10,4.812521705582891,18.933602571487427,0.05454545454545454,True
77777777,47140,9,8.975328730397324,29.137540623545647,0.8333333333333333,True
77777777,47141,7,4.844967116165693,13.70393705368042,0.7857142857142859,True
77777777,47142,9,3.7213580640930797,12.575414896011353,0.03333333333333333,True
77777777,47143,5,4.785626765984729,12.323948845267296,-0.49999999999999994,True
77777777,47144,9,4.505353306096679,14.921771049499512,0.3666666666666667,True
77777777,47145,10,5.458078253312019,18.06264853477478,0.49090909090909085,True
77777777,47146,8,2.1891458141304874,7.4041290283203125,0.7619047619047621,True
77777777,47147,6,7.878064413227277,25.978590726852417,0.7142857142857143,True
77777777,47151,9,8.452253557233005,24.378296852111816,0.5166666666666667,True
77777777,47152,10,3.6258784784393248,12.099028944969177,0.6242424242424242,True
77777777,47154,5,3.2846866676375828,8.393003344535828,0.39999999999999997,True
77777777,47155,10,7.893743016991143,27.255314707756042,0.8787878787878788,True
77777777,47156,7,2.391019823599998,7.55533766746521,0.9642857142857145,True
77777777,47157,9,9.998108993100116,31.680152773857117,-0.5166666666666667,True
77777777,47158,1,0.0,0.0,,False
77777777,47159,10,3.250861453506213,11.258012771606445,0.8060606060606059,True
77777777,47160,8,6.919533321809633,20.395545601844788,0.8095238095238096,True
77777777,47161,6,3.5908902111601013,10.825399398803711,0.5428571428571429,True
77777777,47163,6,14.774128004050981,39.91754627227783,0.4285714285714286,True
77777777,47165,6,8.50460887110184,22.466320395469666,0.3714285714285715,True
77777777,47166,6,5.783420057824218,15.912659287452698,0.4285714285714286,True
77777777,47168,8,4.856953136621689,15.838160037994385,0.7380952380952381,True
77777777,47169,1,0.0,0.0,,False
77777777,47170,8,8.605900130360228,26.806292235851288,0.0,True
77777777,47171,8,8.02150467262035,25.615650177001953,0.5952380952380953,True
77777777,47172,10,6.516340402033595,19.08136749267578,0.5757575757575757,True
77777777,47175,7,5.964773779785619,21.764928817749023,0.4642857142857144,True
77777777,47177,9,6.1757062617184655,22.157007098197937,0.5499999999999999,True
77777777,47179,8,7.8152386596784424,23.080914974212646,0.7857142857142858,True
77777777,47181,8,8.502581837861669,28.615159511566162,0.7857142857142858,True
77777777,47182,8,9.705944597469228,36.02988624572754,0.6190476190476191,True
77777777,47183,8,5.103588003934673,15.104849576950073,-0.19047619047619052,True
77777777,47185,8,5.96034637761094,15.122204422950745,0.5714285714285715,True
77777777,47186,9,9.392666631149861,31.41917848587036,0.7,True
77777777,47187,10,3.3790659511766155,12.091612815856934,0.06666666666666665,True
77777777,47188,10,8.41075612657446,30.775222778320312,0.6606060606060605,True
77777777,47189,10,7.35496513845362,27.646627068519592,0.22424242424242422,True
77777777,47191,1,0.0,0.0,,False
77777777,47192,4,4.290001549159692,11.278644561767578,0.19999999999999998,True
77777777,47193,8,5.52111342141993,16.199573516845703,0.023809523809523815,True
77777777,47197,10,8.439622065276337,27.586003303527832,0.6242424242424242,True
77777777,47198,9,10.078266977763322,32.1314172744751,0.33333333333333337,True
77777777,47199,9,3.3311008175596606,11.6948823928833,0.9666666666666667,True
77777777,47200,8,5.840013990885055,19.392582297325134,0.4285714285714286,True
77777777,47201,9,8.695634885487516,31.475197792053223,0.06666666666666667,True
77777777,47202,6,7.2910300030165525,20.09839689731598,0.48571428571428577,True
77777777,47203,9,6.741899410339743,22.882424235343933,0.7833333333333333,True
77777777,47205,10,9.797836214873541,27.581478118896484,0.8181818181818182,True
77777777,47207,10,5.495266325681079,20.585406184196472,0.16363636363636364,True
77777777,47209,2,6.093447208404541,12.186894416809082,0.9999999999999999,True
77777777,47210,8,2.596104515231131,7.345673084259033,0.6904761904761906,True
77777777,47211,10,10.308698537741062,35.74114215373993,0.709090909090909,True
77777777,47212,10,6.966266092750437,20.61936616897583,-0.2121212121212121,True
77777777,47213,10,7.225598496396976,24.075753331184387,0.07878787878787878,True
77777777,47214,7,6.4581426078547715,21.335901260375977,0.0,True
77777777,47216,3,9.840871227971128,23.283006191253662,0.5,True
77777777,47217,8,9.589060747849913,34.02275276184082,0.6904761904761906,True
77777777,47219,10,8.562783857238198,27.646692991256714,0.9030303030303028,True
77777777,47220,10,7.883089575802726,28.9757342338562,0.34545454545454546,True
77777777,47221,10,5.40750697533855,17.743040084838867,0.8060606060606059,True
77777777,47222,8,1.7083381973055114,6.0461437702178955,-0.09523809523809526,True
77777777,47223,10,6.443105161959732,21.72222328186035,0.2727272727272727,True
77777777,47225,7,6.408951423389084,18.46489191055298,0.642857142857143,True
77777777,47226,9,3.622830909514283,10.373152375221252,0.9500000000000001,True
77777777,47227,10,5.776786555430062,17.58666718006134,0.2606060606060606,True
77777777,47228,10,9.538116648545754,36.68367290496826,0.38181818181818183,True
77777777,47229,8,5.293772535624454,13.847202062606812,0.1666666666666667,True
77777777,47230,10,4.500790204429209,18.07570292055607,0.38181818181818183,True
77777777,47231,7,7.919794148592341,26.10289430618286,0.3214285714285715,True
77777777,47233,10,6.123459116602058,21.40008306503296,0.709090909090909,True
77777777,47234,10,5.796857117318361,21.62830625474453,0.6484848484848483,True
77777777,47235,8,9.518848920845185,23.7451331615448,-0.2142857142857143,True
77777777,47236,10,5.623115880397035,19.299110889434814,-0.10303030303030303,True
77777777,47237,3,9.811689544705652,21.72967290878296,0.5,True
77777777,47239,9,3.932704097715162,12.554619312286377,0.3666666666666667,True
77777777,47241,8,2.2034854052226267,7.710618615150452,0.880952380952381,True
77777777,47242,8,12.095636281317782,33.78027957677841,0.9047619047619048,True
77777777,47243,10,7.431856358557127,19.002479076385498,-0.2727272727272727,True
77777777,47245,7,8.452675592005628,23.295663475990295,0.7142857142857144,True
77777777,47247,4,5.867460057260124,15.703964710235596,0.7999999999999999,True
77777777,47248,8,6.36251027419717,20.694082736968994,0.4047619047619048,True
77777777,47249,7,9.794346767176195,24.88882827758789,0.3571428571428572,True
77777777,47250,7,8.231298470689723,26.507226705551147,0.5357142857142858,True
77777777,47251,8,6.527791460784436,23.323437571525574,0.5714285714285715,True
77777777,47252,7,3.8958474820785285,12.795235872268677,0.642857142857143,True
77777777,47253,8,9.704078062068833,26.812140941619873,0.4761904761904762,True
77777777,47254,2,5.303247809410095,10.60649561882019,0.9999999999999999,True
77777777,47256,2,12.900523662567139,25.801047325134277,0.9999999999999999,True
77777777,47258,10,7.558973650670746,29.639780044555664,0.6484848484848483,True
77777777,47259,9,8.876120852430978,24.290488123893738,0.7333333333333334,True
77777777,47261,8,7.650099570259249,21.755616188049316,0.19047619047619052,True
77777777,47263,10,4.400588537878408,16.437121987342834,0.19999999999999998,True
77777777,47264,3,9.001368711278987,20.595906734466553,0.5,True
77777777,47265,8,6.193094705797788,19.86079978942871,-0.023809523809523815,True
77777777,47266,10,13.466413288035278,44.20277643203735,0.5151515151515151,True
77777777,47268,8,7.981009717865896,24.08391809463501,0.0,True
77777777,47269,8,5.777027699738398,17.53496503829956,0.6190476190476191,True
77777777,47271,8,2.2847718365985106,7.190688133239746,0.261904761904762,True
77777777,47273,9,9.678415538470091,32.059818267822266,0.7833333333333333,True
77777777,47274,1,0.0,0.0,,False
77777777,47276,8,2.58323145926708,9.24773120880127,0.8571428571428572,True
77777777,47278,8,3.9008558991644096,13.606691241264343,0.3333333333333334,True
77777777,47279,9,3.818214248974168,12.969499588012695,0.7333333333333334,True
77777777,47280,10,2.5793471550277127,9.015548825263977,0.406060606060606,True
77777777,47281,10,3.244061812161436,11.814675211906433,0.19999999999999998,True
77777777,47284,9,8.841597036162971,33.98796844482422,0.8166666666666667,True
77777777,47286,9,5.782852956312162,20.094120025634766,0.21666666666666667,True
77777777,47287,7,5.014735661414158,14.829586505889893,0.8214285714285715,True
77777777,47289,6,11.100039982114385,31.509766578674316,0.2571428571428572,True
77777777,47290,10,8.335674880621427,30.801341891288757,0.19999999999999998,True
77777777,47291,9,4.8868586757132855,15.301198601722717,0.41666666666666663,True
77777777,47293,1,0.0,0.0,,False
77777777,47294,6,2.093445615639026,5.798417508602142,0.028571428571428574,True
77777777,47297,9,4.375182553614634,11.64734423160553,-0.26666666666666666,True
77777777,47298,10,11.06597386785348,36.499748945236206,0.32121212121212117,True
77777777,47299,7,11.979030894867494,37.712924003601074,0.14285714285714288,True
77777777,47300,7,3.9865863024458723,13.427698656916618,0.642857142857143,True
77777777,47301,8,6.00529959536343,16.82866883277893,0.7380952380952381,True
77777777,47303,10,11.685182183667518,45.41373920440674,0.6727272727272726,True
77777777,47304,10,2.128335134281912,8.065572261810303,0.18787878787878787,True
77777777,47305,7,5.0484570074696205,18.353022575378418,0.0,True
77777777,47306,10,4.312163402698565,14.984626412391663,0.09090909090909088,True
77777777,47307,9,2.542383645694962,8.301602244377136,0.09999999999999999,True
77777777,47308,6,11.44232708353953,28.380316257476807,-0.028571428571428574,True
77777777,47310,9,7.637356231556749,26.409565925598145,0.2333333333333333,True
77777777,47311,5,11.368696467045448,29.22489833831787,0.8999999999999998,True
77777777,47312,3,5.9653871600723685,14.019507884979248,-0.5,True
77777777,47313,7,4.06945322158284,14.332734107971191,0.39285714285714296,True
77777777,47316,10,5.608276105356428,19.828213214874268,0.4787878787878787,True
77777777,47317,10,4.093110317532278,13.857837677001953,0.7212121212121211,True
77777777,47318,9,4.4022229272375055,13.715237125754356,0.25,True
77777777,47320,10,3.634011279146124,10.809180736541748,0.406060606060606,True
77777777,47321,9,8.893878731001353,29.89253433048725,0.39999999999999997,True
77777777,47322,10,3.9594099198361827,11.544231817126274,0.309090909090909,True
77777777,47324,1,0.0,0.0,,False
77777777,47325,5,3.623254812212955,9.917624473571777,-0.3,True
77777777,47326,5,2.605823723438653,7.382328510284424,0.3,True
77777777,47327,8,7.474453014561928,22.153321266174316,0.7619047619047621,True
77777777,47328,7,7.582879956406759,19.38200742006302,0.7500000000000002,True
77777777,47329,9,13.54939886975749,41.5013370513916,0.18333333333333335,True
77777777,47330,9,10.009377611722165,33.987796783447266,0.5,True
77777777,47332,6,6.695599976692962,22.295051097869873,0.7714285714285715,True
77777777,47334,8,3.394340969025952,10.592337891459465,-0.7857142857142858,True
77777777,47335,8,8.333197489881709,24.974125027656555,0.4523809523809524,True
77777777,47336,4,2.2110065891712147,5.51179838180542,0.7999999999999999,True
77777777,47337,7,10.58719317457015,27.23114514350891,0.5357142857142858,True
77777777,47338,9,5.835551030387739,19.79736566543579,0.5499999999999999,True
77777777,47341,8,5.396486287635304,18.64365577697754,0.4523809523809524,True
77777777,47342,9,2.009663616232547,6.174535512924194,-0.15,True
77777777,47343,7,6.9366581662468185,18.65445375442505,0.642857142857143,True
77777777,47344,9,7.798130311248786,29.057222366333008,0.31666666666666665,True
77777777,47345,10,6.865750566333692,25.67267405986786,0.7454545454545454,True
77777777,47346,10,4.948557583537242,17.049605131149292,-0.006060606060606061,True
77777777,47347,7,2.277632248569659,6.052223086357117,-0.14285714285714288,True
77777777,47348,5,14.100027988543761,38.3047981262207,0.7,True
77777777,47350,9,2.2011243756364367,7.672561168670654,0.6,True
77777777,47351,6,2.3339334848859306,6.1433082818984985,0.4285714285714286,True
77777777,47352,10,9.237855865856828,28.9560604095459,0.6969696969696969,True
77777777,47353,5,15.906653676175447,46.078453063964844,0.09999999999999999,True
77777777,47354,8,4.438855668995603,14.702287018299103,0.4285714285714286,True
77777777,47355,7,5.495430045163312,14.426686882972717,0.8214285714285715,True
77777777,47356,3,16.40887749569932,38.626928210258484,0.5,True
77777777,47358,4,1.6777845168727703,4.391712784767151,-1.0,True
77777777,47359,8,10.507980832955976,31.96395206451416,0.523809523809524,True
77777777,47361,10,10.711899554349202,39.38722801208496,0.7696969696969697,True
77777777,47362,10,7.471947143779925,26.10946273803711,0.406060606060606,True
77777777,47364,9,3.5737198445790406,10.837825655937195,-0.15,True
77777777,47365,10,2.2314844843004433,7.01816201210022,0.17575757575757575,True
77777777,47367,9,10.398049743244353,29.297649383544922,0.8499999999999999,True
77777777,47368,7,10.057693151439562,32.18573957681656,0.7500000000000002,True
77777777,47369,8,6.757743366990101,18.402295231819153,0.5952380952380953,True
77777777,47371,10,8.143393505498446,29.20710790157318,0.32121212121212117,True
77777777,47372,10,3.732749034234904,14.727509260177612,0.04242424242424241,True
77777777,47373,10,6.948713800678427,25.715867519378662,0.19999999999999998,True
77777777,47374,10,3.956577520169652,12.784794330596924,0.6363636363636362,True
77777777,47375,9,6.773192419224841,23.644442200660706,0.26666666666666666,True
77777777,47377,9,6.947734381625292,25.777233064174652,0.06666666666666667,True
77777777,47380,7,6.776749944330777,19.677323579788208,0.5,True
77777777,47381,10,5.6994768539380445,19.59589993953705,0.28484848484848485,True
77777777,47382,9,2.2499442489628123,7.067309305071831,0.7666666666666667,True
77777777,47384,9,6.426994767368358,22.71047741174698,-0.016666666666666666,True
77777777,47385,7,6.6307884459526845,20.780621707439423,-0.42857142857142866,True
77777777,47386,10,1.8706607623288114,5.995611786842346,0.6606060606060605,True
77777777,47387,6,9.344995136783202,24.803726196289062,0.8857142857142858,True
77777777,47388,6,6.697250006630546,21.355645656585693,0.6,True
77777777,47390,8,6.751108982955766,23.267817318439484,0.9047619047619048,True
77777777,47391,7,2.1889158368085573,7.721845492720604,0.8571428571428573,True
77777777,47392,2,1.6866784989833832,3.3733569979667664,-0.9999999999999999,True
77777777,47393,8,7.346335713327396,19.184354186058044,0.523809523809524,True
77777777,47394,7,6.403176126041834,21.812772750854492,0.6071428571428572,True
77777777,47396,9,4.316657382254918,15.292155265808105,0.65,True
77777777,47397,9,4.601894208857861,13.026387453079224,0.6833333333333333,True
77777777,47399,6,4.8594019588624136,12.59414929151535,0.7714285714285715,True
77777777,47400,10,6.915765819170029,24.51593828201294,0.7333333333333332,True
77777777,47401,8,4.3254108674046865,13.408620357513428,0.5000000000000001,True
77777777,47402,8,6.936028569353326,17.35608673095703,0.880952380952381,True
77777777,47404,6,8.960603475223115,27.067479133605957,0.7714285714285715,True
77777777,47405,9,8.310995329346149,26.170907840132713,0.15,True
77777777,47406,10,7.978565431374736,27.386584281921387,0.8303030303030302,True
77777777,47408,9,3.282714189351845,11.548867225646973,0.6333333333333333,True
77777777,47409,8,5.769907604795255,16.621161460876465,0.261904761904762,True
77777777,47411,9,1.4757605111812333,4.646120548248291,0.45,True
77777777,47412,9,5.787213596879927,19.770455360412598,0.7,True
77777777,47413,6,4.591022222318375,12.751693606376648,0.3714285714285715,True
77777777,47415,7,8.588098503326245,27.269192457199097,0.8214285714285715,True
77777777,47417,9,10.501185280851018,34.740132331848145,0.2333333333333333,True
77777777,47418,1,0.0,0.0,,False
77777777,47419,9,3.545792056103269,11.878066778182983,0.5833333333333334,True
77777777,47420,9,9.549163362543307,36.5314826965332,0.5,True
77777777,47421,10,5.217671164687843,14.170477867126465,0.9515151515151514,True
77777777,47422,10,5.512659039345803,20.856611132621765,0.04242424242424241,True
77777777,47425,10,7.666500859545031,25.515254735946655,0.13939393939393938,True
77777777,47426,9,8.078387079911792,23.523898422718048,0.16666666666666669,True
77777777,47427,2,6.07507461309433,12.15014922618866,0.9999999999999999,True
77777777,47428,7,12.34049451124719,27.970242142677307,-0.5357142857142858,True
77777777,47429,2,0.7195651456713676,1.4391302913427353,0.9999999999999999,True
77777777,47431,9,5.446874189338753,16.49920415878296,0.75,True
77777777,47432,9,5.566908809324323,18.8247389793396,0.45,True
77777777,47433,2,3.8043845295906067,7.608769059181213,0.9999999999999999,True
77777777,47434,6,7.092336602604716,22.334240913391113,-0.028571428571428574,True
77777777,47435,10,9.015984012299699,26.692543506622314,0.3939393939393939,True
77777777,47436,10,7.763327452744517,25.67086887359619,0.43030303030303024,True
77777777,47437,8,6.591289505752889,20.887349605560303,0.2142857142857143,True
77777777,47438,7,8.140268976726876,24.274497032165527,-0.10714285714285716,True
77777777,47439,6,4.3055023001425825,13.22375202178955,0.3142857142857143,True
77777777,47440,10,6.357829475337637,16.642027854919434,0.6606060606060605,True
77777777,47441,8,3.9892497598193026,13.323136806488037,0.9761904761904763,True
77777777,47442,10,8.68244814158076,27.923673629760742,0.9393939393939393,True
77777777,47443,8,5.998104578791892,21.23021125793457,-0.28571428571428575,True
77777777,47444,2,9.417303562164307,18.834607124328613,0.9999999999999999,True
77777777,47445,10,11.37961070148023,31.468221068382263,0.6727272727272726,True
77777777,47446,5,2.892833967497756,7.107707381248474,0.7999999999999999,True
77777777,47447,7,6.248553847459445,21.298627257347107,0.21428571428571433,True
77777777,47448,7,4.484542221220024,14.326396942138672,0.6785714285714287,True
77777777,47449,9,6.169297063587194,18.209559619426727,-0.016666666666666666,True
77777777,47450,8,4.601276650383489,14.806744575500488,0.7142857142857144,True
77777777,47453,5,1.8533670652325815,5.072043776512146,0.8999999999999998,True
77777777,47454,9,4.294659931708554,14.51030683517456,0.7999999999999999,True
77777777,47456,9,7.456328830356975,24.03416134417057,0.43333333333333335,True
77777777,47457,9,4.318098191224871,14.952972650527954,0.7333333333333334,True
77777777,47458,9,6.521665219560479,19.52697515487671,0.7833333333333333,True
77777777,47461,8,5.073642240644127,16.569130420684814,0.6190476190476191,True
77777777,47463,9,7.917363679241886,26.11624324321747,0.7333333333333334,True
77777777,47464,5,9.568609388205948,25.172434091567993,0.39999999999999997,True
77777777,47465,9,4.69468067774461,15.899124383926392,0.8166666666666667,True
77777777,47466,4,7.250481993368106,18.198774337768555,0.19999999999999998,True
77777777,47467,6,5.362498662500408,15.366201996803284,0.48571428571428577,True
77777777,47469,9,3.9649951188505637,14.211788058280945,0.5166666666666667,True
77777777,47470,6,6.7627071101558,18.039502143859863,0.6571428571428573,True
77777777,47472,10,7.34839158943802,22.000510454177856,-0.006060606060606061,True
77777777,47474,9,12.036620989037477,43.61479169130325,-0.5499999999999999,True
77777777,47475,5,4.40148313047379,12.368272185325623,0.6,True
77777777,47476,10,6.913123675539144,23.955732345581055,0.6363636363636362,True
77777777,47477,9,5.219961100667277,19.109854340553284,0.6,True
77777777,47478,8,12.533829572558409,41.98262691497803,0.5714285714285715,True
77777777,47479,3,12.987830500758262,29.532634735107422,0.5,True
77777777,47480,9,5.533381913136001,17.13125228881836,0.09999999999999999,True
77777777,47481,4,4.861017078562219,12.001956939697266,0.7999999999999999,True
77777777,47482,10,6.279278667797453,25.40118932723999,0.18787878787878787,True
77777777,47483,10,5.784856075971345,20.082533836364746,0.5636363636363636,True
77777777,47484,2,10.583618998527527,21.167237997055054,0.9999999999999999,True
77777777,47485,10,6.50875381145444,24.380362033843994,0.18787878787878787,True
77777777,47486,8,7.324587831970257,24.65820026397705,0.5952380952380953,True
77777777,47487,10,3.3226666612956297,10.222198963165283,0.7939393939393938,True
77777777,47488,9,3.475865277182745,11.17197060585022,0.8333333333333333,True
77777777,47490,7,11.722124564791063,28.213043108582497,-0.10714285714285716,True
77777777,47491,3,7.034716310180752,16.538557648658752,1.0,True
77777777,47493,7,2.571402968846723,7.762331008911133,0.9642857142857145,True
77777777,47494,10,2.911587239232636,9.154113292694092,0.34545454545454546,True
77777777,47498,8,8.248495704606427,23.99328088760376,0.30952380952380953,True
77777777,47499,6,4.94062312137438,14.655640602111816,0.942857142857143,True
77777777,47500,9,5.8786360179071,20.24648916721344,0.39999999999999997,True
77777777,47501,9,4.998558320918492,15.52094316482544,-0.03333333333333333,True
77777777,47502,2,9.601413488388062,19.202826976776123,0.9999999999999999,True
77777777,47503,7,2.838695937760609,8.535025358200073,0.642857142857143,True
77777777,47504,10,2.9916599327198705,9.127653956413269,0.6606060606060605,True
77777777,47505,9,6.3048012596268475,21.799256086349487,-0.09999999999999999,True
77777777,47506,10,3.307353990833599,11.960790157318115,0.41818181818181815,True
77777777,47508,6,3.8056726356909816,9.961843609809875,0.5428571428571429,True
77777777,47509,5,2.9827135684690314,8.483955264091492,0.3,True
77777777,47510,10,12.26009513744225,51.63962745666504,0.17575757575757575,True
77777777,47511,5,5.176553293843002,14.633156597614288,0.6,True
77777777,47512,9,5.6952200284407795,21.15554141998291,0.5,True
77777777,47514,5,7.060067978201035,15.86031436920166,0.3,True
77777777,47515,10,9.755795028690953,35.63099527359009,0.8545454545454544,True
77777777,47516,10,3.261559376623093,10.7509206533432,-0.22424242424242422,True
77777777,47517,8,10.262918856201244,32.60629653930664,-0.04761904761904763,True
77777777,47518,8,4.016085820753281,10.556423425674438,0.4523809523809524,True
77777777,47519,10,7.95594522099212,24.609846115112305,0.06666666666666665,True
77777777,47521,10,4.624666058310893,13.648833751678467,0.4545454545454545,True
77777777,47523,9,9.69694748184375,27.44112741947174,0.6166666666666666,True
77777777,47525,9,9.1864214149601,32.75825786590576,0.16666666666666669,True
77777777,47526,10,9.003617446136522,35.34004306793213,0.8666666666666665,True
77777777,47529,10,4.423005914655558,16.013298273086548,-0.13939393939393938,True
77777777,47530,7,3.2962785879019276,11.17417860031128,0.21428571428571433,True
77777777,47532,8,6.199525648097236,16.995713233947754,0.5476190476190477,True
77777777,47533,10,3.857495464856119,14.432328343391418,0.4545454545454545,True
77777777,47534,7,7.033358558154617,23.055882453918457,0.07142857142857144,True
77777777,47535,7,6.132380653986455,18.647010803222656,0.5,True
77777777,47536,9,2.8195998137454987,9.791425347328186,0.75,True
77777777,47538,7,8.808672041009473,31.438281059265137,0.28571428571428575,True
77777777,47539,9,3.3634206521957295,11.499152183532715,0.5666666666666667,True
77777777,47540,10,7.590298216432849,28.481637954711914,0.6727272727272726,True
77777777,47542,10,7.456411123383781,26.764326572418213,0.17575757575757575,True
77777777,47544,8,3.0675919094684105,9.462476372718811,0.7857142857142858,True
77777777,47545,9,4.217038287218554,13.345104694366455,0.5,True
77777777,47546,7,5.035597037726856,14.309832572937012,0.7857142857142859,True
77777777,47547,3,3.5473279493674887,8.671170592308044,-0.5,True
77777777,47548,10,8.444561525537845,25.496716022491455,0.7333333333333332,True
77777777,47550,6,6.638469629196731,17.613436222076416,0.48571428571428577,True
77777777,47551,10,8.365074663039985,25.93915069103241,0.9393939393939393,True
77777777,47553,4,10.262270559420068,25.90407371520996,0.0,True
77777777,47554,10,11.32490042346002,32.59331852197647,0.06666666666666665,True
77777777,47555,7,4.0994083474132355,13.418028354644775,-0.03571428571428572,True
77777777,47556,9,5.052727639762852,16.17576038837433,0.15,True
77777777,47557,7,5.105088465328412,16.904603958129883,0.9642857142857145,True
77777777,47558,8,11.042151501866869,32.339284896850586,0.8571428571428572,True
77777777,47559,8,8.723690825302198,27.57693910598755,0.30952380952380953,True
77777777,47561,4,5.302906284661024,13.032890796661377,0.7999999999999999,True
77777777,47562,10,1.9564717436877883,5.790804862976074,0.6969696969696969,True
77777777,47563,8,6.61257818260419,21.83135223388672,0.2380952380952381,True
77777777,47564,10,1.3956489907837908,5.4576748460531235,0.28484848484848485,True
77777777,47566,4,6.107573677228227,15.242013931274414,0.39999999999999997,True
77777777,47567,10,4.354995995947525,14.038533329963684,-0.06666666666666665,True
77777777,47568,7,13.686955496601225,35.083059310913086,0.7500000000000002,True
77777777,47569,6,5.820117108871324,17.24019432067871,0.3714285714285715,True
77777777,47570,10,2.1835547234702264,6.404232323169708,0.18787878787878787,True
77777777,47571,9,12.446804530766286,39.83988273143768,0.31666666666666665,True
77777777,47572,8,13.650721861165861,41.66123580932617,0.7619047619047621,True
77777777,47573,7,7.93427758020939,22.139541566371918,0.1785714285714286,True
77777777,47574,10,9.983076996677482,37.10727643966675,0.49090909090909085,True
77777777,47575,7,7.545226344016331,23.963496208190918,0.5357142857142858,True
77777777,47576,6,9.516387331140532,28.941115856170654,0.5428571428571429,True
77777777,47577,10,8.565719135587138,27.194846153259277,0.13939393939393938,True
77777777,47578,10,9.309386666686963,27.979975700378418,0.5030303030303029,True
77777777,47580,10,3.4287593763124993,11.427886962890625,0.6363636363636362,True
77777777,47581,8,6.545992789042815,21.105981826782227,0.38095238095238104,True
77777777,47582,9,2.6853511566474246,6.484065160155296,0.33333333333333337,True
77777777,47583,10,6.53532054902579,23.553443431854248,0.43030303030303024,True
77777777,47584,9,9.86571644604803,28.90973937511444,-0.06666666666666667,True
77777777,47586,8,1.9169468499620765,5.647570908069611,0.30952380952380953,True
77777777,47587,3,13.12600773418449,28.2241153717041,0.5,True
77777777,47588,8,3.991719810859486,12.453919529914856,0.3571428571428572,True
77777777,47589,8,2.747994273284869,10.033313632011414,0.7619047619047621,True
77777777,47591,10,4.143638010693125,13.64933443069458,0.8666666666666665,True
77777777,47593,8,6.752663193950352,21.818202018737793,-0.11904761904761905,True
77777777,47594,9,2.4220559046767627,8.54432661831379,0.5499999999999999,True
77777777,47595,8,7.906325061865628,22.607045769691467,0.1666666666666667,True
77777777,47597,8,9.185970128612025,26.658913612365723,0.6190476190476191,True
77777777,47598,10,5.1027277056102855,15.931349754333496,0.3939393939393939,True
77777777,47601,4,9.99134987788873,24.296799644827843,0.7999999999999999,True
77777777,47602,8,7.846369557637284,22.267916440963745,0.19047619047619052,True
77777777,47603,8,5.55535995063002,19.145430088043213,0.7857142857142858,True
77777777,47604,4,9.35690922946859,23.039453625679016,0.7999999999999999,True
77777777,47605,10,3.1012541779110485,10.663923501968384,0.16363636363636364,True
77777777,47607,10,6.212667818820108,19.678423404693604,0.24848484848484845,True
77777777,47608,8,4.595601132322687,16.055906772613525,0.023809523809523815,True
77777777,47609,8,8.09294602446918,26.673843517899513,0.7857142857142858,True
77777777,47612,7,9.512510533510728,26.06616449356079,0.8928571428571429,True
77777777,47613,9,4.938229443021131,16.396387100219727,-0.31666666666666665,True
77777777,47614,10,5.3699136148482145,18.147237300872803,0.05454545454545454,True
77777777,47615,10,3.449914514721976,9.516700029373169,0.5272727272727272,True
77777777,47616,7,5.539382435935517,14.589451313018799,0.1785714285714286,True
77777777,47617,10,11.252943866861395,40.51623344421387,0.3939393939393939,True
77777777,47618,6,5.441082347570062,14.793871641159058,-0.08571428571428573,True
77777777,47619,3,10.224208015058926,23.113709449768066,0.5,True
77777777,47621,8,6.443185307697525,22.74883460998535,0.8095238095238096,True
77777777,47622,9,5.517942418760052,18.8146071434021,0.39999999999999997,True
77777777,47623,9,8.513797979856715,31.599178314208984,0.3,True
77777777,47624,10,8.737141358974071,28.733580589294434,0.6,True
77777777,47625,10,4.923295489326052,18.11967658996582,0.7818181818181817,True
77777777,47626,1,0.0,0.0,,False
77777777,47627,8,4.795774280990007,14.675742268562317,0.8333333333333335,True
77777777,47628,1,0.0,0.0,,False
77777777,47629,8,4.894232673681493,15.33845329284668,0.6904761904761906,True
77777777,47631,7,10.962904151544437,27.48528563976288,0.42857142857142866,True
77777777,47632,10,5.301092525594883,16.009207844734192,0.7454545454545454,True
77777777,47633,9,4.923982572345103,20.17522430419922,0.38333333333333336,True
77777777,47634,10,12.218550892080946,40.39853763580322,0.7818181818181817,True
77777777,47636,8,13.408755536102534,43.1666145324707,0.5476190476190477,True
77777777,47638,9,6.980283442992693,25.541739583015442,0.21666666666666667,True
77777777,47639,10,7.208046153234599,25.40649652481079,0.5636363636363636,True
77777777,47640,7,4.6455054067844195,15.819433212280273,0.7500000000000002,True
77777777,47642,10,6.171652826597211,25.140421390533447,0.7454545454545454,True
77777777,47643,10,8.37788851652835,31.94965124130249,0.12727272727272726,True
77777777,47644,8,5.609559683827255,16.34733298420906,0.8333333333333335,True
77777777,47646,10,7.489518386356306,21.93648099899292,0.8909090909090909,True
77777777,47647,9,9.492391541394097,27.59087038040161,0.7166666666666667,True
77777777,47648,6,3.573020151814228,11.65867331624031,0.6571428571428573,True
77777777,47649,1,0.0,0.0,,False
77777777,47650,9,5.703931569961179,18.419946670532227,0.7833333333333333,True
77777777,47651,10,6.27080464430015,21.831768035888672,0.6848484848484848,True
77777777,47652,10,5.071110827817984,17.81975483894348,0.5636363636363636,True
77777777,47655,10,5.512563668391987,21.695924282073975,0.5151515151515151,True
77777777,47656,5,7.4237637293427365,21.146528005599976,0.8999999999999998,True
77777777,47657,4,8.381235245113935,21.646127700805664,0.7999999999999999,True
77777777,47658,10,2.85796968922445,9.805670738220215,0.6121212121212121,True
77777777,47659,10,2.5733097307915145,7.6653358936309814,0.1515151515151515,True
77777777,47660,9,5.260334011233309,15.537310123443604,0.31666666666666665,True
77777777,47661,10,11.087878160119805,34.24993133544922,0.8545454545454544,True
77777777,47662,7,5.788797246340807,17.15930812060833,0.39285714285714296,True
77777777,47663,10,6.038812275957278,20.921305179595947,0.7696969696969697,True
77777777,47664,9,10.338711072546781,34.875606179237366,0.7999999999999999,True
77777777,47665,9,5.174959077639017,19.671815276145935,0.45,True
77777777,47666,7,6.096500195023548,20.680968403816223,0.642857142857143,True
77777777,47667,7,5.7968842105199245,19.341679573059082,1.0,True
77777777,47668,10,6.212477745488013,22.318953037261963,-0.18787878787878787,True
77777777,47669,10,6.411158593886328,22.087322235107422,0.7818181818181817,True
77777777,47670,9,5.685565934181026,20.52473521232605,-0.13333333333333333,True
77777777,47671,10,8.54185809230844,26.961702466011047,0.5030303030303029,True
77777777,47673,10,6.577469752549428,23.966218948364258,0.5151515151515151,True
77777777,47674,7,3.266469118523839,9.166594982147217,0.8571428571428573,True
77777777,47675,10,1.8916479826670602,7.009477615356445,0.8424242424242423,True
77777777,47676,10,7.792007014976248,21.2391095161438,0.9151515151515152,True
77777777,47677,9,3.5269813787909325,13.139823317527771,0.5333333333333333,True
77777777,47678,10,4.1610093848977785,12.928452491760254,0.6848484848484848,True
77777777,47680,10,2.934715288310122,11.237639665603638,0.2606060606060606,True
77777777,47682,10,3.890089331990001,14.12073278427124,0.5636363636363636,True
77777777,47683,8,2.4156638245188438,6.404208183288574,0.5000000000000001,True
77777777,47684,7,3.8445405629970977,10.926588773727417,0.21428571428571433,True
77777777,47685,7,4.675018315700248,14.162253975868225,0.1785714285714286,True
77777777,47687,2,10.43006432056427,20.86012864112854,0.9999999999999999,True
77777777,47688,9,5.4989355025433735,18.424314498901367,0.2333333333333333,True
77777777,47689,7,4.651776774681052,14.983522891998291,0.8571428571428573,True
77777777,47690,8,9.03819507655148,30.893365383148193,0.6190476190476191,True
77777777,47691,9,8.77828499154301,24.534045815467834,0.7833333333333333,True
77777777,47692,9,8.543409917854342,31.15989327430725,0.8833333333333333,True
77777777,47693,7,10.867164013551543,26.64151406288147,0.642857142857143,True
77777777,47694,10,7.542864914229201,21.419583797454834,0.7575757575757575,True
77777777,47695,10,4.479891414324593,16.984400510787964,0.7696969696969697,True
77777777,47696,9,8.35898305865674,28.47887909412384,0.08333333333333334,True
77777777,47698,7,11.575516414827469,32.6729850769043,-0.39285714285714296,True
77777777,47700,10,4.472134998859641,16.542290687561035,-0.34545454545454546,True
77777777,47701,10,12.636477391317612,33.31697082519531,-0.12727272727272726,True
77777777,47702,10,6.6920469145193575,18.301145553588867,0.7939393939393938,True
77777777,47703,8,5.76320875981681,14.798399209976196,0.14285714285714288,True
77777777,47705,8,6.571838736704408,22.818639278411865,0.7142857142857144,True
77777777,47706,8,12.59500089900476,35.544167041778564,0.7380952380952381,True
77777777,47707,7,10.294127746672613,23.88557481765747,-0.1785714285714286,True
77777777,47708,8,8.4636882833081,27.06809474527836,0.11904761904761905,True
77777777,47709,10,3.4375532609390773,13.302219271659851,0.24848484848484845,True
77777777,47710,10,7.3846662878106,20.476425886154175,0.10303030303030303,True
77777777,47711,10,2.6330039593249563,8.514168858528137,0.5757575757575757,True
77777777,47713,3,7.007352735992571,15.465614557266235,0.5,True
77777777,47714,10,3.1039116984769546,9.275856971740723,0.309090909090909,True
77777777,47715,7,2.926408485718004,8.782737731933594,0.8214285714285715,True
77777777,47716,6,15.004838886631157,43.3512978553772,-0.08571428571428573,True
77777777,47718,10,8.953073157291405,35.34428298473358,0.5757575757575757,True
77777777,47720,1,0.0,0.0,,False
77777777,47721,10,7.08369795124259,24.98552703857422,0.6242424242424242,True
77777777,47722,9,3.185165436584012,9.748579978942871,0.5666666666666667,True
77777777,47723,1,0.0,0.0,,False
77777777,47724,9,6.779654587619365,20.764095306396484,0.5833333333333334,True
77777777,47726,10,6.448423221408298,23.829059600830078,0.18787878787878787,True
77777777,47727,8,12.531515797945167,33.60639762878418,0.6666666666666669,True
77777777,47728,1,0.0,0.0,,False
77777777,47730,8,7.043049267739667,24.637794971466064,0.6428571428571429,True
77777777,47731,10,5.169620616708885,18.823086738586426,0.38181818181818183,True
77777777,47732,10,7.400213186307302,22.46459873020649,0.4545454545454545,True
77777777,47733,9,4.698891342020989,14.706730365753174,0.11666666666666665,True
77777777,47734,9,7.998007278756277,27.707858204841614,0.38333333333333336,True
77777777,47735,8,5.713363856954453,20.010852336883545,0.3333333333333334,True
77777777,47736,8,3.8026996125460926,13.971403241157532,0.3571428571428572,True
77777777,47737,7,15.27897179232976,49.46965408325195,-0.28571428571428575,True
77777777,47738,9,5.530691895654305,19.94763320684433,-0.06666666666666667,True
77777777,47740,8,5.173000405457517,17.3395938873291,0.3333333333333334,True
77777777,47741,7,12.16501843865273,35.034947991371155,0.8571428571428573,True
77777777,47743,9,4.2985475497606975,16.69166386127472,-0.016666666666666666,True
77777777,47744,6,6.281689955419537,20.891860961914062,0.6571428571428573,True
77777777,47745,9,9.535740052674067,32.29194092750549,0.7833333333333333,True
77777777,47746,10,3.670749343418432,11.852585792541504,0.7696969696969697,True
77777777,47747,10,3.941258091389372,13.951633214950562,-0.11515151515151514,True
77777777,47748,8,4.364636197179598,15.101008415222168,0.38095238095238104,True
77777777,47749,10,9.558857655752899,27.38493537902832,0.35757575757575755,True
77777777,47750,6,18.405673827456,45.50248408317566,0.3142857142857143,True
77777777,47752,6,9.887914273911305,29.290983200073242,0.028571428571428574,True
77777777,47753,10,9.281664309581073,28.513892769813538,0.8787878787878788,True
77777777,47754,8,11.760549318197585,30.33350044488907,0.30952380952380953,True
77777777,47755,7,0.8079640546734096,2.776392936706543,-0.03571428571428572,True
77777777,47756,10,4.248341188434948,15.700428128242493,0.18787878787878787,True
77777777,47757,7,9.390182572168307,23.808903455734253,0.6785714285714287,True
77777777,47758,9,3.6148496562981007,11.702415466308594,0.35,True
77777777,47759,10,8.259890581150577,28.212979316711426,0.4545454545454545,True
77777777,47760,8,14.499702346751109,45.667678236961365,0.4047619047619048,True
77777777,47761,9,11.929146563960424,34.531888857483864,0.19999999999999998,True
77777777,47762,8,5.467289221165613,18.54869508743286,0.6666666666666669,True
77777777,47763,6,4.400211383407393,11.144039750099182,0.942857142857143,True
77777777,47764,10,3.317915878997318,12.45289921760559,0.19999999999999998,True
77777777,47766,9,8.033686136832765,30.959983348846436,0.7666666666666667,True
77777777,47767,10,3.6099164303456255,13.457182884216309,0.6121212121212121,True
77777777,47768,9,7.093864192571467,22.758748054504395,0.8333333333333333,True
77777777,47770,7,5.450937008488837,16.28170347213745,0.4642857142857144,True
77777777,47771,2,5.034724473953247,10.069448947906494,0.9999999999999999,True
77777777,47772,10,7.921177087787429,31.612234115600586,0.22424242424242422,True
77777777,47773,7,6.526666303039335,21.549590945243835,0.5714285714285715,True
77777777,47775,9,8.119733488605661,28.810936450958252,0.8166666666666667,True
77777777,47776,8,7.671916500551754,23.592863127589226,0.7380952380952381,True
77777777,47777,9,3.09370227551043,10.216174364089966,0.48333333333333334,True
77777777,47778,8,9.716071922997214,31.68348878622055,0.6428571428571429,True
77777777,47779,10,6.146882958637636,22.862818956375122,0.04242424242424241,True
77777777,47780,10,8.988199702281149,35.92179489135742,-0.34545454545454546,True
77777777,47782,7,4.300885825989997,14.126110553741455,0.14285714285714288,True
77777777,47783,9,4.625623316756803,13.390613555908203,0.2333333333333333,True
77777777,47784,8,3.9669278089707847,14.457786560058594,0.6190476190476191,True
77777777,47785,9,5.9151155284198484,18.510902881622314,0.06666666666666667,True
77777777,47786,9,2.056628418413519,6.144387125968933,-0.049999999999999996,True
77777777,47788,8,4.714655471051935,14.42760181427002,0.7380952380952381,True
77777777,47790,4,2.506838793625745,6.664212226867676,1.0,True
77777777,47791,7,9.624842923325543,31.291815519332886,0.25,True
77777777,47792,8,5.00869049770103,16.308116912841797,0.5476190476190477,True
77777777,47793,10,5.300207354765196,21.322728633880615,0.5030303030303029,True
77777777,47794,10,4.867927986521405,17.17453294992447,0.38181818181818183,True
77777777,47797,7,5.71800688090613,19.183031916618347,0.7857142857142859,True
77777777,47799,8,4.8311536567875475,14.257201194763184,0.7619047619047621,True
77777777,47800,10,4.117917486010545,14.14078950881958,0.2121212121212121,True
77777777,47801,10,4.011358248419428,14.450412273406982,0.23636363636363633,True
77777777,47802,2,1.7114007398486137,3.4228014796972275,-0.9999999999999999,True
77777777,47804,10,9.08412114550175,30.320044994354248,0.6484848484848483,True
77777777,47805,8,3.6274658179954624,11.957713603973389,0.9047619047619048,True
77777777,47806,9,10.858607306764203,40.55940532684326,0.4666666666666666,True
77777777,47807,6,11.537717875692929,36.946096420288086,0.5428571428571429,True
77777777,47808,8,4.668161249929694,15.603172302246094,0.7619047619047621,True
77777777,47809,6,9.316783342301045,28.761638149619102,0.8857142857142858,True
77777777,47811,7,3.5541845497454982,10.987121760845184,0.39285714285714296,True
77777777,47812,9,4.084768242200851,13.027020454406738,0.33333333333333337,True
77777777,47813,10,6.487605537049093,18.122346878051758,0.3939393939393939,True
77777777,47814,9,8.778704584937012,26.979717791080475,0.35,True
77777777,47815,8,8.276380872765879,29.001247882843018,0.5952380952380953,True
77777777,47816,10,8.758296656841972,29.210137367248535,0.8787878787878788,True
77777777,47817,10,7.530160586101224,24.414402186870575,-0.3939393939393939,True
77777777,47818,7,9.201835301473809,26.14955234527588,0.9642857142857145,True
77777777,47819,9,8.202255434350434,23.11439073085785,0.7333333333333334,True
77777777,47820,7,10.036605303203219,32.917189598083496,0.10714285714285716,True
77777777,47821,10,9.701321175930651,38.69689607620239,-0.18787878787878787,True
77777777,47823,10,3.612090267256437,11.165387392044067,0.23636363636363633,True
77777777,47824,9,6.642392739675169,22.133846759796143,0.3666666666666667,True
77777777,47826,6,3.149521226251367,8.92727816104889,-0.3142857142857143,True
77777777,47827,9,6.158408195004551,24.222941637039185,0.3,True
77777777,47828,7,4.445728217466028,12.096104145050049,0.10714285714285716,True
77777777,47829,10,7.400192561131767,26.30957007408142,0.43030303030303024,True
77777777,47830,9,7.174789525417787,23.759867906570435,0.19999999999999998,True
77777777,47831,10,5.567248721519432,18.828251838684082,0.2606060606060606,True
77777777,47832,5,4.162294327498093,11.656023502349854,0.3,True
77777777,47836,10,6.939978468962678,24.16083264350891,0.6242424242424242,True
77777777,47837,8,2.9586321069002204,10.933196663856506,-0.4047619047619048,True
77777777,47840,10,2.967348686781969,9.482120513916016,0.4666666666666666,True
77777777,47841,10,7.9548837342591066,30.504658699035645,-0.05454545454545454,True
77777777,47844,3,4.171469942880657,10.07958173751831,1.0,True
77777777,47846,5,7.7794228724983485,21.91159200668335,0.49999999999999994,True
77777777,47847,6,2.378841050709855,6.8785505294799805,0.3142857142857143,True
77777777,47848,7,6.764406934066847,23.559210896492004,0.3214285714285715,True
77777777,47849,9,4.893906424104839,15.918177604675293,0.41666666666666663,True
77777777,47850,2,5.9365057945251465,11.873011589050293,0.9999999999999999,True
77777777,47851,9,6.894788960928477,22.232189178466797,0.6,True
77777777,47852,10,3.919907351937835,12.9395112991333,0.2727272727272727,True
77777777,47855,8,6.099484828290718,20.122828483581543,0.880952380952381,True
77777777,47856,10,2.415356154541727,7.529987931251526,0.6727272727272726,True
77777777,47857,10,3.6594286577408943,13.8003511428833,0.7939393939393938,True
77777777,47859,10,3.1411218160338374,12.607640266418457,0.9030303030303028,True
77777777,47860,9,6.856570155418953,25.788670271635056,0.7166666666666667,True
77777777,47861,6,5.846516201941491,16.673245429992676,0.028571428571428574,True
77777777,47862,6,3.4922276913670114,9.10636043548584,0.6571428571428573,True
77777777,47863,9,10.058291468055437,29.194602012634277,0.7333333333333334,True
77777777,47866,8,7.3961215680379055,25.589675903320312,0.523809523809524,True
77777777,47868,10,8.768559791627574,27.808599948883057,0.7575757575757575,True
77777777,47871,9,11.842282620054407,36.70801115036011,0.049999999999999996,True
77777777,47872,5,5.356649261943519,14.833051204681396,0.3,True
77777777,47873,10,10.616486822166927,31.820982933044434,-0.07878787878787878,True
77777777,47874,10,8.517819735477381,28.85702359676361,0.6484848484848483,True
77777777,47875,10,3.6877921848794513,12.464189887046814,0.2606060606060606,True
77777777,47876,10,7.227719877765319,25.793918132781982,0.2606060606060606,True
77777777,47877,2,1.1709529161453247,2.3419058322906494,0.9999999999999999,True
77777777,47878,10,6.7069288717407485,24.051409244537354,0.4666666666666666,True
77777777,47882,10,10.90451131072676,31.229683876037598,0.5515151515151515,True
77777777,47883,10,6.615479362046395,25.648902118206024,0.3939393939393939,True
77777777,47884,8,4.6991338593790255,15.33619737625122,0.8095238095238096,True
77777777,47885,6,7.750560722420101,18.241058230400085,-0.028571428571428574,True
77777777,47886,9,7.863636017874575,24.121351718902588,0.5333333333333333,True
77777777,47887,10,4.902034485499372,20.07249355316162,0.8787878787878788,True
77777777,47888,9,4.614138708443815,16.628342270851135,0.7166666666666667,True
77777777,47889,5,1.9916601825930893,5.900389671325684,0.09999999999999999,True
77777777,47890,9,6.641459186177619,20.298585891723633,0.45,True
77777777,47891,9,2.637747353083982,8.62113642692566,0.06666666666666667,True
77777777,47892,1,0.0,0.0,,False
77777777,47894,10,7.57336812447,24.965970754623413,0.41818181818181815,True
77777777,47895,9,9.443544430576292,33.29650890827179,0.41666666666666663,True
77777777,47897,9,5.929391534485474,19.664326786994934,0.6166666666666666,True
77777777,47898,8,10.196550293293955,31.47982358932495,0.6904761904761906,True
77777777,47901,10,11.484747563542363,37.5150146484375,0.22424242424242422,True
77777777,47902,9,7.213236064588358,23.635165214538574,0.8666666666666667,True
77777777,47903,7,12.044140173473014,36.91099500656128,0.8571428571428573,True
77777777,47905,10,5.605178660589614,18.101691246032715,-0.07878787878787878,True
77777777,47906,9,4.588110698019399,11.900192260742188,0.8333333333333333,True
77777777,47909,9,2.8387197933596977,9.228620529174805,0.5833333333333334,True
77777777,47910,7,6.387728496390472,17.21332597732544,0.7142857142857144,True
77777777,47911,10,8.314819770260616,26.36470603942871,0.7333333333333332,True
77777777,47912,9,4.076719268464857,11.651519775390625,0.8166666666666667,True
77777777,47913,7,7.165119375933144,23.905409693717957,0.8928571428571429,True
77777777,47914,7,20.623651951833963,62.731253147125244,0.1785714285714286,True
77777777,47915,9,4.361911598114191,14.664990663528442,0.5,True
77777777,47916,5,7.636976404037697,20.799843072891235,0.8999999999999998,True
77777777,47917,8,5.607823710580654,19.62704348564148,0.8571428571428572,True
77777777,47918,9,6.264987742326539,22.984700202941895,0.8499999999999999,True
77777777,47919,8,3.438098841188851,11.339319229125977,0.8095238095238096,True
77777777,47920,3,7.615371378287737,16.766656041145325,-1.0,True
77777777,47921,10,6.093349068915449,21.665144681930542,0.24848484848484845,True
77777777,47923,7,5.647364558870349,14.895575761795044,0.6785714285714287,True
77777777,47925,5,7.6238891211981334,20.906874656677246,0.7,True
77777777,47926,9,11.796318781728399,34.94748520851135,0.7666666666666667,True
77777777,47928,7,2.98531022015337,8.499920845031738,0.8214285714285715,True
77777777,47929,8,5.091366374898525,17.75807511806488,0.4047619047619048,True
77777777,47930,7,6.6898330757948425,23.445064067840576,0.39285714285714296,True
77777777,47931,6,4.8439436551073785,12.075642704963684,0.3714285714285715,True
77777777,47932,8,3.6208230030759454,13.282022476196289,0.4285714285714286,True
77777777,47933,9,6.665725043225478,20.08094024658203,0.41666666666666663,True
77777777,47934,8,9.014237501700824,25.490406036376953,0.4761904761904762,True
77777777,47935,7,3.0129919318918135,8.877509653568268,0.7142857142857144,True
77777777,47936,7,4.546495779524513,12.925467133522034,0.42857142857142866,True
77777777,47937,10,8.470824800919095,25.833858013153076,0.04242424242424241,True
77777777,47938,5,7.135664679591483,20.109661102294922,0.3,True
77777777,47940,7,5.286591629680206,14.576617956161499,0.8571428571428573,True
77777777,47942,9,10.947778078577066,42.185590744018555,0.3666666666666667,True
77777777,47943,9,8.489366155494375,28.599059462547302,0.6,True
77777777,47944,10,7.333465570627677,26.915318489074707,0.07878787878787878,True
77777777,47945,7,8.381289998494827,30.319550156593323,0.7500000000000002,True
77777777,47946,2,5.617916107177734,11.235832214355469,0.9999999999999999,True
77777777,47947,1,0.0,0.0,,False
77777777,47949,6,16.567334940562837,39.27356378734112,0.7714285714285715,True
77777777,47951,10,4.121706312365675,15.745758056640625,0.24848484848484845,True
77777777,47952,9,8.971599038262475,26.186943113803864,0.43333333333333335,True
77777777,47953,7,3.535606360028658,9.648472219705582,0.642857142857143,True
77777777,47954,5,7.268737629819998,20.572555541992188,0.8999999999999998,True
77777777,47956,9,5.661914770306105,19.126877546310425,0.049999999999999996,True
77777777,47957,3,15.625171532467958,36.295921325683594,0.5,True
77777777,47958,8,6.646783314654043,19.87314021587372,0.5714285714285715,True
77777777,47959,10,3.2611057873468066,10.520191192626953,0.5757575757575757,True
77777777,47961,10,1.609462285150375,5.826023101806641,0.6727272727272726,True
77777777,47962,9,9.663173083246306,32.31655693054199,0.48333333333333334,True
77777777,47964,4,6.988304878381561,17.739917278289795,0.39999999999999997,True
77777777,47965,9,2.5438830056854034,7.534231185913086,0.7166666666666667,True
77777777,47966,10,7.073070727165388,25.281854689121246,0.13939393939393938,True
77777777,47967,6,7.716783921499924,23.276168823242188,0.14285714285714288,True
77777777,47969,7,5.674718200696592,16.35521411895752,0.10714285714285716,True
77777777,47970,8,6.601369952786074,15.674046754837036,0.6904761904761906,True
77777777,47971,7,6.992829438073701,18.75453758239746,0.7500000000000002,True
77777777,47972,7,1.8966906610694036,5.93223774433136,0.642857142857143,True
77777777,47973,6,7.507658088989583,21.627869606018066,0.3714285714285715,True
77777777,47974,9,5.497337886112981,16.35606813430786,0.5666666666666667,True
77777777,47976,10,7.584707560207094,23.84474688768387,0.4787878787878787,True
77777777,47977,10,8.259027973052708,27.66804790496826,0.8545454545454544,True
77777777,47978,10,4.235005249236463,15.784010291099548,0.4666666666666666,True
77777777,47979,6,9.67920050719194,26.939439952373505,0.3714285714285715,True
77777777,47980,4,5.112168881439955,12.668993592262268,0.7999999999999999,True
77777777,47981,8,6.52781617012004,21.82662558555603,0.6190476190476191,True
77777777,47982,8,4.443543182373822,16.023727536201477,0.3333333333333334,True
77777777,47983,2,5.423718452453613,10.847436904907227,0.9999999999999999,True
77777777,47985,4,3.9622913584073274,9.700475454330444,0.39999999999999997,True
77777777,47986,6,11.884760687586777,32.6767315864563,0.6,True
77777777,47987,7,2.64091554879066,8.9674574136734,0.5,True
77777777,47988,9,7.901414498776836,20.929104924201965,0.39999999999999997,True
77777777,47989,10,7.7469769402096595,26.12462091445923,0.41818181818181815,True
77777777,47990,7,3.7596331723808243,9.506083965301514,0.3571428571428572,True
77777777,47991,1,0.0,0.0,,False
77777777,47992,10,13.137524843089155,41.863829493522644,0.5515151515151515,True
77777777,47993,10,6.63654904171756,21.50293755531311,0.05454545454545454,True
77777777,47994,10,7.512861399065498,23.895744800567627,0.8545454545454544,True
77777777,47995,8,7.352117765815648,27.369079113006592,0.261904761904762,True
77777777,47996,8,3.1190584074768126,11.737071260809898,0.2380952380952381,True
77777777,47998,7,11.860089337888324,39.86575698852539,0.3214285714285715,True
77777777,48000,8,5.18374701015012,15.593623161315918,0.4523809523809524,True
77777777,48001,9,5.195705811367402,18.753454327583313,0.13333333333333333,True
77777777,48002,7,4.7677911685490475,14.745790123939514,0.25,True
77777777,48003,4,4.414359888677009,11.641845703125,0.7999999999999999,True
77777777,48005,6,3.9726217608420473,13.668176174163818,0.14285714285714288,True
77777777,48006,3,6.819445830963393,16.69003391265869,0.5,True
77777777,48007,10,7.195917490738054,26.4648175239563,0.04242424242424241,True
77777777,48009,9,4.810827959885088,16.26929521560669,0.5499999999999999,True
77777777,48010,10,3.8014611336610193,11.611762523651123,0.7818181818181817,True
77777777,48012,10,7.447635777830481,25.246692180633545,0.8424242424242423,True
77777777,48013,9,4.094831605765732,14.041699528694153,0.13333333333333333,True
77777777,48014,10,7.164697366621162,27.142691612243652,0.4666666666666666,True
77777777,48015,10,5.846864979287203,22.594703197479248,0.5636363636363636,True
77777777,48016,7,3.8810287443902847,12.195075035095215,0.5714285714285715,True
77777777,48017,5,12.293031996763405,36.34339761734009,0.9999999999999999,True
77777777,48019,10,4.404584902642205,15.644396781921387,0.5636363636363636,True
77777777,48021,9,3.433482045378376,11.16373074054718,0.5,True
77777777,48022,6,8.848279581440776,22.73132300376892,-0.3714285714285715,True
77777777,48023,7,3.986916919354367,14.343918085098267,0.3214285714285715,True
77777777,48024,10,11.432284098666731,33.50891971588135,0.6606060606060605,True
77777777,48025,6,9.181606364461102,24.68351376056671,0.8857142857142858,True
77777777,48026,8,4.914434385651237,15.360341548919678,0.8333333333333335,True
77777777,48029,10,7.154184570924384,19.290850162506104,0.6606060606060605,True
77777777,48030,2,4.094436287879944,8.188872575759888,-0.9999999999999999,True
77777777,48031,8,5.020538304451268,16.759013175964355,0.5000000000000001,True
77777777,48032,3,5.275293943856409,12.69101870059967,0.5,True
77777777,48036,9,5.021954331377022,18.030515670776367,0.8166666666666667,True
77777777,48038,9,7.969666554071562,29.617948532104492,0.4666666666666666,True
77777777,48041,10,9.31635395042465,32.85861682891846,0.7939393939393938,True
77777777,48042,9,3.5703510290190565,11.337780833244324,0.15,True
77777777,48044,8,2.634430677079747,9.299962759017944,0.8095238095238096,True
77777777,48045,7,7.471196546880333,21.45606279373169,0.03571428571428572,True
77777777,48047,10,8.98316358161522,23.413631200790405,-0.16363636363636364,True
77777777,48048,6,9.8584160189648,27.493064880371094,0.6,True
77777777,48049,1,0.0,0.0,,False
77777777,48050,8,9.751762180146079,26.666346549987793,0.6666666666666669,True
77777777,48051,3,5.591657847759845,12.935975909233093,1.0,True
77777777,48052,7,12.269400604255392,34.76867847144604,0.7500000000000002,True
77777777,48053,9,9.9902425942023,28.540026307106018,0.26666666666666666,True
77777777,48055,8,6.109202892957178,19.53119122982025,-0.4761904761904762,True
77777777,48056,10,2.088128317024664,6.935348629951477,0.309090909090909,True
77777777,48057,7,9.093074869918976,26.3876451253891,0.1785714285714286,True
77777777,48058,10,4.214434829697158,14.871814906597137,0.12727272727272726,True
77777777,48060,6,2.9303718155852154,8.176162242889404,0.48571428571428577,True
77777777,48061,7,5.719761585104478,17.54661524295807,0.642857142857143,True
77777777,48062,10,4.385851216058846,15.028331279754639,0.5151515151515151,True
77777777,48064,9,3.4240922846617776,12.369491696357727,0.3666666666666667,True
77777777,48065,7,8.971868481459111,27.479504585266113,-0.07142857142857144,True
77777777,48066,9,6.292728448627874,19.796899288892746,0.8499999999999999,True
77777777,48067,10,1.7302615950131512,5.339174911379814,-0.2121212121212121,True
77777777,48068,8,8.572164210348065,30.608686447143555,-0.4761904761904762,True
77777777,48069,6,2.2800621195354,6.159688115119934,0.7714285714285715,True
77777777,48071,10,4.175521906555782,12.996333122253418,0.06666666666666665,True
77777777,48074,7,13.037433576604904,35.21598756313324,0.07142857142857144,True
77777777,48076,7,10.191881958624666,30.497525215148926,0.42857142857142866,True
77777777,48077,6,7.596656213416515,24.07139492034912,1.0,True
77777777,48078,7,4.133403584524243,13.395546317100525,0.42857142857142866,True
77777777,48079,10,3.42785996010625,12.715513706207275,0.309090909090909,True
77777777,48080,9,10.165857856814055,33.09192419052124,0.43333333333333335,True
77777777,48082,6,8.481339147138103,24.88203763961792,-0.08571428571428573,True
77777777,48083,5,4.7506973254285025,12.664987802505493,0.9999999999999999,True
77777777,48085,8,5.322769720623641,16.996581196784973,0.5714285714285715,True
77777777,48086,10,3.8492183028573677,9.961462020874023,0.5757575757575757,True
77777777,48088,8,2.311062158793847,6.501631855964661,0.2380952380952381,True
77777777,48090,9,9.237481553830612,32.69556283950806,0.5,True
77777777,48092,9,4.714510910357099,15.804986953735352,0.5166666666666667,True
77777777,48093,10,4.123462206203123,13.618317604064941,0.4666666666666666,True
77777777,48094,6,3.88504100205869,13.167314767837524,0.08571428571428573,True
77777777,48096,4,15.804678212379432,43.1960825920105,0.19999999999999998,True
77777777,48097,10,11.649641466692934,40.28651142120361,-0.24848484848484845,True
77777777,48098,6,15.399277071083217,46.81124305725098,0.6,True
77777777,48099,8,6.940769292514749,21.182003021240234,0.261904761904762,True
77777777,48100,10,5.177662113561322,18.03218412399292,0.3939393939393939,True
77777777,48101,1,0.0,0.0,,False
77777777,48102,8,4.74309971361154,14.384702682495117,0.38095238095238104,True
77777777,48104,6,12.564474321035284,37.632771492004395,0.2571428571428572,True
77777777,48105,10,3.516022189543566,13.770557880401611,0.12727272727272726,True
77777777,48108,8,7.276563892657816,23.247143030166626,0.5714285714285715,True
77777777,48109,9,2.149833396763896,8.505525827407837,0.7999999999999999,True
77777777,48110,8,5.9880494352969205,20.006739854812622,0.4761904761904762,True
77777777,48111,8,3.786790834804648,11.775080904364586,-0.1666666666666667,True
77777777,48114,9,6.2797615044969195,17.452179193496704,0.06666666666666667,True
77777777,48116,8,4.369872622116409,12.945918560028076,0.2142857142857143,True
77777777,48118,4,6.3255227892461035,16.494783639907837,1.0,True
77777777,48119,8,6.414853559076063,15.176111817359924,0.38095238095238104,True
77777777,48120,8,5.836240912911268,17.086734890937805,0.19047619047619052,True
77777777,48121,8,7.72807531151248,26.452494621276855,0.261904761904762,True
77777777,48122,8,7.874449646828081,27.86952781677246,0.3571428571428572,True
77777777,48123,9,3.1473107533494193,9.722902834415436,0.21666666666666667,True
77777777,48124,9,7.768988950488185,26.60447120666504,0.15,True
77777777,48125,5,7.100717093777083,20.139606595039368,0.8999999999999998,True
77777777,48126,10,9.378716447447502,31.24454116821289,-0.11515151515151514,True
77777777,48127,9,2.968404666473786,10.356129169464111,0.11666666666666665,True
77777777,48128,10,7.266642798994354,23.240034341812134,0.5757575757575757,True
77777777,48129,5,9.839690527190317,28.786041736602783,0.0,True
77777777,48130,9,6.329064567111382,22.57821023464203,0.41666666666666663,True
77777777,48131,10,6.5797782775472555,21.9144926071167,0.8424242424242423,True
77777777,48132,10,7.570291207940528,26.09684580564499,0.5878787878787878,True
77777777,48133,10,4.117104093319075,13.373182773590088,0.07878787878787878,True
77777777,48137,4,3.7818449008507407,9.449236154556274,-0.6000000000000001,True
77777777,48138,9,9.631014315234612,33.717087626457214,0.6833333333333333,True
77777777,48139,6,2.129654032723622,6.067835211753845,0.14285714285714288,True
77777777,48141,7,1.3457070854953543,4.175719141960144,0.28571428571428575,True
77777777,48142,10,5.550430465854816,20.466057062149048,0.7575757575757575,True
77777777,48143,8,8.673965031184757,23.756921887397766,0.5714285714285715,True
77777777,48144,9,4.239078187108304,15.583469152450562,0.5,True
77777777,48145,10,6.28135607350437,19.817431688308716,0.34545454545454546,True
77777777,48147,8,14.24318748459914,41.59335708618164,0.28571428571428575,True
77777777,48148,10,3.138840692476109,10.702388763427734,0.8424242424242423,True
77777777,48149,6,8.654019349785397,19.588414788246155,0.14285714285714288,True
77777777,48150,9,3.841957505629396,11.015490651130676,0.48333333333333334,True
77777777,48151,8,12.290396903774116,37.12968921661377,0.4285714285714286,True
77777777,48152,10,6.778059844023651,20.024232864379883,0.6848484848484848,True
77777777,48153,10,5.674404699554366,19.517950415611267,-0.19999999999999998,True
77777777,48154,4,6.1291492366560565,17.032390117645264,0.7999999999999999,True
77777777,48155,7,4.304104900850494,11.427769660949707,0.8214285714285715,True
77777777,48157,7,8.910560192692563,20.921589612960815,0.3571428571428572,True
77777777,48158,10,7.722568969852987,31.563531637191772,0.32121212121212117,True
77777777,48159,9,7.82075838923359,23.41983699798584,0.7166666666666667,True
77777777,48160,9,6.119204950890162,22.533122062683105,0.31666666666666665,True
77777777,48162,6,3.1148212173647916,9.316588401794434,0.942857142857143,True
77777777,48164,9,4.924569191777761,16.110529899597168,0.7333333333333334,True
77777777,48165,6,7.686997405658355,22.276044368743896,0.6,True
77777777,48166,8,10.915271666629208,27.039580821990967,0.5714285714285715,True
77777777,48167,7,13.426540565871377,37.856303095817566,0.14285714285714288,True
77777777,48168,10,6.586153401497097,21.716310501098633,0.38181818181818183,True
77777777,48170,5,7.988663630951575,21.241334974765778,0.6,True
77777777,48171,8,8.421634801295031,26.057783126831055,0.2380952380952381,True
77777777,48173,6,6.3697772733975455,17.376428842544556,-0.08571428571428573,True
77777777,48174,8,7.880674221791807,29.567368507385254,0.4761904761904762,True
77777777,48175,8,3.1257594189349094,8.82766580581665,0.38095238095238104,True
77777777,48176,8,2.189304227072835,6.416932106018066,0.19047619047619052,True
77777777,48177,5,6.304148965814087,17.244953155517578,0.8999999999999998,True
77777777,48178,10,2.6287942620014197,9.425462365150452,0.6969696969696969,True
77777777,48179,10,3.471252073808657,11.047761797904968,0.17575757575757575,True
77777777,48180,9,2.0007103191011284,5.2085607051849365,0.4666666666666666,True
77777777,48181,10,7.2935947613422565,23.44684147834778,0.7212121212121211,True
77777777,48182,8,9.903668082904137,24.044910192489624,0.9285714285714287,True
77777777,48184,7,6.626609520267813,20.35058093070984,0.39285714285714296,True
77777777,48185,10,10.322490562342606,34.29546111822128,0.6363636363636362,True
77777777,48186,9,1.8510329848990186,5.6099467277526855,0.41666666666666663,True
77777777,48187,10,4.5243823733730135,16.206804752349854,0.6242424242424242,True
77777777,48188,6,4.240287025710417,12.572850704193115,0.2,True
77777777,48189,8,4.834318783845381,15.946202158927917,0.7380952380952381,True
77777777,48190,8,5.955794381018716,20.517126619815826,0.7142857142857144,True
77777777,48191,6,1.9495171435382033,5.57804262638092,0.028571428571428574,True
77777777,48192,8,13.743411713337599,40.66672420501709,0.6190476190476191,True
77777777,48194,9,2.7981247785724523,8.093438029289246,0.21666666666666667,True
77777777,48196,3,6.446369014432416,15.290644884109497,1.0,True
77777777,48197,8,7.387965192921018,23.261613845825195,0.28571428571428575,True
77777777,48198,10,3.3278175177732887,12.165353178977966,0.4545454545454545,True
77777777,48199,10,7.857883976028621,26.489285469055176,0.2727272727272727,True
77777777,48200,7,10.388812298834319,29.558154344558716,0.25,True
77777777,48201,8,7.236595780482199,23.076282501220703,0.4761904761904762,True
77777777,48203,9,4.306778907846995,11.126233339309692,0.6833333333333333,True
77777777,48205,8,3.5430456540951814,11.107663631439209,0.7142857142857144,True
77777777,48206,8,4.745611175169648,14.71221399307251,-0.04761904761904763,True
77777777,48207,10,5.291202281018805,18.91037744283676,0.33333333333333326,True
77777777,48208,8,12.473692766725131,37.48502445220947,0.4761904761904762,True
77777777,48209,9,3.1415707825273804,10.773499250411987,0.45,True
77777777,48210,10,4.412973080883319,16.675599575042725,0.6363636363636362,True
77777777,48211,1,0.0,0.0,,False
77777777,48215,8,4.94847236674076,17.08048915863037,0.5476190476190477,True
77777777,48216,9,11.372229701626496,34.83816146850586,0.6666666666666667,True
77777777,48217,7,10.205436829947075,24.571255207061768,0.25,True
77777777,48219,10,4.907403450316585,14.898744583129883,0.5030303030303029,True
77777777,48220,1,0.0,0.0,,False
77777777,48221,9,6.804528448267945,17.500219345092773,0.21666666666666667,True
77777777,48222,8,8.432017269050734,27.83789849281311,0.14285714285714288,True
77777777,48224,7,15.222613095331393,35.95632553100586,0.28571428571428575,True
77777777,48226,9,6.0401908800156585,19.483274698257446,0.33333333333333337,True
77777777,48227,1,0.0,0.0,,False
77777777,48228,10,5.60853405712157,15.309439182281494,0.09090909090909088,True
77777777,48229,10,6.868735676473365,21.617517471313477,0.7939393939393938,True
77777777,48230,9,6.018621883067559,22.498212814331055,0.7833333333333333,True
77777777,48232,10,2.3706219416866556,8.42452585697174,0.34545454545454546,True
77777777,48235,9,3.019593993450606,9.156793117523193,-0.3,True
77777777,48236,10,7.170100821467193,25.682305231690407,0.3939393939393939,True
77777777,48237,10,5.453863934587838,19.885058403015137,0.18787878787878787,True
77777777,48239,6,4.954087638262967,12.484526634216309,0.028571428571428574,True
77777777,48240,8,3.0921385170187223,8.968916058540344,0.30952380952380953,True
77777777,48241,6,9.136582082847402,29.8571834564209,0.6,True
77777777,48243,9,6.355796633368666,25.164549708366394,0.19999999999999998,True
77777777,48244,5,3.88345021452234,11.616842269897461,0.9999999999999999,True
77777777,48245,7,8.439092681907333,24.685213088989258,0.7142857142857144,True
77777777,48246,10,12.555037948210572,35.748956084251404,0.29696969696969694,True
77777777,48247,8,6.268985664236563,20.938135266304016,0.6904761904761906,True
77777777,48248,9,9.10187543185046,29.946763515472412,0.45,True
77777777,48249,10,4.112005245534733,13.788207650184631,-0.19999999999999998,True
77777777,48250,8,9.583528731927311,23.508719205856323,0.5476190476190477,True
77777777,48252,7,4.609733045409981,10.952673196792603,0.6785714285714287,True
77777777,48253,9,2.900498878429007,9.923856735229492,0.3,True
77777777,48255,6,5.5594969986863205,17.18264651298523,0.5428571428571429,True
77777777,48256,10,6.360922765698945,21.23631739616394,0.6363636363636362,True
77777777,48257,9,6.985978520002101,23.349407196044922,0.2333333333333333,True
77777777,48258,5,3.9091139287920127,11.043204307556152,-0.6,True
77777777,48259,3,4.431687149042146,10.649729892611504,-0.5,True
77777777,48260,9,3.253826970627009,11.946966171264648,0.3666666666666667,True
77777777,48261,9,4.441658965174333,14.173470616340637,0.48333333333333334,True
77777777,48262,8,5.953757937595732,18.838733792304993,0.261904761904762,True
77777777,48263,10,9.28713115196316,28.375136375427246,-0.32121212121212117,True
77777777,48264,8,8.181729540127183,22.176023244857788,0.28571428571428575,True
77777777,48266,6,5.157959222499743,16.166584014892578,-0.14285714285714288,True
77777777,48267,8,6.1061082052384785,21.798534035682678,0.2380952380952381,True
77777777,48268,9,11.036178785382504,32.82649528980255,0.7833333333333333,True
77777777,48269,8,5.036250415888632,14.546200513839722,-0.2142857142857143,True
77777777,48270,9,9.22397075257777,26.412306308746338,0.41666666666666663,True
77777777,48271,10,5.4746401354883565,22.11012762784958,0.43030303030303024,True
77777777,48272,5,12.283355661158359,34.36487913131714,0.8999999999999998,True
77777777,48273,9,4.577698832187493,13.768797874450684,0.16666666666666669,True
77777777,48274,7,2.9975442385717566,8.63614059984684,0.3214285714285715,True
77777777,48275,9,8.255448083510313,29.36622452735901,0.25,True
77777777,48276,10,11.743753827181012,37.670860052108765,0.9515151515151514,True
77777777,48277,10,11.524193564942129,35.17471385002136,-0.09090909090909088,True
77777777,48278,10,4.441683890719103,13.45013427734375,0.6242424242424242,True
77777777,48280,9,7.156027831714472,27.71445918083191,-0.11666666666666665,True
77777777,48281,9,1.3615078978323947,4.106287717819214,0.33333333333333337,True
77777777,48282,6,14.204270093337685,34.88118553161621,0.942857142857143,True
77777777,48283,7,5.801505820230525,19.881160259246826,0.5,True
77777777,48284,8,1.951164539862966,5.301028400659561,0.4047619047619048,True
77777777,48286,9,5.558054262084653,17.032594442367554,0.8666666666666667,True
77777777,48287,10,4.704024015198737,16.79818105697632,0.7575757575757575,True
77777777,48288,9,10.713808631337493,32.641207695007324,0.18333333333333335,True
77777777,48290,8,8.037801954962376,26.91141140460968,-0.6904761904761906,True
77777777,48291,5,9.856685949555382,22.330028414726257,0.09999999999999999,True
77777777,48294,4,4.724371742580461,13.016694068908691,0.39999999999999997,True
77777777,48295,9,5.310167297900726,17.143988490104675,0.7666666666666667,True
77777777,48296,8,6.255757919473737,22.64932680130005,0.28571428571428575,True
77777777,48297,7,11.87874606802724,41.424580574035645,0.5,True
77777777,48298,1,0.0,0.0,,False
77777777,48299,9,10.801534480445811,31.65464496612549,0.2833333333333333,True
77777777,48300,9,9.429354279489266,38.42581605911255,0.16666666666666669,True
77777777,48301,10,3.754185692315675,12.663729071617126,-0.04242424242424241,True
77777777,48303,10,6.387136939393727,17.858793795108795,0.8181818181818182,True
77777777,48305,8,7.302359164918505,24.01914668083191,0.4047619047619048,True
77777777,48306,10,3.150044202361685,8.703092455863953,-0.01818181818181818,True
77777777,48307,8,11.553904835576098,33.55831813812256,0.8333333333333335,True
77777777,48308,10,3.354143251321325,10.470301032066345,-0.01818181818181818,True
77777777,48309,8,3.009825925308592,9.243409156799316,0.7619047619047621,True
77777777,48310,7,3.975640010519114,11.223055839538574,0.7857142857142859,True
77777777,48311,9,4.53286619635684,16.809409260749817,0.43333333333333335,True
77777777,48312,10,6.7124495279140906,22.031594395637512,0.4666666666666666,True
77777777,48313,7,6.467739640173129,17.64308500289917,0.6071428571428572,True
77777777,48315,9,4.393408468683652,14.96281623840332,0.8833333333333333,True
77777777,48316,8,6.976576238825652,24.485209345817566,-0.2380952380952381,True
77777777,48318,3,8.22771952473075,18.578796863555908,1.0,True
77777777,48321,9,6.48961112846865,24.191544234752655,0.08333333333333334,True
77777777,48322,8,6.261069103014735,19.760162591934204,0.7142857142857144,True
77777777,48325,8,4.6824580950290215,13.085142135620117,0.8095238095238096,True
77777777,48326,9,5.838660550722729,19.475370705127716,0.06666666666666667,True
77777777,48328,4,2.195787579996096,5.607441186904907,-0.39999999999999997,True
77777777,48329,8,3.9811195170297715,12.5327388048172,-0.09523809523809526,True
77777777,48330,10,9.30899998972176,36.59180450439453,0.41818181818181815,True
77777777,48331,8,4.821018449056098,13.804268956184387,0.09523809523809526,True
77777777,48332,10,6.7661817410012235,25.410895347595215,0.33333333333333326,True
77777777,48333,9,4.495375660655742,15.490676164627075,0.41666666666666663,True
77777777,48335,10,4.329610791309263,13.844181537628174,0.11515151515151514,True
77777777,48336,1,0.0,0.0,,False
77777777,48337,10,3.654567200720608,12.425734519958496,-0.22424242424242422,True
77777777,48339,10,5.545223504113757,19.915578842163086,0.7333333333333332,True
77777777,48340,6,2.3445532083355243,6.882936477661133,0.7714285714285715,True
77777777,48341,10,6.233444803865766,17.829723477363586,0.6606060606060605,True
77777777,48342,5,3.291096648065782,8.930827736854553,0.0,True
77777777,48343,9,6.768241165777177,18.512492179870605,0.8499999999999999,True
77777777,48344,10,4.269286756339471,13.056222319602966,0.32121212121212117,True
77777777,48345,9,3.3463199687123177,11.96912145614624,-0.15,True
77777777,48347,9,6.240026275455481,19.40834140777588,0.7666666666666667,True
77777777,48348,9,5.019283675849075,16.920445919036865,-0.4666666666666666,True
77777777,48349,5,2.432514854246037,6.6170642375946045,0.8999999999999998,True
77777777,48350,3,12.24819026164844,28.842772483825684,0.5,True
77777777,48351,10,13.933829079156501,46.89344787597656,0.29696969696969694,True
77777777,48352,10,4.171221110957425,15.607442498207092,-0.35757575757575755,True
77777777,48353,8,6.826891010763743,22.82664442062378,0.4761904761904762,True
77777777,48355,3,1.2800723342198908,3.0198010206222534,0.5,True
77777777,48356,5,3.1427278612778164,8.823663234710693,-0.49999999999999994,True
77777777,48357,7,8.8765134118002,23.66593647003174,-0.03571428571428572,True
77777777,48359,8,8.350238500168317,27.318583607673645,0.9047619047619048,True
77777777,48360,8,6.029143606894473,20.597254157066345,0.4523809523809524,True
77777777,48361,7,5.269457582452015,16.769149214029312,0.4642857142857144,True
77777777,48362,9,3.191079433750517,9.754302486777306,0.2333333333333333,True
77777777,48363,8,6.161833490441372,19.9753098487854,0.4523809523809524,True
77777777,48364,10,6.525944753377651,20.19133758544922,0.7575757575757575,True
77777777,48365,4,1.1407840785726842,2.912930727005005,-0.7999999999999999,True
77777777,48366,10,6.505378711623235,25.436907529830933,0.4666666666666666,True
77777777,48367,9,11.392228958178892,32.883625507354736,-0.13333333333333333,True
77777777,48368,7,4.108439674257869,11.287328243255615,0.21428571428571433,True
77777777,48371,8,5.477470118373315,19.569949865341187,0.7857142857142858,True
77777777,48372,5,3.536220043929515,10.781774520874023,0.3,True
77777777,48373,2,16.22647213935852,32.45294427871704,0.9999999999999999,True
77777777,48374,9,9.685296735038738,29.822551727294922,0.8499999999999999,True
77777777,48375,10,5.328608112316778,16.708011150360107,0.7818181818181817,True
77777777,48378,10,8.269099844378932,26.13527488708496,0.8060606060606059,True
77777777,48379,7,12.095386568703502,36.13682460784912,0.8571428571428573,True
77777777,48380,8,9.37305110868239,29.08363151550293,0.5952380952380953,True
77777777,48381,6,6.567063439437869,19.493916153907776,0.7714285714285715,True
77777777,48382,10,5.181284114036358,20.85809290409088,0.5272727272727272,True
77777777,48383,10,8.105194248520615,28.990812301635742,0.5030303030303029,True
77777777,48384,9,3.9984758323300893,14.582116842269897,0.6666666666666667,True
77777777,48385,1,0.0,0.0,,False
77777777,48386,8,6.08016440292196,17.407139778137207,0.8571428571428572,True
77777777,48387,7,12.332516111977649,36.98273277282715,0.7142857142857144,True
77777777,48389,10,10.26416637160669,36.36573088169098,0.10303030303030303,True
77777777,48390,10,5.971638505934231,24.322025299072266,0.18787878787878787,True
77777777,48392,3,7.638793904859834,17.13147222995758,1.0,True
77777777,48393,8,8.584159798739295,26.80894184112549,0.8333333333333335,True
77777777,48394,4,5.8244262058474305,15.391701698303223,0.0,True
77777777,48395,9,5.96868219608198,15.989221572875977,0.3096261412396175,True
77777777,48396,10,3.4345037963610183,12.11389148235321,0.5515151515151515,True
77777777,48398,7,2.31060097426979,6.675225004553795,-0.1785714285714286,True
77777777,48399,10,4.29982739477737,16.59090292453766,0.5515151515151515,True
77777777,48400,4,10.992033553268804,27.757768154144287,0.7999999999999999,True
77777777,48403,7,8.133090978918162,23.178717136383057,0.14285714285714288,True
77777777,48407,5,10.533947412636081,24.06824541091919,0.09999999999999999,True
77777777,48409,10,5.90757344153082,21.686755657196045,0.8545454545454544,True
77777777,48410,9,6.049477960378413,18.130191326141357,0.38333333333333336,True
77777777,48411,8,4.435814850111668,12.870209231972694,-0.1666666666666667,True
77777777,48412,10,7.787185415084921,29.01480770111084,0.35757575757575755,True
77777777,48414,7,5.9414229750235,18.813406944274902,0.6071428571428572,True
77777777,48415,10,2.5342428569928623,9.13139533996582,0.2727272727272727,True
77777777,48416,10,7.788494758054667,21.97694492340088,0.38181818181818183,True
77777777,48417,8,13.741594613753431,43.95638370513916,0.523809523809524,True
77777777,48419,7,1.9146796969123376,5.048045039176941,0.8571428571428573,True
77777777,48420,10,3.4372993571161268,9.467023193836212,0.7454545454545454,True
77777777,48421,6,3.811346333049256,9.972922682762146,0.6,True
77777777,48422,8,8.341182425517369,26.29615616798401,0.5952380952380953,True
77777777,48423,3,11.527301065314896,25.86227512359619,0.5,True
77777777,48424,8,8.900672025981402,23.898481622338295,-0.04761904761904763,True
77777777,48425,9,3.3795736483352807,12.325104475021362,0.33333333333333337,True
77777777,48426,10,3.5485438263430917,11.306934356689453,0.6242424242424242,True
77777777,48427,2,11.901073932647705,23.80214786529541,0.9999999999999999,True
77777777,48428,6,4.379603211029309,14.8992338180542,0.3142857142857143,True
77777777,48429,5,9.577318424541659,27.96111261844635,0.6,True
77777777,48430,8,9.343348852665187,28.332228183746338,0.3333333333333334,True
77777777,48431,5,6.564636674937244,16.934937477111816,0.49999999999999994,True
77777777,48432,10,2.748166693432075,7.960498213768005,-0.0303030303030303,True
77777777,48433,9,5.223052704998926,14.284271597862244,0.48333333333333334,True
77777777,48434,10,10.375389415508817,35.65796995162964,0.35757575757575755,True
77777777,48435,8,6.196085847867024,18.281154364347458,0.7380952380952381,True
77777777,48436,10,12.775715908031483,38.93480682373047,0.5393939393939393,True
77777777,48437,7,6.011381294430793,19.89296279847622,-0.03571428571428572,True
77777777,48438,8,7.898434685053262,23.684825539588928,0.7857142857142858,True
77777777,48439,8,6.372590968452344,21.62129122018814,0.4285714285714286,True
77777777,48441,9,5.125247569787977,14.59572982788086,0.7666666666666667,True
77777777,48442,8,4.635860536958771,14.722301959991455,0.38095238095238104,True
77777777,48443,9,8.079526050754973,30.082330226898193,0.48333333333333334,True
77777777,48445,10,5.3322275173542195,17.261122226715088,0.5636363636363636,True
77777777,48446,8,11.321356761078922,35.02389621734619,0.4523809523809524,True
77777777,48447,4,2.0757612252122084,5.12466287612915,0.7999999999999999,True
77777777,48448,5,4.663416032963208,11.975863456726074,0.8999999999999998,True
77777777,48449,9,9.115960814523156,30.130046844482422,0.48333333333333334,True
77777777,48450,9,3.156954705025541,10.212451100349426,0.8833333333333333,True
77777777,48451,1,0.0,0.0,,False
77777777,48452,10,8.547259714225275,33.468342304229736,0.43030303030303024,True
77777777,48455,9,5.46913429393008,20.740643739700317,0.31666666666666665,True
77777777,48456,10,7.253375418694,23.205777049064636,0.29696969696969694,True
77777777,48457,10,5.102670944197033,17.04810667037964,0.5636363636363636,True
77777777,48458,8,4.556410208654034,15.738059759140015,0.7142857142857144,True
77777777,48459,10,2.106639023027543,7.879342555999756,0.7575757575757575,True
77777777,48460,3,2.1016929173977084,5.131480693817139,1.0,True
77777777,48461,8,3.122941134973903,9.198844313621521,0.5476190476190477,True
77777777,48463,5,3.86600476243751,10.153189659118652,-0.19999999999999998,True
77777777,48464,6,9.64896676611478,27.994535252451897,0.8285714285714287,True
77777777,48465,7,15.440739858262276,54.043301582336426,0.8571428571428573,True
77777777,48467,9,4.207822355162658,11.320616364479065,0.7,True
77777777,48468,10,10.26200776452961,33.66544151306152,0.6,True
77777777,48469,6,7.533043490494709,22.424361407756805,0.14285714285714288,True
77777777,48470,8,6.783806808600078,19.67216056585312,0.9523809523809524,True
77777777,48471,2,3.1115625500679016,6.223125100135803,-0.9999999999999999,True
77777777,48472,8,3.1963746934321087,9.413759410381317,0.3571428571428572,True
77777777,48473,10,3.1917264673295933,11.440197467803955,0.10303030303030303,True
77777777,48474,9,8.002426281706823,24.695195198059082,0.2833333333333333,True
77777777,48475,9,5.137423907970367,15.9976264834404,0.19999999999999998,True
77777777,48476,10,4.178181785049492,14.92873764038086,0.01818181818181818,True
77777777,48477,10,8.437803847119103,27.405077934265137,0.8060606060606059,True
77777777,48478,8,9.461298093694895,30.231481909751892,0.261904761904762,True
77777777,48481,10,10.046796734439484,34.24707496166229,0.6484848484848483,True
77777777,48482,8,4.809657393189707,13.326685905456543,0.3333333333333334,True
77777777,48484,6,6.3187285400356155,17.60328483581543,0.48571428571428577,True
77777777,48485,10,4.095630554478791,13.349583864212036,0.8181818181818182,True
77777777,48486,8,5.2657724406270425,14.988115549087524,0.9047619047619048,True
77777777,48487,2,10.224225997924805,20.44845199584961,0.9999999999999999,True
77777777,48488,8,5.070456216333585,18.34979772567749,0.5952380952380953,True
77777777,48489,10,1.9256464974919798,5.0048463344573975,0.2606060606060606,True
77777777,48490,10,3.1652949262251737,10.670636415481567,0.4787878787878787,True
77777777,48491,8,10.951332662046815,35.770461082458496,0.023809523809523815,True
77777777,48493,6,11.655368010887036,28.609919905662537,0.7142857142857143,True
77777777,48494,7,4.8757772418354755,14.11937141418457,0.5357142857142858,True
77777777,48496,8,2.8816534335064077,8.425049304962158,0.2142857142857143,True
77777777,48497,10,3.5020112084124384,11.686344981193542,0.9030303030303028,True
77777777,48498,10,6.5027681240482575,19.428641065955162,0.5272727272727272,True
77777777,48499,9,5.421279439209568,20.45254421234131,0.6166666666666666,True
77777777,48500,10,10.390142192489398,31.701851844787598,0.6848484848484848,True
77777777,48501,10,3.2737614874497423,9.559599325060844,0.6848484848484848,True
77777777,48502,6,14.407718713927153,43.241740226745605,0.6,True
77777777,48503,7,10.641413183933667,28.99639129638672,-0.25,True
77777777,48504,8,7.862565093832684,21.807435035705566,0.4047619047619048,True
77777777,48507,7,4.990294212963051,17.08478546142578,0.1785714285714286,True
77777777,48509,10,8.891080364449932,26.085923671722412,0.7818181818181817,True
77777777,48510,8,5.4701217954516625,20.130465030670166,0.28571428571428575,True
77777777,48512,8,4.049045487284531,13.15779173374176,0.7142857142857144,True
77777777,48513,10,5.131220172416554,14.563490867614746,-0.4424242424242424,True
77777777,48514,7,1.3623394489448275,4.137800991535187,-0.1785714285714286,True
77777777,48515,9,5.448018645642544,18.160651206970215,0.43333333333333335,True
77777777,48516,6,2.904712798391292,9.219631895422935,0.3142857142857143,True
77777777,48517,3,8.268200478570815,20.21032154560089,1.0,True
77777777,48519,6,5.051337012204907,13.02725601196289,0.3142857142857143,True
77777777,48520,10,6.3592406569624504,20.445074781775475,-0.23636363636363633,True
77777777,48521,7,12.407308650926893,30.733126163482666,0.21428571428571433,True
77777777,48522,8,2.9787990551086434,8.34920334815979,0.2380952380952381,True
77777777,48523,9,5.883864973904358,21.184093832969666,0.38333333333333336,True
77777777,48524,1,0.0,0.0,,False
77777777,48525,7,8.37332876803309,27.69434690475464,0.42857142857142866,True
77777777,48526,8,5.0301304856814575,16.329516410827637,0.30952380952380953,True
77777777,48527,8,3.0309793532137723,11.055784225463867,0.04761904761904763,True
77777777,48528,10,10.731683684700402,34.66626834869385,0.2606060606060606,True
77777777,48530,2,9.02581787109375,18.0516357421875,0.9999999999999999,True
77777777,48531,10,9.685591472257546,36.01692342758179,0.24848484848484845,True
77777777,48532,10,6.898070370675824,22.758094787597656,0.12727272727272726,True
77777777,48533,10,3.5457908467138295,12.342078685760498,0.5878787878787878,True
77777777,48534,9,4.484756487171227,15.555030226707458,0.5166666666666667,True
77777777,48535,7,11.34649361200613,38.6498441696167,0.10714285714285716,True
77777777,48536,8,10.176025291673996,29.621031761169434,0.5714285714285715,True
77777777,48538,10,3.7890005895074785,15.309575080871582,0.406060606060606,True
77777777,48539,9,5.484423831082223,22.09969997406006,0.7666666666666667,True
77777777,48541,8,10.018523018415465,38.34780693054199,0.14285714285714288,True
77777777,48542,9,10.36645864337082,32.022419929504395,0.09999999999999999,True
77777777,48543,8,3.9713800543636246,10.181776762008667,0.6666666666666669,True
77777777,48544,8,5.433719104162207,18.121496200561523,0.38095238095238104,True
77777777,48545,6,7.496603574219006,23.326391577720642,-0.028571428571428574,True
77777777,48546,7,2.7047333048596593,9.473739981651306,-0.03571428571428572,True
77777777,48547,9,7.248211419469555,23.980905532836914,0.5833333333333334,True
77777777,48548,10,7.703903383552643,28.95753765106201,0.5757575757575757,True
77777777,48550,9,5.924893397208974,19.923337936401367,0.5499999999999999,True
77777777,48551,4,4.0460790359311885,10.968478679656982,0.39999999999999997,True
77777777,48552,8,12.458678725312577,37.62972640991211,0.6190476190476191,True
77777777,48553,8,7.24457044319812,24.837812662124634,0.1666666666666667,True
77777777,48554,10,6.104763036846802,20.596994042396545,0.5878787878787878,True
77777777,48555,9,4.340451811727688,14.46157819032669,0.6333333333333333,True
77777777,48556,9,5.204096061101107,16.126678466796875,0.4666666666666666,True
77777777,48557,9,7.7693243081689785,21.268819332122803,0.6333333333333333,True
77777777,48558,10,5.644792828175476,19.952566146850586,-0.16363636363636364,True
77777777,48559,10,6.205174124839232,20.74511957168579,0.35757575757575755,True
77777777,48560,7,4.963228271969752,17.05814266204834,0.6071428571428572,True
77777777,48561,3,8.909198635605708,19.98478627204895,0.5,True
77777777,48562,9,9.484078449465496,34.61920213699341,-0.09999999999999999,True
77777777,48563,10,5.677683846336313,16.476413249969482,0.12727272727272726,True
77777777,48564,10,7.2400579515774925,20.69695734977722,0.3939393939393939,True
77777777,48565,8,3.6867600719821856,11.619554042816162,0.523809523809524,True
77777777,48566,9,10.487328709731411,38.474361419677734,0.5333333333333333,True
77777777,48567,7,5.660135620914278,17.419814109802246,0.6785714285714287,True
77777777,48568,10,3.345732804002389,9.135284900665283,-0.0303030303030303,True
77777777,48569,10,5.842753281218138,20.506473660469055,0.01818181818181818,True
77777777,48570,7,2.8522819245765034,9.098968029022217,0.39285714285714296,True
77777777,48574,6,1.7894603977979149,5.510753273963928,0.7714285714285715,True
77777777,48576,8,10.345240517928703,29.913156777620316,0.2380952380952381,True
77777777,48577,10,4.864169215334302,20.078505516052246,0.2121212121212121,True
77777777,48578,9,5.373122665384875,20.666824340820312,0.48333333333333334,True
77777777,48579,9,4.83120898431506,16.139007568359375,0.33333333333333337,True
77777777,48580,10,4.035379342341143,13.142552375793457,0.8666666666666665,True
77777777,48581,1,0.0,0.0,,False
77777777,48582,8,4.195008942507576,15.528371810913086,0.4047619047619048,True
77777777,48583,4,9.207598270908612,22.77733612060547,0.7999999999999999,True
77777777,48584,5,3.5497847305313117,10.19466781616211,0.49999999999999994,True
77777777,48585,9,4.191836427231664,14.285685956478119,0.3666666666666667,True
77777777,48587,9,6.722460376664509,24.986785411834717,0.6333333333333333,True
77777777,48588,10,7.42767262503393,28.151806354522705,0.6121212121212121,True
77777777,48589,7,5.076825076329169,15.119473934173584,0.5,True
77777777,48590,8,9.397553825528997,31.120100617408752,-0.2142857142857143,True
77777777,48591,10,3.4344636343376607,11.848261594772339,0.4424242424242424,True
77777777,48592,10,6.337592480889406,24.707274436950684,0.6727272727272726,True
77777777,48593,8,7.792393011095483,22.76460361480713,0.6190476190476191,True
77777777,48595,8,4.473655868659756,14.577531218528748,0.6428571428571429,True
77777777,48596,7,7.176179018332461,21.94231104850769,0.9285714285714288,True
77777777,48597,8,4.336814280260499,15.225165367126465,0.4285714285714286,True
77777777,48598,10,6.969286879538004,21.089208602905273,0.6848484848484848,True
77777777,48599,10,3.1418642513035357,10.756947040557861,0.2606060606060606,True
77777777,48601,10,3.7564515291338245,12.343728065490723,0.41818181818181815,True
77777777,48602,9,4.922858225430898,15.108444929122925,0.6333333333333333,True
77777777,48603,10,7.886434833460558,23.262348413467407,0.5636363636363636,True
77777777,48605,9,3.2966783560827233,8.780757784843445,-0.11666666666666665,True
77777777,48606,8,6.0275926307998136,19.244789361953735,0.8333333333333335,True
77777777,48607,10,4.3158820944874865,17.78872013092041,0.19999999999999998,True
77777777,48608,9,6.475174310673192,20.69268798828125,0.41666666666666663,True
77777777,48609,9,6.894027364561185,20.706225991249084,0.18333333333333335,True
77777777,48610,8,3.7030575997708373,12.30779667198658,0.6666666666666669,True
77777777,48612,6,1.5859728093860037,4.972972869873047,0.6,True
77777777,48614,7,2.733870851520543,8.317216277122498,0.5714285714285715,True
77777777,48616,8,5.587993752013473,18.57797782123089,0.7857142857142858,True
77777777,48617,9,7.472781904983924,26.537941932678223,0.8666666666666667,True
77777777,48618,7,4.0210991263899505,11.980985641479492,0.7142857142857144,True
77777777,48619,7,6.973778355747353,19.378031730651855,0.3571428571428572,True
77777777,48620,9,8.721153588415318,29.994752168655396,0.7333333333333334,True
77777777,48621,9,2.593487409130971,7.934767365455627,0.3,True
77777777,48622,8,9.02422805527483,22.85447296500206,0.14285714285714288,True
77777777,48623,6,5.625002644951977,18.12377643585205,0.6,True
77777777,48625,8,9.001736089542037,24.435133934020996,0.7142857142857144,True
77777777,48626,10,3.834845781377653,14.953752517700195,0.7939393939393938,True
77777777,48628,9,8.634137251473652,31.918260097503662,0.38333333333333336,True
77777777,48630,9,6.841724977151144,22.45247173309326,0.7666666666666667,True
77777777,48632,8,9.414119302624277,32.176098704338074,0.7380952380952381,True
77777777,48633,10,7.705796887772227,20.91954493522644,0.4787878787878787,True
77777777,48635,9,4.720266596448673,17.20638370513916,0.5499999999999999,True
77777777,48636,9,3.4983989372246787,12.463354110717773,0.7166666666666667,True
77777777,48637,9,2.4546134084791595,7.304359972476959,0.4666666666666666,True
77777777,48639,10,6.024689401466035,18.777971148490906,0.5515151515151515,True
77777777,48640,10,9.616828568504062,29.35180950164795,0.22424242424242422,True
77777777,48641,7,3.336950018904384,11.054918766021729,0.6071428571428572,True
77777777,48642,9,9.605637863273827,28.205220222473145,0.48333333333333334,True
77777777,48643,7,8.893050759103213,21.32062816619873,-0.14285714285714288,True
77777777,48644,10,4.231583366501856,15.728254973888397,0.32121212121212117,True
77777777,48645,7,4.258617592876273,14.074907302856445,0.5,True
77777777,48646,7,3.602393193886674,12.396436214447021,0.25,True
77777777,48647,9,6.339918653411933,20.148027420043945,0.8333333333333333,True
77777777,48648,9,5.421823483228979,16.097330331802368,0.3666666666666667,True
77777777,48649,5,5.2297430130185125,14.98706579208374,-0.09999999999999999,True
77777777,48650,10,9.39214467786318,33.150800943374634,0.8424242424242423,True
77777777,48652,10,8.241612594385357,31.375266075134277,0.0303030303030303,True
77777777,48653,10,4.6443251044704725,15.139152526855469,0.16363636363636364,True
77777777,48655,8,3.372975713968456,11.181946158409119,0.1666666666666667,True
77777777,48656,10,14.96706855239578,51.84657001495361,0.7212121212121211,True
77777777,48657,4,2.1326531391877257,5.776213645935059,-0.19999999999999998,True
77777777,48658,10,2.024803638523104,6.184787273406982,-0.13939393939393938,True
77777777,48660,7,12.922371564065397,32.85841345787048,0.07142857142857144,True
77777777,48661,7,4.448648170456352,11.612306118011475,0.5357142857142858,True
77777777,48662,7,9.354764014963571,27.579278707504272,0.8214285714285715,True
77777777,48664,9,8.541617010701277,26.884429574012756,0.7999999999999999,True
77777777,48665,9,6.402889246338165,24.899965286254883,0.7166666666666667,True
77777777,48667,10,7.019355167500078,23.66226816177368,0.8909090909090909,True
77777777,48668,10,7.977139539024182,25.403257369995117,0.7575757575757575,True
77777777,48669,9,4.897234562089925,14.917948246002197,-0.016666666666666666,True
77777777,48670,9,3.364214089199032,9.25768494606018,0.48333333333333334,True
77777777,48671,10,10.017874715819769,31.203611493110657,0.9393939393939393,True
77777777,48672,10,4.463873336687694,14.823526859283447,0.28484848484848485,True
77777777,48673,8,4.164896326858621,13.288658142089844,0.7619047619047621,True
77777777,48674,6,2.8557129307521105,8.780871748924255,0.2571428571428572,True
77777777,48675,8,7.015441356933215,25.68301773071289,0.14285714285714288,True
77777777,48676,8,7.166835150971795,23.28074085712433,0.4285714285714286,True
77777777,48677,8,9.648095869217908,35.241554737091064,0.6666666666666669,True
77777777,48678,9,5.007267108959619,17.91250443458557,-0.049999999999999996,True
77777777,48679,7,5.926552095151162,18.026378586888313,0.42857142857142866,True
77777777,48680,6,5.647943238358789,18.70707082748413,0.5428571428571429,True
77777777,48682,7,3.359359509550255,10.20890474319458,0.8571428571428573,True
77777777,48683,9,5.623306444993063,18.19763696193695,0.11666666666666665,True
77777777,48684,7,3.5945573542268403,9.95280647277832,0.6785714285714287,True
77777777,48685,8,5.298565952254207,16.85470187664032,0.30952380952380953,True
77777777,48686,10,3.316709282233766,11.439390659332275,0.8181818181818182,True
77777777,48687,8,3.062846172334171,9.37460446357727,0.04761904761904763,True
77777777,48689,6,0.5998404241461596,2.0483465790748596,0.3714285714285715,True
77777777,48690,7,4.34403718060866,14.445422053337097,0.0,True
77777777,48691,7,20.327642012199505,64.51697134971619,0.7857142857142859,True
77777777,48693,4,2.105800257763518,4.978806495666504,-0.39999999999999997,True
77777777,48694,9,6.498393917492231,23.726382732391357,0.9333333333333332,True
77777777,48696,1,0.0,0.0,,False
77777777,48697,9,6.882009323863418,27.290085792541504,0.43333333333333335,True
77777777,48698,7,4.29224311386501,13.086994647979736,0.5714285714285715,True
77777777,48699,9,10.128185192908749,31.35417151451111,0.09999999999999999,True
77777777,48700,10,6.542363726921325,24.250980854034424,0.12727272727272726,True
77777777,48701,8,4.898538338603426,15.563925564289093,-0.14285714285714288,True
77777777,48702,8,7.136725332000262,23.992010831832886,0.2380952380952381,True
77777777,48703,8,3.9653331970464256,12.544657945632935,0.5952380952380953,True
77777777,48704,3,6.433570441098566,15.602858781814575,1.0,True
77777777,48705,10,3.4728469196397773,12.656005382537842,0.709090909090909,True
77777777,48707,4,5.055842416706152,13.848180770874023,-0.19999999999999998,True
77777777,48708,7,2.548786299744339,8.548985958099365,0.8214285714285715,True
77777777,48709,7,8.71416086049602,27.21534776687622,0.8928571428571429,True
77777777,48710,10,8.484660114667644,23.773822784423828,0.38181818181818183,True
77777777,48711,8,5.666714011682579,17.528411388397217,-0.2142857142857143,True
77777777,48712,10,10.8438621300184,40.03623390197754,0.8424242424242423,True
77777777,48713,8,4.051561397530264,12.336262196302414,0.2380952380952381,True
77777777,48714,3,13.121923900519826,29.869519233703613,0.5,True
77777777,48715,8,6.541839915937808,20.55697011947632,0.28571428571428575,True
77777777,48716,10,7.901232549285307,30.9913911819458,0.8787878787878788,True
77777777,48717,9,4.050297353894522,11.749900341033936,0.5333333333333333,True
77777777,48718,10,2.161327819062257,8.031724452972412,0.4666666666666666,True
77777777,48719,10,6.209189621826554,21.393887042999268,0.5151515151515151,True
77777777,48720,7,1.5125120063717044,4.369587659835815,0.39285714285714296,True
77777777,48722,9,6.145435781342364,20.69178581237793,0.15,True
77777777,48723,7,6.400566059624843,14.140703618526459,-0.21428571428571433,True
77777777,48724,10,3.318021552758583,12.381525039672852,0.4787878787878787,True
77777777,48725,10,8.11916781217654,28.863903999328613,0.6484848484848483,True
77777777,48726,7,5.646051679792359,15.858575269579887,0.8571428571428573,True
77777777,48727,10,5.012425605699405,18.185439586639404,0.2121212121212121,True
77777777,48728,6,8.45242720357996,24.99303448200226,0.6571428571428573,True
77777777,48729,10,4.4415657242384174,11.769870281219482,0.41818181818181815,True
77777777,48731,8,9.631672509560284,27.258404970169067,-0.14285714285714288,True
77777777,48732,10,6.671069408329763,22.720594882965088,0.7212121212121211,True
77777777,48733,9,7.632246384006253,27.03396713733673,0.26666666666666666,True
77777777,48734,9,7.668749853389478,27.292725801467896,0.5,True
77777777,48735,9,9.506587879026824,35.67998123168945,0.7,True
77777777,48736,4,0.9858173040001024,2.549546718597412,0.7999999999999999,True
77777777,48737,8,2.616014646768672,7.734480142593384,0.14285714285714288,True
77777777,48738,9,3.941968908241903,14.103285789489746,0.7833333333333333,True
77777777,48740,2,5.355031132698059,10.710062265396118,0.9999999999999999,True
77777777,48741,10,11.487057703412104,31.546875,0.7939393939393938,True
77777777,48742,7,8.638158344103074,25.0680091381073,0.5357142857142858,True
77777777,48743,8,3.955241613282921,12.674081802368164,0.19047619047619052,True
77777777,48744,8,7.210845861101396,22.328384518623352,-0.09523809523809526,True
77777777,48745,9,12.620903749376446,36.72811317443848,0.21666666666666667,True
77777777,48747,10,6.0809765044755135,22.98866093158722,0.309090909090909,True
77777777,48748,9,7.575583099619036,20.84516429901123,0.2833333333333333,True
77777777,48749,10,3.5820936751577475,14.184038162231445,0.6,True
77777777,48750,5,2.5135081135131214,5.64890456199646,0.09999999999999999,True
77777777,48751,6,9.749667382925367,27.09882962703705,0.08571428571428573,True
77777777,48752,8,1.6446913699046786,5.247076153755188,0.7619047619047621,True
77777777,48753,8,4.229151139150519,13.822052538394928,-0.11904761904761905,True
77777777,48754,10,5.209844374646575,19.082499504089355,0.11515151515151514,True
77777777,48755,6,6.039745848770002,16.04957616329193,0.3714285714285715,True
77777777,48756,7,5.756090904310215,17.541837692260742,0.5714285714285715,True
77777777,48757,8,5.820400342478299,20.30033302307129,0.30952380952380953,True
77777777,48758,6,8.241833544417416,20.345247745513916,0.2571428571428572,True
77777777,48760,6,5.480727475933529,15.314928531646729,0.14285714285714288,True
77777777,48761,9,9.096166501466815,31.17447054386139,0.4666666666666666,True
77777777,48762,8,8.41467870756219,29.758851885795593,0.4761904761904762,True
77777777,48763,9,8.017296984069597,22.5373272895813,0.8166666666666667,True
77777777,48765,8,9.245610295183086,28.69433069229126,-0.023809523809523815,True
77777777,48766,6,5.5873467674259025,16.401477336883545,0.08571428571428573,True
77777777,48767,7,3.2570341176829776,10.553814888000488,0.21428571428571433,True
77777777,48768,6,16.72861705513438,39.84819793701172,0.942857142857143,True
77777777,48770,5,7.402532178262917,21.061634063720703,0.7,True
77777777,48771,10,5.20800893621522,17.9432110786438,0.6848484848484848,True
77777777,48772,7,5.4893755398229995,15.7293701171875,0.03571428571428572,True
77777777,48773,8,5.244507079312268,16.25004529953003,0.6666666666666669,True
77777777,48774,8,5.831958298937427,18.82460844516754,0.5714285714285715,True
77777777,48775,8,10.345877854780928,26.24253325164318,0.6428571428571429,True
77777777,48776,7,13.776513421035403,36.02502989768982,0.5357142857142858,True
77777777,48777,10,8.89875433404652,27.617955207824707,0.6,True
77777777,48778,8,3.7385593344157098,11.771220564842224,-0.4523809523809524,True
77777777,48779,6,3.071882789951648,9.424928903579712,-0.2571428571428572,True
77777777,48780,9,3.705582097764525,12.444460153579712,0.11666666666666665,True
77777777,48781,9,5.148906880700487,15.395058870315552,0.7999999999999999,True
77777777,48783,9,6.068408814531807,22.674048900604248,0.8333333333333333,True
77777777,48784,9,3.6832699828700175,11.183051839470863,0.7666666666666667,True
77777777,48785,4,11.661276210335124,28.700016140937805,0.39999999999999997,True
77777777,48788,10,4.5636758847924135,13.360794067382812,0.7333333333333332,True
77777777,48789,7,5.968874380174057,15.063279628753662,0.6071428571428572,True
77777777,48790,6,4.261928594878855,10.23581749200821,0.028571428571428574,True
77777777,48791,9,6.248385305160657,21.403963446617126,0.6,True
77777777,48792,8,6.911630708715336,19.18037223815918,-0.11904761904761905,True
77777777,48794,10,4.7689697646971,16.16848659515381,0.2727272727272727,True
77777777,48795,9,4.826491031156688,19.3353174328804,0.5166666666666667,True
77777777,48796,10,10.264127993510364,39.54297637939453,0.6606060606060605,True
77777777,48797,9,5.801973715012122,15.45706570148468,0.48333333333333334,True
77777777,48798,4,6.642273596418021,18.03600001335144,0.19999999999999998,True
77777777,48800,7,13.263644215044607,36.634150981903076,0.4642857142857144,True
77777777,48801,8,11.662465858141355,34.35536003112793,0.2380952380952381,True
77777777,48802,8,4.725591230290111,14.84726107120514,0.6904761904761906,True
77777777,48803,8,7.647205641359876,21.954853951931,0.38095238095238104,True
77777777,48804,10,6.80168768810059,24.175253868103027,0.8303030303030302,True
77777777,48805,9,6.824961267399269,20.964282631874084,0.5666666666666667,True
77777777,48806,9,3.864701022297995,15.26884388923645,0.39999999999999997,True
77777777,48807,6,5.228741456148339,15.680817365646362,0.2571428571428572,True
77777777,48808,10,9.722814375815252,28.949116706848145,0.2606060606060606,True
77777777,48810,8,8.082327812504179,24.738203525543213,0.5952380952380953,True
77777777,48811,9,3.9163394432109837,14.638442158699036,0.3,True
77777777,48812,10,4.925609348054807,15.521283864974976,0.33333333333333326,True
77777777,48813,8,9.359262139834062,30.297150135040283,0.9047619047619048,True
77777777,48814,7,5.7624984221380675,19.642944812774658,0.7142857142857144,True
77777777,48815,10,7.964429904891282,27.573328852653503,0.3696969696969697,True
77777777,48816,8,3.023831390807712,7.794429302215576,0.07142857142857144,True
77777777,48817,10,8.917388185514298,29.939178705215454,0.24848484848484845,True
77777777,48818,2,12.326725527644157,24.653451055288315,0.9999999999999999,True
77777777,48820,4,5.6375638333648554,14.200345516204834,1.0,True
77777777,48821,9,8.252623924443975,27.693430185317993,0.08333333333333334,True
77777777,48822,10,5.29834040603266,17.77865707874298,0.7939393939393938,True
77777777,48823,10,2.6901153949245487,8.645108222961426,0.6727272727272726,True
77777777,48825,8,5.222570330665447,17.41300070285797,0.3333333333333334,True
77777777,48826,10,7.951699481959066,20.782444313168526,0.6969696969696969,True
77777777,48827,3,8.135224149890707,18.802449703216553,0.5,True
77777777,48828,9,6.283205719707458,23.77457094192505,0.26666666666666666,True
77777777,48829,8,5.847753451703381,19.02535617351532,0.4285714285714286,True
77777777,48830,8,8.687030516895213,28.576202392578125,0.8095238095238096,True
77777777,48831,10,1.7265595531196847,6.449775218963623,0.2727272727272727,True
77777777,48832,8,4.065065652881254,13.364450454711914,0.8095238095238096,True
77777777,48833,9,5.406870157653805,19.96140694618225,0.09999999999999999,True
77777777,48834,8,2.255250008081399,6.769261837005615,0.5714285714285715,True
77777777,48836,10,9.066192544737614,33.29549527168274,0.5878787878787878,True
77777777,48837,2,10.818313121795654,21.63662624359131,0.9999999999999999,True
77777777,48838,5,9.017713066390748,23.267647743225098,0.44721359549995787,True
77777777,48839,9,8.004553782699604,24.700868606567383,0.39999999999999997,True
77777777,48840,10,8.762353550794792,32.750317335128784,-0.23636363636363633,True
77777777,48841,9,3.4353929871328357,10.107838869094849,0.6,True
77777777,48842,9,5.29141886886065,20.116761207580566,-0.4666666666666666,True
77777777,48843,6,2.62521772975895,7.587709426879883,-0.3714285714285715,True
77777777,48844,8,4.288272048609838,14.914597988128662,0.7857142857142858,True
77777777,48845,7,6.671242597292723,18.378970131278038,0.39285714285714296,True
77777777,48846,9,5.7022428439188,18.82370090484619,0.5166666666666667,True
77777777,48847,3,2.413742569602192,5.722131371498108,1.0,True
77777777,48848,10,7.733030153835958,21.91907775402069,-0.09090909090909088,True
77777777,48849,9,5.631914093509729,22.864540338516235,0.25,True
77777777,48850,7,3.3698943729370274,11.827790260314941,0.3571428571428572,True
77777777,48851,9,11.832352678497763,36.94442796707153,0.43333333333333335,True
77777777,48852,9,6.2721371184216075,20.108835324645042,0.39999999999999997,True
77777777,48853,10,12.500815931930793,45.98288679122925,0.7333333333333332,True
77777777,48854,9,8.193159275714128,26.828723788261414,0.13333333333333333,True
77777777,48855,8,6.854798897856997,22.761734887957573,0.6190476190476191,True
77777777,48856,5,11.13890151728809,26.464730262756348,0.49999999999999994,True
77777777,48858,1,0.0,0.0,,False
77777777,48859,8,12.139437109639506,37.09112739562988,0.7380952380952381,True
77777777,48861,10,4.257266654040272,15.073617696762085,-0.0303030303030303,True
77777777,48862,9,3.163491787397345,10.493847474455833,0.75,True
77777777,48863,10,6.3332098331679125,21.923077940940857,0.35757575757575755,True
77777777,48864,1,0.0,0.0,,False
77777777,48865,10,5.548625521409025,20.362323760986328,0.49090909090909085,True
77777777,48866,10,7.515565159167609,23.001752853393555,-0.10303030303030303,True
77777777,48867,8,3.2351021299844542,10.575838804244995,0.7619047619047621,True
77777777,48868,9,2.900497815233682,10.210127353668213,0.09999999999999999,True
77777777,48870,7,3.5317328499557834,9.950916767120361,-0.7142857142857144,True
77777777,48871,10,5.013435715534029,15.043710708618164,0.7575757575757575,True
77777777,48872,10,5.21385970547626,17.346628665924072,0.8060606060606059,True
77777777,48873,9,3.4753758689722534,10.2593092918396,0.8499999999999999,True
77777777,48874,10,3.33410964574683,9.8995680809021,0.406060606060606,True
77777777,48876,9,10.64111076453253,33.76682376861572,0.6166666666666666,True
77777777,48877,7,2.897116344692624,8.411295294761658,0.8928571428571429,True
77777777,48878,7,1.5307262235575623,4.841089725494385,0.14285714285714288,True
77777777,48879,9,4.20828445104962,15.026785790920258,0.65,True
77777777,48881,8,10.916846082894567,29.175403758883476,-0.04761904761904763,True
77777777,48882,3,8.094344231696782,18.19612741470337,0.5,True
77777777,48885,8,9.207010074456466,24.142088413238525,0.19047619047619052,True
77777777,48886,9,4.895576240800388,17.043083667755127,0.31666666666666665,True
77777777,48887,10,3.2284657126952108,11.91537618637085,-0.4787878787878787,True
77777777,48888,8,7.937459931469651,24.548664569854736,0.6428571428571429,True
77777777,48889,8,8.841924912770905,29.417564630508423,0.9047619047619048,True
77777777,48892,8,7.886121129307691,26.650041103363037,0.5476190476190477,True
77777777,48894,6,7.287900036998375,23.844772577285767,0.8285714285714287,True
77777777,48896,8,8.75192321688649,28.903796792030334,0.1666666666666667,True
77777777,48897,10,7.066851609508951,25.113945722579956,0.6363636363636362,True
77777777,48898,6,4.909145830030933,14.42920708656311,0.2,True
77777777,48899,10,1.9372109539817672,5.677685737609863,0.29696969696969694,True
77777777,48900,9,1.0031367821581527,3.0463967323303223,0.7333333333333334,True
77777777,48902,9,6.829797302351744,22.786034435033798,0.38333333333333336,True
77777777,48903,9,7.0703931432231775,26.509352803230286,0.33333333333333337,True
77777777,48904,10,5.0463495985269775,18.256827116012573,0.4545454545454545,True
77777777,48905,9,6.032734672301041,20.942091941833496,0.7999999999999999,True
77777777,48906,8,9.927428856080429,30.347419679164886,0.5952380952380953,True
77777777,48907,9,8.366008219589038,23.039854526519775,0.65,True
77777777,48908,10,4.752839259476755,15.780807733535767,0.7818181818181817,True
77777777,48909,4,3.3716987418879247,8.416560411453247,1.0,True
77777777,48910,7,4.8251897842652,15.096872448921204,0.1785714285714286,True
77777777,48915,9,6.002492643829102,22.47506046295166,0.5333333333333333,True
77777777,48916,9,8.564814341251259,29.561224937438965,0.65,True
77777777,48917,8,6.621983057225916,23.5420982837677,0.8095238095238096,True
77777777,48918,8,5.334884152494315,17.541914522647858,0.523809523809524,True
77777777,48919,4,12.538708044065256,32.43964910507202,0.7999999999999999,True
77777777,48920,5,9.391098157714799,23.69707828760147,-0.6,True
77777777,48921,10,9.53107029034493,29.30471134185791,0.5515151515151515,True
77777777,48923,10,5.069920406488806,18.811573028564453,0.5515151515151515,True
77777777,48925,10,6.4442645909577445,25.936629056930542,0.5393939393939393,True
77777777,48926,10,7.3308940257348505,22.50818733870983,0.04242424242424241,True
77777777,48927,10,7.045728189571872,21.577855706214905,0.7454545454545454,True
77777777,48928,10,5.9011480495496205,16.376791954040527,-0.22424242424242422,True
77777777,48929,8,5.8028310366653395,18.766494393348694,0.9285714285714287,True
77777777,48930,10,8.153182655737613,29.458898067474365,0.6606060606060605,True
77777777,48931,9,8.209469894771765,26.152729511260986,0.65,True
77777777,48932,10,4.599301342147672,14.202086210250854,0.01818181818181818,True
77777777,48933,9,3.9119264124042163,13.34255599975586,0.3,True
77777777,48935,10,10.449218467174228,35.00877457857132,0.709090909090909,True
77777777,48936,9,8.046963979103644,31.46042013168335,0.7666666666666667,True
77777777,48937,10,8.509859075769254,24.631045699119568,0.7454545454545454,True
77777777,48938,9,7.296479379198787,26.976296424865723,0.38333333333333336,True
77777777,48939,7,3.5850721544079174,11.669787883758545,-0.8928571428571429,True
77777777,48940,9,5.7656831959918415,19.127979561686516,0.7999999999999999,True
77777777,48941,10,4.115822176628878,14.597468376159668,0.406060606060606,True
77777777,48942,9,7.098095115239098,23.17143738269806,0.6,True
77777777,48943,4,12.988182076855564,36.43770694732666,1.0,True
77777777,48944,9,9.331745827244266,32.448171615600586,0.7,True
77777777,48945,9,6.315316905726707,21.25481140613556,0.41666666666666663,True
77777777,48946,5,4.3796510128043415,12.74798583984375,-0.6,True
77777777,48949,7,9.888064429940453,31.621366500854492,0.3571428571428572,True
77777777,48950,4,7.798585416863127,21.406392216682434,0.7999999999999999,True
77777777,48951,7,5.483094439348487,16.534599781036377,0.03571428571428572,True
77777777,48952,7,6.945916402285078,22.336511611938477,0.9285714285714288,True
77777777,48953,8,5.312627200453631,14.392454147338867,0.38095238095238104,True
77777777,48955,7,13.03007350746132,33.9383430480957,0.39285714285714296,True
77777777,48956,5,6.366912455391361,15.734275341033936,0.09999999999999999,True
77777777,48957,6,8.45733487121083,23.806018352508545,0.942857142857143,True
77777777,48958,4,14.849233986144174,38.29117965698242,0.19999999999999998,True
77777777,48959,10,5.2917286452308465,16.598987460136414,0.5757575757575757,True
77777777,48960,8,5.503609365230105,16.860610008239746,0.5476190476190477,True
77777777,48961,6,9.302417088405559,24.004143238067627,0.942857142857143,True
77777777,48964,7,8.747595225762293,27.95680445432663,0.6071428571428572,True
77777777,48965,10,6.273358961839365,18.550991535186768,0.309090909090909,True
77777777,48967,7,17.761125311624898,46.574607849121094,0.25,True
77777777,48968,9,3.5595115715800447,9.708990335464478,0.2333333333333333,True
77777777,48969,6,4.248319830711816,14.038618087768555,0.5428571428571429,True
77777777,48970,8,5.868199374984201,16.72737216949463,-0.1666666666666667,True
77777777,48971,10,3.7713021857021354,12.464786529541016,-0.11515151515151514,True
77777777,48972,7,2.71250093218563,8.327720880508423,0.07142857142857144,True
77777777,48973,8,4.9188494928668876,15.061773896217346,0.2142857142857143,True
77777777,48976,8,5.438521064794686,18.759733200073242,0.4761904761904762,True
77777777,48977,3,5.148474649649854,11.807186245918274,0.5,True
77777777,48978,8,4.761611260576983,15.982257843017578,0.0,True
77777777,48979,9,8.279361488201218,26.4975346326828,0.08333333333333334,True
77777777,48980,7,8.997664709213776,29.287559986114502,0.5,True
77777777,48983,10,6.664859679256647,23.638504147529602,0.41818181818181815,True
77777777,48984,8,4.498971989436471,13.784753322601318,0.3333333333333334,True
77777777,48986,8,11.077222172964998,29.462868809700012,0.6904761904761906,True
77777777,48988,10,8.332236397066811,30.615118265151978,0.5515151515151515,True
77777777,48990,10,6.887508809093662,27.02125573158264,0.05454545454545454,True
77777777,48991,10,5.594770833045075,17.741138696670532,0.10303030303030303,True
77777777,48993,10,9.46824433347783,32.75156116485596,0.9515151515151514,True
77777777,48995,8,8.351968262286231,27.042736053466797,0.523809523809524,True
77777777,48996,6,3.014385095913497,8.262287139892578,0.48571428571428577,True
77777777,48997,8,8.873816901309667,23.821805238723755,0.4047619047619048,True
77777777,48998,10,6.63746178897569,21.156548500061035,0.9272727272727272,True
77777777,48999,4,3.7387099552887917,10.504778742790222,-0.39999999999999997,True
77777777,49000,7,8.99595607728411,27.684454917907715,0.07142857142857144,True
77777777,49001,10,3.209549717771187,11.074435710906982,-0.07878787878787878,True
77777777,49002,8,10.379018539859748,29.876505136489868,0.5714285714285715,True
77777777,49003,9,4.1756352017595635,14.08352279663086,0.26666666666666666,True
77777777,49004,9,5.777044404870305,22.11852192878723,0.5499999999999999,True
77777777,49006,6,9.39512011644846,25.361918926239014,0.8285714285714287,True
77777777,49007,9,3.7630135293409124,13.790716826915741,0.31666666666666665,True
77777777,49008,8,4.7484377217404985,14.616387724876404,0.7619047619047621,True
77777777,49009,9,5.438599528304868,14.283715963363647,0.5833333333333334,True
77777777,49010,10,3.8693188119090753,13.553824543952942,0.33333333333333326,True
77777777,49012,3,11.004183761501858,25.52011775970459,1.0,True
77777777,49013,9,6.019596394184834,22.936475157737732,0.48333333333333334,True
77777777,49014,8,2.761124440447752,9.095045566558838,0.7619047619047621,True
77777777,49015,7,5.867772897570058,17.004960894584656,0.8214285714285715,True
77777777,49016,7,5.489592316324556,14.63542652130127,-0.21428571428571433,True
77777777,49017,6,15.739973354613985,45.206644892692566,0.3142857142857143,True
77777777,49018,9,4.0922926090674245,14.384539723396301,0.6833333333333333,True
77777777,49019,9,9.064878419882623,31.17979371547699,0.3666666666666667,True
77777777,49020,10,3.980422030986143,15.71467113494873,0.4666666666666666,True
77777777,49021,8,4.935588344061703,13.97184669971466,0.28571428571428575,True
77777777,49022,2,8.446604251861572,16.893208503723145,0.9999999999999999,True
77777777,49024,10,8.984799594949324,33.21128273010254,0.8303030303030302,True
77777777,49027,8,8.440990044451272,27.856232166290283,0.880952380952381,True
77777777,49028,10,2.755056276370906,8.788562774658203,0.6848484848484848,True
77777777,49029,8,10.203847507316167,31.432912826538086,0.28571428571428575,True
77777777,49031,9,5.048006919148397,17.253689289093018,0.8499999999999999,True
77777777,49032,9,3.138652220047935,9.585272192955017,-0.38333333333333336,True
77777777,49033,7,6.017891113957204,20.19374370574951,0.39285714285714296,True
77777777,49034,9,4.941617609526772,15.278588771820068,0.8499999999999999,True
77777777,49035,7,4.871583440051468,14.46074378490448,0.6071428571428572,True
77777777,49036,7,10.049631684728451,31.09848403930664,0.3571428571428572,True
77777777,49037,5,9.376597488298788,27.211195468902588,-0.09999999999999999,True
77777777,49038,3,8.239341291707678,18.19934332370758,1.0,True
77777777,49039,10,6.602871784118753,22.634160056710243,0.4666666666666666,True
77777777,49040,8,8.325673445396768,23.17580020427704,0.4285714285714286,True
77777777,49041,8,5.14326688424588,14.761956214904785,0.880952380952381,True
77777777,49042,3,10.537427962976027,22.698455333709717,0.5,True
77777777,49044,2,7.359925627708435,14.71985125541687,0.9999999999999999,True
77777777,49046,8,7.275915363746568,22.413399815559387,0.7380952380952381,True
77777777,49047,7,6.945072890590951,22.19252872467041,-0.5,True
77777777,49049,9,10.742663830334843,39.95550847053528,0.6,True
77777777,49050,8,3.9988919746212,11.182304963469505,0.5952380952380953,True
77777777,49051,8,11.571275079738642,33.204707860946655,0.04761904761904763,True
77777777,49052,7,9.025045211376373,22.93881583213806,0.14285714285714288,True
77777777,49053,8,4.739485760731393,16.626014828681946,0.30952380952380953,True
77777777,49054,7,9.63586811302631,30.045526027679443,0.5,True
77777777,49056,10,7.344189767652469,22.970263719558716,0.6121212121212121,True
77777777,49057,8,6.128147710079952,19.22768223285675,0.3333333333333334,True
77777777,49059,8,5.341182824880727,17.723832964897156,0.5714285714285715,True
77777777,49060,8,8.812257268041673,29.561726570129395,0.4761904761904762,True
77777777,49061,10,2.220421024419262,8.186506986618042,-0.09090909090909088,True
77777777,49062,10,4.6247501833021,14.749842882156372,0.8424242424242423,True
77777777,49063,9,4.1892374278694575,14.232143878936768,0.049999999999999996,True
77777777,49064,10,5.192423401161039,16.936669945716858,0.8181818181818182,True
77777777,49065,7,10.351512375834915,30.63972234725952,0.6785714285714287,True
77777777,49066,10,7.1157894397573695,28.94880175590515,0.3696969696969697,True
77777777,49068,9,6.551146470421265,21.600208282470703,-0.5333333333333333,True
77777777,49069,1,0.0,0.0,,False
77777777,49070,6,8.038242060037243,25.234315633773804,0.7714285714285715,True
77777777,49071,8,6.476553851216748,17.481961965560913,0.8571428571428572,True
77777777,49072,7,6.363228432126994,19.648000121116638,0.6785714285714287,True
77777777,49073,9,5.422568201517221,17.342761993408203,0.41666666666666663,True
77777777,49074,7,7.975171796466925,23.180394411087036,0.8571428571428573,True
77777777,49076,9,5.5503763269161315,16.23224115371704,0.19999999999999998,True
77777777,49077,9,4.950652286488782,17.85424965620041,0.5333333333333333,True
77777777,49078,5,2.2173194510970102,6.4506388902664185,0.0,True
77777777,49079,10,3.66534966022717,12.24953305721283,-0.01818181818181818,True
77777777,49080,9,6.655729252021345,21.96335220336914,0.3666666666666667,True
77777777,49081,10,4.53878585736092,17.388330459594727,0.5515151515151515,True
77777777,49083,10,9.44381417568778,28.158299922943115,0.7454545454545454,True
77777777,49084,8,13.612328427861431,40.13650608062744,0.19047619047619052,True
77777777,49087,1,0.0,0.0,,False
77777777,49088,10,5.602014363792172,22.6608624458313,0.3696969696969697,True
77777777,49089,8,4.214231859242878,12.829400062561035,-0.1666666666666667,True
77777777,49090,10,3.1491669545133356,11.595077872276306,0.5151515151515151,True
77777777,49091,10,8.164705905099847,29.731621265411377,0.9515151515151514,True
77777777,49092,9,3.8750982731085606,14.40419626235962,-0.049999999999999996,True
77777777,49093,6,6.418619365280088,17.673741340637207,0.8285714285714287,True
77777777,49095,10,6.627185626333204,20.169282868504524,0.8424242424242423,True
77777777,49096,7,8.469701976470603,25.581195831298828,0.9285714285714288,True
77777777,49097,9,7.342282803418495,22.337300300598145,0.7833333333333333,True
77777777,49098,8,3.991363196602777,15.015727519989014,0.30952380952380953,True
77777777,49099,4,8.963009495351985,22.171594619750977,0.39999999999999997,True
77777777,49101,10,5.242472611035153,19.510373890399933,0.13939393939393938,True
77777777,49102,4,6.623092160782622,18.53624153137207,0.7999999999999999,True
77777777,49103,7,8.524636645338019,28.758201360702515,1.0,True
77777777,49104,8,9.400265685826641,30.224229499697685,0.7142857142857144,True
77777777,49105,9,4.943180877331307,15.98905098438263,0.15,True
77777777,49106,9,4.62716111250091,14.404353141784668,0.48333333333333334,True
77777777,49107,9,7.448202814065425,21.531734585762024,0.06666666666666667,True
77777777,49108,8,17.10566739543276,51.52629554271698,0.6904761904761906,True
77777777,49109,10,6.677664568983262,26.977184295654297,0.41818181818181815,True
77777777,49110,10,6.400277082864431,22.469511538743973,0.23636363636363633,True
77777777,49112,7,5.709367242886161,16.665713787078857,0.1785714285714286,True
77777777,49113,7,3.4544957371394105,11.179327964782715,-0.7142857142857144,True
77777777,49114,1,0.0,0.0,,False
77777777,49115,7,3.432198144060512,11.042861104011536,0.8214285714285715,True
77777777,49116,2,0.6778141558170319,1.3556283116340637,0.9999999999999999,True
77777777,49117,4,2.3313722333165408,5.5507325530052185,-0.7999999999999999,True
77777777,49118,10,6.338428691478524,18.053706645965576,0.3696969696969697,True
77777777,49120,2,13.494710445404053,26.989420890808105,0.9999999999999999,True
77777777,49121,10,3.2146147132317644,11.930168628692627,0.5878787878787878,True
77777777,49122,7,4.616842071623338,14.080441951751709,0.5357142857142858,True
77777777,49123,10,10.132235432341085,29.519744396209717,0.34545454545454546,True
77777777,49124,10,7.147862994287447,28.176870346069336,0.6606060606060605,True
77777777,49125,8,7.831234604096743,24.0966157913208,0.28571428571428575,True
77777777,49126,10,3.735898567194155,11.06297516822815,0.06666666666666665,True
77777777,49127,9,5.023095609609286,18.138516664505005,0.4666666666666666,True
77777777,49128,8,3.328452729907849,11.115965366363525,0.2380952380952381,True
77777777,49132,10,4.645083503472165,16.324055671691895,0.5030303030303029,True
77777777,49133,10,6.447344670439293,21.675143241882324,0.5636363636363636,True
77777777,49135,9,2.2015383842142433,6.162568092346191,-0.5166666666666667,True
77777777,49136,5,3.054117192937108,8.573965415358543,0.49999999999999994,True
77777777,49137,6,2.7036042246135015,8.975924968719482,0.3142857142857143,True
77777777,49138,7,5.403550031996357,17.076183319091797,0.10714285714285716,True
77777777,49139,10,7.179500894977141,20.546048164367676,-0.01818181818181818,True
77777777,49140,10,6.2590248964501765,23.336627960205078,0.8303030303030302,True
77777777,49141,9,6.075592891608649,18.45280361175537,-0.06666666666666667,True
77777777,49142,8,7.334299466263581,24.844922065734863,0.523809523809524,True
77777777,49143,7,20.5600782947745,58.652936697006226,0.5,True
77777777,49145,10,7.442124006548451,26.248186111450195,0.5636363636363636,True
77777777,49146,10,11.013395539604206,41.176669120788574,0.5757575757575757,True
77777777,49147,7,6.2939814321200975,17.51082980632782,-0.03571428571428572,True
77777777,49148,10,3.834107853975801,13.078273072838783,0.5515151515151515,True
77777777,49149,7,3.5701419861716146,11.408275112509727,0.21428571428571433,True
77777777,49150,10,3.7518444968129554,12.547951698303223,0.8303030303030302,True
77777777,49151,10,10.64718372767492,29.252909660339355,0.5272727272727272,True
77777777,49152,8,5.883027976543441,19.191349506378174,0.07142857142857144,True
77777777,49154,4,6.587162573919636,16.801486015319824,0.7999999999999999,True
77777777,49155,8,7.1162794690193065,26.284303665161133,0.6666666666666669,True
77777777,49156,8,2.880756846094825,9.78282755613327,0.023809523809523815,True
77777777,49157,10,4.758873204092113,16.986202239990234,0.7333333333333332,True
77777777,49158,9,6.197113776772881,17.226972103118896,0.7333333333333334,True
77777777,49159,8,5.188096660309617,16.62013864517212,0.6428571428571429,True
77777777,49160,9,2.972930670529273,8.186428546905518,0.65,True
77777777,49161,10,3.4308070299096967,12.177647173404694,0.6848484848484848,True
77777777,49162,7,5.807847283457281,18.251206874847412,-0.5714285714285715,True
77777777,49163,6,3.3963573159617386,9.090437531471252,0.6571428571428573,True
77777777,49164,6,7.55611241746093,20.51661443710327,0.6571428571428573,True
77777777,49165,9,6.444972124357761,18.87305974960327,-0.15,True
77777777,49166,7,13.789064400936029,39.1021728515625,0.5357142857142858,True
77777777,49169,9,2.9862559821679064,10.34267908334732,-0.03333333333333333,True
77777777,49171,8,3.5536018594787993,11.212206840515137,0.6190476190476191,True
77777777,49172,10,12.650369766327183,35.15575885772705,0.8060606060606059,True
77777777,49174,10,6.591778712994553,24.205543860793114,0.24848484848484845,True
77777777,49175,7,3.6259126334812977,11.866359233856201,-0.14285714285714288,True
77777777,49176,10,7.4506213957954905,23.14652442932129,0.2606060606060606,True
77777777,49177,7,11.549321592255053,28.6633038520813,0.14285714285714288,True
77777777,49178,9,5.577977409728974,19.19043120741844,0.13333333333333333,True
77777777,49181,7,6.017325442407332,18.08139932155609,0.3571428571428572,True
77777777,49182,10,5.737892810156151,21.78529405593872,0.309090909090909,True
77777777,49183,10,7.3315909222148345,23.870086669921875,0.8666666666666665,True
77777777,49184,10,6.916213737558395,23.981661319732666,-0.01818181818181818,True
77777777,49185,7,4.130604645661932,12.440495491027832,0.8928571428571429,True
77777777,49187,7,5.2408821273249755,16.314035415649414,0.21428571428571433,True
77777777,49188,9,9.613311427609595,27.462091207504272,0.6,True
77777777,49189,3,5.934371097342665,14.299036026000977,1.0,True
77777777,49190,10,9.736163131778996,29.41368281841278,0.9393939393939393,True
77777777,49191,3,1.7698965005688383,4.237009644508362,1.0,True
77777777,49192,8,4.633127064169334,13.58196246623993,0.14285714285714288,True
77777777,49193,7,11.003072578506147,33.34040927886963,0.6071428571428572,True
77777777,49194,9,3.5306087010809653,12.028985142707825,0.5333333333333333,True
77777777,49196,6,6.015409081599455,17.651611804962158,0.7142857142857143,True
77777777,49198,7,5.040668338174383,15.988778114318848,0.7857142857142859,True
77777777,49199,5,10.60535088513418,25.842322945594788,0.3,True
77777777,49200,5,10.204552965630867,24.166793942451477,0.8999999999999998,True
77777777,49201,1,0.0,0.0,,False
77777777,49203,9,10.194863286732424,33.698979139328,0.6333333333333333,True
77777777,49204,8,4.338506687740254,11.042256534099579,-0.14285714285714288,True
77777777,49205,10,8.877717505051146,22.21576499938965,-0.01818181818181818,True
77777777,49207,10,7.633452313096426,28.49487590789795,0.4545454545454545,True
77777777,49208,8,8.297214958615571,23.952405974268913,0.3333333333333334,True
77777777,49209,10,9.583582222722839,25.619727611541748,0.8424242424242423,True
77777777,49210,10,1.0639195725544888,3.3976807594299316,-0.3939393939393939,True
77777777,49211,9,8.661085412551518,23.37324619293213,0.26666666666666666,True
77777777,49212,7,8.651702996122124,25.54996395111084,0.8214285714285715,True
77777777,49213,4,6.287463108263757,15.841239929199219,0.39999999999999997,True
77777777,49214,5,4.725930344197486,13.550411224365234,-0.49999999999999994,True
77777777,49215,10,10.663772764933267,32.02381706237793,0.6606060606060605,True
77777777,49216,8,4.245589533929429,12.83712649345398,-0.023809523809523815,True
77777777,49218,7,11.908580130254776,26.347639203071594,-0.5,True
77777777,49220,8,4.190986650795845,14.426712989807129,-0.6666666666666669,True
77777777,49221,7,1.294218882337867,3.1905059814453125,-0.5357142857142858,True
77777777,49223,8,6.206834039039494,20.55218756198883,-0.1666666666666667,True
77777777,49224,8,5.255503683167675,19.03887116909027,0.7142857142857144,True
77777777,49225,9,8.16948661143161,22.895999789237976,0.7333333333333334,True
77777777,49226,7,12.558326439690328,33.91714012622833,0.7500000000000002,True
77777777,49227,10,2.4709399329505533,8.709538459777832,-0.35757575757575755,True
77777777,49229,9,9.202421774814677,27.088940024375916,0.9333333333333332,True
77777777,49231,8,3.531042790433688,10.804981350898743,0.6904761904761906,True
77777777,49232,8,6.773360870578751,19.653926610946655,0.09523809523809526,True
77777777,49233,9,6.2224169940054335,21.763120651245117,0.9,True
77777777,49234,10,3.7279893356317526,10.693453788757324,0.7333333333333332,True
77777777,49235,9,9.145670672059744,25.89404582977295,0.3,True
77777777,49236,9,8.34897360232912,28.396222591400146,0.08333333333333334,True
77777777,49237,9,8.7073058600604,28.563153743743896,0.8333333333333333,True
77777777,49238,9,9.89040329446849,30.867934226989746,0.8333333333333333,True
77777777,49239,9,8.491282832283563,28.211656093597412,0.6166666666666666,True
77777777,49242,10,6.28845448636208,20.682095527648926,0.4666666666666666,True
77777777,49243,8,6.48819485352028,21.549443244934082,0.4285714285714286,True
77777777,49244,6,10.657730805521389,29.83609676361084,0.6,True
77777777,49245,10,2.9424774123467463,9.347169399261475,0.17575757575757575,True
77777777,49246,9,8.675362071101409,29.447575330734253,0.7666666666666667,True
77777777,49247,5,7.426041337243893,20.499738335609436,0.8999999999999998,True
77777777,49248,7,4.078707243287958,10.703551650047302,0.7857142857142859,True
77777777,49249,8,6.694508198071677,23.040985107421875,0.6666666666666669,True
77777777,49250,6,8.754024328245299,23.983628153800964,1.0,True
77777777,49251,9,8.606730827620082,32.675591468811035,0.7999999999999999,True
77777777,49252,8,13.466356817592297,49.14232158660889,0.4285714285714286,True
77777777,49253,10,7.798335877774461,29.71277689933777,0.6363636363636362,True
77777777,49254,8,7.9168265131182896,24.31451678276062,0.28571428571428575,True
77777777,49256,10,5.677714817798597,19.869104385375977,0.09090909090909088,True
77777777,49257,6,4.257269333637795,12.265937209129333,0.6571428571428573,True
77777777,49258,7,4.7769338239918,13.414729714393616,0.10714285714285716,True
77777777,49259,7,7.2055284035104386,20.34116166830063,0.3571428571428572,True
77777777,49260,10,10.468930698916415,39.09272766113281,0.05454545454545454,True
77777777,49261,8,5.681439259379051,19.459793090820312,0.4285714285714286,True
77777777,49262,8,5.541419239808687,18.207387924194336,0.6904761904761906,True
77777777,49263,9,11.367914576710351,29.65503692626953,0.38333333333333336,True
77777777,49264,3,1.8648787171340684,4.269993960857391,0.5,True
77777777,49265,8,5.782045789165732,19.063769340515137,0.3333333333333334,True
77777777,49266,9,4.329458219591874,15.167993187904358,0.7833333333333333,True
77777777,49267,8,10.108634242696724,27.901429653167725,-0.1666666666666667,True
77777777,49268,8,5.936881781122198,19.57670259475708,0.1666666666666667,True
77777777,49269,8,3.8007727409794385,10.988451480865479,0.6904761904761906,True
77777777,49270,10,2.3806712528050817,7.798896312713623,0.01818181818181818,True
77777777,49271,7,9.292240826248106,23.881309032440186,0.3214285714285715,True
77777777,49272,10,6.363290190317831,22.986129641532898,0.5757575757575757,True
77777777,49273,8,10.40701019998709,32.70089054107666,0.5714285714285715,True
77777777,49275,7,5.6692478571460825,17.81100368499756,0.42857142857142866,True
77777777,49276,10,10.675862813932195,32.02390277385712,0.7575757575757575,True
77777777,49278,10,7.393176655596137,24.433987617492676,0.4545454545454545,True
77777777,49280,10,13.204502875612542,45.89402675628662,0.6,True
77777777,49282,8,2.419473766072278,8.040915489196777,0.4047619047619048,True
77777777,49283,9,3.712750778773638,13.133487701416016,0.7166666666666667,True
77777777,49284,9,7.7506624071421495,23.0644451379776,0.6166666666666666,True
77777777,49285,7,5.102568567145567,16.112079858779907,0.4642857142857144,True
77777777,49286,9,6.105860762778575,18.358629286289215,0.2833333333333333,True
77777777,49287,8,5.601736300881488,18.170592308044434,0.4047619047619048,True
77777777,49288,9,4.974743407005282,17.96333348751068,0.7,True
77777777,49289,8,9.38565600357379,28.602855920791626,0.38095238095238104,True
77777777,49290,8,4.260567519563065,15.934873461723328,0.1666666666666667,True
77777777,49291,9,9.323868155275836,24.04901695251465,0.8833333333333333,True
77777777,49292,8,9.286081824384949,27.63401448726654,0.14285714285714288,True
77777777,49294,9,5.312400942672737,17.2567777633667,0.9333333333333332,True
77777777,49295,9,6.7320743156702605,22.059903144836426,0.43333333333333335,True
77777777,49296,9,9.948594320364471,35.110904693603516,0.19999999999999998,True
77777777,49299,10,9.64456281006866,34.67523396015167,0.4666666666666666,True
77777777,49300,9,5.433181977739496,16.555458188056946,0.08333333333333334,True
77777777,49301,8,9.086637925623057,30.43718671798706,-0.14285714285714288,True
77777777,49302,9,7.964895928122145,26.049299240112305,0.33333333333333337,True
77777777,49303,9,7.232636004210487,22.19392490386963,0.5333333333333333,True
77777777,49304,8,5.025435046942742,17.17042362689972,0.2380952380952381,True
77777777,49305,9,7.898586160259923,24.440343856811523,0.6833333333333333,True
77777777,49306,8,9.202712489522021,31.299864768981934,0.8095238095238096,True
77777777,49307,10,6.504691894307718,19.491201877593994,0.3696969696969697,True
77777777,49308,10,10.83824776407671,31.714277744293213,0.7333333333333332,True
77777777,49309,10,9.041797559221138,33.338573575019836,0.6121212121212121,True
77777777,49310,6,7.189618448115151,19.889159202575684,0.08571428571428573,True
77777777,49311,10,5.44960606955883,20.920336723327637,0.6606060606060605,True
77777777,49312,10,6.187582063336378,22.870421290397644,0.5151515151515151,True
77777777,49313,2,9.250902891159058,18.501805782318115,0.9999999999999999,True
77777777,49314,8,3.265212539462693,10.450338363647461,0.7857142857142858,True
77777777,49316,7,4.18592023653464,14.070343971252441,0.7500000000000002,True
77777777,49317,8,12.339387738038841,35.55245590209961,0.11904761904761905,True
77777777,49318,10,6.033084305774921,22.0839581489563,0.6363636363636362,True
77777777,49319,6,4.5309624810910805,13.31302547454834,0.7142857142857143,True
77777777,49321,10,5.689471890034585,20.136833667755127,0.2121212121212121,True
77777777,49322,10,2.873329968054268,8.806194707751274,0.8909090909090909,True
77777777,49323,6,9.526240614860006,29.87410593032837,0.3142857142857143,True
77777777,49325,9,3.339313628446905,12.407916903495789,-0.5499999999999999,True
77777777,49326,10,5.845901273536533,16.416032075881958,-0.04242424242424241,True
77777777,49327,7,8.929994499688283,26.79145286977291,0.7500000000000002,True
77777777,49328,9,9.11167647726193,30.648669481277466,0.4666666666666666,True
77777777,49329,10,8.163609077905438,29.35653305053711,0.7696969696969697,True
77777777,49332,10,5.653222721062376,17.308117866516113,0.9151515151515152,True
77777777,49333,9,3.818992962516496,11.388140201568604,-0.35,True
77777777,49334,8,2.97085156748946,10.725520610809326,0.4285714285714286,True
77777777,49336,8,4.916176762490133,15.403616726398468,0.8333333333333335,True
77777777,49337,8,11.866053108065277,32.06394338607788,0.19047619047619052,True
77777777,49338,8,3.2526447736464794,11.541924715042114,0.5000000000000001,True
77777777,49341,8,4.490487867957808,14.82875144481659,0.4761904761904762,True
77777777,49342,9,9.271756942601684,29.747750282287598,0.6,True
77777777,49343,6,15.118231427155488,44.188133239746094,0.5428571428571429,True
77777777,49344,10,5.6068341743411585,15.914789021015167,0.6606060606060605,True
77777777,49345,6,20.650154408081054,54.78910446166992,-0.028571428571428574,True
77777777,49346,10,7.101245929178134,22.075282096862793,0.12727272727272726,True
77777777,49347,9,6.310726983278816,20.248696327209473,-0.08333333333333334,True
77777777,49348,9,16.96094331697499,52.267040491104126,0.5666666666666667,True
77777777,49349,10,7.031235470182452,19.300410747528076,0.1515151515151515,True
77777777,49351,9,2.628474460851153,9.117844507098198,0.5499999999999999,True
77777777,49353,9,6.481120079227615,22.06441831588745,0.16666666666666669,True
77777777,49354,10,8.625470423195894,28.94450330734253,0.04242424242424241,True
77777777,49355,7,4.382386514796119,14.354159355163574,0.7142857142857144,True
77777777,49356,8,7.2915323457558525,25.254581451416016,0.09523809523809526,True
77777777,49358,9,10.375965186389609,35.79071044921875,0.8833333333333333,True
77777777,49359,3,0.6518222630306132,1.4960269927978516,-0.5,True
77777777,49360,10,7.228015182181514,24.79751682281494,0.5878787878787878,True
77777777,49361,8,7.223826195175295,24.417787551879883,-0.19047619047619052,True
77777777,49362,1,0.0,0.0,,False
77777777,49363,4,8.127954753402454,20.651021480560303,1.0,True
77777777,49365,9,8.317325372573531,24.439879596233368,0.8499999999999999,True
77777777,49367,10,8.478831902803506,30.652564704418182,0.23636363636363633,True
77777777,49369,8,5.0598171954603535,13.543981313705444,0.30952380952380953,True
77777777,49370,4,0.7428407810183362,2.014694094657898,-0.39999999999999997,True
77777777,49371,8,5.580488365634687,14.725361824035645,0.6904761904761906,True
77777777,49372,9,2.7454848960263933,8.487797617912292,0.2833333333333333,True
77777777,49373,10,6.086662093162438,21.24736988544464,0.24848484848484845,True
77777777,49374,6,8.216845953024102,23.818608283996582,0.3142857142857143,True
77777777,49375,10,7.903010434833119,27.28397560119629,0.6363636363636362,True
77777777,49376,1,0.0,0.0,,False
77777777,49377,7,3.090017366198977,9.196735739707947,0.8214285714285715,True
77777777,49378,8,8.184338068273464,29.41106653213501,0.9523809523809524,True
77777777,49379,9,9.59218670917131,31.90625560283661,-0.049999999999999996,True
77777777,49380,9,9.808993534135352,38.672051429748535,0.9500000000000001,True
77777777,49381,5,2.9845529477129173,8.476274728775024,0.3,True
77777777,49382,7,7.6861671508431835,21.25109203159809,0.6785714285714287,True
77777777,49383,8,3.9998635267642193,14.284499168395996,0.2142857142857143,True
77777777,49384,7,6.709820329409598,15.679784297943115,0.21428571428571433,True
77777777,49385,7,8.574044492177451,27.867205381393433,-0.14285714285714288,True
77777777,49387,9,8.866885630129966,23.279542922973633,0.8333333333333333,True
77777777,49388,6,2.16658944732401,5.828836441040039,0.7714285714285715,True
77777777,49389,10,6.562746521049513,17.7623952627182,0.17575757575757575,True
77777777,49390,6,8.826638224710907,29.086112022399902,0.8285714285714287,True
77777777,49393,6,3.6839750698160887,9.796184480190277,0.8857142857142858,True
77777777,49394,9,6.419796308462518,20.8044650554657,0.8499999999999999,True
77777777,49395,9,8.155321769633902,26.67007839679718,0.7833333333333333,True
77777777,49397,10,8.037706262194042,29.90404510498047,0.5636363636363636,True
77777777,49398,9,9.362861408932789,35.07456970214844,0.03333333333333333,True
77777777,49399,10,4.373814601532755,16.261314392089844,0.5636363636363636,True
77777777,49400,7,2.444132852929238,6.225985050201416,0.3214285714285715,True
77777777,49402,6,8.426755079315958,24.837965726852417,0.3714285714285715,True
77777777,49403,10,7.0180323349398375,23.589000940322876,0.7212121212121211,True
77777777,49405,10,2.852123491747375,9.127351090312004,0.1515151515151515,True
77777777,49406,7,6.754600964076598,17.957752361893654,0.14285714285714288,True
77777777,49407,10,2.9563267552774612,10.738734543323517,0.11515151515151514,True
77777777,49408,8,6.279482474649335,20.653441786766052,-0.2380952380952381,True
77777777,49409,9,3.7621243913226605,12.365632057189941,0.6333333333333333,True
77777777,49410,8,4.521282932004086,12.524730443954468,0.8333333333333335,True
77777777,49412,8,6.923806526718972,23.415361881256104,0.7142857142857144,True
77777777,49414,10,2.268191548859367,8.139785766601562,0.11515151515151514,True
77777777,49415,8,6.595940123083177,22.055334091186523,0.5952380952380953,True
77777777,49416,8,3.7519099103390183,11.155609965324402,0.7142857142857144,True
77777777,49417,10,4.461627413316793,19.1152663230896,0.4545454545454545,True
77777777,49418,10,4.945350586778675,18.520352363586426,0.4545454545454545,True
77777777,49419,10,8.198516852570105,25.470386385917664,0.6121212121212121,True
77777777,49420,7,14.370714558397525,41.25401973724365,0.5357142857142858,True
77777777,49421,6,10.226927482167236,31.763734340667725,0.6,True
77777777,49422,9,2.1522117203296496,8.276018619537354,0.18333333333333335,True
77777777,49423,10,4.640366923477871,17.52657175064087,0.7212121212121211,True
77777777,49424,10,9.453453535211866,25.655341148376465,-0.1515151515151515,True
77777777,49425,9,9.38659222955123,26.227405548095703,0.08333333333333334,True
77777777,49426,8,2.3056241170246583,6.768918991088867,-0.1666666666666667,True
77777777,49427,9,3.1768191348004327,11.92206186056137,0.6333333333333333,True
77777777,49429,2,6.233676195144653,12.467352390289307,0.9999999999999999,True
77777777,49430,9,8.069845932316596,24.79117453098297,0.6833333333333333,True
77777777,49431,9,6.170154576245834,16.963123083114624,0.6333333333333333,True
77777777,49433,10,8.050979602094364,22.210581183433533,0.7212121212121211,True
77777777,49434,9,4.100139320098321,14.116402506828308,0.5833333333333334,True
77777777,49435,5,10.559415858678289,26.22268110513687,0.6,True
77777777,49436,9,7.900078097058418,21.680848479270935,-0.16666666666666669,True
77777777,49437,7,3.050572305969351,10.545412540435791,0.14285714285714288,True
77777777,49438,9,6.817443123950735,24.10185480117798,0.45,True
77777777,49439,9,3.1420088108585316,8.890162408351898,0.3666666666666667,True
77777777,49440,5,14.117764768175094,37.09772968292236,0.6,True
77777777,49443,10,6.005547724349115,18.57523465156555,0.23636363636363633,True
77777777,49444,10,2.819274524000216,10.34661865234375,0.16363636363636364,True
77777777,49445,9,8.831700456944585,31.915907382965088,0.8666666666666667,True
77777777,49446,4,3.5724455886250155,9.073667764663696,0.0,True
77777777,49447,10,8.254329018235946,29.739400386810303,0.709090909090909,True
77777777,49448,10,8.287835667940863,29.2870591878891,0.6,True
77777777,49449,8,9.743218460112292,26.470009326934814,0.6428571428571429,True
77777777,49450,8,7.565593710131395,22.400147438049316,0.6190476190476191,True
77777777,49451,8,8.394259600436753,21.735046848654747,-0.2380952380952381,True
77777777,49452,8,16.985241667842892,46.83317673206329,0.7619047619047621,True
77777777,49453,8,2.0966504227478695,7.413848161697388,0.5952380952380953,True
77777777,49455,9,3.682190207667655,12.279166758060455,0.45,True
77777777,49456,1,0.0,0.0,,False
77777777,49457,6,11.295321590997517,35.22333526611328,-0.08571428571428573,True
77777777,49458,9,11.666118148442848,45.015310287475586,0.2833333333333333,True
77777777,49459,10,2.6005934743794294,9.616342544555664,0.5030303030303029,True
77777777,49460,1,0.0,0.0,,False
77777777,49461,10,6.273610959028167,20.802825331687927,0.5030303030303029,True
77777777,49462,9,7.336752448115342,22.72498905658722,0.5499999999999999,True
77777777,49464,9,5.1336778084795895,17.943468257784843,0.5833333333333334,True
77777777,49465,7,7.817889088648762,18.469988897442818,-0.6071428571428572,True
77777777,49466,9,1.8444941273710063,6.25442910194397,0.6333333333333333,True
77777777,49468,10,8.566315247151634,28.424758911132812,0.5393939393939393,True
77777777,49469,9,4.033458964113214,13.035852789878845,0.13333333333333333,True
77777777,49470,8,5.679061996201922,20.362805366516113,0.7619047619047621,True
77777777,49471,8,7.258624555251122,24.591524243354797,0.8571428571428572,True
77777777,49472,6,2.347315131973757,5.746586799621582,0.6571428571428573,True
77777777,49473,9,4.843008384242915,19.39802074432373,0.41666666666666663,True
77777777,49474,8,2.6021240259610283,7.9134063720703125,0.28571428571428575,True
77777777,49475,7,3.140836991125833,10.256442546844482,0.0,True
77777777,49476,10,4.1726267504504815,14.106756687164307,-0.18787878787878787,True
77777777,49477,9,2.2972006789698782,7.702875256538391,-0.2833333333333333,True
77777777,49478,9,7.485816599715473,26.637744903564453,0.5333333333333333,True
77777777,49480,8,7.303911403622475,23.194474458694458,0.6666666666666669,True
77777777,49481,8,6.078849948869982,21.000131607055664,0.5714285714285715,True
77777777,49482,10,2.1706026143346016,7.399510145187378,0.38181818181818183,True
77777777,49484,10,1.8926250799303312,5.292952299118042,0.6242424242424242,True
77777777,49487,10,5.989814899217477,21.587146759033203,0.3939393939393939,True
77777777,49488,9,4.058198663969195,11.784320831298828,0.35,True
77777777,49489,3,3.423513431042212,8.199284076690674,0.5,True
77777777,49490,6,2.4665263358831644,6.868461906909943,0.3714285714285715,True
77777777,49491,8,2.6855276932575087,8.656030297279358,0.7380952380952381,True
77777777,49492,9,5.119487851164375,17.04005265235901,0.03333333333333333,True
77777777,49494,10,5.8973654210117115,19.942273139953613,0.35757575757575755,True
77777777,49495,3,13.863853999320321,31.315492630004883,0.5,True
77777777,49496,5,6.86982670326218,19.364045023918152,0.19999999999999998,True
77777777,49497,7,5.058881650492595,16.600707530975342,0.9285714285714288,True
77777777,49498,7,6.153115751781267,19.62802743911743,0.7857142857142859,True
77777777,49499,8,9.481331416407244,30.880374908447266,0.5952380952380953,True
77777777,49500,9,8.699065721980553,26.69555377960205,0.5333333333333333,True
77777777,49501,9,8.642735384565727,26.621633529663086,0.65,True
77777777,49502,10,8.95454427888726,29.460148811340332,0.17575757575757575,True
77777777,49504,8,1.7326043475522317,6.221539497375488,-0.2380952380952381,True
77777777,49505,7,9.165149618088702,25.696302890777588,0.3571428571428572,True
77777777,49506,5,2.489702738774966,6.665263652801514,0.19999999999999998,True
77777777,49507,10,6.970612821193659,23.416862562298775,0.16363636363636364,True
77777777,49508,10,10.793510955011836,34.43670463562012,0.7212121212121211,True
77777777,49510,3,7.831087933107031,18.537853479385376,1.0,True
77777777,49511,8,7.124676184978797,23.025695323944092,0.8333333333333335,True
77777777,49512,7,4.677650944565973,13.740159273147583,0.25,True
77777777,49513,7,5.585251175148921,17.31704044342041,0.39285714285714296,True
77777777,49516,9,13.246278379670663,35.236385345458984,0.08333333333333334,True
77777777,49518,2,6.665841698646545,13.33168339729309,0.9999999999999999,True
77777777,49519,8,6.503900071972006,21.49322009086609,-0.11904761904761905,True
77777777,49520,9,3.4179866696567025,11.660287141799927,0.08333333333333334,True
77777777,49521,9,6.964195765410683,22.47372341156006,0.5499999999999999,True
77777777,49523,6,7.7242915203198095,23.992714405059814,0.4285714285714286,True
77777777,49524,10,7.215776385918932,29.308470249176025,0.41818181818181815,True
77777777,49526,8,3.659386085357992,11.70409882068634,0.30952380952380953,True
77777777,49527,9,3.1692745718070863,8.793824434280396,0.3666666666666667,True
77777777,49528,8,4.815142656546478,16.940865993499756,0.14285714285714288,True
77777777,49530,6,5.185105667476047,16.307002782821655,0.7714285714285715,True
77777777,49531,9,5.508028639450282,17.381816864013672,0.75,True
77777777,49532,8,5.469704229362231,14.432154178619385,0.09523809523809526,True
77777777,49533,2,0.33577489852905273,0.6715497970581055,-0.9999999999999999,True
77777777,49535,8,7.548440928452982,22.831851959228516,0.7380952380952381,True
77777777,49536,10,5.535267314366772,20.755140900611877,0.4545454545454545,True
77777777,49537,8,15.571737571870939,45.06953525543213,-0.023809523809523815,True
77777777,49538,10,10.97889997101327,35.178223609924316,0.5636363636363636,True
77777777,49539,10,2.9543226605831356,10.487293004989624,0.07878787878787878,True
77777777,49540,9,9.140859679620357,31.355700254440308,0.9,True
77777777,49541,8,6.853919524572116,23.9502911567688,0.7142857142857144,True
77777777,49542,7,2.7442193994920614,8.425999283790588,0.28571428571428575,True
77777777,49543,8,4.442639611469701,14.714670181274414,-0.023809523809523815,True
77777777,49544,8,6.090493881869705,19.42244851589203,0.9047619047619048,True
77777777,49546,1,0.0,0.0,,False
77777777,49548,10,5.818697283270562,17.72668133676052,0.10303030303030303,True
77777777,49549,8,7.865944836985431,23.609188079833984,0.8095238095238096,True
77777777,49550,4,3.0729944755528815,8.355401992797852,-0.19999999999999998,True
77777777,49551,8,10.332962244549165,36.76549530029297,0.38095238095238104,True
77777777,49553,10,4.228150258281271,13.58185863494873,0.04242424242424241,True
77777777,49554,10,4.491135836746413,15.672433853149414,0.3939393939393939,True
77777777,49555,7,5.143989936470947,16.15564638376236,0.9285714285714288,True
77777777,49556,10,5.7382152844846015,21.2950382232666,0.5757575757575757,True
77777777,49557,7,8.662284867908387,26.47940492630005,-0.5,True
77777777,49558,8,6.185256282402002,21.604519367218018,0.19047619047619052,True
77777777,49559,8,4.438398239348464,13.87511932849884,0.19047619047619052,True
77777777,49560,7,3.5470608795561063,11.334818482398987,0.3571428571428572,True
77777777,49561,9,5.4050065870166275,19.37446880340576,0.3,True
77777777,49562,10,5.06477542641488,14.46790087223053,0.33333333333333326,True
77777777,49563,9,5.18642201581141,15.949930191040039,0.33333333333333337,True
77777777,49565,10,13.948535248136137,45.92327260971069,0.29696969696969694,True
77777777,49566,7,5.559187260518256,18.288886308670044,0.8571428571428573,True
77777777,49567,10,10.498286444092004,34.57793378829956,0.7333333333333332,True
77777777,49568,10,3.7389344617868794,10.622731685638428,0.2727272727272727,True
77777777,49569,9,3.912860155210841,13.761281415820122,0.7833333333333333,True
77777777,49572,9,3.924925938175303,10.690744638442993,0.08333333333333334,True
77777777,49573,8,5.484940050849197,17.408440589904785,-0.4285714285714286,True
77777777,49574,7,4.91878282642017,15.323477745056152,-0.4642857142857144,True
77777777,49575,7,6.325077669810993,18.52578568458557,0.642857142857143,True
77777777,49576,8,11.826020491933798,32.315463066101074,0.7142857142857144,True
77777777,49577,6,9.932471988524595,28.148241221904755,0.6,True
77777777,49578,5,9.576204084907216,25.037301674485207,0.3,True
77777777,49579,10,3.265359413203906,11.463327884674072,0.4424242424242424,True
77777777,49580,10,3.602388388846038,12.20262098312378,0.5151515151515151,True
77777777,49581,3,8.929132525734914,19.51168203353882,0.5,True
77777777,49582,9,7.2606360083873875,24.14248275756836,0.5166666666666667,True
77777777,49584,10,5.546398736321329,21.405325889587402,0.6848484848484848,True
77777777,49585,9,8.195878138101113,22.75094497203827,0.13333333333333333,True
77777777,49586,10,4.340819141192018,16.269996643066406,0.2606060606060606,True
77777777,49588,9,17.85964167384721,54.47949409484863,0.65,True
77777777,49589,10,5.248193662377688,19.987273812294006,0.6606060606060605,True
77777777,49591,7,3.8156939172453366,12.958127975463867,0.1785714285714286,True
77777777,49592,10,4.7817036564310875,16.201923727989197,0.6,True
77777777,49593,8,2.930941132702713,10.86771833896637,0.6904761904761906,True
77777777,49594,4,12.334672994771202,28.063499450683594,0.39999999999999997,True
77777777,49596,10,8.071555210164664,27.4081449508667,0.5030303030303029,True
77777777,49597,10,4.901025700612627,16.521883964538574,0.6727272727272726,True
77777777,49598,10,5.191765557976034,13.827743530273438,0.4666666666666666,True
77777777,49599,7,3.674443346190813,11.881678342819214,0.07142857142857144,True
77777777,49600,8,11.923099703209925,31.36248755455017,0.8571428571428572,True
77777777,49601,8,8.685815746130261,25.225513458251953,0.3571428571428572,True
77777777,49603,9,9.355607009137303,24.898600578308105,0.7166666666666667,True
77777777,49604,8,5.65797252991985,18.553183555603027,0.3333333333333334,True
77777777,49605,10,6.220891525307252,22.475772500038147,0.4545454545454545,True
77777777,49606,4,2.325224558726386,5.750794768333435,1.0,True
77777777,49607,9,3.0431887667131505,9.577682495117188,0.8166666666666667,True
77777777,49608,10,13.182545829215346,46.76694869995117,0.28484848484848485,True
77777777,49609,4,9.790797060608885,25.270057678222656,1.0,True
77777777,49612,8,6.639772886705413,17.978939056396484,-0.1666666666666667,True
77777777,49616,8,5.262612490144306,18.680275917053223,0.2142857142857143,True
77777777,49618,10,6.075956508698321,23.96124267578125,0.6,True
77777777,49619,8,9.370138386823202,24.055850565433502,0.523809523809524,True
77777777,49620,4,8.338067290942709,21.405266284942627,0.39999999999999997,True
77777777,49621,7,7.875493574480206,20.87765121459961,0.03571428571428572,True
77777777,49622,9,7.767944461468883,26.330504894256592,0.4666666666666666,True
77777777,49624,1,0.0,0.0,,False
77777777,49625,9,5.739695944777356,19.416526585817337,0.6,True
77777777,49627,5,1.3166320481421017,3.631078600883484,-0.09999999999999999,True
77777777,49629,10,4.287561017550887,13.654493525624275,0.49090909090909085,True
77777777,49631,8,7.3435145111517794,20.12524378299713,0.261904761904762,True
77777777,49632,9,4.699475499577225,16.61275279521942,0.48333333333333334,True
77777777,49633,7,9.376835509505465,28.688742756843567,0.7500000000000002,True
77777777,49634,10,9.855050263656594,30.73198413848877,0.49090909090909085,True
77777777,49635,7,8.44577772236221,23.47635841369629,0.7500000000000002,True
77777777,49636,4,4.775734674665801,13.14095389842987,0.7999999999999999,True
77777777,49637,10,5.043099249539855,18.56878089904785,-0.2606060606060606,True
77777777,49639,8,3.3193397567120075,9.491733729839325,0.4761904761904762,True
77777777,49640,10,4.498230122447944,13.502192497253418,0.2606060606060606,True
77777777,49641,6,7.9937668277577805,20.85916793346405,0.8857142857142858,True
77777777,49644,10,8.377605196368586,26.98397731781006,0.32121212121212117,True
77777777,49645,10,3.903231323678049,12.322792768478394,0.33333333333333326,True
77777777,49646,9,7.219718906091647,24.499064445495605,0.21666666666666667,True
77777777,49647,6,8.507874729702985,23.922884345054626,0.6,True
77777777,49648,7,8.981573652007881,28.50074005126953,0.7142857142857144,True
77777777,49649,10,6.0535643771002,21.15723419189453,0.29696969696969694,True
77777777,49650,9,9.721332966542825,31.304718494415283,0.9333333333333332,True
77777777,49651,3,5.037310865848519,12.314116597175598,-1.0,True
77777777,49652,6,8.12856473920688,24.7303067445755,0.8285714285714287,True
77777777,49653,8,8.348187255524302,23.42481017112732,0.28571428571428575,True
77777777,49654,10,5.22287635879053,16.166743278503418,0.5151515151515151,True
77777777,49655,6,2.9258496757669956,8.694490909576416,0.6571428571428573,True
77777777,49656,10,11.588572350048818,39.77943933010101,0.3939393939393939,True
77777777,49657,9,6.466351937607235,23.607990741729736,0.2333333333333333,True
77777777,49658,7,5.389074816751237,16.27383327484131,0.642857142857143,True
77777777,49659,1,0.0,0.0,,False
77777777,49660,10,7.882337918282682,32.1080904006958,0.7454545454545454,True
77777777,49662,9,8.858253277854242,28.772568702697754,0.38333333333333336,True
77777777,49663,5,5.742630975322535,16.717759609222412,0.8999999999999998,True
77777777,49665,10,8.628303838318809,32.21789216995239,0.6242424242424242,True
77777777,49667,5,2.635318026393789,7.420875653624535,-0.09999999999999999,True
77777777,49669,8,5.396715071178608,18.354020819067955,0.261904761904762,True
77777777,49670,8,2.3859361032965856,7.822194576263428,0.9047619047619048,True
77777777,49671,10,8.228296012326885,26.437384605407715,0.9393939393939393,True
77777777,49673,10,4.001626368706998,15.394975662231445,0.10303030303030303,True
77777777,49674,6,4.262879723065207,11.893797278404236,0.4285714285714286,True
77777777,49675,10,7.902431184482602,28.574167370796204,0.6969696969696969,True
77777777,49676,5,6.42139332126531,19.712554931640625,0.8999999999999998,True
77777777,49677,6,7.86696457725709,22.707685470581055,0.8285714285714287,True
77777777,49678,9,11.178772769805843,36.67686653137207,-0.06666666666666667,True
77777777,49680,10,2.013582874168827,6.622071385383606,0.28484848484848485,True
77777777,49681,9,11.28081191619937,35.99137735366821,0.016666666666666666,True
77777777,49683,1,0.0,0.0,,False
77777777,49684,7,3.8375878662292062,10.321974158287048,0.3571428571428572,True
77777777,49685,6,4.776080705685408,14.954946130514145,0.7714285714285715,True
77777777,49686,8,9.225238579688325,29.378723621368408,0.5000000000000001,True
77777777,49687,7,14.436286167161686,45.97020149230957,0.7500000000000002,True
77777777,49688,2,0.2801004648208618,0.5602009296417236,-0.9999999999999999,True
77777777,49689,9,8.17178736630442,25.04684019088745,0.35,True
77777777,49690,9,9.794971445147874,29.826152086257935,-0.25,True
77777777,49691,9,8.79614030669167,29.69797945022583,0.6833333333333333,True
77777777,49692,9,10.01121113668742,31.138871178030968,0.3,True
77777777,49693,10,2.2102882332419505,6.79879093170166,0.17575757575757575,True
77777777,49694,9,8.84984774067721,23.589998364448547,0.8499999999999999,True
77777777,49695,8,3.4936648857879233,12.383620262145996,0.5714285714285715,True
77777777,49696,2,0.07881039381027222,0.15762078762054443,0.9999999999999999,True
77777777,49697,10,8.530126873200954,30.467601776123047,0.11515151515151514,True
77777777,49698,9,4.833933718968454,16.682822227478027,0.15,True
77777777,49699,9,3.447567747046519,12.306324005126953,0.18333333333333335,True
77777777,49700,8,4.524124116727866,14.123916387557983,0.6428571428571429,True
77777777,49701,10,5.8716465474255966,21.419161558151245,0.6848484848484848,True
77777777,49702,7,5.66522179222288,18.49817419052124,0.7142857142857144,True
77777777,49703,10,7.191233120689739,24.906822204589844,0.8181818181818182,True
77777777,49704,7,9.423295748868505,31.042271971702576,0.9285714285714288,True
77777777,49705,9,6.0784625833721035,17.2419855594635,0.16666666666666669,True
77777777,49706,8,9.016550932140413,32.797274589538574,0.5714285714285715,True
77777777,49707,8,9.594965007583006,32.158658027648926,0.7619047619047621,True
77777777,49708,8,9.173946577949991,34.79163122177124,0.5714285714285715,True
77777777,49710,10,3.5531312871149616,12.413341522216797,0.11515151515151514,True
77777777,49711,3,4.656923005843494,9.879571795463562,1.0,True
77777777,49712,9,12.274340845630313,35.769086837768555,0.7166666666666667,True
77777777,49713,8,16.37135990315277,39.24506652355194,0.4761904761904762,True
77777777,49714,7,6.731032943775235,17.897790670394897,0.28571428571428575,True
77777777,49715,9,2.38601819120022,8.59761643409729,0.7166666666666667,True
77777777,49716,4,2.6103267874942806,6.571674823760986,-0.39999999999999997,True
77777777,49717,9,6.599019686888002,24.969459295272827,0.45,True
77777777,49718,7,10.33597518515551,30.37765121459961,0.10714285714285716,True
77777777,49719,9,8.64430852216361,24.50606334209442,0.7166666666666667,True
77777777,49721,9,1.956183670686464,7.457559213042259,0.35,True
77777777,49722,10,4.4485250441267725,18.087427258491516,0.709090909090909,True
77777777,49723,9,3.3532143513250188,11.429888844490051,0.7833333333333333,True
77777777,49724,8,8.70437695655718,29.052626609802246,0.1666666666666667,True
77777777,49725,10,6.451594308463587,20.415774822235107,0.24848484848484845,True
77777777,49726,7,3.6482590743515146,11.347735524177551,0.25,True
77777777,49727,9,7.215631853211579,24.55989646911621,0.6,True
77777777,49730,10,2.610994659235078,7.156360626220703,0.6484848484848483,True
77777777,49731,10,7.226166716912334,21.04036521911621,0.6121212121212121,True
77777777,49732,1,0.0,0.0,,False
77777777,49733,10,4.833290303184294,17.370526790618896,0.6,True
77777777,49734,7,11.144074447051514,31.669675827026367,0.7142857142857144,True
77777777,49735,9,8.999156713425021,33.75683951377869,0.9,True
77777777,49737,8,8.415922668939684,25.059131145477295,0.0,True
77777777,49738,8,14.320791550069366,41.96772384643555,0.5714285714285715,True
77777777,49739,8,1.871774942819599,6.2177534103393555,0.8571428571428572,True
77777777,49740,7,6.572174142987102,15.722744211554527,-0.14285714285714288,True
77777777,49742,9,8.618321454470943,28.22307002544403,0.6666666666666667,True
77777777,49743,10,4.3952335246059215,15.6322340965271,-0.0303030303030303,True
77777777,49744,7,5.421060195188814,15.828547284007072,0.642857142857143,True
77777777,49746,7,10.028240813494502,28.01668071746826,0.21428571428571433,True
77777777,49747,10,4.297406941821499,13.752790451049805,-0.4545454545454545,True
77777777,49748,1,0.0,0.0,,False
77777777,49749,7,5.660389500235117,19.783597946166992,0.1785714285714286,True
77777777,49750,7,4.392639268471264,12.706902980804443,0.3214285714285715,True
77777777,49751,6,6.152873435953148,17.73673105239868,0.7714285714285715,True
77777777,49752,7,4.353482398923384,11.569147944450378,0.21428571428571433,True
77777777,49753,7,6.667924891232246,23.92783546447754,0.4642857142857144,True
77777777,49754,8,7.627398389948815,24.623336791992188,0.5952380952380953,True
77777777,49756,10,7.922448128254269,28.57583725452423,0.309090909090909,True
77777777,49757,10,3.4194577562315107,10.601361274719238,0.3939393939393939,True
77777777,49758,7,10.345761378710378,26.421786189079285,0.03571428571428572,True
77777777,49759,8,8.745040720060151,29.81514549255371,0.07142857142857144,True
77777777,49760,2,10.114307641983032,20.228615283966064,0.9999999999999999,True
77777777,49761,10,5.06271971712426,17.522681832313538,0.7696969696969697,True
77777777,49762,10,8.019092376334283,30.964107036590576,0.6121212121212121,True
77777777,49763,8,12.98372107499,38.72424125671387,-0.4761904761904762,True
77777777,49765,10,2.779572603285285,10.692562580108643,0.35757575757575755,True
77777777,49766,8,7.544841264706038,24.029447555541992,0.5000000000000001,True
77777777,49768,4,10.393308736769596,27.70175313949585,0.7999999999999999,True
77777777,49769,8,3.5028919012114472,11.325307726860046,0.7619047619047621,True
77777777,49770,7,2.235250802170131,6.482314825057983,0.25,True
77777777,49772,7,3.7573765237745507,11.64310884475708,0.1785714285714286,True
77777777,49775,6,4.359399053848828,11.422157883644104,0.2571428571428572,True
77777777,49777,6,8.280763765955784,21.61988067626953,0.942857142857143,True
77777777,49778,10,8.13917076251816,30.52695941925049,0.34545454545454546,True
77777777,49779,8,4.692685487191299,12.93128514289856,0.7142857142857144,True
77777777,49780,9,5.296037677259202,15.286655902862549,-0.3,True
77777777,49781,6,6.571830374673017,18.883568048477173,1.0,True
77777777,49782,8,10.717112082446583,29.367162704467773,0.7857142857142858,True
77777777,49783,8,7.969368033786738,26.856890201568604,0.5952380952380953,True
77777777,49784,10,5.884205610151346,17.944525718688965,0.8666666666666665,True
77777777,49785,6,8.681862711646696,28.296483159065247,0.8857142857142858,True
77777777,49786,10,5.186816283379264,20.006433963775635,0.7818181818181817,True
77777777,49787,7,8.659051341416454,23.592777848243713,0.8214285714285715,True
77777777,49788,10,6.308509082682847,22.9767324924469,0.5030303030303029,True
77777777,49790,7,4.806345248763472,12.767635822296143,0.8571428571428573,True
77777777,49791,3,5.731823594803648,13.410545349121094,1.0,True
77777777,49792,10,8.666640867173218,32.8505277633667,0.43030303030303024,True
77777777,49793,7,5.9462173564477,18.493404388427734,0.642857142857143,True
77777777,49796,10,10.639795925562602,33.017845809459686,0.6242424242424242,True
77777777,49798,10,3.2990255223691984,11.860569715499878,-0.6484848484848483,True
77777777,49801,10,3.288538759832965,11.586441040039062,0.7333333333333332,True
77777777,49802,10,4.8291569376517325,14.374585628509521,0.8181818181818182,True
77777777,49803,10,3.852041018554331,12.985525250434875,0.4666666666666666,True
77777777,49804,10,6.5582886347878695,24.690139770507812,0.32121212121212117,True
77777777,49805,8,5.1029580752866295,14.144443213939667,0.4761904761904762,True
77777777,49807,5,9.62255356222488,26.77644443511963,0.6,True
77777777,49808,6,7.673226296422889,23.790433406829834,0.3142857142857143,True
77777777,49810,10,8.674154219978744,24.43673276901245,0.07878787878787878,True
77777777,49811,5,10.81526262065387,32.949164390563965,0.8999999999999998,True
77777777,49812,10,9.192975488237856,30.149311065673828,0.7696969696969697,True
77777777,49813,8,4.94600306202909,13.239696428179741,0.7619047619047621,True
77777777,49815,5,6.050970988854829,16.24663555622101,0.09999999999999999,True
77777777,49816,4,4.276431600758185,9.902664303779602,1.0,True
77777777,49817,8,9.782157509246753,25.189292073249817,0.0,True
77777777,49818,10,4.780915640794201,15.429889678955078,0.5272727272727272,True
77777777,49819,10,7.5113988193274865,28.123679637908936,0.29696969696969694,True
77777777,49820,8,1.134433290536482,3.1657469272613525,0.3571428571428572,True
77777777,49821,7,3.725031280343448,11.603121995925903,0.28571428571428575,True
77777777,49822,5,8.208806333735739,23.30461835861206,0.6,True
77777777,49825,9,9.73156757119894,32.70637798309326,0.7166666666666667,True
77777777,49826,8,7.0482654462555745,18.71381950378418,0.3333333333333334,True
77777777,49827,6,3.6600870538348476,9.617056965827942,0.2,True
77777777,49828,8,10.007839497506994,24.622180104255676,-0.19047619047619052,True
77777777,49831,6,13.06124836921201,29.719289779663086,0.5428571428571429,True
77777777,49833,8,9.23249359886138,22.356166318058968,0.38095238095238104,True
77777777,49834,10,10.724478878899673,38.18542432785034,0.3696969696969697,True
77777777,49835,10,6.144883514066547,18.276440620422363,0.6,True
77777777,49837,10,8.854833433267041,32.83239936828613,0.5151515151515151,True
77777777,49838,10,7.042542493189999,23.253299713134766,0.22424242424242422,True
77777777,49839,8,3.297413256714914,11.153710842132568,0.5952380952380953,True
77777777,49841,9,2.6939532959949086,9.474370956420898,0.6,True
77777777,49842,6,8.830736104763076,27.250351905822754,0.7142857142857143,True
77777777,49844,8,8.550957927122784,26.620237112045288,0.2142857142857143,True
77777777,49845,6,5.268294884713595,15.116286039352417,0.2,True
77777777,49846,8,6.543272502566177,21.690213203430176,0.30952380952380953,True
77777777,49847,8,9.031789865991003,27.657811522483826,-0.04761904761904763,True
77777777,49848,7,7.404637737400518,23.857781410217285,0.7857142857142859,True
77777777,49849,7,2.9005489994100992,8.38082504272461,0.5714285714285715,True
77777777,49850,9,5.424539852817466,18.36555767059326,0.049999999999999996,True
77777777,49851,10,4.4164115858900574,14.12588882446289,0.38181818181818183,True
77777777,49853,10,2.0674457883891417,8.041284322738647,0.4424242424242424,True
77777777,49854,7,6.364272920130625,19.68824052810669,0.1785714285714286,True
77777777,49855,6,4.979283477893984,13.972061157226562,0.7714285714285715,True
77777777,49856,9,4.0198709240235715,13.150018095970154,0.41666666666666663,True
77777777,49857,10,3.413710379053756,11.701119780540466,-0.13939393939393938,True
77777777,49858,9,8.112403770108688,22.140827775001526,0.6833333333333333,True
77777777,49859,10,7.019996428057449,26.32476508617401,0.5151515151515151,True
77777777,49861,10,6.364962204287418,19.65789270401001,0.8424242424242423,True
77777777,49863,9,7.5001551174813335,26.290090560913086,0.65,True
77777777,49864,8,6.82171720280624,18.379186630249023,0.523809523809524,True
77777777,49865,6,7.238531170852962,19.083494305610657,0.028571428571428574,True
77777777,49866,9,1.352267784830066,4.512048125267029,0.16666666666666669,True
77777777,49867,8,1.70340603632797,6.103270769119263,0.38095238095238104,True
77777777,49869,10,4.445020449111641,14.898525714874268,0.6,True
77777777,49870,6,6.949579390659016,17.59672975540161,0.942857142857143,True
77777777,49871,5,11.03787814312778,25.04181480407715,0.19999999999999998,True
77777777,49872,10,4.397145058871573,12.180305480957031,0.6,True
77777777,49873,7,3.0110221736266243,10.700913429260254,0.28571428571428575,True
77777777,49874,6,7.374826966454813,24.879028797149658,0.4285714285714286,True
77777777,49875,10,2.5530333538725913,9.563316941261292,0.2727272727272727,True
77777777,49876,3,1.7644570210611503,3.7458099126815796,-0.5,True
77777777,49877,8,6.197699741371754,21.00725793838501,0.5476190476190477,True
77777777,49878,3,6.305719155320464,14.409502506256104,1.0,True
77777777,49879,9,5.382300682339391,15.988584518432617,0.43333333333333335,True
77777777,49880,9,3.4443685096028434,12.093766927719116,0.7166666666666667,True
77777777,49881,8,3.703768329333253,12.51942777633667,0.8095238095238096,True
77777777,49884,10,9.218337788767554,26.72283124923706,0.4666666666666666,True
77777777,49887,9,2.4621859152436634,7.937357783317566,-0.18333333333333335,True
77777777,49889,7,4.635397925760383,16.506405770778656,0.39285714285714296,True
77777777,49890,8,5.356529799707755,17.010669708251953,0.4285714285714286,True
77777777,49891,10,4.33718293443903,12.333222553133965,0.7818181818181817,True
77777777,49893,10,3.772615640464487,12.204928636550903,0.7939393939393938,True
77777777,49894,10,4.342111611693969,16.236234664916992,0.7818181818181817,True
77777777,49896,2,7.842681407928467,15.685362815856934,0.9999999999999999,True
77777777,49898,6,3.5430951203068832,10.970660328865051,-0.08571428571428573,True
77777777,49903,10,4.451847609678149,17.197215601801872,0.19999999999999998,True
77777777,49904,10,12.207838004197285,33.28684854507446,-0.29696969696969694,True
77777777,49906,10,9.409782681181706,26.270990133285522,0.29696969696969694,True
77777777,49907,10,8.061317555309666,28.326537162065506,0.8787878787878788,True
77777777,49908,8,6.416605156828813,18.523029565811157,0.7380952380952381,True
77777777,49909,7,4.373935881875947,14.595992177724838,0.8571428571428573,True
77777777,49910,6,3.533703499233603,11.25258731842041,0.028571428571428574,True
77777777,49911,6,3.7309515477720847,11.402276635169983,0.48571428571428577,True
77777777,49912,8,3.3591814358196492,10.871129989624023,-0.07142857142857144,True
77777777,49913,10,3.960252393485378,10.610434532165527,0.49090909090909085,True
77777777,49914,8,4.373226149009595,11.074850082397461,0.7142857142857144,True
77777777,49915,3,20.217195156827273,49.37082052230835,0.5,True
77777777,49916,8,4.606938773636195,13.714531302452087,-0.523809523809524,True
77777777,49917,6,7.798939014077322,21.621155738830566,0.7714285714285715,True
77777777,49918,9,3.887004495907002,9.676082611083984,0.5,True
77777777,49919,9,1.616243467379739,5.244597434997559,0.09999999999999999,True
77777777,49921,5,3.4499738681223175,9.959681510925293,0.3,True
77777777,49922,6,9.706986168806313,22.880331352353096,0.48571428571428577,True
77777777,49923,8,8.129376168512207,27.112483382225037,0.2380952380952381,True
77777777,49924,8,6.212036490227145,16.345805644989014,0.7619047619047621,True
77777777,49927,6,8.2881240456255,24.349675178527832,0.48571428571428577,True
77777777,49929,10,7.5236930493020475,25.157824516296387,0.9030303030303028,True
77777777,49930,10,5.722234532025943,18.410229682922363,0.17575757575757575,True
77777777,49931,10,4.8202518384606785,14.16361665725708,0.6242424242424242,True
77777777,49932,10,2.1394772680911687,7.790020942687988,-0.12727272727272726,True
77777777,49933,8,6.957534646408384,26.004024505615234,0.7619047619047621,True
77777777,49934,10,7.977104101622506,23.9457745552063,0.10303030303030303,True
77777777,49937,2,14.802080154418945,29.60416030883789,0.9999999999999999,True
77777777,49938,9,8.077045137322603,25.441364526748657,0.19999999999999998,True
77777777,49939,8,5.996895026476859,21.638032913208008,0.38095238095238104,True
77777777,49940,9,8.646141052489906,26.99774220585823,0.2833333333333333,True
77777777,49941,9,11.673115743043274,41.417025685310364,0.8333333333333333,True
77777777,49942,10,8.141735378044396,25.625054836273193,0.6606060606060605,True
77777777,49943,10,8.497007025168621,25.964544773101807,0.7939393939393938,True
77777777,49945,10,5.851699413980277,22.434665322303772,0.22424242424242422,True
77777777,49946,6,6.354416036075833,17.250863432884216,0.028571428571428574,True
77777777,49948,9,3.357725002301887,12.12800407409668,0.5666666666666667,True
77777777,49951,7,6.193181867396347,19.831790924072266,0.642857142857143,True
77777777,49952,8,2.5759929981211385,7.93303120136261,0.261904761904762,True
77777777,49953,8,5.790471560503738,17.05161714553833,0.9523809523809524,True
77777777,49954,5,3.9976895918685122,11.245549321174622,-0.09999999999999999,True
77777777,49955,10,6.677761902930292,24.3562912940979,0.7575757575757575,True
77777777,49956,9,6.773091393313692,21.206019401550293,0.65,True
77777777,49957,8,8.716638560741533,33.34650993347168,-0.11904761904761905,True
77777777,49958,9,5.228038065533877,17.093316078186035,0.6666666666666667,True
77777777,49959,10,7.932656131124626,20.495076656341553,0.4666666666666666,True
77777777,49960,7,4.539868555342966,11.000261127948761,0.5,True
77777777,49964,8,4.663605456147686,13.601452827453613,-0.523809523809524,True
77777777,49967,8,4.140810231659296,15.385321617126465,0.9523809523809524,True
77777777,49968,8,8.899967089586882,32.124398708343506,0.7857142857142858,True
77777777,49969,8,15.13461734673137,33.824501633644104,0.19047619047619052,True
77777777,49970,10,9.800586677425517,36.88391733169556,0.12727272727272726,True
77777777,49972,5,6.866267225605403,19.12036645412445,0.49999999999999994,True
77777777,49973,7,4.274401051320236,11.986137390136719,0.4642857142857144,True
77777777,49974,10,6.053338488907616,19.97738003730774,0.6747751534848716,True
77777777,49975,10,6.257931406321882,20.971510410308838,0.3939393939393939,True
77777777,49976,6,8.884467108452064,26.420992851257324,0.6,True
77777777,49977,10,7.923823996081804,21.491132736206055,0.8181818181818182,True
77777777,49978,9,6.916195990854464,20.90783727169037,0.31666666666666665,True
77777777,49979,9,5.499583308931268,17.419201850891113,0.8666666666666667,True
77777777,49980,4,5.745058865232521,16.045565128326416,0.39999999999999997,True
77777777,49981,10,8.145475044998493,25.088255405426025,0.8424242424242423,True
77777777,49982,10,2.834475361874194,9.353800773620605,0.5151515151515151,True
77777777,49983,8,9.508055124545377,31.52280044555664,0.2380952380952381,True
77777777,49985,1,0.0,0.0,,False
77777777,49986,7,9.524163306048859,24.741870164871216,0.42857142857142866,True
77777777,49989,10,3.4640096581368454,14.190553352236748,0.6363636363636362,True
77777777,49991,7,4.343247102986621,13.010283470153809,0.25,True
77777777,49992,8,4.782124765343382,17.268102169036865,0.1666666666666667,True
77777777,49993,10,4.762506941556235,14.789464473724365,0.8303030303030302,True
77777777,49994,9,6.286994043184735,18.48304045200348,0.4666666666666666,True
77777777,49995,9,7.714608837157045,26.666630744934082,0.8166666666666667,True
77777777,49997,8,4.888249648070497,17.02059292793274,0.2142857142857143,True
77777777,49998,2,0.2756817936897278,0.5513635873794556,0.9999999999999999,True
77777777,49999,9,3.281611800740415,9.764110386371613,-0.18333333333333335,True
77777777,50000,7,9.041391337425598,23.73146915435791,0.28571428571428575,True
77777777,50001,9,13.621082316600281,46.66554820537567,0.6333333333333333,True
77777777,50002,8,4.3214331681391,14.75356388092041,0.5952380952380953,True
77777777,50003,9,5.076542466673591,17.273107051849365,0.5833333333333334,True
77777777,50004,7,8.210319384559137,27.111258506774902,0.5357142857142858,True
77777777,50005,7,4.309459540098132,13.414145469665527,0.5357142857142858,True
77777777,50006,7,10.474141447379623,30.33196234703064,0.6071428571428572,True
77777777,50008,1,0.0,0.0,,False
77777777,50009,10,5.256344698066314,18.892127871513367,0.709090909090909,True
77777777,50010,2,0.47938841581344604,0.9587768316268921,0.9999999999999999,True
77777777,50011,8,4.021720159948194,13.024710774421692,0.8095238095238096,True
77777777,50012,10,7.336488222556451,24.835875511169434,0.406060606060606,True
77777777,50013,10,6.386360848659308,25.270392417907715,0.3939393939393939,True
77777777,50014,4,10.785182538744555,27.044509887695312,0.7999999999999999,True
77777777,50016,8,5.741751190161147,17.68054485321045,0.6190476190476191,True
77777777,50017,9,6.86724501746117,20.165449619293213,0.2833333333333333,True
77777777,50019,10,4.375731975115319,13.152166843414307,0.11515151515151514,True
77777777,50021,10,3.091414105253987,11.623470425605774,0.5636363636363636,True
77777777,50022,10,2.839071402739119,11.089476108551025,0.2727272727272727,True
77777777,50023,10,6.227633369134153,23.706676721572876,0.09090909090909088,True
77777777,50024,4,2.618653903166783,6.54620036482811,1.0,True
77777777,50026,10,7.07523518630729,28.99983263015747,0.4545454545454545,True
77777777,50027,7,9.304204874117291,24.615052223205566,-0.6785714285714287,True
77777777,50028,10,3.505144510316865,13.559930801391602,0.5515151515151515,True
77777777,50029,7,4.242692826303217,12.544628143310547,0.5,True
77777777,50032,9,7.957387415177013,28.38034439086914,0.5333333333333333,True
77777777,50033,9,7.2198010572895726,24.114412546157837,0.7333333333333334,True
77777777,50034,9,4.105206078861958,13.944149732589722,0.5666666666666667,True
77777777,50035,10,5.8652767960137835,18.630574464797974,-0.04242424242424241,True
77777777,50036,1,0.0,0.0,,False
