reaction_id,canonical_product,candidate_count,candidate_count_bin,mean_20seed_delta_top1,mean_20seed_delta_mrr
45033,COC(=O)CCC(=O)c1ccc(OC2CCCCO2)cc1O,9,7-9,0.0,0.0
45034,COC(=O)c1cccc(-c2nc3cccnc3[nH]2)c1,9,7-9,0.0,0.0
45035,CON(C)C(=O)C1CCC(NC(=O)OC(C)(C)C)CC1,10,10,0.0,0.0
45036,O=[N+]([O-])c1ccc(Cl)nc1Nc1ccc(O)cc1,9,7-9,0.0,0.0
45037,NCC1=CC[C@@H](c2ccc(Cl)cc2Cl)[C@H]([N+](=O)[O-])C1,7,7-9,0.0,0.0
45038,CCc1oc(-c2ccc(C(F)(F)F)cc2)nc1COC[C@@H]1CCC[C@H](COC(C)(C)C(=O)O)C1,9,7-9,0.0,0.0
45039,Cc1noc(C)c1NC(=O)Nc1ccc2nc(N[C@@H]3CCc4ccccc43)ccc2c1,1,1,0.0,0.0
45040,Cc1cnc(N2CCN(C(=O)c3ccc(N4CCCS4(=O)=O)nc3C)CC2)c(C)c1,9,7-9,0.0,0.0
45041,C#CCCCCC(C)(C)c1cc(OC)cc(OC)c1,7,7-9,0.0,0.0
45042,CCOC(=O)c1cn(C)c2c(C)c(C=O)sc2c1=O,9,7-9,0.0,0.0
45043,CC(C)n1cnnc1-c1nc2c(s1)CCOc1cc(CNCCO)ccc1-2,9,7-9,0.0,0.0
45044,CCOC(=O)Cn1c(C)cc2c1CCC2,2,2-3,0.0,0.0
45046,CC(C)(C)OC(=O)N1CCN(C(=O)c2cc(COS(C)(=O)=O)ccc2F)CC1,5,4-6,0.0,0.0
45047,CCCC(=O)c1cnc2c(C)cccc2c1Nc1ccccc1OC,6,4-6,0.0,0.0
45048,COc1ccc(CN2CCc3nc(NC(=O)N[C@H](C)c4ccccc4)cc4c3c2nn4C(c2ccccc2)(c2ccccc2)c2ccccc2)cc1,8,7-9,0.0,0.0
45050,CSc1cc(-n2nc(C)cc2Nc2cc(NC(=O)c3cccc(C(F)(F)F)c3)ccc2C)ncn1,7,7-9,0.0,0.0
45051,Nc1nccc(Oc2cc(F)ccc2F)c1I,8,7-9,0.0,0.0
45052,N#CC[C@H](O)c1ccccc1,10,10,0.0,0.0
45055,Cc1nc(Cl)c(Cl)n1Cc1sc2c(c1C(=O)O)c(=O)n(C)c(=O)n2CC(C)C,8,7-9,0.0,0.0
45056,Oc1ccc2cc(-c3cnc(-c4ccccc4)o3)ccc2c1,10,10,0.0,0.0
45057,Cc1ccccc1-c1ccc2nc(NC(=O)C(C)(C)C)ccc2c1,10,10,0.0,0.0
45058,CC(C)(C)OC(=O)NCCc1ccc(N)cc1F,10,10,0.0,0.0
45059,O=C(O)CC1Nc2ccc(C(=O)NCc3ncc[nH]3)cc2CN(CCc2ccccc2)C1=O,9,7-9,0.0,0.0
45060,CCc1cc(C(C)=O)c(O)cc1OCc1cccc(C(=O)O)n1,10,10,0.0,0.0
45061,CCOC(=O)CNc1ccc2c(c1)OCO2,8,7-9,0.0,0.0
45062,CC(C)(C)OC(=O)N1CCC(OCCO)CC1,10,10,0.0,-0.2525
45063,O=C(OCc1ccccc1)N1CCC[C@@H]1Cc1c[nH]c2ccc(-c3cccc(CO)c3)cc12,10,10,0.45,0.225
45064,Cc1cc(Cl)c(NC(=O)CN2CCN(CCO)CC2)c(Cl)n1,8,7-9,0.0,0.0
45065,COc1cc(C(=O)NC2CCN(S(C)(=O)=O)CC2)ccc1Nc1ncc2c(n1)N(C1CCCCC1)CC(F)(F)C(=O)N2C,6,4-6,0.0,0.0
45068,C=CCN1CCCC(O)(c2cccc3[nH]ccc23)C1,9,7-9,0.0,0.0
45069,Nc1cc([N+](=O)[O-])ccc1F,9,7-9,0.0,0.0
45070,CCc1noc(CC)c1CSc1nc(C)cc(O)n1,7,7-9,0.0,0.0
45071,CN(C)Cc1cnnn1-c1cccc(C(=O)CC(=O)Nc2cc(C(F)(F)F)c(N3CCOCC3)cc2NC(=O)OC(C)(C)C)c1,4,4-6,0.0,0.0
45072,O=c1c(F)c(N2CCOCC2)nc2n1CC[C@@H](C(F)(F)F)N2,6,4-6,0.0,0.0
45073,CNC(=O)c1ccc2c(c1)CC(=O)N2C1CCN(CC(=O)N2C[C@H]3CCC[C@H]3C2)CC1,9,7-9,0.0,0.0
45074,CCOC(=O)c1ccc2c(c1)CC(C)(C)C(c1cccc(NC(=O)N3CCOCC3)c1)N2,3,2-3,0.0,0.0
45075,CN1CC(n2nccc2-c2cc(-c3ccccc3C(F)(F)F)ccc2Oc2cc(F)c(S(=O)(=O)Nc3nncs3)cc2Cl)C1,10,10,0.0,-0.16666666666666663
45076,Cc1nc([C@@H](N)CC2CC2)no1,10,10,0.0,0.0
45078,CCC1(C)C(=O)C(C(=O)NCC(=O)O)=C(O)c2cc(Cl)ccc21,10,10,0.0,0.0
45080,NC(=O)COc1ccc(C(=O)CN2CCN(c3ccncc3)CC2)cc1,8,7-9,0.0,-0.062499999999999986
45081,COc1ccccc1N1CCN(CCCCNC(=O)c2ccc3c(c2)Cc2ccccc2-3)CC1,8,7-9,0.0,0.0
45082,Cn1ccc(COc2ccc(N)c(NCc3ccc(OC(F)(F)F)cc3F)c2)n1,8,7-9,0.0,0.0
45083,Cc1ccc(F)cc1C1CC(=O)N(CC(=O)OC(C)(C)C)C(c2cccc(Cl)c2)C12C(=O)Nc1cc(Cl)ccc12,8,7-9,0.0,0.0
45084,COc1ccc2c(c1OC)CCC2=NO,6,4-6,0.0,0.0
45085,Brc1ccc(OCc2ccccc2)cn1,7,7-9,0.0,0.0
45087,O=[N+]([O-])c1ccccc1CCN1CCN(c2ccccc2)CC1,8,7-9,0.0,0.0
45092,CC(O)C(C)(C)[C@@H]1CCOC(C)(C)O1,10,10,0.0,-0.007857142857142858
45093,CCOC(=O)C=CC(C)=CCO,9,7-9,0.0,0.0
45094,CC(C)(C)OC(=O)N1CCN(Cc2cn(CC3(CO[Si](C)(C)C(C)(C)C)CCC3)c(=O)c3ccc(Br)cc23)CC1,9,7-9,0.0,0.0
45099,CC1(C)COc2ccc(Br)cc21,9,7-9,0.0,-0.02132936507936508
45100,Cn1nccc1-c1ccc(C(=O)N[C@H](CN)Cc2ccccc2C(F)(F)F)cc1F,10,10,0.55,0.3750000000000001
45101,Cn1cncc1C(N)(c1ccoc1)c1ccc2c(c1)c(-c1cccc(Cl)c1)cc(=O)n2C,7,7-9,0.0,0.0
45102,N=C(N)Nc1ccc(C(CS)C(=O)O)cc1,10,10,0.0,0.0
45103,COc1ccc(F)cc1-c1ccc(S(=O)(=O)Nc2cccc(-c3nnn[nH]3)c2)s1,7,7-9,0.0,0.0
45104,N#Cc1ccc(NC(=O)c2nc3ccccc3o2)c(C(=O)O)c1,8,7-9,0.0,-0.0047619047619047615
45105,COc1ccc(C2=C(c3ccc(F)cc3F)c3ccc(OCCCN4CCN(S(C)(=O)=O)CC4)cc3C2=O)cn1,7,7-9,0.0,0.01666666666666667
45106,CS(=O)(=O)Nc1cccc(-c2nnc(N)nc2-c2ccccc2)c1,10,10,0.25,0.125
45107,COc1ccc(N2CCN(CCCOc3cccc4ccccc34)CC2)cc1,8,7-9,0.0,0.05416666666666664
45108,O=C1OC(=O)C2C3CCC(C3)C12,3,2-3,0.0,0.0
45109,Clc1ccc(C(Cn2ccnc2)OCc2csc3c(Cl)cccc23)c(Cl)c1,9,7-9,0.0,0.0
45111,[N-]=[N+]=NCCCC(=O)c1ccccc1,10,10,0.0,0.0
45112,O=c1ccc(-c2cnn(CCO)c2)nn1Cc1cccc(-c2ncc(OCCN3CCOCC3)cn2)c1,9,7-9,0.0,0.04922619047619049
45113,COC(=O)c1cc(C(F)(F)F)ccc1Sc1ccccc1,9,7-9,0.0,0.0
45115,COC(=O)c1ccc(NC(=O)c2ccc3c(c2)N(S(=O)(=O)c2cc(Cl)ccc2OC)CCO3)nc1,9,7-9,0.0,-0.07
45116,O=C(O)/C=C/c1ccc(CNC23CC4CC(CC(C4)C2)C3)cc1,9,7-9,0.0,0.0
45117,Cc1cn(-c2ccc3c(N)ncc(Br)c3c2)c2c1C(=O)CC(C)(C)C2,10,10,0.45,0.225
45119,Cc1ccoc1C(=O)Nc1cccc(C(=O)c2ccc3c(c2)NC(=O)C3=CNc2ccc(CCN3CCCC3)cc2)c1,2,2-3,0.0,0.0
45120,C=C(CN)C(=O)Nc1cccc(-c2ncnc3[nH]cc(C(=O)OCC)c23)c1,9,7-9,0.05,0.025
45121,C=CCc1c(F)c(F)c(COC(=O)[C@@H]2[C@@H](C=C(C)C#N)C2(C)C)c(F)c1F,9,7-9,0.0,0.0
45122,CCCCN(CCCC)Cc1nc(-c2ncn3c2[C@@H]2CCN2C(=O)c2ccccc2-3)no1,8,7-9,0.0,0.0
45123,CS(=O)(=O)O[C@@H]1C[C@@H](c2csc(N)n2)N(C(=O)OCc2ccc([N+](=O)[O-])cc2)C1,8,7-9,0.0,0.0
45124,Cc1cc(Nc2ncnc3cccc(OCCN)c23)ccc1O,10,10,0.0,0.0
45128,CN(Cc1cccc(Br)c1)S(=O)(=O)c1cccc(C(=O)O)c1,10,10,0.0,0.0
45129,CCC1(CCCCN2CCN(c3ccc(Cl)c(Cl)c3)CC2)C(=O)Nc2c(Cl)cc(Cl)cc21,7,7-9,0.0,0.0
45130,Fc1cncc(Cl)c1N1CCNCC1,9,7-9,0.0,0.0
45131,C#CCOCC(=O)OCC,8,7-9,0.0,0.0
45133,N#CCc1cccc(NC(=O)c2cccc(-c3cccc(F)c3)n2)c1,8,7-9,0.0,0.0
45135,c1cnc2c(c1)CCCC2N(CCn1ccnc1)Cc1nc2ccccc2[nH]1,10,10,0.0,0.03583333333333333
45136,Cc1cc(CN2C(=O)c3ccccc3C2=O)ccc1[N+](=O)[O-],8,7-9,0.0,0.0
45137,C=CC(O)COS(=O)(=O)c1ccc(C)cc1,7,7-9,0.0,0.0
45139,Nc1nc(-c2ccc3c(N)n[nH]c3c2)cc(N2CCCC(NC(=O)c3ccccc3)C2)n1,7,7-9,0.0,0.0
45140,CCCn1c(COCC)nc2c(N)nc3ccc(OCCCCCCNC(=O)C(C)C)cc3c21,10,10,0.0,0.0
45142,NC(=O)c1cc(-c2ccnc(Cl)c2)cc2c(C3CCS(=O)(=O)CC3)c[nH]c12,7,7-9,0.0,0.0
45143,FC(F)(F)c1ccc(N2CCOc3ccccc32)c(Br)c1,10,10,0.0,0.0
45144,Cc1noc(-c2cc3c(O)cccc3o2)n1,10,10,0.0,0.0
45145,Cc1c(OC2CCCCO2)cc2c(c1C)OC(C)(CCC=O)CC2,10,10,0.0,0.0
45146,CCc1cc(C)c(-c2cccc(C(=O)CC(=O)Nc3cc(C(F)(F)F)c(C)cc3NC(=O)OC(C)(C)C)c2)cn1,1,1,0.0,0.0
45147,CC(C)(C#N)c1ccc(Cc2c([N+](=O)[O-])cnc3ccc(-c4ccc(Oc5ccccc5)nc4)cc23)cc1,7,7-9,0.0,0.0
45148,CNCc1ccc(C(=O)Cn2cnc3cc(-c4ccc(Cl)cc4)sc3c2=O)cc1,9,7-9,0.0,0.0
45149,Cn1cc2c3c(c(Cl)cc2n1)CCC3=CCN,3,2-3,0.0,0.0
45150,N#Cc1ccc(N2CC[C@@H](Oc3cccc(C(=O)O)c3)C2=O)cc1,9,7-9,0.0,0.0
45151,CC(C)(C)c1csc(COc2cccc(C(=O)Nc3cc(CCCS(=O)(=O)c4ccc(Cl)cc4)ccc3OCC#N)c2)n1,6,4-6,0.0,0.0
45155,O=C(O)c1cnc2cc(C3CCCCC3)ccc2c1O,9,7-9,0.0,0.0
45156,Nc1cc(C(=O)Nc2nnc(C(F)(F)F)s2)ccc1Sc1ccc(NC(=O)OCC2c3ccccc3-c3ccccc32)cc1,8,7-9,0.0,0.0
45157,O=C(NC[C@H]1CCCO1)c1ccc2c(C3CCCCC3)c3n(c2c1)CC(C(=O)N1CCC(N2CCOCC2)CC1)=Cc1ccccc1-3,7,7-9,0.0,0.0
45158,O=C(NC[C@H]1CN(CC2CCc3c(F)cnc4ccc(=O)n2c34)C[C@H]1O)OCc1ccccc1,9,7-9,0.0,0.0
45159,CCS(=O)(=O)CCn1c([N+](=O)[O-])cnc1C,7,7-9,-1.0,-0.5
45161,CCOC(=O)Cn1ncc2c1CCCC2NS(=O)(=O)c1cccc(NS(=O)(=O)c2ccccc2)c1,7,7-9,0.0,0.0
45163,CC(C)(C)OC(=O)Nc1ccccc1NC(=O)c1ccc(-c2ccnc(NCCCN3CCCCC3)n2)cc1,10,10,0.0,0.0
45164,CCOC(=O)c1cccc(NCc2ccc(C(=O)C(=O)OC)cc2)c1,9,7-9,0.0,0.0
45165,CC(C)c1cc2cc(S(C)(=O)=O)cc(COS(C)(=O)=O)c2o1,7,7-9,0.0,0.0
45166,CC(C)(C)OC(=O)Nc1ccc(C#Cc2nccs2)cc1[N+](=O)[O-],9,7-9,0.0,0.0
45168,COc1ccc(C(=CC#N)c2ccc3c(c2)OCO3)cc1OC,10,10,0.0,0.0
45169,CCOC(=O)C1=C[C@@H](OC(CC)CC)[C@@H](NC(C)=O)[C@H](N=[N+]=[N-])[C@@H]1OS(C)(=O)=O,9,7-9,0.0,0.0
45170,O=C(N[C@H]1CC[C@H](CCN2CCN(c3nccc4c3OCC4)CC2)CC1)c1ccc(C(F)(F)F)cc1,8,7-9,0.0,0.0
45171,Cc1ccc(S(=O)(=O)OC[C@@H]2CCCN2S(=O)(=O)c2ccc3c(c2)C2(OCCCO2)C2=NCC(C)(C)CN23)cc1,9,7-9,0.0,0.0
45172,COC(=O)c1ccc(NCc2ccc(C3CCCCC3)cc2)cc1O,2,2-3,0.0,0.0
45173,O=[N+]([O-])c1cccnc1-n1cccn1,9,7-9,0.0,0.0
45174,COc1cc(-c2cn[nH]c2)cc(OC)c1-c1ccc(N(C)C2CC(C)(C)NC(C)(C)C2)nn1,10,10,0.0,0.0
45175,NCCNCCNCc1ccccc1,9,7-9,0.0,0.0
45176,CCOC(=O)c1cn2cc(CNc3nnc(C(O)(CC)C(F)(F)F)o3)ccc2c1-c1ccc(F)cc1,8,7-9,0.0,0.0
45178,Nc1cccc(S(=O)(=O)Nc2ccc3nsnc3c2)c1,10,10,0.0,0.0
45179,O=c1cc(OCc2ccc(F)cc2)cn[nH]1,8,7-9,0.0,0.0
45181,Cc1cncc(C#C[Si](C)(C)C)c1,3,2-3,0.0,0.0
45182,COC1CCN(c2ccc([N+](=O)[O-])cn2)C1,10,10,0.0,0.0
45183,CCCOc1cc2c(cc1C(C)=O)C(C(C)C)=CC(C)(C)O2,9,7-9,0.0,0.0
45184,CCS(=O)(=O)N1CC=C(c2cnc(N)c(-c3nc4cc(C)ccc4[nH]3)n2)CC1,7,7-9,0.0,0.0
45185,C=CC(=O)Nc1cccc(Oc2nc(Nc3cc(F)c(OCCOC)c(F)c3)nc3[nH]ccc23)c1,9,7-9,0.0,0.0
45186,COC(COc1ccc(C(C)(C)C)cc1)OC,6,4-6,0.0,0.0
45187,N#CC1(c2ccc(Cl)nc2)CCC(=O)CC1,7,7-9,0.0,0.0
45188,CSc1nc(NC2CCCC2)n2nc(-c3ccccc3)c(-c3ccnc(F)c3)c2n1,7,7-9,0.0,0.0
45189,CCCO[C@@H]1C[C@H]([C@@H](O[Si](C)(C)C(C)(C)C)[C@H](Cc2cc(F)cc(F)c2)NC(=O)c2cccc(C(=O)N3CCC[C@@H]3COC)c2)N(C(=O)OC(C)(C)C)C1,9,7-9,0.0,-0.045833333333333316
45190,COc1cc(OC)cc(C(=CC#N)c2cc(OC)ccc2OC)c1,9,7-9,0.0,0.04815476190476191
45191,CN(C)c1ccccc1CC(=O)N1C[C@H]2[C@@H](C1)C(c1ccccc1)(c1ccccc1)CC[C@@H]2Cl,8,7-9,0.0,0.0
45195,CCOC(=O)c1cccc(Sc2c(C)n(-c3cnn(C(C)C)c3)c3cc(Cl)ccc23)c1,3,2-3,0.0,0.0
45196,COC(=O)c1cc([N+](=O)[O-])c(OC(=S)N(C)C)c(F)c1Nc1ccccc1C,7,7-9,0.0,0.0
45197,Cc1ccc(-c2cnc3nc(NC(=O)C(C)(C)C)nc(OC(C)C)c3c2)cc1C,6,4-6,0.05,0.025
45198,COc1cccc2c(C(=O)N3CCN(C)[C@@H](C)C3)cn(CC3CCCCC3)c12,9,7-9,0.0,-0.028273809523809527
45199,Cc1cc(CO)c(C)o1,8,7-9,0.1,0.058333333333333334
45200,CC(CCCCO)=C(F)F,10,10,0.0,0.04583333333333334
45201,c1ccc2oc(C3CCN(CC4CC4)CC3)cc2c1,7,7-9,0.0,0.20499999999999993
45202,CC(C)(C)OC(=O)N1CCN(c2ccc(N)cc2)CC1,10,10,0.0,0.0
45203,CC(C)N(C(=O)CNc1ccccc1N)c1ccccc1,8,7-9,0.0,0.0
45204,CCC[CH2][Sn]([CH2]CCC)([CH2]CCC)[c]1cn(C(c2ccccc2)(c2ccccc2)c2ccccc2)cn1,4,4-6,0.0,0.0
45205,CCCN(CCC)C(=O)CNc1nc(-c2ccccc2)nc(C)c1C,7,7-9,0.0,0.0
45206,C[C@@H]1CN(Cc2ccc(F)cc2)[C@@H](C)CN1C(=O)COc1ccc(Cl)cc1OCC#N,5,4-6,0.0,0.0
45208,O=C(NCCc1cccs1)c1cc(Cl)ccc1Cl,7,7-9,0.0,0.0
45209,CCOC(=O)c1cnc(C(F)(F)F)s1,7,7-9,0.0,0.0
45210,Cc1oc(-c2ccccc2)nc1Cn1ccc2c(CO)cccc21,10,10,-0.15,-0.075
45211,COc1ccc2cc(C(=O)C(C)N3CCN(c4cccc(Cl)c4)CC3)ccc2c1Cl,10,10,0.0,0.0
45212,CC(=O)N[C@@H](Cc1ccc(Nc2cc(-c3ccccc3)ccn2)cc1)[C@H]1CN(C2(c3cccc(C(C)C)c3)CC2)C(=O)O1,8,7-9,0.0,0.0
45213,Cc1c(F)cc(C(=O)NC[C@@H](C)O)cc1-c1ccc(C(=O)NCC(C)(C)C)cc1C(N)=O,8,7-9,0.95,0.475
45214,COc1nc(N)ccc1-c1cnn(C(=O)OC(C)(C)C)c1,5,4-6,0.0,0.0
45215,Cn1cc(CCBr)c2ccccc21,9,7-9,0.0,0.0
45217,COC(=O)[C@@H]1C[C@H](OS(=O)(=O)c2ccc(Br)cc2)CN1,7,7-9,0.0,0.0
45218,CNC(=O)c1cccc(F)c1Nc1nc(Nc2ccc3c(c2)CCN(C(=O)C2COCCO2)CC3)ncc1Cl,3,2-3,0.0,0.0
45219,CC(C)Oc1cc2[nH]ccc2cc1Oc1ccnc(N)c1,9,7-9,0.0,0.0
45220,CCCCc1nc(CO)c(Cl)n1C1CCc2cc(Br)ccc21,7,7-9,0.0,0.0
45222,CC(C)(C)OC(=O)N1C[C@@H](NOCc2ccccc2)CC[C@@H]1c1nnn[nH]1,10,10,0.0,0.0
45223,CS(=O)(=O)NCCOc1c(C2CCC2)ccc(-c2cnc(N)cn2)c1F,10,10,0.0,0.07
45224,O=S(=O)(c1ccc(Nc2ccnc3cc(Cl)ccc23)cc1)N1CCN(c2cc(C(F)(F)F)cc(C(F)(F)F)c2)CC1,8,7-9,0.0,0.0
45225,CCOC(=O)C=C(C)C(OC)OC,6,4-6,0.0,0.0
45226,CCCCOC(=O)C(CCc1ccccc1)NC1CSC(c2cccs2)CN(CC(=O)O)C1=O,10,10,0.0,0.0
45227,CCCCCCCCCCCOc1ccc(-c2c3nc(c(-c4ccc(O)cc4)c4ccc([nH]4)c(-c4ccc(O)cc4)c4nc(c(-c5ccc(O)cc5)c5ccc2[nH]5)C=C4)C=C3)cc1,10,10,0.0,0.0
45228,NC(=O)c1nn(-c2cccc(I)c2)c2ccc(OCCBr)cc12,9,7-9,0.0,0.0
45229,O=C1C(=O)c2ccccc2C2=C1SCC1(CCN(C(=O)c3ccc(-n4cccn4)cc3)CC1)O2,10,10,0.0,0.0
45231,CCc1nc2cc(C(=O)O)ccc2nc1-c1ccccc1,9,7-9,0.0,0.0
45232,CC1(C)Cc2cccc(NC3=Nc4ccc(NCc5ncc[nH]5)cc4CO3)c2O1,3,2-3,0.0,0.0
45235,COC[C@H]1CCCN1c1nc2cc(C(=O)O)ccc2nc1-c1ccccc1,8,7-9,0.0,0.0
45238,C[C@@H](c1ccccc1)N(C)c1nc2cc(C(=O)O)ccc2nc1-c1ccc2[nH]ncc2c1,9,7-9,0.0,0.0
45241,Cc1cc(N2CCN(c3c(C)c(C)c4c(c3C)CC(C)(C)O4)CC2)ccc1Cl,8,7-9,-1.0,-0.5
45243,COC(=O)c1cc(C#CC(N)C(C)=O)c2cccc(N)c2n1,8,7-9,0.0,0.0
45245,COC(=O)c1ccc(CCN)cc1,9,7-9,0.0,0.0
45246,Cc1ccc(S(=O)(=O)n2ccc3c(-c4c(-c5ccc(F)cc5)nc5ccc(N6CCN[C@H](C)C6)nn45)ccnc32)cc1,9,7-9,0.0,0.0
45248,C#CC#CCC/C=C/C=C/C(=O)NCC(C)C,9,7-9,0.0,0.0
45249,O=C1CCC(=O)c2ccccc21,6,4-6,0.0,0.0
45251,CCCCCCCCCCCCCCCCNc1ccc(CC(=O)O)cc1,10,10,0.7,0.35
45253,Cn1c(CC#N)ccc1C(=O)c1ccccc1,9,7-9,0.0,0.0
45254,CS(=O)(=O)Nc1ccc(CO)cc1,10,10,0.0,0.0
45256,Cn1cc2ccc(NC(=O)c3c(F)cccc3NCc3ccnc(NC(=O)N4CCOCC4)c3)cc2n1,9,7-9,0.0,0.0
45257,NCc1ccc2[nH]ccc2c1,9,7-9,0.0,0.0
45258,c1cc2c(ccn2CC2CCNC2)cc1-c1cnn(C2CCCCO2)c1,10,10,0.0,0.0
45261,CC(C)NC(=O)N1CCc2ccc(OCCCN3CCCCC3)cc2C1,7,7-9,0.0,0.0
45262,O=C1NCCn2c1cc1c(F)c(F)cc(-c3ccc(F)c(F)c3)c12,7,7-9,0.0,0.0
45263,O=C(c1ccccc1)C1CCN(CCc2ccccc2)CC1,7,7-9,0.0,0.0
45264,COc1ccc(NC(=O)Nc2ccc(Br)cc2)cc1-c1c(F)cnn1C,2,2-3,0.0,0.0
45266,NCCCOCCCCOCCCNc1nc(Nc2ccc(C(=O)O)cc2)nc(OCC(F)(F)F)n1,10,10,0.35,0.175
45267,CC(C)(O)C(=O)NCCn1ccc2ncnc(Nc3ccc(Oc4cccc5sncc45)c(Cl)c3)c21,8,7-9,0.0,0.0
45268,COc1ccc(-c2ccc3[nH]c(=O)c(-c4nc5ccccc5[nH]4)c(N[C@@H]4CN5CCC4CC5)c3c2)cc1,9,7-9,0.0,0.0
45269,Cc1cccc(-c2[nH]c(C(C)C)nc2-c2cccc(-c3ccc([N+](=O)[O-])cc3)c2)n1,10,10,1.0,0.5
45270,CC(=O)Nc1cc(OCC(F)(F)C(F)(F)F)nn1-c1cc(S(=O)CC(F)(F)Cl)c(C)cc1F,6,4-6,0.0,0.0
45271,COc1ccc2ncc(F)c(CCN3CC[C@H](CNS(=O)(=O)c4ccc5c(c4)NC(=O)CS5)C3)c2n1,10,10,0.0,0.0
45272,COc1ccc2c(c1)C(C(=O)N(Cc1ccc(N(C)C)cc1)c1ccc(C(C)C)nc1)CCC2,7,7-9,0.0,0.0
45273,CS(=O)(=O)Oc1ccc(F)cc1CO,9,7-9,0.0,0.0
45275,O=C(O)Cc1ccccc1,9,7-9,0.05,0.025
45276,CCCS(=O)(=O)Nc1ccc(F)c(C(=O)c2c[nH]c3ncc(-c4cnc(OC)nc4)nc23)c1F,8,7-9,0.0,0.048333333333333346
45277,COC(=O)C(C)(Cc1c[nH]c2ccccc12)NC(=O)c1cc(C#Cc2ccccc2)ccc1OC(C)C,8,7-9,0.0,0.0
45278,CC(C)(C)OC(=O)Nc1nc(CO)cs1,8,7-9,0.0,0.0
45280,COc1ccc(CN2C(=O)c3ccccc3C2=O)cc1,6,4-6,0.0,0.025
45281,NNC(=O)c1ccc(OCF)cc1,7,7-9,-0.6,-0.3
45282,C=C(CC(=O)OC)C[Si](C)(C)C,7,7-9,0.0,0.0
45283,CC(C)C[C@H]1C(=O)N[C@@H](c2ccsc2)CN1C(=O)c1cc(-c2ccc(F)cc2)on1,8,7-9,0.0,0.0
45284,Oc1cccc(-c2c(-c3ccccc3)[nH]c3ncc(Br)cc23)c1,9,7-9,0.0,0.0
45285,CCCCOCCOc1ccc(-c2cc3c4c(c2)OCCN4CCCC(C(=O)O)=C3)cc1,10,10,0.0,0.0
45287,Cc1ccc(-c2cn3c(n2)C(OC2CCN(C)CC2)c2ccccc2CC3)cc1,9,7-9,0.0,0.0
45288,CCN(Cc1ccccc1N)c1ccc(C(N)=O)nn1,9,7-9,0.0,0.0
45289,c1ccc(Nc2c[nH]c3ncccc23)cc1,10,10,0.0,0.10333333333333332
45290,O=C(Nc1cccc(OC(F)(F)F)c1)Oc1ccccc1,10,10,0.0,0.0
45291,N=C(CCCCc1ccc(F)cc1)NC(=O)c1cc(Cl)cnc1Cl,2,2-3,0.0,0.0
45292,Nc1ccc(Br)c2ccncc12,10,10,0.0,0.0
45293,CC(=O)Nc1cccc(C(CN)NC(=O)c2c(C)nc3c(OCc4c(F)cccc4F)cc(C)cn23)c1,9,7-9,0.0,0.0
45294,CC(C)(C)OC(=O)N[C@@H](CO)c1nc2cc(C(C)(C)C)ccc2[nH]1,10,10,0.0,0.0
45295,COc1cc(-n2ccc3oc(-c4ccc(C(F)(F)F)cc4)cc3c2=O)ccc1OCC1(C#N)CC1,10,10,0.0,0.0
45296,CN([C@@H]1CCc2ccc(C(=O)O)cc21)S(=O)(=O)c1ccccc1Cl,8,7-9,0.0,0.0
45297,C1=C(c2c[nH]c3ccccc23)CCN(CCOC2CCCCO2)C1,9,7-9,0.0,0.014999999999999996
45298,CN(C)C(=O)Oc1cccc2c1CC[C@H]1[C@@H]2CCN1CCCCCCN1C(=O)CC(C)(C)CC1=O,9,7-9,0.0,0.0
45299,CC(=O)Nc1ccc(S(=O)(=O)Nc2ccc(Cl)cc2C(=O)c2ccccc2)cc1Cl,10,10,0.0,0.0
45300,CC(C)(C)OC(=O)NC(CC#N)c1ccc(OC(F)(F)F)c(F)c1,9,7-9,0.0,0.0
45302,COc1cc2c(Oc3ccc4[nH]c(C)c(C)c4c3)ncnc2cc1OCCCN(C)S(C)(=O)=O,8,7-9,0.0,0.0
45303,O=C(O)CCNS(=O)(=O)c1ccccc1[N+](=O)[O-],10,10,0.0,-0.029166666666666667
45304,CS(=O)(=O)C(=C1CN([C@@H](c2ccc(Cl)cc2)c2ccc(CN3CCCCC3)cc2)C1)c1cc(F)cc(F)c1,4,4-6,0.0,0.0
45305,CC(C)(C)c1cc(C(=O)Oc2ccccc2[N+](=O)[O-])cc(C(C)(C)C)c1O,9,7-9,0.0,0.0
45307,COc1ccc(N)cc1OCCN1CCCCC1,7,7-9,0.0,0.0
45308,Nc1ccc(C2CC2)cc1NC1CCN(C2CCOCC2)CC1,10,10,0.0,0.0
45311,CCc1cccc(CC(=O)O)c1OCCCc1cn(-c2ccc(Br)cn2)nc1C(CC)CC,10,10,0.0,0.0
45312,Cc1ccccc1C1CCN(C(=O)c2cnc3c(C(=O)NS(C)(=O)=O)cnn3c2NCc2ccccc2)CC1,3,2-3,0.0,0.0
45313,O=C(O)c1nc(-c2ccccc2)cs1,8,7-9,0.2,0.1
45314,Nc1ncncc1-c1ccnc2c1cnn2-c1ccc(F)cc1,8,7-9,0.0,0.0
45316,NC1CCN(c2cc3[nH]c(Nc4ccccc4C(F)(F)F)nc3cc2C(=O)Nc2ccc3cn[nH]c3c2)CC1,10,10,0.0,0.0
45317,Fc1nc(F)c(Cl)c(OCC(F)(F)F)c1F,8,7-9,0.0,0.0
45318,CN1CCN(C(=O)c2cccc(Nc3cncc(-c4ccc(O)cc4)n3)c2)CC1,8,7-9,0.0,0.0
45319,Cc1[nH]c2cc(O)ccc2c1C,9,7-9,0.6,0.3
45321,N[C@H]1CCCC[C@H]1NC(=O)c1ccc(C(F)(F)F)cc1C1CC1,10,10,0.05,0.025
45323,COc1cccc2ccc(-c3nnc4ccc([C@@H](N5CC[C@H](N(CCF)C(=O)OC(C)(C)C)C5)C(F)(F)F)cn34)nc12,1,1,0.0,0.0
45325,Cc1ncn(-c2ccc(NC(=O)OCc3ccccc3)cc2F)n1,8,7-9,0.0,0.0
45327,O=c1cccnn1-c1ccc2cc(CCO)ccc2c1,10,10,0.0,0.0
45329,CC1(c2ccc(F)cc2)Cc2cc(O)c(Cl)c(Cl)c2C1=O,10,10,0.0,0.0
45330,Cc1ccnc(Nc2ncc(Sc3ccnc(C(=O)NCC4(c5ccccc5)CCOCC4)c3F)s2)c1,8,7-9,0.0,0.0
45333,O=C(NC[C@H]1CC[C@H](C(=O)NCc2nccnc2Cl)CC1)OCc1ccccc1,8,7-9,0.0,0.0
45334,COCCCN1CCOc2ccc(CO[C@H]3CN(S(=O)(=O)c4ccc(C)cc4)[C@H](CC(C)(C)C(=O)N(C)C)C[C@@H]3c3ccc(OC)cc3)cc21,9,7-9,0.4,0.19166666666666668
45335,Cc1cc(C(=O)Nc2cc([N+](=O)[O-])ccc2O)c(Br)s1,5,4-6,0.0,0.0
45336,CCn1cnc2c(Nc3cccc(C(=O)O)c3)nc(N[C@H]3CC[C@H](O)CC3)nc21,7,7-9,0.0,0.0
45338,Cc1ccc(NC(=O)c2cccc(C3(C#N)CC3)c2)cc1Oc1ccc2nc(NC(=O)C3CC3)nn2c1,8,7-9,0.0,0.0
45339,COc1cc(Cl)cc(COS(C)(=O)=O)c1,1,1,0.0,0.0
45340,CCCc1c2c(c(O)c3c(=O)cc(C(=O)Nc4ccc(CC5SC(=O)NC5=O)cc4)oc13)CCCC2,9,7-9,0.0,0.0
45342,Cc1cccc(C)c1-c1cccc(S(=O)(=O)Nc2ccsc2C(=O)O)c1,9,7-9,0.0,0.0
45343,O=C(O)COc1ccc(SCc2ccc(OCc3ccc(F)cc3F)cc2)c2c1CCC2,10,10,0.0,0.0
45344,CC(C)c1cccc(-c2nc(C(=O)NC(C)c3cc(F)c(NS(C)(=O)=O)c(F)c3)cs2)c1,9,7-9,0.0,0.0
45345,Cc1nccn1-c1ccc(N)cc1F,10,10,0.0,0.0
45346,COC(=O)c1ccc2[nH]c(-c3csc(Nc4cc(Cl)ccc4OCC(C)C)n3)nc2c1,9,7-9,0.0,0.0
45347,O=c1ccc2ncc(=O)n3c2n1CC3CN1CCC(NCc2ccc(C(F)(F)F)nn2)CC1,6,4-6,0.0,0.0
45349,CCOC(=O)CN1CCN(C(=O)Cc2csc(NC(=O)c3ccc(Cl)cc3)n2)CC1,9,7-9,0.0,0.0
45350,CC1(C(C)(C)N2CCCS2(=O)=O)CO1,9,7-9,0.0,0.0
45352,CC1(C)CCC(C)(C)c2c(OCc3cccc4ccccc34)cc([Se]C#Cc3ccc(C(=O)O)cc3)cc21,10,10,0.0,0.0
45353,COc1ccc(CN(Cc2ccc(OC)cc2)c2nc(C)c(C)c(NCc3cc(-c4ccc(F)cc4)no3)c2N)cc1,5,4-6,0.0,0.0
45354,Nc1c(F)cccc1CCNC1CCN(Cc2ccccc2)CC1,7,7-9,0.0,0.0
45355,CCCCOCCOc1ccc(-c2cnc3c(c2)C=C(C(=O)Nc2ccc(CN(C)C4CCOCC4)cc2)CCN3CC(C)C)cc1,8,7-9,0.0,0.0
45356,Cc1nc(-c2ccc(F)cc2)c(C(N)=O)o1,6,4-6,0.0,0.0
45358,CC(O)(c1ccc(N2CCN(S(=O)(=O)c3cccs3)C[C@@H]2CN2C3COCC2C(O)C3)cc1)C(F)(F)F,10,10,0.05,0.19035714285714284
45359,CC(C)(C)OC(=O)c1c(N)ccc2c1OCC1CC21,7,7-9,0.0,0.0
45360,CCOC(=O)Cc1cn(Cc2ccc(OCc3csc(-c4ccccc4)n3)nc2)nc1-c1ccccc1,9,7-9,0.0,0.0
45363,CC(C)c1cc(Nc2nc(N3C[C@H](O)C[C@H]3C(=O)Nc3ccc(F)nc3)nc3c2CCC3)n[nH]1,4,4-6,0.0,0.0
45364,COC(=O)CCCCCCCCCCCCCCO,9,7-9,0.0,-0.09464285714285717
45365,CC(C)N(CC#N)C1CCCCC1,8,7-9,0.0,0.0
45366,Cc1cc(C(=O)N2CCC(O)CC2)ncc1C(c1cc(F)ccc1F)S(=O)(=O)c1ccc(F)cc1,9,7-9,0.0,0.0
45367,CC1(CNc2cnc(Cl)nc2C(N)=O)COC1,7,7-9,0.0,0.0
45368,CC(C)(C)OC(=O)N1CCC(n2cc(-c3cnc(N)c(-c4ccc(NC(=O)c5cn(CCF)cc(-c6ccc(F)cc6)c5=O)cc4)c3)cn2)CC1,9,7-9,0.0,0.0
45369,COC(=O)CNC(=O)c1ccccc1Cl,6,4-6,0.0,0.0
45370,Cn1c(=O)c2cccc(N)c2c(=O)c2ccccc21,10,10,0.0,-0.01666666666666667
45371,CS(=O)(=O)c1cccc(C(=O)N2CCC(=O)CC2)c1,8,7-9,0.0,0.0
45373,Cc1cc(N(C)C(=O)N(C)[C@@H]2CN(C(=O)C3CCC(F)(F)CC3)C[C@H]2c2ccc(F)cc2)cc(C(F)(F)F)c1,10,10,0.0,0.0
45376,O=S(=O)(c1ccc(Br)cc1)C1CCN(CCc2ccc(F)cc2F)CC1,7,7-9,0.0,0.0
45377,CC(C)(C)c1csc(-c2cc3cc(C(=O)n4cc(CC(=O)OCc5ccccc5)c5cc(N)ccc54)ccc3o2)n1,10,10,0.0,0.0
45378,CCCCCS(=O)(=O)NC(=O)/C=C/c1ccc(OCCOC2CC2)cc1Oc1ncc(C(F)(F)F)cc1Cl,9,7-9,0.0,0.09999999999999995
45380,CCOc1ccsc1C1=N[C@@H](c2ccc(Cl)cc2)[C@@H](c2ccc(Cl)cc2)N1C(=O)N1CCN(CC(N)=O)CC1,3,2-3,0.0,0.0
45381,O=C1N(Cc2cccc(N=C(c3ccccc3)c3ccccc3)n2)c2ccccc2C12COc1cc3c(cc12)OCCO3,8,7-9,0.0,0.0
45382,CCOC(=O)c1sc(-c2ccc(Cl)cc2)c(CN(C)C)c1-c1ccc(S(=O)(=O)N=CN(C)C)cc1,10,10,0.0,0.0
45384,Cc1c(NNC(=O)CC2CC2)ncnc1N1CCC(c2ccccc2)CC1,6,4-6,0.0,0.0
45385,Nc1ncc(C(=O)NCCO)c2scc(COc3cccc(CNc4ccccc4)c3)c12,2,2-3,0.0,0.0
45386,CCN1c2ncc(Br)cc2C(=O)N(C)c2ccc(F)nc21,6,4-6,0.0,0.0
45387,Nc1nnc(N2CCCC3CCCCC32)c(-c2ccccc2)n1,8,7-9,0.0,0.0
45389,CCOC(=O)c1sc(-n2cnn(Cc3ccc(S(C)(=O)=O)cc3)c2=O)cc1C,5,4-6,0.0,0.0
45390,N#Cc1ccc(CBr)cc1Br,10,10,0.0,0.0
45391,O=S(=O)(Nc1nccnc1-c1ccc(Cn2ccc3ccccc32)cc1)c1ccccc1Cl,2,2-3,0.0,0.0
45392,COc1nnc(C(C)(F)F)cc1COS(C)(=O)=O,3,2-3,0.0,0.0
45393,COc1ccc2c(Oc3ccc(OCCN4CCCCC4)cc3)c(-c3ccc(OCc4ccccc4)c(C(=O)O)c3)ccc2c1,8,7-9,0.0,0.0
45395,O=C(O)C1Cc2ccc(Cl)cc2NC1=O,10,10,0.0,0.0
45396,CCC(=O)N1CCN(c2cc(C)c3c(=O)cc(Nc4ccccc4)n(-c4ccccc4)c3n2)CC1,10,10,0.0,0.0
45401,COCCCN1C(=O)C(C)(C)c2ccc(COC3CN(C(=O)OC(C)(C)C)CCC3c3ccc(OCCCOCc4ccccc4OC)cc3)cc21,9,7-9,0.0,-0.004999999999999999
45402,CC1(C2CCCC2)Cc2cc(OCCCCOc3ccc(CCC(=O)O)cc3)c(Cl)c(Cl)c2C1=O,10,10,0.0,-0.007499999999999998
45404,CC(=O)c1ccc(NCCNc2nc(-c3ccc(Cl)cc3Cl)cc3nccn23)nc1NC(=O)OC(C)(C)C,10,10,0.5,0.25
45405,COC(c1cccc2c1CCC2O[Si](C)(C)C(C)(C)C)C(F)F,10,10,0.0,0.0
45406,Cc1ccc(S(=O)(=O)OCCOCCSC(c2ccccc2)(c2ccccc2)c2ccccc2)cc1,8,7-9,0.0,0.0
45407,Cn1cc(C(=O)NCc2ccc(Cl)cc2)c(=O)c2cc(CN3CC[C@@H](O)C3)oc21,8,7-9,0.0,0.0
45408,N#Cc1c(C(=O)NC2CC2)cnn1-c1ccc(Cl)cc1,7,7-9,0.0,0.0
45409,COC(=O)C(C)(C)C(C)Nc1c(C(N)=O)cnn2cc(-c3ccccc3)cc12,6,4-6,0.0,0.0
45410,C(=NNc1cc(N2CCOCC2)n2nc(-c3ccccc3)cc2n1)c1cccc2[nH]ccc12,8,7-9,0.0,0.0
45411,CCOC(=O)/C=C/CC1Cc2ccccc2C1,9,7-9,0.0,0.0
45413,O=C(Nc1ccc(Cl)c(-c2ccccn2)c1)c1ccc(S(=O)(=O)NCC(F)(F)F)cc1,9,7-9,0.0,0.0
45414,CC(C)(C)OC(=O)CN1C(=O)C(N)CCC(=O)N1Cc1ccccc1,5,4-6,0.0,0.0
45415,COc1cc2cc(-c3cccc(N)c3)nc(C)c2cc1OC,10,10,0.0,0.0
45416,Cc1ccc(C(=O)O)cc1N1CCC2(CC1)OCCO2,10,10,0.0,0.0
45418,CC(C)(C(=O)O)c1cc(F)ccc1Br,8,7-9,0.0,0.0
45419,CN1CCCC1CCNC(=O)CCn1cnc2c(=O)[nH]cnc21,10,10,0.0,0.0
45423,Cc1onc(-c2ccccc2)c1-c1cn2cc(N)ccc2n1,8,7-9,0.0,0.0
45427,Cc1ccc(-n2nccn2)c(C(=O)N2CCC[C@@H](C)[C@H]2CNc2cc(C)nc3nc(C)nn23)c1,5,4-6,0.0,0.0
45428,CC(C)N1CCn2c(CC3(c4ccc(Cl)c(Cl)c4)CCCC3)nc(=O)c(O)c2C1=O,4,4-6,0.0,0.0
45429,O=C(Nc1cccnn1)N1CCN(c2nccc(-c3ccc(F)cc3F)n2)CC1,4,4-6,0.0,0.0
45430,C=CC1(c2cncc(-c3ccc4c(c3)CCc3nncn3-4)c2)CC1,10,10,-0.1,-0.19583333333333336
45431,CC(=O)Oc1ccc2ncc(OCCN3CCC(NC(=O)c4ccc5c(c4)NC(=O)CS5)CC3)nc2c1,8,7-9,0.0,0.0
45432,O=C(O)c1cc2c(Br)csc2cn1,10,10,0.0,0.0
45433,COc1c(N)cc(Oc2c(Cl)cc(C(=O)N(C)CC(=O)O)cc2Cl)cc1C(C)C,8,7-9,0.0,0.04166666666666665
45434,COC(=O)COc1cc(N)nc(C)c1CN,8,7-9,0.0,0.0
45435,Cc1ccc2c(Nc3cc(C(=O)Nc4cccc(Br)c4)ccc3Sc3ccc(N)cc3)ncnc2n1,7,7-9,0.0,0.012499999999999997
45436,C#CC1(COS(C)(=O)=O)CC1,7,7-9,0.0,0.0
45437,O=C(O)CCCCCCCCCCCCCCCCCN1C(=O)C=CC1=O,8,7-9,0.9,0.45833333333333337
45438,CCOc1ccc(-c2ccc(O)c(F)c2F)c(F)c1F,10,10,0.0,0.0111111111111111
45439,CN(Cc1ccccc1)C(=O)C(=O)c1c[nH]c2ccccc12,9,7-9,0.0,-0.17916666666666667
45440,O=C(O)c1cncc(-c2ccoc2)c1,8,7-9,0.0,0.0
45441,O=C(Cc1ccc(Cl)cc1)Nn1nc(-c2ccc(Cl)cc2)c2ccccc2c1=O,3,2-3,0.0,0.0
45442,CN(CC(O)c1ccccc1)c1ccc2ncc(-c3cc4cnccc4o3)n2n1,7,7-9,0.5,0.25
45443,Cc1c(-c2ccncc2)c(-c2ccc(F)cc2)n2c1SCC2,8,7-9,0.0,0.0
45445,CC(C)(C)OC(=O)Nc1sc2cc(F)cnc2c1C(=O)Nc1cnccc1N1CCC[C@H](NC(=O)OC(C)(C)C)C1,1,1,0.0,0.0
45446,CS(=O)(=O)Nc1ccc(CNC(=O)C=Cc2ccc(C(F)(F)F)nc2OCc2ccccc2)cc1F,7,7-9,0.0,0.0
45447,CNC(=O)Nc1nc(NCc2ccc3c(c2)OCO3)c2cc(Cl)ccc2n1,7,7-9,0.0,0.0
45448,CCCCCCCCCCCCCCCCNC(=O)N(C)CCO,10,10,0.0,0.0
45449,COc1cc2ccccc2cc1NC(=O)Nc1cccc2ccccc12,10,10,0.0,0.0
45450,OCCC1CCC2(CC1)OCCO2,10,10,0.0,0.033333333333333326
45451,O=C(OCc1ccccc1)[C@@H](O)CC1CCC1,10,10,0.0,0.0
45452,COC(=O)C1=C(C)NC(C)=C(C(=O)OCCOc2ccc(OCCN)cc2)C1c1cccc([N+](=O)[O-])c1,10,10,0.0,0.0
45453,CC(C)(C)c1cc(NC(=O)c2ccc(-c3ccc([N+](=O)[O-])cc3)o2)cc(C(C)(C)C)c1O,8,7-9,0.0,0.0
45457,CC(C)C[C@@H](O)C(=O)OCc1ccc([N+](=O)[O-])cc1,8,7-9,0.0,0.0
45458,CCOC(=O)c1cccnc1NOCc1ccccc1,4,4-6,0.0,0.0
45460,O=S(=O)(NCCCN1c2ccc(Cl)cc2CCc2cc(Cl)ccc21)c1ccc(Cl)cc1,6,4-6,0.0,0.0
45462,CC(=O)N1CCC(=O)NCc2ccccc21,10,10,0.0,0.0
45465,COC(=O)CN(c1csc(-c2cccc(NC3CCCCC3)c2)c1C)S(N)(=O)=O,4,4-6,0.0,0.0
45468,O=C(O)Cn1c(=O)n(C2CCN([C@@H]3Cc4cccc5cccc3c45)CC2)c2ccccc21,4,4-6,0.0,0.0
45469,COc1cccc(Nc2cc3ccc(-c4cc(F)ccc4C)cc3cn2)n1,8,7-9,0.0,-0.03749999999999999
45470,Cc1nc(-c2ccccc2)oc1-c1cc(CN)[nH]n1,10,10,0.0,0.03333333333333334
45471,O=[N+]([O-])c1ccc(F)c(CO)c1,9,7-9,-0.2,-0.1
45472,O=C(Nc1ccc(Oc2ccc3[nH]c(C(=O)O)cc3c2)nc1)c1ccc(Cl)c(Cl)c1,10,10,0.0,0.0
45473,COc1ccc(CCN)c(C)c1,10,10,0.05,0.025
45474,COc1ccc(C(=O)N2C(=O)Cc3cccc(CC(=O)O)c32)cc1,10,10,0.0,0.025
45477,Cc1nc(N[C@@H](CO)c2ccc(F)cc2)nc(Nc2cc(C3CC3)[nH]n2)c1N,8,7-9,0.0,0.0
45478,COc1c(Cl)cc(C)c(C)c1NC(C)=O,10,10,0.0,0.0
45479,O=C(NCc1ccccc1SC1CC1)C(F)(F)F,8,7-9,0.0,0.0
45480,CC(C)(C)OC(=O)N1CCC2(CC(CN)C2)C1,10,10,0.55,0.2916666666666667
45482,Cc1cc(C(=O)Nc2cc(Oc3ccc4nc(NC(=O)C5CC5)cn4c3)ccc2F)n(C)n1,6,4-6,0.0,-0.014999999999999996
45483,Cn1nc(C2CC2)c(C=O)c1-n1ccc2cc(Cl)cnc21,7,7-9,0.0,0.0
45484,CCNCCCN1C(=O)C(c2ccccc2)(c2ccccc2)C(C#N)=C1SCC,10,10,0.0,0.08333333333333329
45485,CC(C)(C)OC(=O)NC1CCN(CCC(c2ccccc2)c2ccccc2)CC1,7,7-9,0.0,0.0
45486,CN1c2ccccc2C(c2ccccc2)=NCC1C[C@](C)(NC(=O)OC1C2CC3CC(C2)CC1C3)C(=O)O,9,7-9,-0.15,-0.08333333333333334
45489,Nc1ncccc1C(=O)NCc1ccc(CCc2ccccc2)cc1,6,4-6,0.0,0.0
45491,O=[N+]([O-])c1ccc(Br)cc1NC1CCN(C2CCOCC2)CC1,9,7-9,0.0,0.0
45492,COc1ccc2cc(C(OC)c3cn(C(c4ccccc4)(c4ccccc4)c4ccccc4)cn3)ccc2c1,10,10,-0.05,-0.025
45493,CC(C)c1nn(Cc2cc(=O)[nH]c3c(F)c(F)ccc23)c2ccccc12,10,10,0.0,0.0
45495,CC(C)(O)[C@H](CC1CC1)NC(=O)c1cnc(C2CC2)c(OCC2CC2)n1,7,7-9,0.0,0.0
45496,COC(=O)[C@H](Cc1ccc(-c2ccc(C#N)cc2)cc1)NC(=O)[C@@H]1Cc2cc(N)c(O)cc2CN1C(=O)OC(C)(C)C,8,7-9,0.0,0.0
45497,CC1(C)COc2cc3c(cc21)C1(CO3)C(=O)N(Cc2ccc(C(F)(F)F)o2)c2ccccc21,9,7-9,0.0,0.0
45498,Cc1cn(Nc2ccncc2)c2ccc(OCc3ccccc3)cc12,8,7-9,0.0,0.0
45499,O=C(O)c1ccc(-c2cc(OCc3ccccc3)cc(OCc3ccccc3)c2)cc1,9,7-9,0.0,-0.12916666666666668
45500,CO[C@H]1O[C@H](COCc2ccccc2)[C@@H](OCc2ccccc2)[C@@]1(C)OCc1ccccc1,10,10,0.15,0.2500000000000001
45501,CC(C)(C)OC(=O)N1CCc2ccoc2CC1,10,10,0.0,0.0
45502,Clc1ccc(C2(COC3CCCCO3)CO2)cc1,9,7-9,0.0,0.0
45503,COc1cccc(CO)c1,10,10,0.0,0.0
45504,O=C(NC12CC3CC(CC(C3)C1)C2)[C@H]1CCCN(c2ccccc2)C1,9,7-9,0.0,0.0
45505,CCOCCn1c(N2CCCN(CCC3(Cc4ccc(F)cc4)CCN(Cc4cc(OC)c(OC)c(OC)c4)C3=O)CC2)nc2ccccc21,10,10,0.0,0.1010515873015873
45507,COc1ccc2c(c1Cl)CC(Cc1ccc(SC(F)(F)F)cc1)C2=O,10,10,1.0,0.5
45508,O=C(O)[C@@H]1CCCC[C@H]1c1oc(-c2ccc(F)cc2)nc1-c1ccc(Br)cc1,10,10,0.0,0.0
45509,Cc1oc(=O)oc1CSc1ccc(Cl)cc1,7,7-9,0.0,0.0
45511,Cc1sc(C)c(C(=O)N[C@@H](C)c2ccc(C(=O)NS(=O)(=O)c3ccccc3)cc2)c1Cc1ccc(C(F)(F)F)cc1,3,2-3,0.0,0.0
45512,Cc1onc(-c2ccccc2)c1COc1cnc(C(=O)NC2CCC(F)(F)CC2)cn1,7,7-9,0.0,0.0
45513,CO[C@@H]1Cc2ccccc2[C@H]1N,9,7-9,0.0,0.0279563492063492
45514,CC(N)C(=O)N1N=C(c2cc(F)ccc2F)SC1(CCCN)c1ccccc1,9,7-9,0.0,0.0
45515,C[C@H]1OCCN(Cc2ccccc2)[C@@H]1C(=O)OCc1ccccc1,8,7-9,0.0,0.0
45516,CS(=O)(=O)OCCc1ccc2oc(=O)[nH]c2c1,6,4-6,0.0,0.0
45517,NC(=O)c1sc(Nc2cc(C=O)ccc2[N+](=O)[O-])nc1-c1ccc(C(F)(F)F)cc1,10,10,0.0,0.0
45519,O=C(O)CCc1c(-c2ccccc2)[nH]c2ccc(F)cc12,9,7-9,0.0,0.0
45520,Oc1ccc(-c2cnc(Nc3ccc(OCCN4CCCC4)cc3)s2)cc1,8,7-9,0.15,0.075
45521,COC(=O)c1ccc(COc2cc(Cl)ccc2-c2nc3cc(F)c(F)cc3n2Cc2ccccc2)cc1,7,7-9,0.0,0.0
45522,CCNC(=O)c1noc(-c2cc(Cl)c(OCc3ccccc3)cc2OCc2ccccc2)c1NC(C)=O,7,7-9,0.0,0.0
45523,CCCCCc1c(-c2ccccc2)n(Cc2ccccc2)c2ccc(-c3ccc(O)cc3)cc12,10,10,0.0,0.0
45524,Oc1c(-c2ccnc(Cl)n2)cccc1C(F)(F)F,8,7-9,0.0,0.0
45525,O=S(=O)(Nc1nccs1)c1ccc2c(c1)CNCC2,9,7-9,0.0,0.0
45526,CC(C)C#Cc1cc(N(C(=O)[C@H]2CC[C@H](C)CC2)C2CCN(C(=O)CCCCCNC(=O)OC(C)(C)C)CC2)c(C(=O)O)s1,10,10,0.0,0.0
45527,CCOC(=O)c1cn(-c2nc(SC(C)C)nc(C(F)(F)F)c2I)nc1C(F)(F)F,6,4-6,0.0,0.0
45529,CS(=O)(=O)NC(=O)Cc1csc2cc(OCc3ccc(Cl)cc3Cl)ccc12,8,7-9,0.0,-0.024285714285714292
45531,CC(C)C(NC(=O)OC(C)(C)C)C(=O)N(C)CCc1ccccc1,8,7-9,0.0,0.0
45532,O=Cc1ccc(Oc2ccc(C(F)(F)F)cn2)cc1,9,7-9,0.0,0.0
45533,O[C@@H]1CN(c2cc(Cc3ccccc3)c(Br)cn2)C[C@H]1O,8,7-9,-0.4,-0.2
45535,CCOC(=O)Cc1csc(NS(C)(=O)=O)n1,4,4-6,0.0,0.0
45536,CCC(=C(c1ccc(OC(C)=O)cc1)c1ccc(OC(C)=O)cc1)c1ccc(/C=C/C(=O)O)cc1,6,4-6,0.0,0.0
45537,COc1cc(Cl)c(NC(=O)OC(C)(C)C)cc1OCc1c(OC)ccc(F)c1F,10,10,0.0,0.04146825396825396
45538,Oc1ccccc1Oc1ccccc1,10,10,0.0,0.0
45540,CCOC(=O)c1c(CN2CCNCC2)nc2cc(OC)c(OC)cc2c1-c1ccc(OC)c(OC)c1,9,7-9,0.0,0.0
45541,Cc1c(CN(C)C(=O)/C=C/c2cnc3c(c2)CN(CCCN2CCOCC2)CC(=O)N3)sc2ccccc12,8,7-9,0.0,0.0
45542,CN(CC1CCOCC1)C(C)(C)C(=O)Nc1nnc(C(C)(C)C#N)s1,8,7-9,0.0,0.0
45543,CCCOC(=O)COc1cc2c(=O)c(Cc3cccnc3)cn3c4ccc(Br)cc4c(c1)c23,9,7-9,0.0,0.0
45545,CC(C)Oc1ccc(-c2nc(-c3cccc4c3CCNC4)no2)cc1C#N,8,7-9,0.0,0.0
45546,CCCC(CCC)NC(=O)c1ccc(O)c(O)c1,8,7-9,0.0,0.0
45547,COc1ccc(/C=C\Br)cc1O,10,10,0.0,0.0
45548,C=CC(C)(O)CCC(C)CC,10,10,0.0,0.0
45549,O=C(Oc1ccc(Cl)cc1)N1CCCc2cc(OCCCCBr)ccc21,10,10,0.0,0.0
45550,CC(C)S(=O)(=O)c1cc(C#Cc2cc(Cl)ccc2OCC(=O)OC(C)(C)C)ccc1C(=O)N1CCOCC1,4,4-6,0.0,0.0
45552,NCC1CCN(C(=O)Oc2ccc(Oc3ccc(C(F)(F)F)cn3)cc2)CC1,10,10,-0.05,-0.025
45553,Cc1cccc(C2(C#N)CC=CC2)c1,7,7-9,0.0,0.24369047619047618
45554,O=[N+]([O-])c1ccc(F)cc1OCC(F)(F)F,8,7-9,0.9,0.45
45556,NS(=O)(=O)c1cc(C(=O)N(Cc2ccccc2)Cc2ccccc2)cc(N2CCCC2)c1Oc1ccccc1,6,4-6,0.0,0.0
45557,Cc1ccc(S(=O)(=O)N[C@@H](CSCc2ccccc2)C(=O)NCCN(C)C)c2ccccc12,9,7-9,0.0,0.0
45558,NNc1nccc(N2CCC[C@@H]2COc2cccc3ccccc23)n1,8,7-9,0.0,0.0
45559,NCC(=O)c1cccnc1,8,7-9,0.0,0.05833333333333335
45560,COC(=O)COc1cc2c(cc1Cl)N(C(=O)OC(C)(C)C)CC(C(=O)N1CCC(C#N)(Cc3ccc(F)cc3)CC1)O2,8,7-9,0.0,0.0
45562,CNC(=O)c1cccc(Cl)c1Nc1nc(Nc2ccc3c(c2)C(C)(C)CCC(=O)N3)ncc1Cl,4,4-6,0.0,0.0
45563,O=C(COc1ccccc1)[C@@H]1CCCN1C(=O)[C@@H]1CCCN1C(=O)CCc1ccccc1,8,7-9,0.0,0.0
45564,Cc1ccc2[nH]cc(Cn3nc4c(c3-c3cc(C(=O)NCCN(C)C)cn3C)c(=O)n(C)c(=O)n4CC(C)C)c2c1,5,4-6,0.0,0.0
45565,O=C(O)CCCc1ccc(C2CCCCC2)cc1,7,7-9,0.0,0.0
45566,Nc1cccc(-c2cc3nc(-c4cnc(N)nc4)nc(N4CCOCC4)c3s2)c1,6,4-6,0.0,0.0
45568,CCOC(=O)C1CCCN(C(=O)COc2ccc(-c3ccc(C#N)cc3)cc2)C1,10,10,0.0,0.0
45569,CCOP(=O)(CCO)OCC,10,10,0.05,0.025
45570,N#CCOc1ccc(C=O)cc1,9,7-9,0.0,0.0
45572,COCc1cc(C=O)cc(COC)c1,6,4-6,0.0,-0.05000000000000001
45573,NNc1cc(C(c2cc(F)ccc2F)S(=O)(=O)c2ccc(Cl)cc2)c(Cl)cn1,7,7-9,0.0,0.0
45574,COc1cc2ncc(NC3CCCCC3)nc2cc1N1CCOCC1,6,4-6,0.0,0.0
45575,NC(=S)NN=CC=Cc1cccc(O)c1,2,2-3,0.0,0.0
45576,Cc1ccc(-c2cc(C(=O)O)nn2-c2cccnc2)nc1,5,4-6,0.0,0.0
45577,CNCc1cc(-c2ccccc2F)n(S(=O)(=O)c2cccc(S(C)(=O)=O)c2)c1,8,7-9,0.0,0.0
45578,FC(F)(F)c1nnc2ccc(N3CCN(Cc4ccsc4)CC3)nn12,6,4-6,0.0,0.0
45580,Nc1ccc2[nH]c3c(c2c1)CC(N1C(=O)c2ccccc2C1=O)CC3,9,7-9,0.0,0.0
45581,FC(F)(F)c1cccc2c(-c3cccc(NCc4cc(Br)cs4)c3)c(Cc3ccccc3)cnc12,2,2-3,0.0,0.0
45582,CCOC(=O)C(CNC(=O)C1CCN(c2ccncc2)CC1)NS(=O)(=O)c1ccc2ccccc2c1,4,4-6,0.0,0.0
45583,COc1ccc(CNc2nc(-n3cccn3)nc3sc(Cl)cc23)cc1OC,3,2-3,0.0,0.0
45584,CCc1cc2c(N3CCN(C(=O)Cc4ccccc4)CC3)nc(Cl)nc2s1,6,4-6,0.0,0.0
45585,CCOC(=O)[C@@H](CCCC1CCN(C(=O)OCc2ccccc2)CC1)N[C@H]1COc2ccccc2N(CC(=O)OCc2ccccc2)C1=O,7,7-9,0.0,0.0
45586,c1ccc(Nc2nc(-c3ccccn3)cs2)nc1,5,4-6,0.0,0.0
45587,CCOC(=O)c1nc2ccc(COc3ccc(OCc4ccc5ccccc5n4)cc3)cc2o1,9,7-9,0.0,-0.033333333333333326
45588,O=C(Cn1nc(C(F)(F)F)c2c1CCCC2)Nc1sc2c(c1C(=O)O)CCCC2,7,7-9,0.0,0.004166666666666666
45589,CCOC(=O)c1sc(Cc2ccccc2)nc1OCCCc1cc(OC(C)C)nn1Cc1ccc(Cl)cc1Cl,9,7-9,0.0,0.0
45590,CNC(=S)N1CCc2[nH]cnc2C1,9,7-9,0.0,0.0
45591,CC/C(=C(\F)CO)c1cc2c(cc1OC)OC(C)(C)C=C2C(C)C,10,10,0.0,0.0
45593,Cc1cc(N)c(Sc2ccc(O)cc2)cc1NC(=O)Cc1ccccc1,10,10,0.0,0.0
45594,O=C(Nc1ccc(Cl)c(-c2ccccn2)c1)c1ccc(CNC(=O)c2ccccn2)cc1,7,7-9,0.0,0.0
45595,Nc1nc(Cl)ccc1C(=O)NCc1ccc(Oc2ccccc2)s1,8,7-9,0.0,0.0
45596,O=C(O)c1cccc(CNC(=O)c2cccnc2SCCCc2ccc(F)cc2)c1,8,7-9,0.0,0.0
45597,O=C(c1ccc(OCCCC(F)(F)F)cc1)N1CCC[C@H]1CN1CCCC1,8,7-9,0.0,0.0
45600,COc1cccc(C(=O)c2cn(-c3cccc(-c4ccccc4OC(F)(F)F)c3)cn2)c1,1,1,0.0,0.0
45601,COC(=O)c1ccc2c(c1)Cc1cc(C)ccc1O2,9,7-9,0.0,0.0
45603,CN1CCC2C1CCN2c1ccc(N)cc1,10,10,0.0,0.0
45604,Cc1cc(C(=O)O)ccc1Nc1ncc2c(n1)N(C1CCCC1)CC1(CC1)C(=O)N2C,8,7-9,0.0,0.0
45605,COCCn1ncc(-n2cc(C#Cc3cccc(C)c3)nc2C)cc1=O,8,7-9,0.0,0.0
45606,CN1CCN(c2ccc(C(=O)Nc3n[nH]c4ccc(S(=O)(=O)c5ccccc5)cc34)c(N)c2)CC1,8,7-9,0.0,0.0
45607,CCCCCCCCCCCCn1nnnc1NC(=O)Nc1c(C(C)C)cccc1C(C)C,7,7-9,0.0,0.0
45608,Clc1ccc(-n2cnc(-c3ccco3)c2)cc1,6,4-6,0.0,0.0
45610,COc1cccc(N=Cc2ccccc2C)c1,1,1,0.0,0.0
45612,O=C(Nc1ccccc1)c1c(F)cccc1[N+](=O)[O-],8,7-9,0.0,0.0
45613,CCOC(=O)C(=O)CC(C)(C)c1ccc(Cl)c(F)c1OC,8,7-9,0.0,0.0
45615,CC(C)C1NS(=O)(=O)N(COC(=O)c2c(Cl)cccc2Cl)C1=O,1,1,0.0,0.0
45617,Cc1csc2ccc3[nH]c4c(c3c12)CNCC4,5,4-6,0.35,0.175
45618,CCOC(=O)C(Cc1ccc(C(F)(F)F)cc1)C(O)c1ccc(Cl)nc1,7,7-9,0.0,0.0
45620,CN(C[C@H]1Cc2ccccc2O1)C(=O)c1nc2c(s1)CCOc1cc(-c3cn[nH]c3)ccc1-2,2,2-3,0.0,0.0
45621,COc1cc2c(cc1Nc1ncc(Cl)c(Nc3ccc(N4CCN(C)CC4)cc3OC)n1)CCN(CC(N)=O)CC2,9,7-9,0.0,0.0
45623,COCCOc1ccc2c(c1)[nH]c1c(C(=O)O)ncc(-c3cccc(NC(=O)OCc4ccccc4)c3C)c12,9,7-9,0.0,0.0
45624,CC(C)(C)OC(=O)n1cc(-c2cc3cnc(Nc4ccc(OCCN5CCOCC5)cc4)cc3n2C(=O)OC(C)(C)C)cn1,7,7-9,0.0,0.0
45625,CCn1ccc(I)cc1=O,10,10,0.0,0.0
45626,COc1cc2c(cn1)c(C(=O)N1CCN(C(=O)OC(C)(C)C)CC1)c(Cc1cccc(F)c1C)n2-c1ccccc1,5,4-6,0.0,0.0
45627,COC(=O)c1cc(Oc2ccc(-c3nnc(C)o3)cc2)cc(OC2CCN(C)C2=O)c1,10,10,0.0,0.0
45628,COc1cccc(F)c1Cn1cc(C(=O)NCC2CC2)c2ncccc21,7,7-9,0.0,0.0
45629,O=C(O)C(CC1CCCC1)n1ncccc1=O,10,10,0.0,0.0
45630,CC(C)(O)CC1(c2ccccc2)CCNC1,8,7-9,0.0,-0.10833333333333335
45631,O=[N+]([O-])c1ccc(N2CCC(N3CCCC3)C2)cc1,9,7-9,0.0,-0.008333333333333331
45632,Cc1c(C(=O)N2CCC(N3CCCC3)CC2)c(C(F)(F)F)nn1-c1cccc(C(F)(F)F)c1,6,4-6,0.0,0.008333333333333335
45634,c1cc(-c2c[nH]c3ncnc(Nc4ccc5[nH]ncc5c4)c23)ccn1,8,7-9,0.55,0.2875
45635,C=C(C)C(=O)OCC[P+](CCCC)(CCCC)CCCC,7,7-9,-0.55,-0.275
45636,Cc1cn(-c2ccc(NC(=O)c3ccc(Cl)c(C#Cc4ccc(NC5CCC5)nn4)c3)cc2C(F)(F)F)cn1,1,1,0.0,0.0
45639,Cc1ccc(-n2ccnc2)c(C(=O)N2CCC[C@@H](C)[C@H]2CNc2ccc(C(F)(F)F)cn2)c1,10,10,0.0,0.0
45641,Cc1nn(CCO)c(C)c1[N+](=O)[O-],10,10,0.0,0.0
45643,CCNC(=O)C[C@@H]1N=C(c2ccc(Cl)cc2)c2cc(OCCOCCOCCOCCOCCOCCOCCNC(=O)C[C@@H]3N=C(c4ccc(Cl)cc4)c4cc(OC)ccc4-n4c(C)nnc43)ccc2-n2c(C)nnc21,10,10,-1.0,-0.5
45644,Cc1cnoc1C(=O)N(Cc1cc(=O)[nH]c2c(F)cccc12)c1cccc(Cl)c1,7,7-9,0.45,0.225
45646,NC(=O)c1c(Cl)ccc(Nc2c(Nc3ccccc3)c(=O)c2=O)c1O,8,7-9,0.05,0.08750000000000001
45647,COc1cc(NC(=O)Nc2ccc(-c3c(C(N)=O)[nH]c4cnccc34)cc2)cc(OC)c1,10,10,-0.9,-0.45
45648,CN(C)C/C=C/C(=O)Nc1cccc(-c2cnccc2Oc2ccc(Oc3ccccc3)cc2)c1,1,1,0.0,0.0
45649,C[C@@H]1CN(Cc2nc(Cc3ccccc3)n(-c3ccc(S(N)(=O)=O)cc3F)n2)C[C@H](C)O1,7,7-9,0.0,0.0
45650,O=Cc1c(F)ccc(C2CC2)c1F,10,10,0.0,0.0
45651,CCOC(=O)c1sc2c(NC(=O)c3ccc(N4CCN(C)CC4)cc3)ncn2c1C(F)(F)F,6,4-6,0.0,0.0
45652,Cc1ccc(-c2ncccn2)c(C(=O)N2CCC[C@@H](C)[C@H]2CNc2ccc(C#N)cn2)c1,6,4-6,0.0,-0.07500000000000002
45653,C[SiH](C)OC(c1ccc(C(C)(C)C)cc1)N(C(=O)c1cccs1)c1ccc(C#N)cc1,8,7-9,0.0,0.0
45655,Nc1cc(OC[C@H](N)c2ccccc2)ccc1[N+](=O)[O-],8,7-9,0.0,0.0
45656,CCNc1ccc(N2CCNCC2)cc1,7,7-9,-0.4,-0.2166666666666667
45657,CON(C)C(=O)c1nc(C)cc2c1c(=O)cc(Nc1ccccc1)n2-c1ccccc1,9,7-9,0.0,0.0
45659,Fc1ccc(-c2ccc(COC3CCCCO3)cn2)cc1,9,7-9,0.0,0.0
45660,CCOC(=O)C1(NCc2cccc(O[Si](C)(C)C(C)(C)C)c2)CC1,7,7-9,0.0,0.0
45661,CCNC(=O)N1CC2CC(CN(CC(N)COc3ccc(C#N)cc3)C2)C1,9,7-9,0.0,0.0
45663,O=C(O)Cc1c(C(=O)c2ccc(Cl)cc2)[nH]c2cc(Cl)ccc12,10,10,0.0,0.0
45664,COc1ccc2ncc(=O)n(CCCN[C@@H]3CC(=O)N(c4ccc5c(c4)NC(=O)CO5)C3)c2c1,10,10,0.0,0.0
45667,COC1=NC(C)(c2cccc(NCc3cccc(Cl)c3)c2)COC1,9,7-9,0.0,0.0
45668,CCCCn1c(=O)n(Cc2ccccc2F)c(=O)c2[nH]c(Cc3ccc(NS(=O)(=O)c4c(C)cc(C)cc4C)cc3)nc21,8,7-9,0.0,0.0
45669,CCOC(=O)c1nn(C(C)(C)C)c(=O)n1CC(=O)C(C)(C)C,6,4-6,0.0,0.0
45670,Oc1cc(O)nc(SCc2cccc(F)c2F)n1,5,4-6,0.0,0.0
45673,C[C@@H](O)c1nccc(N2CCC3(CC2)CC(=O)c2cc(Cl)ccc2O3)n1,3,2-3,0.0,0.0
45674,CN(C)C(=O)c1[nH]c(=O)c(O)c2c1CCN(Cc1ccc(F)cc1)C2=O,7,7-9,0.0,0.0
45675,C[C@@H]1CN(C)CCN1c1nc(Cl)nc(N(C(=O)OC(C)(C)C)N(C(=O)OC(C)(C)C)C(=O)OC(C)(C)C)c1F,6,4-6,0.0,0.0
45676,NCc1ccc([N+](=O)[O-])cc1N,8,7-9,-0.1,-0.05
45677,NCC(=O)Nc1ccc(Br)cc1C(=NCCO)c1ccccc1F,4,4-6,0.0,0.0
45679,CC(C)(C)N(CC(=O)c1ccc(OCc2ccccc2)c2[nH]c(C(=O)O)cc12)Cc1ccccc1,9,7-9,0.0,0.0
45680,O=C(OCc1ccccc1)c1cnc(-c2ccc(Br)nc2)[nH]1,9,7-9,0.0,0.0
45681,COCCn1cc(C(=O)N2CCC(c3cc(CNC(=O)OC(C)(C)C)ccc3OCC(N)=O)CC2)c2cccc(C)c21,7,7-9,0.0,0.0
45682,CC(c1ccc(C(=O)O)cc1)n1ccccc1=O,8,7-9,0.0,0.0
45683,O=C(O)c1cc(F)cc(CNS(=O)(=O)c2ccc(-c3ccc(F)cc3)cc2)c1,9,7-9,0.0,0.0
45684,CC(C)(C)N1C(=O)c2ccc(C#Cc3cc(Cl)ccc3OCC(=O)O)cc2S1(=O)=O,8,7-9,0.0,0.0
45685,CN(C)S(=O)(=O)Nc1cccc(C=C2c3ccccc3CCc3ccccc32)c1,10,10,0.0,0.0
45686,CC(C)C(=O)NC(N)=S,10,10,0.0,-0.009999999999999998
45687,CCCOc1ccc(OC)c2c1C(Cc1ccc(OC)c(OC)c1)N(CC(=O)NCc1ccccn1)CC2,8,7-9,0.0,0.0
45688,CC(=O)c1ccc(N)cc1,10,10,0.0,0.0
45689,CNc1cc(CC(C)C)ccc1-c1ccccc1S(=O)(=O)Nc1onc(C)c1C,10,10,0.0,0.0
45691,Cc1nc2c(N[C@@H](C)c3nc4ccccc4n3-c3ccccc3)ncnc2[nH]1,7,7-9,0.0,0.0
45692,Nc1cc(C(F)(F)F)cnc1N,7,7-9,0.0,0.0
45693,Cc1cc(C=O)c(F)cc1Oc1ccc(Cl)c(C(F)(F)F)c1,10,10,-0.25,-0.125
45695,O=C(NCc1ncc(C(F)(F)F)cc1Cl)c1ccco1,3,2-3,0.0,0.0
45696,CCS(=O)(=O)N[C@H](C(=O)NCCc1ccc(O)c(OC)c1)C(C)C,10,10,0.0,0.0
45697,Cn1nc(C2CCN(C(=O)CCOC3CCCCO3)CC2)nc1-c1cnc(N)c(-c2nnc(C(C)(C)C)o2)n1,8,7-9,0.0,0.0
45698,Clc1cccc(Nc2nccc(-c3cccnc3Cl)n2)c1,10,10,0.05,0.025
45700,Cn1ccc2c(Cl)ncc(C(=O)O)c21,10,10,0.0,0.0
45701,O=C(c1cccs1)c1cnn2c(-c3cccc(-c4ccn(CC5CCC5)n4)c3)ccnc12,10,10,0.0,0.0
45702,CCOC(=O)COc1ccc(F)c(NCc2cc(-c3cccc(F)c3)ccc2Cl)c1F,10,10,0.0,0.0
45703,Cc1nc(-c2cccc(C(N)=O)c2)n2c1c(C)nc1scnc12,10,10,0.0,0.024523809523809538
45704,CN(C)CCSCc1ccc2sc(S(N)(=O)=O)cc2c1,9,7-9,0.0,-0.10999999999999999
45705,CCc1cc(C)cc(CC)c1C(=O)C(=O)NN,8,7-9,0.0,0.0
45706,CC(C)(C)c1ccc(C(=O)NN)cc1,7,7-9,0.0,0.0
45707,OCC#Cc1ccc(B(O)O)cc1,6,4-6,0.0,0.0
45708,O=Cc1ccc(-c2nnn[nH]2)cc1,10,10,0.0,0.0
45709,CCOC(CC)OCN1CCN(Cc2ccc(Cl)nc2)C1=N[N+](=O)[O-],1,1,0.0,0.0
45710,CC(C)(C)C(=O)Oc1ccc(C(=O)c2ccc(Cl)cc2)cc1,9,7-9,0.0,0.0
45711,C=Cc1ccc2ccc(OC)cc2c1,10,10,0.0,0.019444444444444438
45712,Nc1ccc(OCc2ccccn2)c(Cl)c1,8,7-9,0.0,0.0
45713,CN(C(=O)c1cc2c(s1)-c1cc(C(=O)O)ccc1OC2)c1ccc(F)cc1F,8,7-9,0.0,0.0
45714,Cc1c2c(=O)n(CCCNC(=O)OC(C)(C)C)c3ccc(-c4ccc(C#N)cc4)cc3c2nn1C1CCCCO1,10,10,0.0,0.09999999999999995
45716,CC(C)(C)OC(=O)NC(CCO)C(=O)O,9,7-9,0.0,0.0
45717,CC(C)(C)OC(=O)N1CC(F)(F)C[C@H]1C(=O)NCC(=O)c1ccc(Br)cc1,1,1,0.0,0.0
45720,CC(C)OC(=O)N1CCC(n2ncc(COc3ccc(-n4cnnn4)nc3)n2)CC1,8,7-9,0.0,0.0
45721,CCOc1ccc(NC(=O)c2cncc(Br)c2)c([N+](=O)[O-])c1,2,2-3,0.9,0.45
45722,CC(C)c1ccc(N2CCNCC2COc2ccc(Cl)cc2)cc1,7,7-9,0.0,0.0
45723,CCS(=O)(=O)N1CCC(c2c[nH]c3c(C(N)=O)cc(-c4cccc(CNC(=O)C5CCOC5)c4)cc23)CC1,7,7-9,0.0,0.0
45724,CC(C)(C)c1ccc(CNS(=O)(=O)c2ccccc2)cc1,1,1,0.0,0.0
45725,C#C[C@H]1O[C@@H](n2cnc3c(N[C@H]4CC[C@H](OC)CC4)ncnc32)[C@H](OC(C)=O)[C@@H]1OC(C)=O,7,7-9,0.0,0.0
45726,CC(=O)Nc1nc2ccc(-c3cncc(NS(=O)(=O)c4ccc(C)cc4)c3)cc2s1,7,7-9,0.0,0.0
45727,CC1(O)CCN(Cc2ccccc2)C1,8,7-9,0.05,0.025
45728,NC[C@H]1CN(c2ccc(C3CCN(C(=O)CO)CC3)c(F)c2)C(=O)O1,10,10,0.0,0.07916666666666662
45729,CC(C)C(=O)Nc1cccc(C2CCN(CC[C@H](NS(=O)(=O)c3cc(Cl)ccc3Cl)c3ccccc3)CC2)c1,6,4-6,0.0,0.0
45730,N#Cc1ccc(OCc2sc(-c3ccc(C(F)(F)F)nc3)nc2CCCOCc2ccccc2)cc1Cl,10,10,0.0,0.0
45731,COc1ccc(C2=NC(C)(c3ccc(Cl)cc3)C(C)(c3ccc(Cl)cc3)N2C(=O)Cl)c(OC(C)C)c1,9,7-9,0.0,0.0
45732,CN1C(=O)SC(=Cc2ccc([N+](=O)[O-])cc2)C1=O,7,7-9,0.0,0.0
45734,O=C(NCCO)c1cc([N+](=O)[O-])cc([N+](=O)[O-])c1Cl,10,10,0.0,0.0
45736,CCCC(C)C(=O)NC(=S)Nc1ccc(Oc2ncnc3cc(OC)c(OC)cc23)cc1,1,1,0.0,0.0
45737,C[C@@H]1CN(CC(=O)OCc2ccccc2)[C@@H](CN2CCCC2=O)CN1C(=O)OC(C)(C)C,8,7-9,0.0,0.0
45740,CS(=O)(=O)Nc1cccc(Br)n1,8,7-9,0.0,0.0
45741,Cc1csc(-c2cc3cccc(NS(=O)(=O)c4cccs4)c3[nH]2)n1,5,4-6,0.0,0.0
45743,CCNC(=O)c1ccc(-n2nnc(C(=O)NC3CC3)c2Cc2ccccc2)cc1,7,7-9,0.0,0.0
45746,CC(C)(C)c1ccc(CN(CCc2cccc(C(F)(F)F)c2)C(=O)c2ccc(F)c3cc[nH]c23)cc1,9,7-9,0.0,0.0
45748,COC(=O)COc1ccc(CC(=O)O)cc1,9,7-9,0.0,0.0024999999999999996
45749,CC(C)CCCOc1cc(F)ccc1-c1ncnc(Nc2cccc(CS(C)(=O)=O)c2)n1,7,7-9,0.0,0.0
45750,C=CCNCc1nnc2n1-c1ccc(Cl)cc1C(c1ccccc1Cl)=NC2,10,10,0.0,0.0
45751,O=C(Cc1ccc2cc[nH]c2c1)NCC#Cc1ccc(OC(F)(F)F)cc1,8,7-9,0.0,0.0
45752,COc1ccc(CC(=O)OC(C)C)cc1,10,10,0.0,0.0
45754,O=C(NCc1cccc2ccccc12)c1cccc(-c2cnc3c(c2)N(Cc2cc(Cl)ccc2C(F)(F)F)CCN3)c1,3,2-3,0.0,0.0
45755,NC(=O)C[C@H](NC(=O)c1ccc2ccccc2n1)C(=O)O,10,10,0.0,0.0
45756,O=C1OCCN1c1ccc(Cc2ccc3c(c2)CCN(C2CCC2)CC3)cn1,10,10,0.0,0.0
45757,COC(=O)c1cc([N+](=O)[O-])c(C)s1,5,4-6,-0.15,-0.075
45759,O=C(Nc1cccc(Oc2ccc3nccnc3c2)c1)c1cccc(F)c1,10,10,0.0,0.0
45761,CCCCCCCCCOc1cc(CO)cc(OCCCCCCCCC)c1,7,7-9,0.4,0.20833333333333334
45762,COCC(C)Nc1cc(-c2ncnc(Nc3cccc(Cl)c3)n2)ccn1,8,7-9,0.0,0.054166666666666675
45763,O=C(Nc1nc(CC(=O)N2CCN(CC(=O)N3CCCC3)CC2)cs1)c1ccc2c(c1)OCO2,10,10,0.0,0.0
45764,C[C@@H](O[Si](C)(C)C(C)(C)C)[C@H](CO[Si](C)(C)C(C)(C)C)Cn1cnc2c(N)ncnc21,8,7-9,0.0,0.0
45767,COc1ccc(Cn2c3c(cc(C(=O)O)c2=O)CCCc2cc4c(cc2-3)cc(CO)n4C)c(OC)c1,10,10,0.0,0.0
45768,CCS(=O)(=O)c1ccc2oc(N3CCN(C(=O)c4cc(S(C)(=O)=O)ccc4OCC(C)C)CC3)nc2c1,9,7-9,0.0,0.0
45769,Cc1ccsc1C(=CCSc1ccc(OCC(=O)O)c(C(F)(F)F)c1)c1sccc1C,9,7-9,-0.2,-0.1
45773,N#CCC1CC(C(=O)O)C1,9,7-9,0.0,0.0
45774,N#Cc1ccc(COc2cc(Cl)ccc2-c2nc3cc(F)c(F)cc3n2CC2CCCC2)c(F)c1,9,7-9,0.0,0.0
45775,CN1C(=O)OC(C)(C)c2cc(Nc3ccccc3Cl)ccc21,5,4-6,0.0,0.0
45776,O=[N+]([O-])c1ccc(CBr)cc1,10,10,0.0,0.0
45777,CCOC(=O)c1cccc(C(C)C)n1,8,7-9,0.0,0.0
45778,CC#CC(C)Oc1cc(-c2cccc(F)c2F)ncn1,5,4-6,-0.05,-0.025
45779,COC(=O)c1ccc(OCC(=O)N(C)C)c(OC)c1,9,7-9,0.0,0.0
45780,Nc1ccccc1C(=O)c1ccccc1,10,10,0.0,0.0
45781,CCCc1nn(-c2ccc(C(F)(F)F)cn2)cc1C=O,2,2-3,0.0,0.0
45782,COc1cc(Br)c(C)cc1Oc1ccccc1,10,10,0.95,0.475
45785,CCOC(=O)[C@H](CSCCc1ccccc1)NC(=O)C(CSC(C)=O)Cc1ccccc1,9,7-9,0.0,0.0
45786,CCOC(=O)N1CC(C(=O)Nc2cc(OC(=O)OC)c(C3CCCC3)cc2Br)Oc2ccc(C#N)cc21,3,2-3,0.0,0.0
45787,Cc1cccc(C)c1-c1nc2ccc(C(=O)O)cc2[nH]1,9,7-9,0.0,0.0
45788,O=C(CC[C@H]1C(=O)N(c2ccc(F)cc2)[C@@H]1c1ccc(OCc2ccccc2)cc1)c1ccc(F)cc1,9,7-9,0.0,0.022718253968253964
45789,Cc1ccc(C(=O)Nc2ccc(-c3ccc4c(c3)CN([C@H](C(=O)O)C(C)C)C4=O)cc2)cc1,8,7-9,0.0,0.0
45790,Cc1nc(NC(=O)NCCC(=O)O)sc1-c1ccc(S(=O)(=O)N(C)C)cc1,9,7-9,0.0,0.0
45791,CC(C)[C@@H](C)NC(=O)COc1cccc(Cl)c1,8,7-9,0.0,0.0
45793,N#CCc1ccccc1NC(=O)c1cccnc1,8,7-9,0.0,0.0
45794,Cc1cccc(NC(=O)NCC(=O)N(CC(=O)N2CCCC2)c2ccccc2)c1,5,4-6,0.0,0.0
45795,Cc1nc(-n2nnc(C(=O)O)c2C)sc1C(=O)NCc1ccccc1,8,7-9,-0.25,-0.125
45796,CC(C)Oc1ncc(-c2nc(-c3ccc4c(cnn4CCC(=O)O)c3)no2)cc1Cl,10,10,0.0,0.0
45798,Cc1ccnc(COc2cc(-c3cccnc3)c3c(n2)CCCC3)c1,10,10,0.0,0.0
45800,CNC(=O)c1ccc(Cl)c(Cn2nc(-c3ncc(OC)c(Nc4ccncc4)n3)c3ccccc32)c1Cl,8,7-9,0.0,0.0
45801,CCOC(=O)n1c(C(=O)c2cncnc2)c(NC(C)=O)c2ccc(Cl)cc21,7,7-9,0.0,0.0
45802,NNC(=O)c1cc(Oc2cccc(C(F)(F)F)c2)cc(Oc2cccc(C(F)(F)F)c2)c1,7,7-9,0.0,0.0
45803,CNC(=O)C(=O)CCCCCNS(=O)(=O)c1ccc(Cl)cc1,10,10,0.0,0.0
45804,OCC(F)(F)COCc1ccc(Br)cc1,10,10,0.0,-0.07249999999999998
45805,O=C(CCSCCO)NC/C=C\COc1cc(CN2CCCCC2)ccn1,10,10,-1.0,-0.5
45806,Cc1onc(-c2ccccc2)c1C(=O)NCCCN1CCC(c2cccc(NC(=O)C(C)C)c2)CC1,8,7-9,0.0,0.0
45807,CS(=O)(=O)c1ccc(Oc2ccc([N+](=O)[O-])cc2)cn1,7,7-9,0.0,0.0
45808,CCOC(=O)C1CCN(c2ccc(C(=O)Nc3ccc(C)c(I)c3)cc2)CC1,9,7-9,0.0,0.0
45809,CC(=O)N(C)c1c(I)c(N)c(I)c(C(=O)N2CCOCC2)c1I,9,7-9,0.0,0.0
45810,CCOC(=O)c1nc(CCOC)sc1Nc1cccnc1,7,7-9,0.0,0.0
45812,Nc1nc2ccc(CO)cc2s1,9,7-9,0.0,0.0
45813,CSc1nccc(C#Cc2ccc(CC(C)NC(C)=O)cc2)n1,9,7-9,0.0,0.0
45814,Nc1cc(N2CCC[C@@H]2CO)c(Cl)cc1[N+](=O)[O-],10,10,0.0,0.0
45815,O=c1n(Cc2ccc(C(F)(F)F)nc2)nc2c(Br)c(-c3ccc(Cl)cc3)ccn12,1,1,0.0,0.0
45816,CN[C@H](CN1CC[C@H](O[Si](C)(C)C(C)(C)C)C1)c1cc(F)cc(C#N)c1,9,7-9,0.0,0.0
45818,N#CC(=Cc1ccc(O)c2c1CCCC2)C(=O)Nc1ccccc1,9,7-9,0.0,0.0
45819,COc1cc(CO)ccc1OCc1csc(N2CCOCC2)n1,9,7-9,0.0,0.0
45820,COCOc1cccc(C(C)O)c1,10,10,0.0,-0.014166666666666683
45821,O=C(N[C@H]1CC[C@H](CCN2CCN(c3nccc4c3OCC4)CC2)CC1)c1ccc2ncccc2c1,8,7-9,0.0,0.0
45822,CC(C)(C)OC(=O)C(C)(C)Sc1ccc(CN(Cc2ccco2)Cc2nc(Cc3ccc(F)cc3)no2)cc1,10,10,0.0,0.02452380952380953
45823,CC(=O)Nc1cccc(-c2cc(C(N)=O)c3[nH]nc(C4CCN(C(=O)OC(C)(C)C)CC4)c3c2)c1,7,7-9,0.0,0.0
45824,O=C(O)c1ccc(-c2ccc(OCc3ccccc3)cc2)cc1,10,10,0.0,-0.0002777777777777754
45825,CCOC(=O)C(Oc1ccccc1OC)c1ccccc1,9,7-9,0.0,0.0
45826,CC1CN(c2ccc(N)cc2)CC(C)N1,9,7-9,0.0,0.0
45827,CN1C(C(=O)Nc2ncc(Cl)s2)=C(O)c2sc3ccccc3c2S1(=O)=O,4,4-6,0.0,0.0
45828,COc1ccc(-c2nc(C3(CO)CCN(C(=O)N(C)O)CC3)oc2-c2ccc(OC)cc2)cc1,10,10,0.0,-0.016666666666666673
45829,CCCc1cc(C)[nH]c(=O)c1CNC(=O)c1cc(-c2ccc(CN(C)C)cc2)cc2c1c(C)nn2C(C)C,3,2-3,0.0,0.0
45830,CCn1c(=O)nc(-c2cccc(Cl)c2)c2ccc(C=NO)nc21,3,2-3,0.0,0.0
45832,COC(C)(C)Cn1cc(-c2ccc3cnc(Cl)cc3c2)cn1,9,7-9,0.0,0.0
45834,CC(C=NN(C)c1ccccc1)=Cc1ccccc1,2,2-3,0.0,0.0
45835,CCOC(=O)[C@H](Cc1ccccc1)NCc1ccccc1,9,7-9,0.0,0.0
45836,O=C(O)CCCCCCCCCCCOC1CCCCO1,10,10,0.0,-0.004166666666666666
45838,CN(Cc1ccccc1)CC(O)c1ccc(F)cc1,8,7-9,0.0,0.0
45841,Oc1cc2ccncc2cc1Br,10,10,0.0,0.0
45842,C[C@]12C[C@H]3O[C@H]3C[C@@H]1CC[C@@H]1[C@@H]2CC[C@]2(C)[C@@H](O)[C@@H](N3CCC(O)CC3)C[C@@H]12,9,7-9,0.0,0.0
45843,CCOc1ccc2c(Cc3cc(OC)c(OC)c(OC)c3)cncc2c1NC,10,10,0.0,0.0
45845,CC(C)(C)OC(=O)Nc1cc(F)ccn1,9,7-9,0.0,0.0
45846,COC(=O)Cn1c(=O)[nH]c2ccc(C(=O)c3c(C)c(-c4ccc(OCC(=O)OC(C)(C)C)cc4)c4ccccn34)cc2c1=O,8,7-9,0.0,0.03583333333333333
45847,Cc1c2c(nn1-c1cc(OC(C)C)c(Cl)cc1F)CCCC2,10,10,0.0,-0.012499999999999997
45848,CC(C)(CO)NS(=O)(=O)c1cccc(NC(=O)c2cnn3c(C(F)(F)F)cc(-c4ccc(Cl)cc4)nc23)c1,3,2-3,0.0,0.0
45849,C#CCCCN1CCN(c2ncccn2)CC1,7,7-9,0.0,0.03500000000000001
45850,COc1cc(N2CC[C@@H](N(C)C)C2)c([N+](=O)[O-])cc1Nc1nccc(-c2cnn3c2CCCC3)n1,4,4-6,0.0,0.0
45851,CC(=O)NNC(=O)c1ccc(I)cc1O,8,7-9,0.0,0.0
45852,CC(C)(C)OC(=O)n1c(CCCO)nc2ccccc21,10,10,0.0,0.0
45853,OC[C@H]1CCC[C@H](OC(Cn2ccnc2)c2ccc(Cl)cc2Cl)O1,10,10,0.0,0.008928571428571425
45854,COc1ccc(S(=O)(=O)c2ccc(CCNC(=O)C(F)(F)F)cc2)cc1O,10,10,0.0,-0.016964285714285706
45855,CC(=O)N1CCC(NC(=O)c2ccc(F)cc2)CC1,9,7-9,0.0,0.0
45857,COC(=O)c1ccc(C=O)c(N)c1,7,7-9,0.0,0.0
45858,CC(C)(C)OC(=O)CC(C(=O)O)c1cccc2cnccc12,10,10,0.0,0.008333333333333335
45859,CCCn1c(=O)c2nc(C(CC)c3ccc(NCC(=O)OC)cc3)[nH]c2n(CCC)c1=O,9,7-9,0.0,0.0
45860,CC(C)C1=C(C(=O)N2CCC[C@H]2C(=O)NN)SC2=N[C@@](C)(c3ccc(Cl)cc3)[C@@H](c3ccc(Cl)cc3)N21,6,4-6,0.0,0.0
45861,CSc1ccc(OCc2ccccc2)cc1C,10,10,0.0,0.0
45862,FCCOc1ccc(Cl)nn1,9,7-9,0.15,0.075
45863,CCOC(=O)C(C(=O)OCC)c1ccc(N(C)c2ccccc2)cc1,7,7-9,0.0,0.0
45864,CCCCC[C@H](O[Si](C)(C)C(C)(C)C)[C@@H](C)n1cnc2c(N)ncnc21,9,7-9,0.0,0.0
45865,CC(C)(CO)S(=O)(=O)CCNCC1=Cc2c(ncnc2Nc2ccc(Oc3cccc(C(F)(F)F)c3)c(Cl)c2)NCC1,10,10,0.0,0.0
45866,CO[C@@H](C)C(=O)N[C@H]1CC[C@H](CCN2CCC(c3cccc4c3OCO4)CC2)CC1,7,7-9,0.0,0.0
45867,N#CCn1nc(C[C@@H]2CCN(C(=O)C3CC3)C2)n(-c2ccc(-c3ccc4occc4c3)cc2)c1=O,10,10,0.0,-0.027500000000000004
45868,COc1c(CO)cc(Br)cc1[N+](=O)[O-],10,10,-0.95,-0.475
45869,CCc1[nH]c2c(F)ccc(OCC(=O)OC)c2c(=O)c1Cc1cccc(S(C)(=O)=O)c1,2,2-3,0.0,0.0
45870,COc1cncc2nc(-c3ccnc(Cl)c3)nc(N3CCC[C@@H](O)C3)c12,5,4-6,0.0,0.0
45871,COc1cccc([C@H]2O[C@H](CCn3cc(CCC(=O)O)nn3)c3cccn3-c3ccc(Cl)cc32)c1OC,8,7-9,0.0,0.0
45872,CCNCC1CCN(c2c(F)cc3c(=O)c(C(=O)O)cn(NC)c3c2F)C1,10,10,0.0,0.0
45873,CS(=O)(=O)OCCCOC(=O)c1[nH]c(-c2ccccc2)c2cc(Cl)ccc12,2,2-3,0.0,0.0
45876,CCC(CC)C(N)c1ncnn1Cc1ccc(F)cc1,9,7-9,-0.45,-0.225
45877,O=C(Nc1nc2ccc(O)cc2s1)C1CC1,9,7-9,0.0,0.0
45878,CCOC(=O)Cc1ccc(OCCCN2CCC(C(O)(c3ccc(F)cc3)c3ccc(F)cc3)CC2)c(OC)c1,8,7-9,0.0,0.0
45879,COc1ccc(-c2nc(C=O)cn2-c2ccc(OC)cc2)cc1,9,7-9,0.0,0.0
45880,COC(=O)Cc1ccc(-c2cccc(N)c2)s1,9,7-9,0.0,0.0
45881,COc1ccc2cccc(C(CO)CNC(=O)CF)c2c1,10,10,0.0,0.07500000000000002
45882,CC(=NC(=O)OCc1ccc([N+](=O)[O-])cc1)N1CC[C@H](SC(=O)C[C@@H]2[C@@H]([C@@H](C)OC(=O)OCc3ccc([N+](=O)[O-])cc3)C(=O)N2C(C(=O)OCc2ccc([N+](=O)[O-])cc2)=C(C)C)C1,9,7-9,0.0,-0.11499999999999999
45883,CCN(CC)CCNc1ccc([N+](=O)[O-])cc1[N+](=O)[O-],9,7-9,0.0,0.0
45884,COc1cc2[nH]ncc2cc1Nc1ncnc2sc3c(c12)CCC(C(=O)N(C)CCO)C3,9,7-9,0.0,0.0
45885,CC(=O)Nc1ccc2c(c1)OC(F)(F)O2,8,7-9,0.0,0.0
45886,COCCn1cc(C(=O)NCC(C)(C)c2ccc(NC(=O)c3ccc(OC)c(OC)c3)cc2)c2cc(F)ccc21,9,7-9,0.0,0.0
45888,CC(C)NCC#CCOCc1cc(Br)ccc1F,9,7-9,0.0,0.0
45890,CN1CCC(C2CCN(C(=O)[C@@H](Cc3cn(C)cn3)NC(=O)c3ccc4cc[nH]c4c3)CC2)CC1,8,7-9,0.0,0.0
45892,Cc1ccc(C(=O)N2CCOCC2)c(CN2CCN(C(=O)OC(C)(C)C)CC2)c1,7,7-9,0.0,0.0
45893,COc1cc(-c2cc(NC(=O)CCC(=O)c3ccc4c(c3)CCO4)nc(-c3ccccc3)c2)ccc1O,6,4-6,0.0,0.0
45894,COC(=O)[C@H](Cc1ccc(CCCc2ccc3cccnc3n2)cn1)NC(=O)OC(C)(C)C,8,7-9,0.0,0.0
45896,C[C@H](c1ccccc1)N1C[C@@](CCO)(C(=O)OC(C)(C)C)C(F)C1=O,10,10,0.0,0.0
45897,Cc1cc(-c2ccccc2C(F)(F)F)cc(N)c1N,10,10,0.2,0.1
45898,CCOC(=O)c1ccc(N2CCN(C(=O)OCC)CC2)cc1,9,7-9,0.0,0.0
45902,CCN1C(=O)C2CCc3c(Br)ccc(OC)c3C2C1=O,4,4-6,0.0,0.0
45903,COc1ncc(-c2ccc3ncnc(-c4ccnc(C(=O)N5CCN(C(C)=O)CC5)c4)c3c2)cn1,9,7-9,0.0,0.0
45904,COC(=O)C[C@@H]1CC[C@@H](NCC2CCCC2)[C@H](c2ccc(C(F)(F)F)cc2)C1,8,7-9,0.0,0.0
45905,CCCCCCCCCCCCNC(=O)c1ccc(C(=O)OC)cc1,7,7-9,0.0,0.06964285714285716
45906,Cc1cccc(C)c1N(CC(C)O)C(=O)c1ccccc1,10,10,0.0,0.0
45907,CC(=O)Nc1nc(C)c(-c2cc(C)nc(N(C)CCN(C)C)n2)s1,8,7-9,0.0,0.0
45911,CC(=O)Nc1ncc(N)cn1,6,4-6,0.0,0.0
45912,N#Cc1ccc(CCNC(=O)c2ccc(O)cc2)cc1,7,7-9,0.0,0.0
45913,Nc1ccc(Oc2ccnc(Nc3ccc(F)cc3)n2)c(F)c1,6,4-6,0.0,0.0
45914,CCCCCCCC/C=C\CCCCCCCCOc1ccc(-c2ccc(C(=O)O)cc2)cc1,10,10,0.0,0.0
45915,CCOC(=O)c1c(C)[nH]c2ncc(-c3cc(OC)c(OC)c(OC)c3)nc12,7,7-9,0.0,0.0
45916,Cc1c(Br)cccc1CO,10,10,0.6,0.33333333333333337
45919,CC(=O)Nc1ccc(S(=O)(=O)Cc2cccc(OC(C)=O)c2)c2cccnc12,6,4-6,0.0,0.0
45920,COC(=O)CCNC(=O)c1cc(I)ccc1NC(=O)CBr,9,7-9,0.0,0.0
45921,CSc1nc(SCC(N)=O)c(C#N)c(-c2ccc(Cl)c(Cl)c2)n1,1,1,0.0,0.0
45922,C=C(CCCCC)C(=O)c1cccnc1,6,4-6,0.0,0.0
45923,O=C1C(c2cc3c(cc2O)OCC3)c2cc(F)ccc2N1C(c1ccccc1)c1ccccc1,2,2-3,0.0,0.0
45924,CN1C(=O)CCC(C)(C)c2cc(Nc3ncc(Cl)c(N[C@@H]4CCCC[C@H]4N(C)S(C)(=O)=O)n3)ccc21,3,2-3,0.0,0.0
45925,CCCC(=O)N[C@H]1CC[C@H](CCN2CCCCC2c2coc3cccc-3c2)CC1,10,10,0.0,0.0
45926,CCCCc1cn(C(C)(C)C)s/c1=N\C(=O)C1(C)CCC(C(=O)NC)C1(C)C,10,10,0.0,0.0
45927,COC(C(=O)NCc1ccc(C#N)cc1)c1ccc(C(F)(F)F)cc1C(F)(F)F,3,2-3,0.0,0.0
45928,Cc1ccc(S(=O)(=O)Nc2ccc(F)c([N+](=O)[O-])c2)cc1,9,7-9,0.0,0.0
45929,COc1cc(-c2ccc3ncc(C(=O)C4CC4)c(N[C@H]4CC[C@H](N(C)C)CC4)c3c2)ccc1O,10,10,1.0,0.5
45931,O=[N+]([O-])c1cnc2ccc(Cl)cc2c1Nc1ccccc1,8,7-9,0.0,0.0
45934,COc1ccc2nc(NC(=O)C(CC3CCCC3)c3ccc(S(=O)(=O)N4CCN(C)CC4)cc3)sc2n1,9,7-9,0.0,0.0
45935,CCOC(=O)[C@H]1CCCN(C(=O)c2ccccc2C)[C@H]1c1ccc(NC2CCCC2)cc1,8,7-9,0.0,0.0
45936,O=C1NCCN(N=Cc2ccc(Br)o2)C1=O,3,2-3,0.0,0.0
45938,CC1(C)OC(=O)Nc2ccc(-c3coc(C=NO)c3)cc21,6,4-6,0.0,0.0
45939,Oc1ccc(-n2c(-c3sccc3Br)nc3ccccc32)cc1,7,7-9,0.0,0.0
45940,Cc1nc2c(N)ccc(C#N)c2o1,9,7-9,0.0,0.0
45941,CC1(C)CCCn2c1nc(C(=O)NCc1ccc(F)cc1-n1cncn1)c(O)c2=O,7,7-9,0.0,0.0
45942,CC(C)(C)CN(CC(=O)N1CCOCC1)C(=O)CBr,6,4-6,0.0,0.0
45943,CCOC(=O)c1ccc(C)c(O)c1,8,7-9,0.0,0.0
45944,O=C(CN1CCCC1)Nc1ccc(Oc2ccc3c(c2)CCC(c2ccccc2)O3)nc1,4,4-6,0.0,0.0
45946,Nc1ccc(Oc2ccc(C=O)cc2)cc1[N+](=O)[O-],10,10,-0.6,-0.3
45948,Cc1cc(C2CCN(C(=O)OC(C)(C)C)CC2)cnc1Cn1ccc2cc(-n3cncn3)ccc21,2,2-3,0.0,0.0
45949,CN1CCN(c2cccc(Nc3nc4c(NCc5ccc(F)cc5)cccn4n3)c2)CC1,3,2-3,0.0,0.0
45950,CC(C)N(C(=O)CC(c1cccs1)c1ccccc1O)C(C)C,10,10,0.0,0.0
45951,Nc1cc(F)cc(F)c1[N+](=O)[O-],10,10,-0.4,-0.2
45952,CCOC(=O)/C=C/c1c(C)nn(C)c1-n1ccc2ccc(O)cc21,10,10,0.0,0.0
45953,O=C(c1cnc(-n2ccnc2)nc1)N(C1CC1)C1CCN(c2nc(-c3ccccc3)no2)CC1,7,7-9,0.0,0.0
45955,CC(C)COC(=O)N(n1c(=O)[nH]c2cc(C(F)(F)F)c([C@H]3CCCO3)cc2c1=O)S(C)(=O)=O,6,4-6,0.0,0.0
45956,Cn1c(C#N)ccc1-c1ccc(NC(=O)c2ccco2)cc1,4,4-6,0.0,0.0
45957,CN1CCN(c2ccc(Nc3ccn4ncc(C=C5NC(=O)NC5=O)c4n3)cc2)CC1,3,2-3,0.0,0.0
45958,CC[C@@H](CN1CC(O)C1)N(C)C(=O)c1ccc(Br)cc1,8,7-9,0.0,0.0
45959,CCOC(=O)CCc1cn(-c2ccc(Cl)cn2)nc1C(C)C,8,7-9,0.15,0.075
45963,C=CCCCCCCCCC=O,10,10,0.0,0.0
45964,CCOC(=O)CCCSc1nc2ccccc2n1Cc1cccc2ccccc12,7,7-9,0.0,0.0
45965,O=C(O)[C@@H]1CCCN1C(=O)[C@@H]1CCCN1S(=O)(=O)c1ccccc1,9,7-9,0.05,0.025
45966,CCOC(=O)c1cc2cc(COS(C)(=O)=O)ccn2c1C(C)C,2,2-3,0.0,0.0
45967,Cc1c(OC(C)C)cc(Cl)cc1C(=O)O,8,7-9,0.0,0.0
45969,Cn1c(CNc2ccc(C#N)cc2)nc2cc(C(=O)N(CCC(=O)O)c3ccccc3)ccc21,10,10,0.0,0.0
45970,Cn1nccc1CN1CCN(c2nc3c(cnn3C)c(=O)[nH]2)CC1,7,7-9,0.0,0.0
45971,O=C(O)c1ccc(-c2nn(C(c3ccccc3)(c3ccccc3)c3ccccc3)cc2-c2ccc3ncc(-c4nccs4)n3c2)s1,10,10,0.0,0.0
45972,Cc1ccc(-c2ccccc2)cc1COS(C)(=O)=O,6,4-6,0.0,0.0
45973,O=Cc1nc(C(Cl)Cl)cnc1N1C(=O)c2ccccc2C1=O,8,7-9,0.0,0.0
45974,Cc1ccc2c(c1)c(O)c(C(=O)NC1CCCCC1)c(=O)n2C,8,7-9,0.0,0.0
45976,COc1cc(C=O)c(F)cc1OCc1nc2cc(S(=O)(=O)N(C)C)ccc2n1C(=O)OC(C)(C)C,10,10,-0.6,-0.3
45977,COC(CN=[N+]=[N-])Cn1cc([N+](=O)[O-])nc1Cl,9,7-9,0.0,0.0
45978,CCc1ccccc1Nc1ccnc(Nc2ccc(OCC(O)CN(C)C)cc2)n1,7,7-9,0.7,0.35
45979,COc1ccc2c(c1)CCN(C(=O)c1ccc(F)cc1)C2Cc1ccc(OCc2ccccc2)cc1,6,4-6,0.0,0.0
45980,O=C(O)c1ccc(C2CC2)c(-c2cccc(Cl)c2)n1,10,10,0.0,0.0
45982,COc1ccc(Cl)cc1C(C)O,10,10,0.0,0.0
45983,CCOC(=O)C(C)(C)c1nc(C)cs1,7,7-9,0.0,0.0
45984,COc1cccc(-c2csc(COc3ccc(F)c(C(N)=O)c3F)n2)c1,9,7-9,0.0,0.0
45985,O=C(c1ccc2[nH]c(C(=O)N3CCSCC3)cc2c1)N1CCN(C2CCCC2)CC1,8,7-9,0.0,0.0
45987,O=C(O)CCN1CCC(c2ccc(OCc3ccc(C4CCCCC4)c(C(F)(F)F)c3)cc2)CC1,9,7-9,0.0,0.0
45988,Cc1csc(Nc2cc(Sc3ccccc3)ccn2)n1,9,7-9,0.0,0.0
45990,CCCCOC(=O)N1CCN(C(=O)CNC(=O)c2cc(OCC(=O)N3CCC[C@H]3c3nnn[nH]3)n(-c3ccccc3)n2)CC1,9,7-9,0.0,0.0
45991,Cc1cccc(C)c1N(Cn1cccn1)C(=O)CCl,4,4-6,0.0,0.0
45995,CCOC(=O)c1ccc(COc2ccc3c(c2)nc(N)c2nc(CC)sc23)o1,8,7-9,0.0,0.0
45996,CNC(=O)C[C@@H]1C[C@H](c2ccc(OC)cc2)[C@@H](OCc2ccc3c(c2)N(CCCOC)CCO3)CN1C(=O)OCc1ccccc1,10,10,0.0,0.0
45997,CS(=O)(=O)OCC1Cc2nccnc2C1,2,2-3,0.0,0.0
45998,O=C1CCCN1S(=O)(=O)c1ccccc1C1CCCCC1,6,4-6,0.0,0.0
46000,CC(=O)Nc1[nH]cc(-c2ccc(NC(=O)Nc3cc(F)cc(C(F)(F)F)c3)cc2)c1C(N)=O,10,10,-0.9,-0.45
46001,CCOC(=O)CCc1ccc(C#N)c2ccn(S(=O)(=O)c3ccc(C)cc3)c12,8,7-9,0.0,0.03333333333333334
46002,CNc1ncc(C#C[Si](C)(C)C)cn1,4,4-6,0.0,0.0
46003,CC(c1ccccc1)N1c2ccccc2Oc2c(CO)cccc21,10,10,-0.2,-0.1
46005,CC(C)Oc1ccc(-c2nc(-c3cccc4c3CC[C@H]4N(CCO)S(C)(=O)=O)no2)cc1C#N,10,10,0.0,-0.025
46006,COc1ccc2c(=O)n(CCNS(C)(=O)=O)c(CN(C)C)c(-c3ccccc3)c2c1,9,7-9,0.0,0.0
46007,O=C(O)Cc1c(-c2ccc(Cl)c(S(=O)(=O)NC3CCCCC3)c2)[nH]c2ccccc12,10,10,0.0,0.0
46010,OC1CCN(c2cccc(-c3ccnc(Cl)n3)c2)CC1,9,7-9,0.0,0.007499999999999998
46012,CCOc1nnc(Cl)c(C)c1C,7,7-9,0.0,0.0
46013,Cc1ccc(-n2nc(C)c3c(C(=O)Nc4c(C)ccnc4C)cc(C)nc32)cn1,9,7-9,0.0,0.0
46016,O=C(O)c1cccc2c(=O)c3ccccc3oc12,8,7-9,0.0,0.0
46017,CCOc1cc(CN2CCCC2)ccc1N,8,7-9,0.0,0.0
46018,CCCn1nc2c(N)nc3ccccc3c2c1CC(C)(C)NC(=O)c1cccnc1,8,7-9,0.0,0.0
46019,COC(=O)C(CN)(C(=O)OC)N1CCN(C(=O)OC(C)(C)C)CC1,8,7-9,0.0,0.04166666666666667
46020,CCOC(=O)c1ccc(OC2CCC(NC(=O)C3CC3)CC2)cc1,10,10,0.0,0.0
46021,COC(=O)c1ccc(OC(=O)NN2CCc3ccccc3C2)cc1,7,7-9,0.0,0.0
46022,C[C@@H]1O[C@@H](OCCNC(=O)CN(CC(=O)NCCO[C@@H]2O[C@@H](C)[C@@H](O)[C@@H](O)[C@@H]2O)C(=O)CCCCC(=O)O)[C@@H](O)[C@H](O)[C@@H]1O,7,7-9,0.0,-0.20999999999999996
46023,CN1CCC(C2CCN(C(=O)c3ccc(-c4ccc5ncc(-c6ccc(C#N)cc6)n5c4)cc3)CC2)CC1,9,7-9,0.0,0.0
46024,O=[N+]([O-])c1ccccc1C1=CCNCC1,9,7-9,0.0,0.0
46025,Nc1ccc(C(=O)NCc2cc3ccc(O)cc3o2)c(N)n1,9,7-9,0.0,0.0
46026,O=C(NCCCCO)c1ccc2ncccc2c1,10,10,0.0,0.0
46028,CCC(CC)n1c(Cc2ccc(Cl)s2)nc2cc(C(=O)O)ccc21,8,7-9,0.0,0.0
46030,CCS(=O)(=O)Nc1nc2c(-c3c(C)ccc4ncccc34)cc(-c3c(C)noc3C)cc2[nH]1,6,4-6,0.0,0.0
46031,CC(C)Oc1ccc(C=O)cc1Br,10,10,0.0,0.0
46032,CCCCCCCCCOC(=O)c1cc(-c2csc(-c3ccc(OCC)c(OCC)c3)n2)ccc1OCOC,9,7-9,0.0,0.0
46033,CC(C)(C)NS(=O)(=O)c1cccc(-c2cc(-c3nc(-c4ccc(C(F)(F)F)cc4)cc(C(F)F)n3)ccn2)c1,10,10,-0.45,-0.225
46034,O=C1CCC(N2Cc3c(OCc4ccc(S(=O)(=O)N5CCOCC5)cc4)cccc3C2=O)C(=O)N1,9,7-9,0.0,0.0
46036,CCOC(=O)c1ccc2c(c1)cc(C(=O)OCC)n2C,6,4-6,0.0,0.0
46038,COc1cc(C)c(S(=O)(=O)N(C)CCOCC(=O)N2CCC(O)(c3cccs3)CC2)c(C)c1,8,7-9,0.0,0.0
46039,O=C([C@@H]1CS(=O)CN1C(=O)CC1Cc2ccccc2C1)N1CCCC1,6,4-6,-0.2,-0.1
46040,COc1cc(OC)c(F)c(N2Cc3cnc(NCCN4CCOCC4)cc3C3(CC3)C2=O)c1F,7,7-9,0.0,0.0
46041,c1ccc(-c2noc(CNC34CC5CC(CC(C5)C3)C4)n2)cc1,8,7-9,0.0,0.0
46042,O=C1CCN(C(=O)c2cc(-c3ccccc3)c(=O)n3c2-c2sccc2CC3)CC1,6,4-6,0.0,0.0
46044,CS(=O)(=O)OC1CCC(Oc2c(F)cc(-c3ccc(S(C)(=O)=O)cc3)cc2F)CC1,10,10,0.0,0.0
46045,C[SiH](C)Oc1c(C(C)(C)C)ccc(NC(=O)c2ccc3cc[nH]c3c2)c1NC(=O)c1ccc(C(C)(C)C)cc1,10,10,-0.05,-0.025
46046,CCCCCCCCNC(=O)N(C)c1cccc(-c2ccc(CCC(=O)OCC)cc2)c1,10,10,0.0,0.0
46047,C[C@@H](Oc1cc(-n2cnc3cnc(CO)cc32)sc1C(N)=O)c1ccccc1C(F)(F)F,10,10,0.0,0.0
46048,BrCCCCCCCCCCCCOCc1ccccc1,10,10,0.0,0.0
46049,COCCOc1cc(C(=O)O)ccc1-c1ccc(F)cc1,10,10,0.0,0.0
46050,CCOC(=O)c1cnc(NCCOc2ccccc2)c(Cl)c1,9,7-9,0.0,0.0
46051,C=CCCC1C(=NO)CCc2ccccc21,4,4-6,0.0,0.0
46053,CCCCCC(CCCN)OC1CCCCO1,10,10,0.0,0.015238095238095245
46054,COCC1CCCN1N=C1CCN(c2ccccc2)C1=O,8,7-9,0.0,0.08333333333333329
46055,COC(=O)c1cc(C(=O)O)cc(-c2cc(Cl)sc2Cl)c1,7,7-9,0.7,0.3916666666666667
46056,CNCCNc1nc(-c2cc(C(=O)Nc3ccc(F)cc3)ccc2C)c2c(n1)N(c1c(F)cccc1F)C(=O)NC2,10,10,0.0,0.0
46058,COC(=O)C[C@@H](C)NC(=O)OC(C)(C)C,8,7-9,-0.2,-0.13333333333333333
46059,CN(C)C(=O)N1CCc2nc(NCC(F)F)c(N3CCC(Oc4ccc(F)cc4F)CC3)nc2C1,7,7-9,-0.95,-0.475
46060,COc1cc2ncnc(Nc3nc4ccc(NC(=O)Nc5ccc(Cl)c(C(F)(F)F)c5)cc4s3)c2cc1OC,7,7-9,0.25,0.16666666666666669
46061,CC1(C)CCC(C)(C)c2cc(OCc3ccc(CN)cc3)ccc21,9,7-9,0.0,0.0
46062,CN(C)CCn1cc(-c2ccnc3c2ccn3S(=O)(=O)c2ccccc2)c(-c2ccc([N+](=O)[O-])cc2)n1,9,7-9,0.0,0.0
46063,N#Cc1ccc(C(=O)Nc2ccc3c(c2)CCN(C2CCC2)CC3)cc1,9,7-9,0.0,0.0
46064,Cn1cc(NC(=O)c2ccccc2-c2ccc(C(F)(F)F)cc2)cc1C(=O)NCc1ccc(C2CCC3(CC2)OCCO3)cc1,6,4-6,0.9,0.45
46065,Cc1nc2ccccc2n1-c1nc(N2CCOCC2)c2nc(CCN3CCN(C(C)(C)C(N)=O)CC3)n(C)c2n1,8,7-9,0.0,0.0
46066,CCOc1ccccc1O[C@@H]1CCCN(c2ncc(C(=O)NCc3cccc(C(=O)OC)c3)cn2)C1,3,2-3,0.0,0.0
46067,CC(=O)NCc1ccc(/C(Nc2ccc(CCNC(=O)OC(C)(C)C)cc2)=C2/C(=O)Nc3ccc([N+](=O)[O-])cc32)cc1,9,7-9,0.0,0.0
46068,Cn1cc(-c2cncc3cnc(N[C@@H]4CCCC[C@@H]4NC(=O)OC(C)(C)C)nc23)cn1,9,7-9,0.0,0.0
46069,COc1ccc2cccc(OCC(=O)NC[C@@H](O)CN3CCc4ccccc4C3)c2n1,9,7-9,0.0,0.0
46070,CC(C)(C)OC(=O)CN(c1ccccc1)S(=O)(=O)c1ccc2c(Cl)cnc(NC(=N)N)c2c1,1,1,0.0,0.0
46071,Cc1ccc(OC2CCN(C(=O)C(=O)Nc3ccc4c(c3)OCC(=O)N4)CC2)cc1,10,10,0.0,0.0
46072,CCN(CC)c1ccc2c(c1)C(=O)N1CCN(C(=O)OC(C)(C)C)CC1CO2,8,7-9,0.0,0.0
46073,Cc1ccc(F)cc1S(=O)(=O)Nc1cccc(COCc2ccc(F)cc2)n1,1,1,0.0,0.0
46074,CSCC(=O)Nc1ccc(Br)cn1,10,10,0.0,0.0
46076,COC(=O)c1ccc(SC(Cn2ccnc2)c2c(C)cc(C)cc2C)cc1,1,1,0.0,0.0
46078,CC1(C)Oc2c(CBr)cc(F)cc2C1=O,10,10,0.0,0.0
46080,CCS(=O)c1ncc2cc(-c3ccccc3)c(-c3ccc(C=O)cc3)nc2n1,8,7-9,0.0,0.0
46081,COc1cccc2ccc(C)nc12,7,7-9,0.0,0.0
46082,COc1ccc(S(=O)(=O)Nc2ccc(N3CCC4(CC3)OCCO4)cc2)cc1,8,7-9,0.0,0.0
46083,CC(=O)c1cccc(O[C@@H](CCCl)c2ccccc2)c1,10,10,-0.5,-0.25
46084,O=C1NC(=O)C(=Cc2cccs2)S1,5,4-6,0.0,0.0
46085,COc1ccc2cc(-c3ccnc(OCCCF)n3)sc2c1,10,10,0.0,0.0
46088,O=C(N1CCC(O)C1)C1(c2ccc(Cl)cc2)CC1,8,7-9,0.0,0.0
46089,CC(=NO)c1ccc(N)cc1,7,7-9,0.0,0.0
46091,Cc1cn(S(=O)(=O)c2ccccc2)c2ncnc(N3CCN(C(=O)C(CN)c4ccc(Cl)cc4)CC3)c12,7,7-9,0.0,0.0
46092,Cc1cc(C)c(Nc2nc(C)c(C)s2)c(C)c1,7,7-9,0.0,0.0
46093,COC(=O)c1ccc(C2(NC(=O)[C@H]3C[C@H]4C[C@H]4N3)CC2)cc1,8,7-9,0.0,0.0
46094,Cc1ccc(C(=O)O)cc1-c1nnc2ccc(CCc3ccc(F)cc3F)cn12,8,7-9,0.0,0.0
46095,COC(=O)COc1ccc(COc2cc(Cl)ccc2-c2nc3cc(F)c(F)cc3n2Cc2cccc(Cl)c2)cc1,9,7-9,0.0,0.0
46096,C=CC[C@@H](C(=O)OC)N(C)C(=O)CCCC(F)(F)F,8,7-9,0.0,0.0
46097,NCc1ccc(C#Cc2ccc(CO)cc2)cc1,9,7-9,0.0,0.0
46098,Cc1onc(-c2c(F)cccc2Cl)c1C(=O)N[C@@H](CCN1CCC(c2cccc(NC(=O)C(C)C)c2)CC1)c1ccccc1,6,4-6,0.0,0.0
46099,CC(C)(CCCCOc1ccc(NC(=O)CCCn2ccnc2)cc1)C(=O)O,7,7-9,0.0,0.0
46100,COC(=O)Cc1cncc(-c2ccc(C(F)(F)F)cc2)c1,7,7-9,-0.05,-0.025
46101,CC(C)c1ccc(S(=O)(=O)c2ccc(N3CCN(C)CC3)cc2)cc1S(=O)(=O)NC1CCOCC1,10,10,0.0,0.1583333333333333
46103,COc1cc(O)c2c(c1C(=O)NCc1c(C)ccc3c(F)cccc13)OC1=CC(O)=C(C(C)=O)C(=O)[C@]12C,1,1,0.0,0.0
46105,COC(=O)C1(C)COCCN1,7,7-9,0.05,0.04166666666666667
46106,Cc1cc(Br)cnc1OC1CCOCC1,8,7-9,0.0,0.008333333333333335
46109,CCCCNC(=O)CC1CCN(C(=O)N2C(c3cnc(C(C)(C)C)cc3OCC)=N[C@@](C)(c3ccc(Cl)cc3)[C@@]2(C)c2ccc(Cl)cc2)CC1,10,10,0.0,0.0
46112,N#Cc1nc(N2CCCCC2)c2c(n1)N(CCN1C(=O)c3ccccc3C1=O)CCN2,8,7-9,0.0,0.014166666666666671
46113,CC(C)c1[nH]nc(O[C@@H]2O[C@H](CO)[C@@H](O)[C@H](O)[C@H]2O)c1Cc1ccccc1OCc1cccc(Br)c1,10,10,0.0,0.0
46114,O=c1[nH]c2ccccc2c(=O)n1C1CCNCC1,10,10,0.0,0.0
46115,ClCCCc1c[nH]c2ccc(Br)cc12,9,7-9,0.0,0.0
46116,CCOc1ccc(N(Cc2cncc(-c3cc(OC)c(OC)c(OC)c3)c2)C2CCN(C(=O)OC(C)(C)C)CC2)cc1,7,7-9,-0.35,-0.175
46117,COc1nc(Br)ccc1NC(=O)OC(C)(C)C,9,7-9,0.0,0.0
46118,C[C@@H]1CNCc2cc3ccc(C(F)(F)F)cc3n21,10,10,0.0,0.0
46120,CCOC(=O)/C=C/c1cnccc1-c1ccc(OC)cc1,7,7-9,0.0,-0.016666666666666673
46121,CC1(COc2ccc(Cl)cn2)CNCC1c1ccc(Cl)cc1,10,10,0.0,0.0
46122,CC(C)(C)OC(=O)N1[C@H](Cc2ccccc2F)[C@H](Cc2ncccc2C(=O)NC2CC2)OC1(C)C,7,7-9,0.0,0.0
46123,Fc1ccc(OCc2ccccc2)c(F)c1F,9,7-9,0.0,0.0
46124,O=C(O)CCN1CC(CCNS(=O)(=O)c2ccc(F)cc2)c2ccccc21,10,10,0.0,0.0
46125,CC[Si](CC)(CC)OCCNc1cnc(N)cn1,7,7-9,0.0,0.0
46126,Cn1cnc(-c2cc(C#N)ccn2)c1-c1ccc(-n2cccn2)cc1,8,7-9,0.0,0.0
46127,C=C(OCC)c1cccc2c1CCN1C(=O)CNC(=O)C=C21,5,4-6,0.0,0.0
46129,COc1cc2c(Oc3ccc(C)nc3I)ccnc2cc1OCc1ccccc1,8,7-9,0.0,0.0
46131,CCOC(=O)C1=C(Nc2ccc(OCc3ncccn3)cc2C)OC(=Cc2c[nH]c3ncccc23)C1=O,1,1,0.0,0.0
46132,O=C(N1CCC(CCO)CC1)C(F)(F)F,10,10,0.0,0.0
46134,N#Cc1cc(Oc2ccc(N)cc2F)ccn1,8,7-9,0.0,0.0
46135,CCn1ncc2c(Cl)c(N(C)C(=O)C(C)(C)c3cc(C(F)(F)F)cc(C(F)(F)F)c3)cnc21,9,7-9,0.05,0.025
46136,Cc1cc2c(c(SCC(=O)O)n1)c(=O)cc(Nc1ccccc1)n2-c1ccccc1,10,10,0.0,0.0
46137,CCCCCCc1c(C(=O)O)sc2ccsc12,10,10,0.0,0.0
46138,CC(C)(C)C(=O)Nc1nc(O)c2c(C#C[Si](C)(C)C)c[nH]c2n1,7,7-9,0.0,0.0
46140,O=C1CCCNC12CCCCC2,8,7-9,0.0,0.0
46141,Cn1ncc(C(=O)N2CCC2)c1C(=O)Nc1ccn2nc(-c3cccc(F)c3)nc2c1,7,7-9,0.0,0.008333333333333333
46144,Cn1cc(NC(=O)c2nc(C3CC3)ccc2Nc2cncnc2)c(C(=O)NC2CCCCC2)n1,6,4-6,0.0,0.042499999999999996
46145,Oc1ccnc(-c2cnn3ccccc23)n1,8,7-9,0.0,0.0
46146,O=C1NCC[C@@]12CC[C@@H](c1cc(-c3ccc(C(F)(F)F)cc3)ccn1)N2,8,7-9,0.0,0.0
46147,COc1cc(-c2nc3ccc(N4CCCN(CCO)CC4)cc3c(=O)n2CC(=O)NC(C)C)ccc1F,10,10,-0.15,-0.20916666666666667
46148,Cc1ccc(CCN(C)CCCC(C(N)=O)(c2ccccc2)c2ccccc2)cc1,10,10,0.05,0.025
46149,CN(C(=O)OC(C)(C)C)[C@H]1CC[C@H](OCCC(=O)O)CC1,10,10,0.05,0.025
46151,CN1CC(CCN2CCC(C(c3ccc(F)cc3)c3ccc(F)cc3)CC2)N(C)c2nc3ccccc3n2C1=O,8,7-9,0.0,0.0
46152,CN(C(=O)CCl)c1ccc(C(=O)N2CC3(C)CC2CC(C)(C)C3)cc1,3,2-3,0.0,0.0
46153,CC(C)(C)OC(=O)CNC1CCC1,8,7-9,0.0,0.0
46154,COC(=O)/C=C/c1ccc(N(Cc2ccccc2)Cc2ccccc2)nc1C(=O)OC,8,7-9,0.0,0.04166666666666667
46155,Cc1ccc(CCNC(=O)[C@H](CCCNC(=O)OC(C)(C)C)N(C)Cc2ccccc2)cc1,8,7-9,0.0,0.0
46157,Cn1ccc2c(=O)[nH]c(N3CCN(c4ccncc4)CC3)nc21,8,7-9,0.0,0.0
46159,CCNC(=O)c1ccc(OCc2c(-c3cccc(F)c3)noc2C)nn1,6,4-6,0.0,0.0
46160,CC(C)(C)c1ccc(Cn2ccc3cc(N)ccc32)cc1,10,10,0.0,0.0
46161,COc1cc(-c2nc(NC(=O)c3cc4cc(C)cc(C)c4n3CC(=O)O)sc2CCC2CCCCC2)c(OC)cc1Cl,4,4-6,0.0,0.0
46162,COc1ccc(N(C)c2ccc(CNC(=O)C3(NC(=O)c4cncnc4)CC3)cc2)c(C)c1,5,4-6,0.0,0.0
46164,Cc1cccc(C(=O)O)c1-c1ccc(OC(F)(F)F)cc1,8,7-9,0.0,0.0
46165,CC(C)(C)c1cc(NC(=O)Nc2cccc(C#Cc3cn[nH]c3)c2)no1,8,7-9,0.0,0.0
46166,COC(=O)c1ccccc1C(=O)c1ccc(N)c([N+](=O)[O-])c1,9,7-9,0.0,0.0
46167,CCC(C)[C@H]1CSC(=Nc2ccc3c(c2)CCC3=O)N1CC(C)C,8,7-9,0.0,0.0
46169,CC(C)c1nc2ccc(Cl)cc2c(-c2cccc(OC(F)(F)F)c2)c1C(=O)O,10,10,0.0,-0.01666666666666667
46170,Nc1nonc1-c1nc2cncc(-c3cccs3)c2n1-c1ccccc1,10,10,0.0,0.025
46171,CC(=O)N[C@@H]1CCCN2c3cc(Br)c(F)cc3Oc3cccc(F)c3[C@@H]12,10,10,0.35,0.175
46172,NC(=O)c1ccc(-c2ccc3[nH]cc(C[C@H]4CCCN4C(=O)OCc4ccccc4)c3c2)cc1,9,7-9,0.0,0.0
46173,O=C(O)c1ccc(C(=O)NCc2cn(-c3ccccc3)c3cc(Cl)ccc3c2=O)cc1,8,7-9,0.0,0.0
46174,Cc1cc(C)c2c(c1C)OCC2c1ccc(C(C)C)cc1,8,7-9,0.0,0.0
46175,COc1cc(C(N)=O)c(N)cc1OCCCN1CCCC1,7,7-9,0.2,0.1
46176,CCCCOc1cccc(C=O)c1,10,10,0.0,0.0
46177,C=CCOc1cc(N)c(C(C)=O)cc1C(C)=O,10,10,0.0,0.0
46179,COc1ccc2c(c1)C(c1ccc(Cl)cc1)=N[C@@H](CC(=O)NCCOc1cccc([Si](C)(C)O)c1)c1nnc(C)n1-2,10,10,0.0,0.0
46180,Cc1c(-c2ccccc2)nc2ccccc2c1C(=O)NC(c1ccccc1)C(C)O,8,7-9,0.0,0.0
46181,O=C(O)CNc1nc2ncc(-c3cn(Cc4cc(Cl)c(Cl)c(Cl)c4)nn3)nc2s1,8,7-9,0.0,-0.04166666666666667
46182,CON=C(CC(=O)O)c1ccc(OC)cc1,10,10,0.0,0.0
46183,COC(C1=CN(C)CS1)c1ccccc1C=NN=C(C)c1ccc(C(F)(F)F)cc1,6,4-6,0.0,0.0
46185,CCCN(CCC)C1CCc2c(cccc2N(Cc2ccccc2)C(C)=O)C1,6,4-6,0.0,0.0
46186,O=S1(=O)c2cccc3cccc(c23)N1CCCN1CC=C(c2c[nH]c3ccc(F)cc23)CC1,5,4-6,0.0,0.0
46190,C#Cc1cc(C(C)(C)C)c(OC(C)C)c(C=O)c1C,10,10,0.0,0.0
46191,CN1C(=O)[C@@H](NC(=O)OC(C)(C)C)CCc2ccccc21,8,7-9,0.0,0.0
46192,c1ccc2c(c1)Oc1cc(-c3nnn[nH]3)ccc1C2C1CC2CCC(C1)N2,9,7-9,0.0,-0.05017857142857142
46194,CCOC(=O)C(C)(N)c1ccc2c(C(F)(F)F)c(O[C@H]3CC[C@H](C(C)(C)C)CC3)ccc2n1,10,10,0.0,0.0
46195,CC(C)(C)OC(=O)N[C@H]1CC[C@H](N)C1,10,10,0.0,0.0
46196,Cn1ccc2cc(CN)cnc21,9,7-9,0.0,0.0
46198,CN(C)CCC(=O)c1cccs1,7,7-9,0.0,0.0
46199,c1ccc(OCCN2CCC3(C2)NCCc2c3[nH]c3ccc(-c4nnn[nH]4)cc23)cc1,9,7-9,0.0,0.04095238095238097
46201,COC(=O)c1cc(I)c(O)c(C(C)(C)C)c1,7,7-9,0.0,0.0875
46202,CCOC(=O)c1cc2ccccc2n1-c1cccnc1,5,4-6,0.0,0.0
46203,COC(=O)[C@H](Cc1ccc(C=O)cc1)NC(=O)c1c(Cl)cccc1Cl,9,7-9,0.15,0.075
46204,N#Cc1ccc(S(=O)(=O)NCCO)cc1,10,10,0.0,0.0
46205,CC(C)(C)[Si](C)(C)OC1CCN(C(c2ccccc2)(c2ccccc2)c2ccccc2)C/C1=C\C=O,5,4-6,0.0,0.0
46206,N#Cc1cnc(N)nc1Cl,8,7-9,0.0,-0.008333333333333333
46208,CC(C)COc1ncnc2[nH]cc(/C=C/C(=O)O)c12,9,7-9,0.0,0.0
46209,NNC(=O)c1cnc(Cl)cn1,6,4-6,0.0,0.0
46210,O=C(NCCc1c[nH]c2ccc(Cl)cc12)c1cccc(-c2ccc(Cl)cc2)c1,9,7-9,0.0,0.0
46211,Cc1occc1S(=O)(=O)n1cc(CN(C)C(=O)OC(C)(C)C)c(F)c1-c1cccnc1F,8,7-9,0.0,0.0
46212,CCC(=O)N[C@@H]1CCc2ccccc2C1,10,10,0.0,0.0
46214,O=C(O)Cn1nnc(-c2nnc(N3CC4CN(c5cc(F)ccc5Cl)CC4C3)s2)n1,10,10,0.0,0.0
46215,COc1ccc(-n2c(=O)n(OCc3ccccc3)c(=O)c3cc(F)c(N4CCC(NC(=O)OC(C)(C)C)C4)cc32)cc1,9,7-9,0.0,0.0
46216,COc1ccc(CC(NS(=O)(=O)c2ccccc2)C(=O)NCCCCc2ccccc2)c2ccn(S(=O)(=O)c3ccccc3)c12,9,7-9,0.0,0.0
46218,CCOC(=O)[C@@H]1[C@H]2CC[C@H](C2)[C@@H]1N(Cc1ccc(C)c(F)c1)C(=O)CC1=NS(=O)(=O)c2cc(NS(C)(=O)=O)ccc2N1,9,7-9,0.0,0.0
46219,CCOC(=O)CN(Cc1ccccc1)C(=O)[C@@H](Cc1cccnc1)NC(=O)OC(C)(C)C,1,1,0.0,0.0
46220,CC(C)(C)OC(=O)NC1(c2ccc(Br)cc2)CC1,8,7-9,-0.05,-0.025
46221,CN(C[C@@H](N)CC1CCC(O[Si](C)(C)C(C)(C)C)CC1)C(=O)OCC[Si](C)(C)C,10,10,0.0,0.0
46222,COc1c(C#N)cc(C(C)(C)C)cc1NC(=O)c1ccc(C)c(N=[N+]=[N-])c1,10,10,0.0,0.0
46223,N#Cc1ccccc1-c1cc(-c2cnc3nc(C(F)(F)F)ccn23)ccc1F,5,4-6,0.0,0.0
46224,CCOC(=O)c1cnc(NN)nc1C(F)(F)C(F)(F)F,7,7-9,0.0,0.0
46225,C=CCOC(=O)C(C)c1ccc2c(c1)SCC1CCCCC1C2=O,8,7-9,0.0,0.0
46226,CCCCC[C@H]1CC[C@H](C=CCCc2ccc(OC3CCCCO3)cc2)CC1,10,10,-0.55,-0.275
46227,COc1ccccc1-c1cc(Cl)ncn1,6,4-6,0.0,0.0
46228,CNc1cc(-n2ncnc2N)ncn1,7,7-9,0.0,0.0
46229,CC(C)(C)NS(=O)(=O)c1cccc(B2OC(C)(C)C(C)(C)O2)c1,9,7-9,0.0,0.0
46230,CC(F)(F)CCCCn1cc(NC(=O)c2ncoc2-c2ccccc2)cn1,4,4-6,0.0,0.0
46231,Nc1ncc(-c2nc(N3CCOCC3)c3sc(C(=O)N4CCN(CCO)CC4)cc3n2)cn1,9,7-9,-0.85,-0.425
46232,c1ccc(-c2ncc(-c3c4ccccc4c(-c4ccc5ccc6ccccc6c5c4)c4ccccc34)cn2)nc1,9,7-9,1.0,0.7375
46233,CCCCc1ccc(CN(Cc2cccc(CC(=O)OC)c2)S(=O)(=O)c2cn(C)cn2)cc1,2,2-3,0.0,0.0
46234,CCNC(=O)c1c(OCc2ccccc2)c(OCc2ccccc2)c(C(=O)N(C)C)n1-c1ccc(OC)cc1,9,7-9,0.0,0.0
46235,CC(C)(C)OC(=O)N[C@@H]1CCc2ccc(O)cc21,8,7-9,0.0,0.0
46236,CC(C)(C)OC(=O)c1cccc(CN2CN(c3ccc(F)cc3)C3(CCN(CCCN4C(=O)C(C)(C)c5ccccc54)CC3)C2=O)c1,7,7-9,0.05,0.025
46237,CCc1ccc(C2CC(C(=O)O)CN(C(=O)N3CCSCC3)C2)cc1F,10,10,0.0,0.0
46238,O=C(c1ccc(-c2ccc(OCC3CCN(CC4(C(F)(F)F)CCC4)CC3)cc2)c(F)c1)N1CCC[C@@H]1CO,8,7-9,0.0,0.0
46239,CC(C)c1ccc(-c2csc(NS(=O)(=O)CC(=O)O)n2)cc1,9,7-9,0.0,0.0
46240,O=C(NCc1cccc(O)c1)c1ccc2ncccc2c1,6,4-6,0.0,0.0
46241,C=CCc1c(OCCCOc2ccc(C(C)=O)c(O)c2CCC)ccc2oc(C(=O)O)cc12,10,10,0.75,0.375
46242,Cc1nc(-c2cccc([N+](=O)[O-])c2)nc(N2CCOCC2)c1[N+](=O)[O-],7,7-9,0.0,0.0
46244,Cc1c(C=O)[nH]c(Cl)c1C(=O)O,10,10,0.0,0.0
46246,CCOC(=O)c1cn([C@@H](C(C)C)C(C)(C)O[SiH2]C(C)(C)C)c2c(Cl)nc(Cc3cccc(Cl)c3F)cc2c1=O,8,7-9,0.0,0.0
46247,CSCCCNc1c(N)cnc2cc(-c3ccccc3)ccc12,9,7-9,0.0,0.0
46248,CN(Cc1ccc(Cl)nc1)C1CCCC1,9,7-9,0.0,0.0
46249,CC(C)C(=O)Oc1ccc2c(c1)-c1ncc(C(=O)O)c(=O)n1CC2,10,10,0.0,0.0
46250,CC(C)(C)OC(=O)Nc1cccc(Br)c1,9,7-9,0.0,0.0
46251,Cc1cc2cc(Nc3ccnc4cc(-c5cnc(C(=O)NCCN6CCCCC6)n5C)sc34)ccc2[nH]1,7,7-9,0.0,0.0
46252,CNC(=O)c1ccc(I)c([N+](=O)[O-])c1,9,7-9,0.0,0.0
46253,COc1ccc(Cc2cn(CCCC(C)C)c3c(Cl)nc(N)nc23)cc1OC,8,7-9,0.0,0.0
46254,CCCCOc1nc(C(F)(F)F)ccc1CNC(=O)Nc1ccc(CNS(N)(=O)=O)cc1,7,7-9,0.0,0.0
46255,COC(=O)[C@@H](NC(=O)c1ccc(-c2ccc([N+](=O)[O-])cc2)cc1C)C(C)C,7,7-9,0.0,0.0
46256,CC(=O)Nc1nc(-c2ccccc2)c(C(=O)O)s1,8,7-9,0.0,0.0
46257,CC(C)=CCC/C(C)=C/CC/C(=C\CC/C(C)=C/C(=O)N1CCOCC1)CO,7,7-9,0.0,0.0
46258,CC(C)n1nc(C(=O)NCCN2CCC(NC(=O)c3ccccc3)CC2)c2ccccc21,8,7-9,0.45,0.225
46259,COc1ccc2c(c1)CC(NC[C@H](O)c1cccc(Cl)c1)CCC2,9,7-9,0.0,0.020138888888888894
46260,Cc1cc(F)ccc1Nc1nc(N(C)c2ccccc2)c2cccc(F)c2n1,8,7-9,0.0,0.0
46261,COC(=O)C[C@@H]1COc2cc(O[C@@H]3CCc4c3cccc4-n3ccccc3=O)ccc21,9,7-9,0.0,0.0
46263,CCOc1cc(F)ccc1C(=O)O,8,7-9,0.0,0.0
46264,CCOc1cc(C=C2SC(=O)N(c3ccc(F)cc3)C2=O)ccc1O,10,10,0.0,0.0
46267,CC(=O)Nc1ccccc1F,10,10,0.0,0.0
46268,Cc1ccncc1-c1csc(-c2cccnc2)n1,8,7-9,0.0,0.0
46269,COc1ccc(S(=O)(=O)N2CCN(CC#N)CC2)cc1,9,7-9,0.0,0.0
46270,CCOC(=O)CCc1cc(C(C)C)nn1Cc1ccc(C(F)(F)F)cc1Cl,5,4-6,0.0,0.0
46271,CCOC(=O)Cc1oc2cccc-2cc1-c1ccccc1,8,7-9,0.0,0.12333333333333336
46272,CC1(C)OC(=O)c2c(OCc3ccccc3)cccc2O1,9,7-9,0.0,0.0
46273,Nc1ccccc1C(=O)NN=Cc1c(O)ccc2ccccc12,1,1,0.0,0.0
46274,CC(C)(C)OC(=O)N1CCC(c2ccc(Cl)cn2)CC1,4,4-6,0.0,0.0
46275,CN(N=Cc1c(O)cc(O)cc1O)c1ccc(C(F)(F)F)cc1[N+](=O)[O-],7,7-9,0.0,0.0
46276,N#Cc1cccc(-n2c(C(=O)N3CCS(=O)(=O)CC3)cc3cc(C(=O)N4CCN(C5CCC5)CC4)ccc32)c1,5,4-6,0.0,0.0
46278,CCC[C@H]1C(=O)N(Cc2ccc3c(N)ncnc3c2)CCN1C(=O)COc1ccc(Cl)s1,10,10,0.0,0.0
46279,CCN(CC)CCCNC(=O)Nc1cc(Oc2ccc(N)cc2C)ccn1,6,4-6,0.0,0.0
46281,CC(C)(C)OC(=O)Nc1cc(C2CC2)c2[nH]ccc2c1,10,10,0.0,0.0
46282,CC(Oc1ccccc1)c1ccc(C(=O)O)cc1,8,7-9,0.0,0.0
46283,Cn1nnn(-c2cccc(C3CC3)c2COc2ccn(-c3ccc(F)cc3)n2)c1=O,5,4-6,0.0,0.0
46284,CCOCCn1c(NC2CCN(CCC3(c4ccccc4)CCN(C(=O)c4cc(NS(C)(=O)=O)ccc4OC)C3)CC2)nc2ccccc21,9,7-9,0.0,-0.02023809523809525
46285,Cc1nc(-c2cccc(OCc3ccccc3)c2F)n(CCc2ccccc2)c(=O)c1Br,7,7-9,0.0,0.0
46286,O=C1c2ccccc2C(=O)c2c(Nc3ccc(CCO)cc3)cccc21,9,7-9,0.0,0.0
46289,c1ccc(C(c2ccccc2)c2ccncc2)cc1,7,7-9,0.0,0.0
46290,Cc1cc(C)c(Nc2ccc(F)cc2N)c(C)c1,7,7-9,0.0,0.0
46291,Cc1cc(-c2ccc(NC(=O)C(C)c3ccc(N4CCCCC4)nc3)cc2)ccn1,9,7-9,0.0,0.0
46292,NS(=O)(=O)c1ccc(CCN2CCC(N3CCc4ccccc43)CC2)cc1,7,7-9,0.0,0.0
46295,COc1ccc(CN2C(=O)CCCC2c2c(OC)cccc2OC)cc1,7,7-9,0.0,0.0
46296,O=C(C1CC1)N1CC[C@@H](Cn2c(-c3ccc(-c4ccc5cc[nH]c5c4)cc3Cl)n[nH]c2=O)C1,8,7-9,0.0,0.0
46297,O=C(Nc1ccc(Cl)c(-c2ccccn2)c1)c1ccc(-n2cncn2)nc1,5,4-6,0.6,0.3
46298,C[Si](C)(C)CCOCn1cc(Cl)c2nc(NC(=O)NC3CCCCC3)cnc21,1,1,0.0,0.0
46299,Cc1c(-c2ccccc2S(C)=O)nc2cc(F)cc(F)c2c1Nc1cc(N2CCOCC2)cnc1N1CCOCC1,7,7-9,0.0,0.0
46300,CC1=C(N)C(C)C2CC(C)(C(=O)Nc3ccc(-n4ccnc4)cc3)OC2=C1C,10,10,0.0,0.0
46301,Cc1ccc2c(c1)c1c(n2-c2cccc(-c3cnc(N(C)C)nc3)c2)CCN(C)C1,8,7-9,0.8,0.5083333333333333
46304,COc1ccc(C(C#N)(CCCCCN)SC2CCCCC2)cc1OC,10,10,0.0,0.0
46305,C#CCOc1nc(Cl)cnc1NS(=O)(=O)c1cccc(Cl)c1Cl,8,7-9,0.0,0.0
46306,COc1ccc(COc2nccnc2NS(=O)(=O)c2cccc(Cl)c2Cl)cn1,2,2-3,0.1,0.05
46307,CCOc1cc2c(c3c1OC(C)(C)C3)C(c1ccccc1)=NC(C)(CNC(=O)CN(C)C)C2,9,7-9,0.95,0.475
46308,O=[N+]([O-])c1ccccc1-n1ccc2ccccc21,10,10,0.0,-0.012499999999999997
46309,COC(=O)c1ccc2c(ccn2S(=O)(=O)c2ccc(C)cc2)c1,8,7-9,0.0,0.0
46310,CC(C)(C)OC(=O)N1CC(F)(c2ccc(C(=O)CC(O)(c3cc(Cl)cc(Cl)c3)C(F)(F)F)cc2)C1,10,10,0.0,0.0
46311,N#Cc1ccc(N2CCC(CCO)C2)c2ccsc12,10,10,0.35,0.175
46312,C[C@@H](c1ccc(-c2cc[nH]c(=O)c2)cc1)N1CC[C@](CC(C)(C)O)(c2ccccc2)OC1=O,8,7-9,0.0,0.0
46314,CCCCN(CC(=O)O)c1cc(Br)ccc1[N+](=O)[O-],4,4-6,0.0,0.0
46316,Brc1ccc(CN[C@H]2CCCc3ccccc32)cc1,1,1,0.0,0.0
46317,CC(=O)Nc1ccc(C(=O)N(CCN2CCC(C(=O)c3ccc(F)cc3)CC2)c2cc(C)cc(C)c2)cc1,3,2-3,0.0,0.0
46318,Oc1ccc(-c2nn3cnnc3c3ccccc23)cn1,9,7-9,0.0,0.0
46319,CS(=O)(=O)c1cccc(CNC(=O)c2nc3scc(COCc4ccc(C(=O)O)cc4)c3c(=O)[nH]2)c1,7,7-9,0.0,0.0
46320,C1CN(C2COC2)CC2(CC2)N1,9,7-9,0.0,0.03333333333333334
46321,CC(NC(C)C(C)n1ncn(-c2ccc(N3CCN(c4ccc(O)cc4)CC3)cc2)c1=O)c1cccc2ccccc12,8,7-9,0.0,0.0
46322,COC(=O)c1ccc(CCOS(C)(=O)=O)s1,1,1,0.0,0.0
46323,CCCC(C)c1ccc(C(=O)NCCc2ccc(CN3CCCC3)cc2)cc1,10,10,0.0,0.0
46324,CCCNc1ccc(-c2nc(-c3ccc4c(c3)CCN(C(=O)OC(C)(C)C)CC4)no2)cc1C#N,8,7-9,0.0,0.0
46326,CC(C)N1CCC(Oc2ccc3cc(C(=O)N4CCC(F)(F)CC4)sc3c2)CC1,7,7-9,0.0,0.0
46327,CC(C)NC(=O)c1ccc2n1CCN(C(=O)c1cc3ncc(Br)cn3n1)C2,3,2-3,0.0,0.0
46328,COc1ccc(-c2nocc2C(=O)N2CCC[C@@H](C(C)(C)O)C2)cc1,1,1,0.0,0.0
46329,CC(O)CNC(=O)[C@@H](C)NC(=O)OC(C)(C)C,9,7-9,0.0,0.0
46330,Cc1ccc(C(=O)N=c2sc3c(F)c(F)ccc3n2CC(=O)O)cc1,10,10,0.0,0.0
46331,Cc1cc(CCC(=O)O)c(C=C2C(=O)Nc3cccc(C4CCNCC4)c32)[nH]1,1,1,0.0,0.0
46332,O=C(Nc1nc(-c2cccc(C(F)(F)F)c2F)cs1)c1ccc(Nc2cncnc2)cc1,7,7-9,0.0,0.0
46333,CC[C@H](CO)NCCCS(=O)(=O)N1CCC(Nc2ncc(C(=O)c3cc(F)ccc3OC)c(N)n2)CC1,8,7-9,0.0,0.0
46334,CS(=O)(=O)OCC1CN(C(c2ccccc2)c2ccccc2)C1,4,4-6,0.0,0.0
46335,O=C(Nc1noc2ccccc12)N1CCN(c2nc(-c3ccc(F)cc3)ns2)CC1,5,4-6,0.0,0.0
46336,Cc1cc2cn[nH]c2cc1N,10,10,0.0,0.0
46337,CCCCCCCCc1ccc(C(=O)NCCn2cc(CCCCCc3cn(C(=O)OC(C)(C)C)c(N)n3)nn2)cc1,3,2-3,0.0,0.0
46338,O=C1CC(c2ccccc2)Oc2ccc(Cl)cc21,8,7-9,0.0,0.0
46339,Clc1ccc(OCC2CO2)c(Cl)c1,7,7-9,0.0,0.0
46340,CCOC(=O)C(C#N)=C(C)c1ccc(CC)cc1,7,7-9,0.0,0.0
46341,Fc1ccc(Oc2ccc(Nc3cccc(N4CCOCC4)c3)nc2)cc1F,8,7-9,0.0,0.0
46342,CC(C)c1cc2cc(O)c(Cl)c(Cl)c2s1,10,10,0.0,0.0
46343,COC(=O)C[C@@H]1COc2cc(O[C@@H]3CCc4c3ccc(C(F)(F)F)c4CN3CCN(C(=O)OC(C)C)CC3)ccc21,10,10,0.0,0.0
46344,CC(C)(C)OC(=O)Nc1ccc(Br)nc1,9,7-9,0.0,0.0
46345,NNC(=O)c1ccc(Br)cc1F,7,7-9,0.0,0.0916666666666667
46346,CCc1c(-c2cccnc2)[nH]c2ccccc12,7,7-9,0.0,0.0
46347,CC(C)(C)OC(=O)C(C)(C)Oc1ccc(C(=O)OCc2cn(Cc3ccc(SC(F)(F)F)cc3)nn2)cc1,7,7-9,0.0,0.0
46348,COc1cc(C(C)=O)ccc1OCCCN1CCC(c2n[nH]c3ccccc23)CC1,7,7-9,0.0,0.0
46349,COCCOCOCCc1ccsc1Br,10,10,-0.15,-0.075
46350,C[C@H](O)c1c(Cl)ccc(F)c1Cl,9,7-9,0.0,0.0
46352,CC1(C)C(=O)N(c2ccc(C#N)c(C(F)(F)F)c2)C(=S)N1c1ccc(OCC2(N)CC2)nc1,10,10,0.0,0.0
46353,COC(=O)c1ccc(COc2ccc(Oc3cccc(-c4c(Cc5ccccc5)cnc5c(C(F)(F)F)cccc45)c3)cc2)cc1,9,7-9,0.0,0.0
46356,OC(c1ccc(Cl)cc1)c1cccnc1-n1ccnc1,7,7-9,0.0,0.0
46357,Nc1cnc2ccc(Sc3ccccc3)cn12,5,4-6,0.0,0.0
46358,CC(C)(C)OC(=O)N1CCC(CCN[C@@H]2C[C@H]2c2ccccc2)CC1,9,7-9,0.0,0.0
46359,C[C@H]1CN(C(=O)OC(C)(C)C)C[C@H]1Nc1c(C(N)=O)cnn2cc(-c3cnn(C)c3)nc12,8,7-9,0.0,0.0
46361,Nc1ccc(I)cc1C1NC(=O)CC(c2cccc(Cl)c2)C12C(=O)Nc1cc(Cl)ccc12,9,7-9,0.0,0.0
46362,CC(C)C(NC(=O)Cn1cccc(NC(=O)CCc2ccccc2)c1=O)C(=O)C(F)(F)F,7,7-9,0.0,-0.14166666666666666
46363,O=C(O)CNC(=O)CCc1cc(Cl)c(Oc2ncccc2C(=O)N2CCN(C3CC3)c3ccccc32)cc1Cl,7,7-9,0.0,-0.04583333333333332
46365,CCn1c(C(C)O)cnc1Oc1ccc(C)cc1,4,4-6,0.0,0.0
46366,CC(C)(C)OC(=O)Nc1nc2c(-c3cccc([N+](=O)[O-])c3)cc(Cn3ccnc3)cc2s1,8,7-9,0.0,0.0
46367,O=[N+]([O-])c1ccc(Cl)nc1NC1CCOCC1,10,10,0.0,0.0
46368,C=Cc1cc(OC)c2ccn(-c3ccc(OC)c(F)c3)c2c1,9,7-9,0.0,0.0
46369,CN(CCN1CCC(=O)CC1)C(=O)OC(C)(C)C,8,7-9,0.0,0.019166666666666665
46370,O=C(Nc1ccc(F)nc1)N1CCN(c2ccnc(-c3cccc(F)c3F)n2)CC1,4,4-6,0.0,0.0
46371,CC(=O)CCn1cnc2c1c(=O)n(CC1CC1)c(=O)n2CC1CCCCC1,7,7-9,0.0,0.0
46374,COC(=O)c1cc(F)c(F)c(C#N)c1F,7,7-9,0.0,-0.016666666666666666
46375,CCNS(=O)(=O)c1c(Cl)ccc([N+](=O)[O-])c1Cl,10,10,0.0,0.0
46376,Nc1cccc2oc(-c3c(F)cccc3F)nc12,7,7-9,0.0,0.0
46378,CC(CNS(=O)(=O)C(C)C)Oc1ccc(-c2ccccc2F)cc1,9,7-9,0.0,0.0
46380,CCOC(=O)C(c1ccccc1)N1CCc2c(cnc3c2cnn3Cc2ccc(OC)cc2)C1,5,4-6,0.0,0.0
46381,COC(=O)C12CC3CC(CC(C(=O)NCC(=O)c4ccc([N+](=O)[O-])cc4)(C3)C1)C2,8,7-9,0.0,0.0
46382,CS(=O)(=O)c1ccc(CNc2cc(F)cc(C#N)c2)cc1,8,7-9,0.0,0.0
46383,COC(=O)c1ccc(NC2CCCCC2C)c(N)c1,2,2-3,0.0,0.0
46384,CCCNC(=O)c1ccc(NC(=O)N2Cc3ccc(CO)cc3C2)cc1,8,7-9,0.0,0.027500000000000004
46385,CCOC(=O)c1ccc(-c2ccc(CSCCOc3ccccc3)cc2)cc1,9,7-9,0.0,0.11369047619047619
46386,Cc1nccn1CCOS(C)(=O)=O,1,1,0.0,0.0
46387,Cn1c(C(F)(F)F)nc2cnccc21,9,7-9,-0.45,-0.225
46388,CCCCCc1sc(C(=O)O)nc1-c1ccccc1,8,7-9,0.0,0.0
46389,COc1ccc(CCN2CCC[C@H]2C)c(F)c1,10,10,0.0,-0.03916666666666666
46390,O=C(N[C@@H](Cc1ccccc1C(F)(F)F)CN1C(=O)c2ccccc2C1=O)c1ccc(Br)cn1,9,7-9,0.0,0.024999999999999994
46391,C[C@H](NC(=O)Cc1cc(F)cc(F)c1)C(=O)NC1C(=O)NC(c2ccccc2)c2ccccc21,3,2-3,0.0,0.0
46392,Fc1ccc2c(c1)CCC2Nc1ccc2cc(Nc3cccc(C(F)(F)F)n3)ccc2n1,8,7-9,0.0,0.0
46393,COC(=O)c1cc(Nc2ccc(Cl)nn2)ccc1Cl,6,4-6,0.05,0.025
46394,CC(C)c1nnc2ccc(-c3sc(N4CCCCC4)nc3-c3ccc(F)cc3F)nn12,9,7-9,-0.5,-0.3833333333333334
46395,CCOC(=O)C(NC(=O)c1ccc(C)cn1)C(=O)OCC,5,4-6,0.0,0.0
46396,CC(=O)c1cccc(OC(CCCCCN2CCC(c3cccc(NC(=O)C(C)C)c3)CC2)c2ccccc2)c1,8,7-9,0.0,0.03833333333333333
46398,CC(C)(C)OC(=O)N1CC[C@@H](N)[C@@H](C(=O)N2CCC[C@@H](Cc3ccc(F)cc3)C2)C1,10,10,0.95,0.475
46399,CCCCCC(O)/C=C/c1scnc1CCCCCCC(=O)OC,8,7-9,0.05,0.025
46400,NC(=O)Nc1cccc(OCCN(CCCCC(=O)NC2CCCCCC2)Cc2ccccc2)c1,10,10,0.0,-0.026666666666666665
46401,CC(C)(C)[Si](C)(C)OCCNCc1cc(-c2ccc(C(F)(F)F)cc2)ccc1[N+](=O)[O-],10,10,0.0,0.02107142857142858
46402,O=C(O)COc1ccc(Br)cc1C=C1SC(=Nc2ccc(Cl)cc2)NC1=O,10,10,0.0,0.0
46403,Nc1ccc(N2CCOCC2=O)cc1,10,10,0.0,0.0
46404,CC(C)(C)OC(=O)N1CCN(Cc2ccc(C(=O)Nc3ccc(Cl)c(-c4ccccn4)c3)cc2)C(=O)C1,6,4-6,0.0,0.0
46405,CCN1C(=O)C(F)(F)CN(C2CCCC2)c2nc(Nc3ccc(C(=O)O)cc3OC)ncc21,8,7-9,0.0,0.0
46406,O=C(O)CNC(=O)CCC(F)(C(F)(F)F)C(F)(F)F,9,7-9,0.0,-0.005000000000000003
46407,COC(=O)CCNC(=O)c1ccc(C2C(C(=O)c3ccc(OC(F)(F)F)cc3)C2c2ccc(C3CCCCC3)cc2)cc1,6,4-6,0.0,0.0
46408,CN(C)C(=O)c1c(-c2ccccc2)c(-c2ccccc2)n[nH]c1=O,9,7-9,0.0,0.0
46409,COC(=O)c1cc([N+](=O)[O-])ccc1OCc1ccc(C(C)C)cc1,6,4-6,0.0,0.0
46410,CC(C)Oc1ccc2c(c1)N(CCCCl)c1cccc(S(=O)(=O)N(C)C)c1S2,4,4-6,0.0,0.0
46411,[N-]=[N+]=NC[C@H]1O[C@@H](n2cc(/C=C/Br)c(=O)[nH]c2=O)C[C@@H]1Cl,7,7-9,0.0,-0.04464285714285715
46412,O=C(Nc1cccc(Oc2ccc3nc(NC(=O)C4CC4)cn3n2)c1)c1cccc(C(F)(F)F)c1,7,7-9,0.0,0.0
46413,Cc1cc(C)c(NC(=O)CN2CCN(C(c3ccccc3)c3ccc(Cl)cc3)CC2)c(C)c1,7,7-9,0.0,0.0
46415,COc1ccc(-c2nc(N)nc3ccc(Br)cc23)cc1OC,9,7-9,0.3,0.18333333333333332
46416,Cc1ncc(C(=O)Nc2cc3c(cn2)C(C)(C)C(=O)N3C2CC2)cn1,3,2-3,0.0,0.0
46418,CC(C)n1c(C=O)c(-c2ccc(F)cc2)c(-c2ccccc2)c1C(=O)NCc1ccc(F)cc1,8,7-9,0.0,0.0
46419,Nc1ccc(Cl)cc1C(=O)C1CCCCC1,10,10,0.0,0.0
46421,CCCN(CCOc1ccc([N+](=O)[O-])c(C)n1)C(=O)OC(C)(C)C,7,7-9,0.0,0.0
46422,CN(C(=O)OC(C)(C)C)[C@H](Cc1ccc(O)cc1)C(=O)Nc1cc2c3c(c(-c4ccccc4)[nH]c3c1)C=NNC2=O,10,10,0.0,0.0
46423,CC1CCCN(c2ccc([N+](=O)[O-])cc2C(=O)c2ccc(Cl)cc2)C1,2,2-3,0.0,0.0
46424,c1cc(COc2ccc(OCc3ccc4ccccc4n3)cc2)cc(OCc2nnn[nH]2)c1,8,7-9,0.0,0.0
46425,CC1(C)O/C(=C2/C(=O)Nc3cc(Sc4ccccc4C(=O)O)ccc32)C=C1N1CCOCC1,7,7-9,0.0,0.0
46428,COCCCOc1cc(C(=O)CC(C)C)ccc1OC,10,10,0.0,0.0
46429,Cc1ccc(C(=O)N[C@H](C)c2ccccc2)cc1Br,7,7-9,0.0,0.0
46430,Cc1ccc(C(=O)N2C[C@H]3C[C@H]3[C@H]2CNC(=O)C(F)(F)F)c(Br)c1,9,7-9,0.0,0.0
46431,COc1c(NC(=O)c2cc3cccc(CN4CCN(C(=O)CN5CCN(C(=O)OC(C)(C)C)CC5)CC4)c3n2C)cc(C(C)(C)C)cc1NS(C)(=O)=O,10,10,1.0,0.6583333333333332
46432,COc1cc2c(Oc3cc(C)c(C)nc3-c3cccc(C)n3)ccnc2cc1OCCCl,9,7-9,0.0,0.0
46433,COc1cccc(Nc2ccnc3[nH]c(=O)c4cc(OC)c(OC)cc4c23)c1,8,7-9,0.0,0.0
46434,O=C(CCC(F)(F)F)CCC(F)(F)F,5,4-6,0.0,0.0
46435,O=C(O)c1nc(-c2ccc(Cl)cc2)n(-c2ccc(Cl)cc2Cl)n1,10,10,0.0,0.0
46436,[O-][n+]1cc(C(F)(F)F)ccc1Cl,8,7-9,-0.25,-0.125
46437,CCc1oc2ccccc2c1C(=O)c1cc(Br)c(OC)c(Br)c1,8,7-9,0.0,-0.10416666666666667
46438,CCOC(=O)c1cnc(N)c2c(COc3cccc(NS(=O)(=O)c4ccc(Cl)cc4)c3)csc12,2,2-3,0.0,0.0
46439,CC(C)(C)OC(=O)N1CCC[C@H](NC(=O)C23CC4CC(C2)C(O)C(C4)C3)C1,10,10,0.0,0.0
46440,CCOC(=O)N1CCN(c2ccccc2C2CCC(C(C)(C)C)CC2)CC1,9,7-9,0.0,0.0
46441,CC(C)(C)OC(=O)CNCc1ccccc1,6,4-6,0.0,-0.0024999999999999996
46442,CC(C)(C)[Si](C)(C)Oc1cc(Br)cc(C=O)c1,10,10,0.0,0.0
46443,CCC[C@@H](NC(=O)N1CC(=NOCC)NC[C@@H](Cc2cc(Cl)ccc2OC)C1=O)c1ccc(C(=O)O)c(N)c1,8,7-9,0.0,0.0
46444,COc1c(N2CCOCC2)c(F)cc2c(=O)c(C(=O)O)cn(C3CC3)c12,9,7-9,0.0,0.0
46445,Nc1nc2ccccc2c2c1ncn2CCCCNC(=O)c1cccc2cccnc12,7,7-9,0.0,0.0
46446,COc1cc2c(cc1Cl)CNC2,9,7-9,-0.1,-0.050000000000000024
46447,CC(N)c1nc2cnccn2c1-c1ccccn1,9,7-9,0.0,0.1583333333333333
46449,O=C(c1ccc2[nH]c3ccccc3c2c1)N1CCCCC1,10,10,0.0,0.0
46452,Cc1cnc(NC(=O)c2cc(Oc3ncc(C(=O)N4CCC4)cc3Cl)cc(O[C@@H](C)CO[Si](C)(C)C(C)(C)C)c2)cn1,6,4-6,-0.15,-0.075
46453,COc1ccc(-c2oc3c(CO)cc(OC)cc3c2-c2ccccc2)cc1,8,7-9,0.0,0.0
46454,O=C(O)CNC(=O)C(=NO)c1cccs1,10,10,0.0,0.024999999999999994
46455,CC(C)(C#N)c1cc(-c2ccncc2)c(-c2ccc(Cl)c(O)c2)o1,9,7-9,0.0,0.0
46456,NNc1cc(Nc2ccc(F)c(C(F)(F)F)c2)nc(Cl)n1,6,4-6,-0.35,-0.175
46457,O=C(CCl)Nc1cc(O)c2c(c1)C(=O)c1cccc(O)c1C2=O,10,10,0.0,0.0
46458,CCc1ccc2c(c1)N(CC1CNCCO1)c1ccccc1CC2,7,7-9,0.0,0.0
46459,O=Cc1cccc(OCCN2CCCC2)c1,8,7-9,0.0,0.0
46460,OCc1cccc(-c2nn3c(c2-c2ccnc4ccccc24)CCC3)n1,9,7-9,0.0,0.0
46461,Cc1cnccc1-c1ccc2nc(NC(=O)c3ccc(C(C)(C)CO)cc3)sc2n1,9,7-9,0.0,0.0
46463,CCOC(=O)c1c(C)n(C2CC2)c2c(OC)c(F)c(F)c(N)c2c1=O,8,7-9,0.0,0.0
46464,N#Cc1cc(F)cnc1-c1ccc(F)cc1,9,7-9,0.0,0.0
46465,CCCCC(F)(F)C(O)CC[C@@H]1[C@H]2CC(=O)O[C@H]2C[C@H]1OC1CCCCO1,10,10,0.0,0.0
46466,CC1Cc2c(N3CC[C@H](NC(=O)OC(C)(C)C)C3)ccc(F)c2O1,10,10,0.0,0.03749999999999999
46467,C[C@@H](C(F)F)[C@H]1COC(=O)N1c1ccnc(F)n1,6,4-6,0.0,0.0
46468,CC(C)(C)[Si](C)(C)Oc1ccc(N)c(NC(=O)OCC2CCN(c3ccncc3)CC2)c1,10,10,0.0,0.0
46469,Cc1ccc(S(=O)(=O)O[C@H]2CN(C(=O)OC(C)(C)C)C[C@@H]2N=[N+]=[N-])cc1,8,7-9,0.0,0.0
46470,CCN(C(=O)CN(C)S(C)(=O)=O)c1cn(-c2cccnc2)nc1Cl,7,7-9,0.0,0.0
46472,COc1cc(N)ccc1-c1cn2ncccc2n1,10,10,0.0,0.09833333333333329
46473,Nc1nc(C(=O)N2[C@H](CNC(=O)c3cccc4ncccc34)C[C@@H]3C[C@@H]32)c(-c2cccc(F)c2)s1,6,4-6,0.0,0.0
46474,CNS(=O)(=O)c1nn2c(-c3ccc(Cl)cc3)c(-c3ccccc3Cl)cnc2c1C(=O)O,8,7-9,0.0,0.0
46475,COc1ncc(C2(c3cccc(-c4cncnc4)c3)N=C(N)c3c(F)cccc32)cc1C(F)(F)F,7,7-9,0.0,0.0
46477,Nc1nc2ccccc2c2c1nc(O)n2Cc1cccnc1,8,7-9,0.0,0.0
46479,O=C(Nc1ccc(Oc2ccc3c(c2)CCN3CC(=O)N2CCN(Cc3ccc4c(c3)OCO4)CC2)nc1)c1ccc(Cl)c(Cl)c1,7,7-9,0.0,-0.08333333333333329
46480,O=C(Nc1cccnn1)C1CCN(c2cccs2)CC1,7,7-9,0.0,0.0
46481,CC(C)(C)[Si](C)(C)OC[C@H](Oc1ccc(Cl)cn1)[C@H]1CNC[C@@H]1c1ccc(Cl)c(Cl)c1,8,7-9,0.0,0.0
46483,COc1ccc(-n2c(-c3ccc(C(=O)NC(C)c4ccccc4)cc3)nc3ccccc32)cc1,7,7-9,0.0,0.0
46484,CN(C(=O)c1ccc(N2CCOCC2)cc1)[C@@H]1CCN(C(=O)C2CCN(S(C)(=O)=O)CC2)C[C@H]1c1ccc(Cl)c(Cl)c1,9,7-9,0.0,0.0
46485,CC(C)C[C@H]1CN(C(=O)[C@@H]2C[C@H]2c2ccc(F)cc2F)[C@@H](CC(C)C)C(=O)N1,10,10,0.0,0.0
46486,CN(C)C(=O)c1cccnc1C(=O)c1cccc(C(F)(F)F)c1,7,7-9,0.0,0.0
46487,Cc1cc(N)cc(C#N)c1Oc1ccc(O)c(C(C)C)c1,9,7-9,0.0,0.0
46488,CC(C)(C)c1ccc(C=CC(=O)NCc2ccc(NS(C)(=O)=O)c(F)c2)cn1,3,2-3,0.0,0.0
46489,Ic1ccccc1OC1CCCCO1,10,10,0.0,0.0
46490,COc1ccc(Cn2cnc(C(F)(F)F)c(Oc3cc(O)cc(C#N)c3)c2=O)cc1,10,10,0.0,0.0
46491,COc1ccc(C(=O)c2ccc(Br)cn2)cc1,9,7-9,0.0,0.0
46492,COC(=O)[C@H](OCc1ccccc1)[C@H](CC1CCCCC1)NC(=O)OC(C)(C)C,6,4-6,0.0,0.0
46493,CN(c1ccnc(NCC(c2cccnc2)N(C)C)n1)c1ccnc(-c2ccccc2)n1,10,10,0.0,0.0
46494,CCOC(=O)c1nn(-c2ccccc2)c2c1CSc1ccc(C(=O)O)cc1-2,10,10,0.0,0.048333333333333305
46495,COC(=O)Cc1cccc(OCCCCl)c1,9,7-9,0.0,0.0
46496,OCCCCNCc1ccccc1,9,7-9,0.0,0.0
46498,COc1ccc(CCC2CC=C(CCC=C(C)C)CC2)cc1,9,7-9,0.0,-0.013888888888888895
46499,O=[N+]([O-])CCc1ccc2c(c1)c1cc(Cl)cnc1n2S(=O)(=O)c1ccccc1,9,7-9,0.0,0.11666666666666665
46500,CNC(=O)C(c1ccccc1)N1CCCC(Nc2ccc3[nH]ncc3c2)C1,8,7-9,0.0,0.0
46501,O=C(Nc1cccc(C(F)(F)F)n1)c1ccc2ncc(-c3cccc(Cl)c3)n2n1,7,7-9,0.0,0.0
46502,CCOC(=O)Cc1ccc(OC)c(Oc2ccc(C(F)(F)F)cc2CNCc2ccccc2)c1,4,4-6,0.65,0.325
46503,CS(=O)(=O)N1CCC(Oc2ccc(C(=O)O)c(O)c2)CC1,7,7-9,0.0,0.0
46505,Nc1ccc(Cl)c(C(=O)O)c1Cl,8,7-9,0.0,0.0
46506,CCOc1nc(C)c(C(=O)O)c2c1nnn2CC,8,7-9,0.0,0.0
46507,CCc1cc(Br)ccc1NC(=O)Nc1cc(C)ccc1F,10,10,-1.0,-0.5
46508,Cc1cc(C)cc([C@H](O)CBr)c1,8,7-9,0.0,0.0
46509,OCc1n[nH]c2c1nc(-c1ccccc1)c1ccccc12,7,7-9,0.0,0.0
46510,CCOC(=O)c1cc2ccc(CC(=O)NNC(=O)c3ccc(OC)cc3)cc2s1,6,4-6,0.0,0.0
46511,COc1ccc(CN(C(=O)C2CCCc3ccc(OC)cc32)c2ccc(OC)cc2)cc1,8,7-9,0.0,0.0
46512,NC1=N[C@@]2(CCO1)c1cc(N)ccc1Oc1c2cc(C2=CCCOC2)nc1F,1,1,0.0,0.0
46514,COC(=O)C1C=CCN2C(=O)C(C)(CCOS(C)(=O)=O)C(=O)N12,2,2-3,0.0,0.0
46516,CCN(CC)CCn1nc2c3c(c(N)ccc31)Sc1cc(O)ccc1-2,10,10,0.0,0.0
46518,O=C(Cc1c(Cl)cccc1Cl)NC[C@H]1O[C@@H](n2cc(CCCl)c(=O)[nH]c2=O)C[C@@H]1O,10,10,0.0,0.0
46519,Fc1ccc(C(F)(F)F)c(CNc2cccc(-c3c(Cc4ccccc4)cnc4c(C(F)(F)F)cccc34)c2)c1,6,4-6,0.0,0.0
46520,COc1ccc(S(=O)(=O)Nc2cccc3c2Nc2ccccc2CN3C(C)=O)cc1,9,7-9,0.0,0.0
46521,CC(C)(C)[C@H]1N(c2ccc(C#N)c3ccccc23)C(=O)[C@@H]2C[C@@H](O)CN21,9,7-9,0.0,0.016289682539682535
46522,Nc1ccc(-c2csc(C3CCCCC3)n2)cc1,9,7-9,0.0,0.0
46523,CCN(CCOCc1ccc(C(=O)c2ccccc2)cc1)c1ccccc1,10,10,0.0,0.0
46524,O=C(CCCc1ccccc1)NCc1ccccc1,7,7-9,0.0,0.0
46525,CN(c1ccc(C(F)(F)F)cc1)S(=O)(=O)c1ccc(C(=O)Nc2nc(-c3ccccn3)cs2)cc1,3,2-3,0.0,0.0
46526,CCOC(=O)c1cc(-c2ncc(F)c3c(C(=O)C(=O)N4CCN(c5nnnn5-c5ccccc5)CC4)c[nH]c23)n[nH]1,7,7-9,0.0,0.009523809523809523
46527,Clc1ccc(Nc2nc(Cl)nc(Nc3ccccc3)n2)cc1,2,2-3,-0.05,-0.025
46528,COc1cc(Oc2nc(-c3ccc[n+]([O-])c3)nn3c(C(C)C)nc(C)c23)cc(OC)c1OC,4,4-6,0.0,0.0
46529,CNC[C@@H]1CN(C(=O)OC(C)(C)C)C[C@H]1CN(C(=O)c1ccc(OC)c(OCCCOC)c1)C(C)C,10,10,0.0,0.0
46531,CCCCCCCCOc1ccc(-c2ncc(OCCCCCCCCC3CC3)cn2)cn1,7,7-9,0.0,0.0
46532,CN1CCN(S(=O)(=O)CCCOc2ccc3c(c2)N=C(NC(=O)c2cccnc2)N2CCN=C32)CC1,7,7-9,0.0,0.0
46535,Cc1cnc(C(O)CCl)s1,8,7-9,0.0,0.0
46536,OCc1cc2ccccc2s1,8,7-9,-0.05,-0.025
46537,COc1ccc2c(c1)CCN2CCCn1cc(N)cn1,3,2-3,0.0,0.0
46538,CCCc1cccc2c1CCC2=O,10,10,-0.35,-0.2333333333333334
46539,C/C=C/C1=CN2C(=O)c3cc(OC)c(OCCCOc4cc5c(cc4OC)C(=O)N4C=C(/C=C/CNC(=O)[C@H](C)NC(=O)[C@@H](NC(=O)CCOCCOCCOCCOCCNC(=O)CI)C(C)C)C[C@H]4C=N5)cc3N=C[C@@H]2C1,8,7-9,-1.0,-0.5083333333333334
46540,COc1cc(S(=O)(=O)N2CCC3(CC2)CN(C2CC2)C(=O)CO3)ccc1Br,10,10,0.0,0.0
46541,N#Cc1ccc(COc2cc(Cl)ccc2-c2nc3cc(F)c(F)cc3n2CC2CCCCC2)cc1F,9,7-9,0.0,0.0
46542,COC(=O)C1CCCC(C=O)C1,9,7-9,-0.15,-0.075
46543,CC(C)COC(=O)N(C)[C@H]1CC[C@H](OCCCCBr)CC1,8,7-9,0.0,0.0
46544,CC(C)(C)SSC[C@@H](NC(=O)[C@@H](N)Cc1c[nH]c2ccccc12)C(=O)O,8,7-9,0.15,0.075
46546,O=S([O-])([O-])=[SH]Cc1ccc(O)cc1,10,10,0.0,0.10833333333333335
46547,Cc1ccc(C23CC2CN(C)C3)cc1,9,7-9,0.0,0.0
46548,O=Cc1ccc(-c2ccc(C(=O)NCCCO)cc2)s1,10,10,0.0,0.0
46549,CCCOc1ccc2c(C(=O)NCc3ccc(F)c(F)c3)c(C(C)C)n(Cc3ncco3)c2c1,7,7-9,0.0,0.0
46550,CCOC(=O)c1cc2ccccc2n1Cc1ccc([N+](=O)[O-])cc1,7,7-9,0.0,0.0
46552,CN(C)c1nc(NCc2ccc(NC(=O)c3ccc(F)cc3)cc2)c2ccc(/C=C/C(C)(C)C)cc2n1,8,7-9,0.0,0.0
46555,Cc1ccc(Oc2cccc(CN[C@H]3CCCc4ccccc43)c2)cc1,1,1,0.0,0.0
46556,CCCN(CCC)c1ccc(N)cn1,8,7-9,0.0,0.0
46558,c1ccc(CC2c3ccccc3Sc3ccccc32)cc1,9,7-9,0.0,0.0
46559,Nc1ccn[nH]1,9,7-9,0.0,0.0
46560,C#CC1(O)CCN(C(=O)OC(C)(C)C)CC1,10,10,0.0,0.0
46561,COc1ccc2[nH]nc(C=O)c2c1,9,7-9,0.0,0.0
46562,CCOC(=O)Cn1ncc(N[C@@H]2C[C@@H]3C[C@H]([C@H]2C)C3(C)C)c(Br)c1=O,9,7-9,0.0,0.0
46563,CCOC(=O)C(C)(C)Cn1ncc2cc(-c3noc(-c4cnc(OC(C)C)c(Cl)c4)n3)ccc21,7,7-9,0.0,0.0
46564,CCC(C)(C)NS(=O)(=O)c1ccc(-c2sc(C(=O)O)nc2C(=O)N2CCC(C)CC2)c(Cl)c1C,8,7-9,0.0,0.0
46565,COc1cc(C)c(S(=O)(=O)N[C@H](CN2C(=O)c3ccccc3C2=O)C(=O)OC(C)(C)C)c(C)c1,8,7-9,0.0,0.0
46566,COc1cc2c(cc1Cl)CCN(C(=O)c1ccc(OCCN(C)C)cc1)CC2c1cccc2c1OCC2,10,10,0.0,0.0
46567,CC(C)Oc1ccc(C#Cc2ccccc2)cc1C(=O)NC(C)(CO)Cc1c[nH]c2ccccc12,9,7-9,0.0,0.019444444444444448
46569,CN1CCN(C(c2ccccc2)c2ccccc2)CC1,8,7-9,0.0,0.0
46570,CCCc1ccc(C#Cc2ccc3c(F)c(OC(F)(F)F)ccc3c2)cc1,10,10,-0.3,-0.15
46571,COc1cc2nccc(Cc3ccc4cc(Br)ccc4c3)c2cc1OC,9,7-9,0.0,0.0
46573,O=Cc1cccc(CCCO)c1,10,10,0.0,0.0
46574,COCOc1ccc(Cc2c(C)cc(CBr)cc2C)cc1Cc1ccc(F)cc1,10,10,0.0,0.0
46575,O=C(O)[C@@H]1CC(O)(Cc2ccncc2)CN1,6,4-6,0.0,0.0
46576,CNC(=O)c1cc(Oc2cccc(I)c2)ccn1,9,7-9,0.0,0.0
46578,CN(C)c1ccc(C(=O)N2C3CCC2CC(O)C3)cc1,8,7-9,0.0,0.0
46579,CC1(N2CCC(N3C(=O)N[C@H]4CCCC[C@@H]43)CC2)CCN(C(=O)OCCF)C1,10,10,0.0,0.0
46580,COc1cccc(C(=O)Nc2cc(Cl)ccc2-c2nnn[nH]2)c1,9,7-9,0.05,0.025
46581,COc1ccc(CN2CCc3nn(C)c4nc(SC)nc2c34)cc1,8,7-9,0.0,0.0
46582,O=C(O)c1c[nH]c(-c2ccc(Cl)cc2F)n1,10,10,-0.05,-0.025
46583,CC(C)(C)OC(=O)C1CC(S(C)(=O)=O)C(c2ccccc2F)N1C(=O)CNC(=O)Nc1cccc(C(=O)O)c1,7,7-9,0.0,0.0
46587,CNC1CCN(c2cnc(C(=O)Nc3cc(CCc4cc(OC)cc(OC)c4)n[nH]3)cn2)C1,10,10,0.0,0.0
46588,CCCCCCCCCN1C(=O)C(=O)c2cccc(-c3ccccc3)c21,8,7-9,0.0,0.0
46589,CC(C)(C)NS(=O)(=O)c1cccc(-c2cc(-c3nc(-c4ccc(C(F)(F)F)nc4)cc(C(F)(F)F)n3)ccn2)c1,9,7-9,-0.4,-0.2
46591,Cn1c(=O)c2c(ncn2Cc2ccc(C(=O)c3ccccc3Cl)cc2)n(C)c1=O,7,7-9,0.0,0.0
46592,O=C(O)C(SC1CCCC1)c1ccc(Cl)c(Cl)c1,10,10,0.0,0.0
46593,CC(C)(C)OC(=O)N1CCN(C(=O)c2ccc(C(=O)O)cc2)CC1,10,10,0.0,0.0
46594,COC(=O)c1cc(C2CCN(C(=O)OC(C)(C)C)CC2)ccc1F,5,4-6,0.0,0.0
46595,CCCCCCCCS(=O)(=O)OC[C@@](C)(O)C(=O)[C@H](Cc1ccccc1)NC(=O)[C@H](COC)NC(=O)[C@H](COC)NC(=O)c1cnc(C)s1,9,7-9,0.0,0.0
46596,CC1CC(c2ccc3ccccc3c2)=CCN1C(=O)Oc1ccccc1,9,7-9,0.0,0.0
46597,CN(C)C(C(=O)O)c1cccc(Br)c1,10,10,0.25,0.125
46598,OCCC1=CCc2ccccc21,8,7-9,0.0,0.0
46599,CC(=O)NCC1OC(=O)N2c3ccc(-c4ccccc4)cc3CC12,10,10,1.0,0.6666666666666665
46600,O=C1C(O)CC(c2c(F)cccc2OCCF)N1Cc1ccc(OC(F)(F)F)cc1,8,7-9,0.0,0.0
46601,CC(C)(C)OC(=O)N1CCC(COCc2ccccc2)CC1,9,7-9,0.0,0.0
46602,CCOC(=O)c1cnc2c(cnn2CC)c1OCC,7,7-9,0.3,0.15
46603,CC(C)(C)OC(=O)N1CCC(COc2ccc(-c3ccc(S(C)(=O)=O)cc3)nn2)CC1,8,7-9,-0.05,-0.025
46604,C=CCN(CCOc1cccc2ncnc(Nc3ccc(OCc4ccccn4)c(Cl)c3)c12)C(C)=O,8,7-9,0.0,0.0
46605,CCCc1c(OCCOCCOCCOc2c(C(C)=O)ccc(OCCCC(=O)OCC)c2CCC)ccc(C(C)=O)c1O,10,10,0.0,0.011011904761904756
46606,CC1(C)C(=O)N(c2ccc(SC(F)(F)F)cc2)C(=O)N1Cc1ccnc(NC(=O)Oc2ccccc2)n1,3,2-3,0.0,0.0
46608,CC(C)(C)CNc1cc(Cl)nc(NC(C)(C)C)n1,7,7-9,0.0,0.0
46609,Nc1cc(Oc2ccc(NC(=O)Nc3cc(CN4CCC4)cc(C(F)(F)F)c3)cc2)ncn1,5,4-6,0.0,0.0
46610,CN(C)c1cc(S(=O)(=O)c2ccccc2)cc(Br)n1,8,7-9,0.0,0.0
46611,CCOC(=O)C[C@H](NC(=O)c1ccc(-c2cccc(F)c2)cc1NC(=O)Nc1c(C)cc(C)cc1C)C(=O)O,9,7-9,0.0,0.0
46612,CCOC(=O)CCCCC(/C=C/c1ccccc1OCc1ccc(C(C)(C)C)cc1)Cc1ccc(C#N)cc1,10,10,0.0,0.0
46613,NCc1cccc(CN2CCC3(CC2)C(NC2CCCCC2)=NC(=O)N3c2cccc(F)c2)c1,5,4-6,0.0,0.0
46615,COc1cc(O)c2c(c1C(=O)NCc1ccc(C#N)c3ccccc13)OC1=CC(O)=C(C(C)=O)C(=O)[C@]12C,1,1,0.0,0.0
46617,Cc1c(Nc2ccccc2)cn2ncc(C#N)c(Nc3ccc(Oc4ccccc4)cc3)c12,7,7-9,-0.1,-0.05
46618,COc1ccc(OC(F)(F)F)c(B2OC(C)(C)C(C)(C)O2)c1,9,7-9,0.0,0.017499999999999995
46619,CCOC(=O)N=C(CC(C)C)OCC,8,7-9,0.0,0.0
46620,O=C1CN(C(=O)c2cc(-c3cc(Br)cc(OC(F)(F)F)c3)n(-c3ccnc(C(F)(F)F)c3)n2)CCN1,6,4-6,0.0,0.0
46621,C=CCN(CCC(=O)O)C(=O)OC(C)(C)C,9,7-9,0.6,0.30833333333333335
46622,CC1(C)COC(c2ccc(OCCCC3CCNCC3)cc2)=N1,9,7-9,0.0,0.0
46623,C[C@H](Cc1ccc(S(=O)(=O)c2ccc(Oc3ccccc3)cc2C=O)cc1)NC(=O)C(F)(F)F,10,10,0.65,0.325
46625,Nc1ccc(C#Cc2cnc3c(C4CC4)cc(-c4ccc(Cl)cc4)cn23)cn1,6,4-6,0.0,0.0
46626,C=CC(=O)NCCN(C)c1cccc(Nc2cc(-c3cc(F)cc(-n4ncc5c6c(sc5c4=O)CCCC6)c3COC(C)=O)cn(C)c2=O)n1,9,7-9,0.25,0.28750000000000003
46627,Nc1cnc(-c2ccccn2)nc1O,6,4-6,0.0,0.0
46628,COc1cc(CO)cc2c1OCO2,8,7-9,0.0,0.0
46629,CC(=O)N[C@H]1C=C[C@@H](CO)C1,9,7-9,0.0,0.0
46630,NC1=NS(=O)(=O)c2cccc(O)c21,10,10,0.0,0.0
46632,O=[N+]([O-])c1ccc(OCc2cccc(F)c2)c(Cl)c1,10,10,0.0,0.0
46633,COC(=O)CCCCCNC(=O)C=C1c2ccccc2Oc2ccccc21,8,7-9,0.0,0.0
46634,c1ccc(CNCCOc2cccc(-c3noc4ccsc34)c2)cc1,10,10,0.0,0.0
46635,CCCCCCC/C=C/C(=O)N1CCN(c2ccc(OCC(=O)OCC)cc2)CC1,3,2-3,0.0,0.0
46637,CCn1cnc(/C=C/c2cn(-c3ccccc3)nc2OCc2ccc(OCc3nc(-c4ccc(CC(=O)O)cc4)oc3C)c(OC)c2)c1,10,10,0.0,0.0
46638,CC(C)(C)OC(=O)n1c2ccccc2c2cc(Br)ccc21,10,10,0.0,0.0
46639,O=C(O)C1(c2cccc(Br)c2)CCCC1,10,10,0.0,0.03166666666666666
46640,COc1cc(CCC(C)NCc2ccc(C(F)(F)F)cc2)ccc1O,10,10,0.0,0.0
46641,Cc1c(C)c2c(c(C)c1OC(=O)C(C)C)C(=O)C(C)(C)O2,6,4-6,0.0,0.0
46642,Cc1ccc(C(=O)Nc2cc(Sc3ccc(Cl)cc3)c([N+](=O)[O-])cc2NC(=O)c2ccc(C)cc2)cc1,10,10,0.05,0.016666666666666663
46643,Cc1cc(C#N)ccc1-c1cnn(-c2ccc(C(=O)N3CCN(C4CC4)[C@@H](C)C3)cn2)c1O,3,2-3,0.0,0.0
46644,CC(O)c1cc(Cl)ncn1,9,7-9,0.0,0.0
46645,Nc1cc(Br)ccc1O,10,10,0.0,0.0
46646,O=C(O)c1cc(C2CC2)c(OCC2CCN(C(c3ccc(F)c(Cl)c3)C(F)(F)F)CC2)cc1F,7,7-9,0.0,0.0
46647,OCCOCc1c(Cl)cccc1Cl,10,10,0.0,0.0
46649,CCc1nc2ccccc2n1-c1nc(N2CCOCC2)c2nc(C(=O)N3CCN(C4COC4)CC3(C)C)sc2n1,7,7-9,0.0,0.0
46650,COc1ccc(CCNC(=O)C(F)(F)F)cc1OC,8,7-9,0.0,0.0
46651,CCOC(=O)CCCN1CCc2nn(-c3nnc(-c4ccc(OC(C)C)c(C#N)c4)s3)cc2C1,10,10,0.0,0.0
46652,Nc1ncc(-c2cn[nH]c2)cc1OC1CCCCc2ccc(F)cc21,10,10,0.0,0.0
46654,Cc1c(-c2ccnn2-c2ccc(C#N)cc2)c(=O)n(CC(=O)O)c(=O)n1-c1cccc(C(F)(F)F)c1,6,4-6,0.0,0.0
46655,CCOC(=O)c1cc(CCC2C(C)CCCC2(C)C)[nH]n1,9,7-9,0.0,0.0
46656,CCc1c(NC2CC2)c([N+](=O)[O-])cc(F)c1N1CCN(C)CC1,10,10,-0.4,-0.32500000000000007
46657,CCCCc1ncc(CC(=O)NCC(=O)OC)n1Cc1ccccc1Cl,5,4-6,0.0,0.0
46659,O=C1Nc2ccc(F)cc2C1=CNc1ccc(OCCCN2CCCCC2)cc1,7,7-9,0.0,0.0
46660,Clc1cccc(NCCBr)c1,10,10,0.0,0.0
46661,C#CCOc1ccc(C(=O)NC(C)(C)C(C)C)cc1OC,10,10,0.0,0.0
46662,Cc1c2n(c3c(-c4ccc(Cl)c(Cl)c4)cc(F)cc13)CCNC2=O,8,7-9,0.0,0.0
46663,CCN(CC)CC1CC1C(O)c1ccc(-n2ccnc2)cc1,8,7-9,0.0,0.0
46665,CCCc1c(C(=O)NCc2ccc3cc(OCC(=O)O)ccc3c2)cnn1-c1ccccc1,10,10,0.0,0.0
46666,COc1ccc(F)c(-c2ccc(OCc3cccc(C(CC(=O)O)C4CC4)c3)cc2C2CCOCC2)c1,8,7-9,0.0,0.0
46668,O=C(CBr)Nc1ccccc1Br,8,7-9,0.0,0.0
46671,COc1ccc(C(O)(c2ccc(Cl)cc2)c2ccc3nc(OC(C)(C)C)cc(/C=C/c4ccccc4)c3c2)cc1,10,10,0.0,0.0
46673,CCCS(=O)(=O)Nc1ccc(F)c(C(=O)Nc2cnc3[nH]ncc3c2)c1F,7,7-9,0.0,0.0
46674,Nc1ccc(-c2cn(-c3nc(-c4ccc(F)cc4)cc(C(F)(F)F)n3)cn2)cn1,9,7-9,0.0,0.0
46678,CC(=O)Nc1nc2c(Oc3cc(-c4ccc(C(F)(F)F)cc4)nc(-c4ccncc4)n3)cccc2s1,6,4-6,0.0,0.0
46679,C=C(C)COc1ccccc1C,6,4-6,0.0,0.0
46681,COC(=O)c1cc(F)c(OCC(C2CCCCC2)n2c(-c3ccc(Cl)cc3)nc3cc(F)c(F)cc32)c(F)c1,8,7-9,0.0,0.0
46682,O=C(/C=C/c1ccccc1SC1CCCCC1)NC1CCCCC1O,1,1,0.0,0.0
46683,Cc1cccc(C(=O)Nc2ccc(N3CCNCC3)nc2)c1-c1ccc(C(C)C)cc1,10,10,0.0,0.0
46684,NC[C@H]1CC[C@H](Nc2nc(-c3ccccn3)cs2)CC1,9,7-9,0.0,0.0
46685,C[Si](C)(C)CCOCn1cc(C#N)c(=O)c2cc(N)c(NCCN3CCOCC3)cc21,8,7-9,0.0,0.0
46686,CSc1c(C)cc(Oc2ncc(F)cc2C(=O)NC2CCN(C(C)=O)CC2)cc1C,9,7-9,0.0,0.06916666666666664
46688,COc1ccc(OC)c(CNc2ccc3nc[nH]c(=O)c3c2)c1,9,7-9,0.0,0.0
46689,CCOC(=O)Cc1ccc(-c2nc(COc3ccc(COc4nn(-c5ccccc5)cc4/C=C/c4csc(COC(=O)c5ccccc5)n4)cc3OC)c(C)o2)cc1,8,7-9,0.0,0.0
46690,COc1ccc2ncc(=O)n(CC(NS(=O)(=O)c3ccccc3[N+](=O)[O-])[C@H]3CC[C@H](NCc4ccc5c(n4)NC(=O)CO5)CC3)c2c1,9,7-9,0.0,0.0
46691,CC(C)(O)c1cccn2c(-c3ccnc(NC4CCC(C(=O)O)CC4)n3)cnc12,10,10,-0.15,-0.075
46693,O=C1CCCN(C(=O)OCc2ccccc2)c2cc(Cl)ccc21,8,7-9,0.0,0.0
46694,CCCCc1nc2nccc(C)c2[nH]1,10,10,-0.1,-0.05
46695,N#CC(=CC1CC1)C(=O)N1CCC[C@@H]1Cn1nc(-c2ccc(Oc3cccc(F)c3F)cc2)c2c(N)ncnc21,5,4-6,0.0,0.0
46696,CC1(C)OB(c2ccc3oc(-c4ccc(C(F)(F)F)cc4)nc3c2)OC1(C)C,9,7-9,0.0,0.0
46697,N#Cc1ccc2c(c1)c(C#Cc1ccccc1)nn2C1CCCCO1,10,10,0.0,0.0
46698,Cc1nc(C#N)sc1-c1ccncc1,7,7-9,0.0,0.0
46700,C[C@H](NC(=O)OC(C)(C)C)[C@@H](O)CNS(=O)(=O)c1ccccn1,9,7-9,0.0,0.0
46701,CCOC(=O)c1cc(I)ccc1OCCC(C)C,9,7-9,0.0,0.0
46702,Cc1cncc(NCCNC(=O)/C=C/C(F)(F)F)n1,1,1,0.0,0.0
46703,C=CCOc1cc(Cl)nc(OCc2ccccc2)n1,6,4-6,0.0,0.0
46705,COc1nc(NCCc2ccc(Cl)cc2Cl)cc(-c2cccc(C(=O)OCCN3CCOCC3)c2)n1,7,7-9,0.0,0.0
46706,Cc1cc(N2CC3CN(C(=O)c4ccccc4-c4ccccc4)CC3C2)nc2ccccc12,9,7-9,0.0,0.0
46707,CCn1nc(C)cc1C(=O)Nc1ccc(C(=O)c2ccc3c(c2)C(=CNc2ccc(N4CCOCC4)cc2)C(=O)N3)cc1,3,2-3,0.0,0.0
46708,CC(C)(C)NC[C@@H]1C[C@H]1C(=O)N1CCN(C(c2ccccc2)c2ccccc2)CC1,8,7-9,0.0,0.016666666666666666
46709,CCCCc1nc(Cl)c(CO)n1Cc1ccc(-c2ccccc2-c2nnn[nH]2)cc1,10,10,-0.1,-0.12083333333333332
46710,O=C(O)c1cccc(-c2nccs2)c1,8,7-9,0.0,0.0
46711,O=Cc1ccc(C(=O)NCC(=O)N2CCN(C(=O)c3ccccc3C(F)(F)F)CC2)cc1,8,7-9,0.0,0.0
46712,Cc1cnc(C(=O)NNC(=O)OC(C)(C)C)s1,5,4-6,0.0,0.0
46713,Cc1cnc(Nc2ccc(C3(NS(=O)C(C)(C)C)COC3)cc2)nc1CCc1ccccc1CC(N)=O,10,10,0.6,0.30833333333333335
46714,CCN(CC)CCc1nc(-c2ccc(Br)cc2)oc1C,7,7-9,-0.2,-0.1
46715,FC(F)(F)c1cccc2c(-c3cccc(NCc4ccc5c(c4)OCCO5)c3)c(Cc3ccccc3)cnc12,4,4-6,0.0,0.0
46716,COc1ccc2c(c1)C(O)C1(CCN(Cc3ccccc3)CC1)C2,7,7-9,0.0,0.0
46717,COc1cc2nccc(Oc3ccc(C)cc3C(=O)C3CCCCC3)c2cc1OC,9,7-9,0.0,0.0
46718,COc1ccnc(CCc2nc3cc(-c4ccc(C#N)cc4)cnc3[nH]2)c1,9,7-9,0.0,0.0
46719,COc1ccc(S(=O)(=O)N(Cc2nnn[nH]2)c2ccc(Cl)cc2Cc2c(F)cccc2F)cc1OC,5,4-6,0.0,0.0
46720,CCCCCn1c(=O)n(-c2ccccc2)c(=O)c2c1ncn2Cc1ccc(OC)cc1,6,4-6,0.0,0.0
46721,CC(C)(C)OC(=O)c1cc(Br)sc1NC(=O)Nc1c(Cl)cc(OC(F)(F)F)cc1Cl,8,7-9,0.0,0.0
46722,CCOC(=O)CCCOc1cccc(CCCCCCOc2cc(Br)cc(CO)c2)c1CCC(=O)OCC,10,10,-0.65,-0.325
46723,CC(C)c1cc(Br)cc(F)c1O,10,10,0.0,0.0
46724,CC(C)(C)OC(=O)CCc1cccc(Br)c1,8,7-9,0.0,0.0
46725,O=[N+]([O-])c1c(Nc2ccccc2)ccc2cccnc12,10,10,0.0,0.0
46726,CC(=O)Nc1ccc(S(=O)(=O)N2CC[C@H](N(Cc3ccccc3Cl)c3ccc(C#N)c(Cl)c3)C2)c(C)c1,10,10,0.0,0.0
46729,COC(=O)c1cc(C)c(-c2ccc(OC)nc2)c(C)c1,8,7-9,0.0,0.06470238095238094
46730,ClC[C@]1(c2ccccc2)C[C@H]1COCc1ccccc1,10,10,0.0,0.010416666666666671
46731,Cc1c(C(=O)c2cnn(C)c2OCc2ccccc2)ccc(S(C)(=O)=O)c1C1=NOCC1,9,7-9,0.0,0.0
46732,CN(C)S(=O)(=O)NCC1CCC(CN)CC1,10,10,0.0,0.0
46733,CC(O)CCCC(C#N)N(C)C(=O)OC(C)(C)C,10,10,0.05,0.058333333333333334
46734,COCCOCN(c1noc(C)c1C)S(=O)(=O)c1sc(C)cc1-c1ccc(C(=O)OC)cc1OCC(C)C,8,7-9,0.0,0.0
46735,CCCC(=O)NC(C)(C)COc1cccc(NS(N)(=O)=O)c1C#N,1,1,0.0,0.0
46736,Cc1cc(-c2ccc(CN)cn2)ccn1,9,7-9,0.0,0.0
46737,CC(C)(C)c1ccc(C(=O)NCc2ccc(-c3ncnc4[nH]c(C(=O)N5CCOCC5)cc34)cc2F)cc1,6,4-6,0.0,0.0
46738,CCC(C(=O)NCc1ccc(Br)cc1)c1cccc2cnccc12,7,7-9,0.0,0.0
46739,O=[N+]([O-])c1ccc(N2CCOCC2)c(F)c1,8,7-9,0.0,0.0
46740,O=S(=O)(Nc1nc(-c2ccccc2)cs1)c1c(Cl)cc(Cl)cc1Cl,5,4-6,0.0,0.0
46743,CCCCCCCCCN(C)CCCCC[C@@H]1Cc2cc(O)ccc2[C@@H]2[C@@H]1[C@@H]1CC[C@H](O)[C@@]1(C)C[C@@H]2F,9,7-9,0.0,0.0
46745,O=C(NC1CC1)c1ccc(Br)cc1,10,10,0.0,0.0
46747,CC[Si](C#Cc1ccc2nnc(CNc3ccnc4cc(OC)cnc34)n2n1)(CC)CC,10,10,0.0,0.0
46749,COc1ccc2c(c1)CCNC2,8,7-9,-0.05,-0.04166666666666667
46750,NC(=O)c1ccc(F)c2c1CC(NCCCc1c[nH]c3ccc(F)cc13)CO2,10,10,0.0,0.0
46751,OCc1ccc(N(c2ccccc2)c2ccccc2)cc1,8,7-9,0.0,0.0
46753,CCOc1ccc(/C=C2\SC(=O)N(Cc3ccc(N)cc3)C2=O)cc1,9,7-9,0.0,0.0
46754,COC(=O)[C@@H](NS(=O)(=O)c1ccc(-c2ccc(NC(=O)c3oc4cccc(-c5ccoc5)c4c3C)cc2)cc1)C(C)C,9,7-9,0.0,0.0
46755,CCC1(c2cc(F)cc(OCc3ccc4c(ccc(=O)n4C)c3)c2)CCOC(C)C1,8,7-9,0.0,0.0
46756,O=C(O)c1c(F)ccc([N+](=O)[O-])c1Nc1ccc2[nH]ncc2c1,8,7-9,0.0,0.0
46758,COC(=O)C(C)(C)c1ccc(CN)cc1,9,7-9,0.0,0.0
46759,O=C(NS(=O)(=O)c1ccccc1)c1cc2nc(CCc3cccc(F)c3F)cc(O)n2n1,8,7-9,0.0,0.0
46760,Cc1ccc2c(OCCN3CCC(Cc4cccc(NC(=O)CCl)c4)CC3)cccc2n1,8,7-9,0.0,0.0
46761,CC[C@H](N)/C=C/C(=O)OC,7,7-9,0.0,0.0
46763,COc1c(C)c(Cc2ccc(OCc3ccccc3)c(C=O)c2)c(OC)c(OC)c1OC,10,10,0.0,0.0
46764,O=C(c1ccc(C(CC2CCOCC2)c2ccc(-c3ncc(CO)s3)[nH]2)cc1)N1CCC1,10,10,0.0,0.0
46765,N#Cc1cc(C(F)(F)F)ccc1N1CCN(C(=O)c2cc([N+](=O)[O-])ccc2N2CCOCC2)CC1,8,7-9,0.0,0.0
46766,C[C@@H](Nc1ncnc2[nH]c(-c3cccc(CNC(=O)CN(C)C)c3)cc12)c1ccccc1,8,7-9,0.0,0.16666666666666663
46767,CCOC(=O)c1cc(=O)c2cc(OC)cc(N3CCN(CC)CC3)c2o1,6,4-6,0.0,0.0
46768,Cc1ccc(C2(CSCC(=O)O)OCC(C)(C)CO2)cc1,9,7-9,0.0,0.0
46770,CC(C)(C)c1ccc(CN(CCc2ccc(Cl)c(C(F)(F)F)c2)C(=O)c2cc(Cl)cc3cc[nH]c23)cc1,8,7-9,0.0,0.0
46771,CCOC(=O)C(Oc1ccccc1-n1cccc1)c1ccc(C)cc1,1,1,0.0,0.0
46773,Cc1ccc2c(Nc3cc(Br)ccc3Sc3ccccc3)ccnc2n1,9,7-9,0.0,0.0
46774,Clc1ccc(OCCCBr)cc1Cl,9,7-9,0.0,0.0
46775,CCCCCCNC(=O)n1cc(CO)c(=O)n(C)c1=O,8,7-9,0.0,-0.04797619047619048
46776,CCCc1nc(CC)c(-c2ccc(OCC(C)(C)C)cc2)c(=O)n1Cc1ccc(-c2ccccc2C#N)cc1,9,7-9,0.0,-0.004166666666666666
46777,Cn1c(C(F)(F)F)ccc(-c2c(F)cc(Cl)c3oc(CBr)cc23)c1=O,8,7-9,0.0,0.0
46778,O=[N+]([O-])c1ccccc1N1CCC(n2ccnc2)CC1,8,7-9,0.0,0.0
46779,Cc1cn[nH]c1C(=O)Nc1ccc(F)c([C@@]2(C)N=C(N)OCC2(F)F)c1,4,4-6,0.0,0.0
46780,Cn1cc(C(=O)NCc2ccc(Cl)cc2)c(=O)c2sc(CO)c(CN=[N+]=[N-])c21,9,7-9,0.0,0.0
46781,COc1ccc2c(c1)CC(=O)N2C,9,7-9,0.0,0.13333333333333333
46782,CC(C)CNc1cc(NC(=O)OC(C)(C)C)c([N+](=O)[O-])cc1Cl,10,10,0.0,-0.012499999999999997
46783,CC(C)(C)OC(=O)NCc1ccc(Nc2ccccc2N)cc1,8,7-9,0.0,0.0
46784,O=C(NC1CCN(Cc2ccccc2)CC1)C(F)(F)F,7,7-9,0.0,0.0
46785,CCC[C@H]1CC[C@H](C=Cc2ccc(C#N)cc2)CC1,10,10,0.0,-0.0024999999999999883
46786,O=C(O)C1CCN(Cc2ccccc2)CC1,10,10,0.0,0.0
46789,C#CCCCC(=O)N1C(=O)OC[C@@H]1Cc1ccccc1,7,7-9,0.0,0.0
46790,Cc1cc(Br)ccc1C1(O)CCC(C(=O)N[C@H]2CC[C@@H](O)CC2)CC1,10,10,0.0,0.0
46791,O=C(O)c1ccc(C(Cc2ccc(F)cc2)C(=O)Nc2nc3ccccc3o2)cc1,8,7-9,0.0,0.0
46792,CC(=O)Nc1ccn(Cc2c(F)cccc2Cl)n1,7,7-9,0.0,0.0
46793,Nc1cc(Cl)ccc1Sc1ccccc1,10,10,0.0,0.0
46794,COC(=O)c1ccc(C=CC(=O)O)cc1OC,9,7-9,0.0,0.0
46795,CC(C)n1ncc(C#N)c1NC(=O)c1ccc([N+](=O)[O-])cc1,7,7-9,0.0,0.0
46796,Cn1cc(B2OC(C)(C)C(C)(C)O2)cc(Nc2ccncn2)c1=O,3,2-3,0.0,0.0
46797,COc1ccc(C=O)cc1-c1cccs1,10,10,0.0,0.0
46798,CC[C@H](C[C@@](O)(C=Nc1cccc2[nH]c(=O)ccc12)C(F)(F)F)c1ccc(F)c(Cl)c1OC,1,1,0.0,0.0
46799,CC(=O)NC1CCc2cc(/C=C/C(=O)NC(c3cccc(C(F)(F)F)c3)C(F)(F)F)ccc21,5,4-6,0.0,0.0
46801,COc1cc(C(=O)N(C)c2ccc(O)cc2)ccc1NC(=O)c1ccccc1OCCCN,8,7-9,0.0,0.0
46802,COC(=O)c1ccc2c(C3CCCCC3)c(-c3ccc4ncc(-c5ccccc5)cc4c3)n(CC(=O)N3CCOCC3)c2c1,7,7-9,0.0,-0.19249999999999995
46803,CNc1ccc(-n2nc(I)c3c(NC(=O)OC(C)(C)C)ncnc32)cc1,9,7-9,-1.0,-0.7975000000000003
46804,NCC1CCN(c2noc(C(Cl)(Cl)Cl)n2)CC1,10,10,0.0,0.0
46805,Clc1ccc(CCN2CC[C@@H](N3c4ccccc4COc4ccccc43)C2)cc1,10,10,0.0,0.0
46808,CC(C)Oc1c(C=O)cccc1-c1ccccc1,10,10,0.0,-0.005000000000000003
46809,CCOC(=O)C1CCN(c2ccc([N+](=O)[O-])c(C(=O)N(C)C)c2)CC1,7,7-9,0.0,0.0
46810,COC(=O)c1ccc(CN([C@@H]2CC(C)(C)CCNC2=O)S(=O)(=O)c2ccc(Cl)cc2)c(F)c1,7,7-9,0.0,0.0
46811,CCn1c(=O)c2c(nc(/C=C/c3ccc(C(=O)O)cc3OC)n2C)n(CC)c1=O,8,7-9,0.0,0.0
46815,CC(C)(C)CS(=O)(=O)c1ccc(CNc2c(Cl)ccc3c2CCNCC3)cn1,9,7-9,0.0,0.0
46817,CCN(CC)CCn1ccc2cc(NS(=O)(=O)c3ccc(-c4ccccc4)cc3)ccc21,8,7-9,0.0,0.0
46818,NC1CCN(CCN2CCC[C@@H](O)C2)CC1,9,7-9,0.0,0.0
46819,CC(F)(F)c1ccc(CO)cc1,10,10,0.0,0.04166666666666667
46820,Cc1c(C(=O)Nc2ccc(C(F)(F)F)nc2)nc(-c2ccc(Cl)cc2Cl)n1-c1ccc(OCc2ccccc2)cc1,5,4-6,0.0,0.0
46821,CC(C)(C)c1cc(NC(=O)Nc2ccc(OCc3ccccc3F)cc2)no1,8,7-9,0.0,-0.10749999999999996
46822,CC(C)(C)n1ncc([C@H](NS(=O)(=O)c2ccc(C(F)(F)F)nc2)C2CC2)c1-c1cc(F)ccc1Br,6,4-6,0.0,0.0
46823,COc1cc2nc(N3CCOCC3)nc(N)c2cc1OC,10,10,0.0,0.0
46824,Nc1ccc(N2CCC2)cn1,8,7-9,0.0,0.0
46826,O=C(NCc1ccc(F)cc1)N1CCC[C@H]1C(=O)N1CCC[C@H]1C(O)COc1ccc(F)cc1,10,10,0.0,0.0
46829,Cc1nc(N2C[C@@H](C)N(Cc3ccc(F)cc3)C2=O)sc1C(=O)O,5,4-6,0.0,0.0
46830,O=Cc1cc(Cl)ccc1OC1CCOCC1,10,10,0.0,0.1397619047619048
46831,NCc1c[nH]c2ccccc12,9,7-9,0.0,0.0
46832,CN1C(=O)OCc2c(F)c(N)cc(F)c21,9,7-9,0.0,0.0
46833,NC1CCCC(CNC(=O)OCc2ccccc2)C1,10,10,0.0,0.0
46835,CC(C)(C)OC(=O)Nc1cccc(Oc2cc(Nc3ccc(OCc4ccccc4)cc3)c([N+](=O)[O-])cn2)c1,10,10,0.0,0.0
46836,CC(C)(C)OC(=O)NC[C@@H](N)C(C)(C)C,10,10,0.0,0.0
46837,CC(C)n1ncnc1-c1nc2c(s1)CCOc1cc(C3CCN(CCO)CC3)ccc1-2,8,7-9,0.0,0.0
46840,CCOC(=O)Cc1ccc(Oc2cccnc2C)cc1,8,7-9,0.0,0.0
46843,COc1cc(NC(=O)C(=O)c2c(C)n(Cc3ccc(Cl)cc3)c3ccc(CN(C)C)cc23)ccn1,10,10,0.0,0.0
46844,CC(C)(C)OC(=O)NNC(=O)c1ccc(OCc2ccc3ccccc3n2)cc1C1(c2ccccc2)CC2CCC1C2,3,2-3,0.0,0.0
46845,COC(=O)COc1cccc(O)c1C(C)=O,9,7-9,0.0,0.0
46846,CC(=O)NC[C@H]1CN(c2ccc(OCC3(OC(=O)CCC(=O)O)CCN(c4nc5c(cc4F)c(=O)c(C(=O)O)cn5C4CC4)CC3)c(F)c2)C(=O)O1,9,7-9,0.0,-0.006250000000000003
46847,COc1cccc(OC)c1C1CCC(=O)N1Cc1ccc(O)cc1,7,7-9,0.0,0.0
46848,Cc1nc(N2N=C(c3ccc4c(c3)CNC4=O)C[C@@H]2C2CCCC2)ccc1C#N,10,10,0.0,0.0
46850,[O-][n+]1nc(CCCN2CCCC2)[n+]([O-])c2cc3c(cc21)CCC3,3,2-3,0.0,0.0
46851,Cc1ccc(-c2cc(C(=O)Nc3cccnc3)c3cc(-c4ccccc4)ccc3n2)o1,8,7-9,0.0,0.0
46852,COC(=O)[C@H](C(C)C)N1Cc2ccc(-c3ccc(NC(=O)Nc4ccc(F)cc4F)cc3)cc2C1=O,10,10,0.9,0.45
46853,CC(=O)c1cnc(Nc2ccc(CC(C)O)cc2)c([N+](=O)[O-])c1,9,7-9,0.0,0.0
46855,CC(C)NS(=O)(=O)Cc1ccc(N)cc1,9,7-9,0.0,0.0
46856,COC1CC2CC(N=[N+]=[N-])CC2C1,8,7-9,0.0,0.0
46857,CN(C)CCn1ccc2c3nc(Cl)nc(N4CCOCC4)c3ccc21,7,7-9,0.0,0.0
46858,O=C(Cc1cccc2ccccc12)Nn1nc(N2CCOCC2)c2ccccc2c1=O,5,4-6,0.0,0.0
46860,CCOC(=O)CCN(C(=O)CCl)c1cccc(C(F)(F)F)c1,9,7-9,0.0,0.0
46861,O=CC1(c2cc(F)cc(OCc3ccccc3)c2)CCOCC1,10,10,0.0,0.0
46862,O=[N+]([O-])c1ccc(N2CCOCC2)cc1CO,9,7-9,-0.05,-0.025
46863,Cc1ccccc1NC(=O)C(F)(F)F,10,10,0.0,0.0
46864,Cc1cc2c(NCc3ccccc3)nc(-c3cnccn3)nc2s1,3,2-3,0.0,0.0
46865,C[C@@H]1CN(c2ncc(-c3nccs3)cc2C=O)C[C@H](C)O1,8,7-9,0.0,0.0
46866,C#Cc1cc(CNC(=O)C=Cc2ccc(C(F)(F)F)nc2C)cc(F)c1NS(C)(=O)=O,1,1,0.0,0.0
46867,N#Cc1ccc(N(Cc2cccc(F)c2)c2cncnc2)cc1,1,1,0.0,0.0
46869,CC(CC(=O)O)C(=O)N1C(c2ccccc2O)SC[C@H]1C(=O)O,10,10,0.0,-0.1425
46870,C[C@@H](NC(=O)c1cc(-c2nnc([C@@](C)(Cc3ccccc3)NC(=O)OC(C)(C)C)o2)cc(C2(C#N)CCCC2)c1)c1ccc(F)cc1,5,4-6,0.0,0.0
46871,NC(=O)CN1CCC(C2COC2)c2ccccc21,5,4-6,0.0,0.0
46873,Cc1cc2cc(Nc3ccnc4cc(-c5nccs5)sc34)ccc2[nH]1,8,7-9,0.0,0.0
46875,Cc1c(Cl)cccc1NS(=O)(=O)c1ccc(CO)cc1,5,4-6,0.15,0.075
46876,CCOc1cc(Cl)c(S(C)(=O)=O)cc1C1=N[C@@](C)(c2ccc(Cl)cc2)[C@@](C)(c2ccc(Cl)cc2)N1C(=O)N1CCC(N(C)CCCN(C)C)C1,7,7-9,0.0,0.0
46877,Nc1ncccc1Nc1ccccc1,8,7-9,0.0,0.0
46878,OC1CCN(c2ccccn2)CC1,10,10,0.0,0.0
46881,CC(C)(C)C#Cc1ccc(C#N)cc1,10,10,0.0,0.0
46883,CC(C)(C)OC(=O)N[C@@H](CC1CCCCC1)CN1C(=O)c2ccccc2C1=O,9,7-9,0.0,0.0
46884,CNC(=O)c1noc([C@H](CCCC2CCCCC2)CC(=O)OC(C)(C)C)n1,9,7-9,-0.65,-0.45833333333333337
46885,Nc1cc(-c2ccccc2)ccc1-n1cnc(=O)[nH]1,10,10,0.0,0.0
46886,CCOC(=O)Cc1cccc(NC=O)c1,10,10,0.0,0.0
46888,COC(=O)c1cc(C)ccc1I,9,7-9,0.0,0.0
46889,NC(=O)Nc1cc(-c2cccc(Cl)c2)sc1C(N)=O,10,10,0.0,0.0
46890,O=C(c1cc(-n2cnnn2)ccc1O)N1CCC(CCO)(c2ccccc2)C1,9,7-9,0.0,0.14166666666666666
46891,Cc1ccc(CCC(=O)N2C[C@H](C)N(Cc3ccc(F)cc3)C[C@H]2C)c(OCC(=O)O)c1,8,7-9,0.1,0.05
46893,CC(C)(C)OC(=O)N(CC(=O)O)c1ccccc1C(F)(F)F,10,10,0.0,0.008333333333333331
46894,CCOc1ccc(C(=O)Nc2ccc3c(c2Cl)CNCC3)cc1Br,9,7-9,0.0,-0.008333333333333335
46895,Cc1ccc2c(c1NC(=O)Cc1ccc(C(F)(F)F)c(F)c1)CCN(C(=O)[C@H]1CCCN1C(=O)OC(C)(C)C)C2,8,7-9,0.0,0.0
46896,CC(=O)NC[C@H]1CN(c2ccc(/C=C3\SC(=O)NC3=O)cc2)C(=O)O1,10,10,0.0,0.0
46897,Fc1cccc(-c2nc3cnn(Cc4ccc(-c5ccc(C(F)(F)F)cc5C(F)(F)F)cc4)cc-3n2)c1F,8,7-9,0.0,0.0
46898,CON(C)C(=O)c1cncc(N=C(c2ccccc2)c2ccccc2)c1,3,2-3,0.0,0.0
46899,CSSC(CN=[N+]=[N-])C[C@H](NC(=O)OC(C)(C)C)C(=O)OCC#N,1,1,0.0,0.0
46900,COC(=O)c1ccc(OCC2CN(c3ccc(Cl)cc3)C(=O)O2)cc1,9,7-9,0.0,0.0
46901,CCOC(=O)c1csc(Nc2cnc(CN)c3cc(OC)c(OC)cc23)n1,10,10,0.05,0.025
46903,NC(=O)c1cc(-c2cccnc2[C@H](Cc2cc(F)cc(F)c2)NC(=O)Cn2nc(C(F)(F)F)c3cc(F)ccc32)ccc1F,8,7-9,0.0,0.0
46904,O=C1C[C@@H](C(F)(F)F)c2c(ncnc2N2CCC(c3nc(CC(F)(F)F)cn3CCN3CCC3)CC2)N1,6,4-6,0.0,0.0016666666666666676
46905,NC1CCN(CC(F)Cc2coc3ccccc23)CC1,9,7-9,0.0,0.0
46906,CON(C)C(=O)c1ccc(S(F)(F)(F)(F)F)cc1,5,4-6,0.0,0.0
46907,Cc1ccc(C(=O)NC2CC2)cc1-c1ccc2c(C3CCN(C)CC3)nncc2c1,9,7-9,0.0,0.0
46908,O=C(CCSC1c2ccccc2COc2ccc(OCc3ccc4ccccc4n3)cc21)Nc1nnn[nH]1,8,7-9,0.0,0.04166666666666667
46909,CCOC(=O)CN1C(=O)CO[C@H]2Cc3ccccc3[C@H]21,5,4-6,0.0,0.0
46910,CCOC(=O)c1cc(-c2ccc3c(c2)c2cc(-c4ccc(Cl)cc4Cl)c(=O)n(C)c2n3C)nn1C,7,7-9,0.0,0.0
46911,COc1ccc(Cc2c(C)cc(NC(=O)C(=O)O)cc2C)cc1Cc1ccc(F)cc1,10,10,0.0,0.0
46912,Nc1ccc(F)c(CN2CCCC2)c1,8,7-9,0.0,0.0
46913,CCCOC(=O)Cc1c2n(c3ccccc13)CC(n1cc(Cc3ccccc3)nn1)CC2,10,10,0.0,0.0
46914,COC(=O)[C@H](C(C)C)N1Cc2cc(-c3ccc(NC(=S)Nc4ccccc4C(F)(F)F)cc3)ccc2C1=O,10,10,0.0,0.0
46915,O=C(NCCCCCCCCc1ccccc1)c1cc(-c2cccc(Cl)c2)c(OCCO)c(-c2cccc(Cl)c2)c1,1,1,0.0,0.0
46916,O=C(NCCN(Cc1ccccc1)CC(O)c1cc2cc(OCCOC3CCCC3)ccc2o1)Nc1ccc(OCc2ccccc2)cc1,10,10,0.0,-0.008134920634920634
46918,C#Cc1cc(F)cnc1N,9,7-9,0.0,0.0
46922,C=CCOc1cccc(Oc2ccc(CN(Cc3ccc(C#N)cc3)c3cccc([N+](=O)[O-])c3C)cc2)c1,2,2-3,0.0,0.0
46923,CC(C)NC(=O)N1CCC(CN2C(=O)C3(COc4cc5c(cc43)CCO5)c3ccccc32)C1,10,10,0.0,0.0
46924,CNC(=O)c1cc(Br)ccc1C,9,7-9,0.0,0.0
46925,Cc1nc2ccc(-c3cnn(C)c3)cn2c1Cc1cc(Cl)ccc1Cl,8,7-9,0.0,0.0
46926,NC(=O)c1c(NC(=O)c2ccccc2Cl)sc2c1CCCC2,8,7-9,0.0,0.0
46929,C[C@H]1COCCN1c1nc(-c2ccc(NC(N)=O)cc2)nc2c1CN(C)C2,8,7-9,0.0,0.0
46930,CSc1ccccc1OC1=CC(=O)N([C@@H](CC2CCCCC2)C(=O)O)C1,10,10,0.0,0.0
46931,N#Cc1cnn(-c2ccc(O)c(F)c2)c1,6,4-6,0.0,0.0
46933,Oc1ccc2ncnc(Nc3ccc(F)c(Cl)c3)c2c1,9,7-9,0.0,0.008333333333333335
46934,CN(C)CC(=O)N1CCn2c(c(C3CCCCC3)c3ccc(C(=O)O)cc32)-c2ccc(F)cc2C1,7,7-9,0.0,0.0
46935,CNCc1cc2c(=O)c(C(=O)NCc3ccc(Cl)cc3)cn(C)c2o1,5,4-6,0.0,0.0
46936,COC(=O)c1cc(-c2ccnn2C)ccc1CS(=O)(=O)c1ccccc1,7,7-9,0.0,0.0
46937,CCC(CC)(c1ccc(OCC(=O)C(C)(C)C)c(C)c1)c1cc2ccc(C(=O)OC)cc2s1,7,7-9,0.0,0.0
46938,O=C1CSc2ccc(CNC3CCN(CCn4c(=O)cnc5ccc(F)cc54)CC3)nc2N1,2,2-3,0.0,0.0
46939,COc1ccc(C2=CCC3(CC2)OCCO3)cc1,9,7-9,0.0,0.0
46940,CCOC(=O)[C@@H]1CC(c2ccc(C)cn2)=C(C)[C@H]1O,9,7-9,0.0,-0.019523809523809534
46941,O=C(c1cc(C(F)(F)F)cc(C(F)(F)F)c1)N1CCC(CCO)(c2ccc(Cl)c(Cl)c2)C1,10,10,0.0,0.0
46942,CCOC(=O)CC1CCN(c2ccccc2NC(=O)c2cccc(Cl)c2)CC1,10,10,0.0,0.0
46943,COC(=O)c1ccc(O)cn1,7,7-9,0.0,0.0
46944,Cc1c(-c2ccccc2)n(Cc2ccccc2)c2cccc(Br)c12,8,7-9,0.0,0.0
46945,CCOc1cc2ncc(C#N)c(Nc3ccc(OCc4ccccn4)c(Cl)c3)c2cc1NC(=O)/C=C/[C@@H]1CCCN1C(=O)OC(C)(C)C,2,2-3,0.0,0.0
46946,COC(=O)c1cc(Oc2ccc(C(=O)N(C)C)cc2)c2c(c1)OC(C)(C)C2,7,7-9,0.75,0.375
46947,CC(c1cccc(-c2ccccc2CNCC(N)=O)c1)N(C(=O)Cc1ccc(Cl)cc1)C1CCN(Cc2ccccc2)CC1,9,7-9,0.0,-0.17458333333333334
46948,COCCOCc1cc(C(=O)Nc2nc3c(OC)ccc(C4COCCO4)c3s2)ccn1,10,10,0.0,0.0
46949,CCOC(=O)c1cc2cc(Cl)cc(C)c2nc1NC(Cc1c[nH]c2ccccc12)C(=O)O,7,7-9,0.0,0.0
46950,CCc1nc2ccccc2n1-c1nc(N2CCOCC2)c2nc(CN3CC(N4CCC(O)CC4)C3)n(C)c2n1,9,7-9,0.0,0.0
46952,CCN(CC)CCCNc1nc(-c2ccc(C(=O)O)cc2)c2ccc(=O)n(-c3c(F)cccc3F)c2n1,8,7-9,0.0,0.0
46953,O=C1[C@H](CC[C@H](O)c2ccc(F)cc2)[C@@H](c2cccc(-c3ccc(O)cc3)c2)N1c1ccc(F)cc1,9,7-9,0.0,0.0
46954,COc1ccc([N+](=O)[O-])c(CCOC(=O)Cl)c1,9,7-9,0.0,0.0
46955,C=CCCC[C@H]1CC[C@H](c2ccc(CC)cc2)CC1,10,10,0.0,0.0
46957,CCCCc1nc2cnc3ccccc3c2n1CCCN,9,7-9,0.0,0.0
46958,CCCCCC12CCC(c3nnc(-c4ccc(O)cc4C)n3C)(CC1)CC2,10,10,0.0,0.0
46959,CS(=O)Cc1cc(F)cc2c(C(CCC#N)c3ccc(Cl)cc3Cl)c[nH]c12,4,4-6,0.0,0.0
46960,c1ccc(COC2CCCCCCCCCCC2)cc1,7,7-9,0.0,0.0
46961,COc1ccc(Cn2ncc3c(N4CCC[C@H](NC(=O)OC(C)(C)C)C4)c(N)cnc32)cc1,8,7-9,0.0,-0.10833333333333335
46962,COC(=O)COC1CCN(C(=O)[C@H](C)N)CC1,8,7-9,0.0,0.0
46963,CC(C)(C)OC(=O)[C@@H]1CS[C@H](c2ccccc2)N1C(=O)CNC(=O)Nc1ccc(Cl)c(C(F)(F)F)c1,7,7-9,0.0,0.0
46965,O=C1Nc2ccc(Br)cc2C1=Cc1[nH]c(C(=O)NCCCN2CCCC2)c2c1CCCC2,2,2-3,0.0,0.0
46966,Cc1cnc(SCCS(=O)(=O)c2ccccc2)c(C(=O)NCc2cccs2)c1,8,7-9,0.0,0.0
46967,CCC/C=C\CC(C)CCOC(C)=O,9,7-9,0.05,0.10833333333333336
46969,Cn1cnc(C(=O)N(Cc2csc(-c3ccc(OC(F)(F)F)cc3)n2)C2CCC2)c1,7,7-9,0.0,0.0
46972,C=C[C@@H]1C[C@]1(NC(=O)[C@H]1CCN(C(=O)OC(C)(C)C)C1)C(=O)NS(=O)(=O)c1cccc(OCc2ccccc2)c1,8,7-9,0.0,0.0
46974,O=Cc1sccc1-c1ccccc1,8,7-9,0.0,0.0
46975,CC(C)(C)C(OCc1ccccc1Cl)C(C=C1CCCCC1)n1cncn1,3,2-3,0.0,0.0
46976,COC(=O)Cc1cc(Cl)c(Oc2ccc(NC(=O)CC(C)C)c(Br)c2)c(Cl)c1,9,7-9,0.0,0.0
46977,Cc1cc(N)ccc1Oc1ccnc(Cl)c1,8,7-9,0.0,0.0
46978,Cc1ccc(-c2cnc(N3C[C@@H](C)O[C@@H](C)C3)c(C=O)c2)s1,7,7-9,0.0,0.0
46979,CN1CCC(c2nn(-c3ccc(Cl)cc3)c3ccccc23)CC1,9,7-9,0.0,0.0
46980,O=C(NC1CCC(C(=O)O)CC1)OCc1ccccc1,8,7-9,0.0,0.0
46981,C[C@H](NC(=O)c1c(CN2CCC(N3CCCCC3)CC2)c(-c2ccccc2)nc2ccccc12)C(C)(C)C,8,7-9,0.0,0.0
46982,COC(=O)CCN(C(=O)c1ccc2cnc(CCc3ccc(C#N)cc3)nc2c1)c1ccccc1,9,7-9,0.0,0.0
46983,COc1ccc(Sc2ccc(C)cc2Nc2ccnc3nc(C)ccc23)cc1,3,2-3,0.0,0.0
46986,COC(=O)c1ccc(C)c(-n2cnc3c(C#N)cc(I)cc3c2=O)c1,8,7-9,0.0,0.0
46987,CCN(CC)CCN(CC=O)C(=O)CCOCCc1ccc2ccccc2c1,10,10,-0.05,-0.025
46989,Cc1c(C(=O)NCC2CC2)c2ccc(Oc3ccnc4cc(-c5nc(C(C)(C)O)cs5)sc34)cc2n1C,4,4-6,0.0,0.0
46990,COC(c1ccc(N(C)C)cc1)[C@H](C)/C=C/C=C/C(=O)O,7,7-9,0.0,0.0
46991,CC(=O)NC(CCc1ccc(C(O)CCCCc2ccccc2)cc1)(CO[Si](C)(C)C(C)(C)C)CO[Si](C)(C)C(C)(C)C,9,7-9,0.0,0.0
46992,CNC(=S)Nc1nc(-c2cccc(CNC(C)=O)n2)cs1,7,7-9,0.0,0.0
46994,CCO[C@@H](Cc1ccc(OCc2nc(-c3ccccc3F)oc2C)cc1C)C(=O)OC,4,4-6,0.0,0.0
46996,CC(C)(C#N)c1cccc(C(=O)Nc2cccc(Oc3ccc4nc(NC(=O)C5CC5)sc4c3CO)c2)c1,10,10,0.0,0.0
46997,COC(=O)c1cc2ccccc2n1CCCN1C(=O)c2ccccc2C1=O,9,7-9,0.0,0.0
46998,CCOC(=O)c1cn(C2CC2)c2c(CCC[C@@H]3CCCN3C(=O)OC(C)(C)C)c(F)c(F)cc2c1=O,9,7-9,-0.8,-0.4
46999,O=C1c2ccccc2C(=O)N1CCCOc1cccc(C2OCCO2)c1,9,7-9,0.0,0.0
47000,Cc1cc2c(cc1F)c(C(=O)O)c(-c1ccc(S(=O)(=O)N[C@@H](C)C(F)(F)F)cn1)n2C1CCCC1,10,10,0.0,0.0
47001,CC(c1cccc(N)c1)n1c(=O)oc2cc(F)c(F)cc21,8,7-9,0.0,0.0
47002,O=C(c1ccc2cncc(-c3ccc(Cl)cc3)c2n1)N1CCS(=O)(=O)CC1,5,4-6,0.0,0.0
47004,CC#CCOc1ccc(S(=O)(=O)Oc2c(C)cccc2C(=O)O)cc1,7,7-9,0.0,0.0
47005,CC(Oc1ccc(Sc2ccc(O)cc2)c(N)c1)c1cccc(Br)c1,10,10,0.0,0.0
47007,COc1cc(C(O)C(=O)OCc2ccccc2)ccc1O,10,10,0.0,0.0
47008,O=C(CNC(=O)c1ccc(F)cc1)c1ccsc1,3,2-3,0.0,0.0
47010,N[C@@H]1CC[C@H](C(=O)N2CCN(c3cccc(C(F)(F)F)c3)CC2)C1,10,10,0.0,0.0
47011,CCN(CC)C1CCC(Nc2c(C(=O)C3CC3)cnc3ccc(Br)cc23)CC1,5,4-6,0.0,0.0
47012,CC[C@@H]([C@H](C)OC)N1C(=O)[C@@](C)(CC(=O)OC)C[C@H](c2cccc(Cl)c2)[C@H]1c1ccc(Cl)cc1,8,7-9,1.0,0.5
47013,CNC(=O)c1ccc(-c2cc3nccc(Oc4ccc(NC(=O)c5cccn(C)c5=O)cc4F)c3s2)cc1,7,7-9,0.0,-0.01666666666666667
47015,CC(C)(C)OC(=O)N1CC[C@H](O)[C@H]1COS(C)(=O)=O,2,2-3,0.0,0.0
47016,Cc1cc(Nc2nccc(OCCO)n2)cc(-c2cnn(CCC(N)=O)c2)c1,9,7-9,0.0,-0.04902777777777776
47017,Cc1cc(C#N)ccc1-c1cnn(-c2ccc(C(=O)NCCC3CCCCO3)cn2)c1O,4,4-6,0.0,0.0
47018,Cn1c(=O)c(N)c(N)c2cccnc21,9,7-9,0.0,0.0
47020,CC(C)(C)OC(=O)NC1=N[C@](C)(c2cc(N)ccc2F)[C@@H](F)S(=O)(=O)C1(C)C,9,7-9,0.0,0.0
47021,CC(=O)Oc1ccc(C2CCC(=O)CC2)cc1,7,7-9,0.45,0.2
47022,C[C@@H](NC(=O)[C@@H](NC(=O)OCc1ccccc1)C(Cc1ccccc1)C(=O)O)C(=O)O,10,10,0.0,0.0
47023,CC(C)(C)OC(=O)n1ncc2ccc(N)cc21,10,10,0.0,0.0
47024,COc1cc2c(cc1OCc1ccccc1)CCNC2C,10,10,0.0,0.0
47025,CCOCOc1ccc2oc(-c3ccc(N(C)C(=O)OC(C)(C)C)nc3[N+](=O)[O-])cc2c1,8,7-9,0.0,0.0
47026,CC(C)(C)OC(=O)N1CCc2c(ccc(N)c2F)C1,8,7-9,0.0,0.0
47027,NC(=O)OC[C@@H](N)Cc1ccccc1F,10,10,0.0,0.01666666666666667
47028,CC(C)(C)OC(=O)Cc1ccc(-c2ccnc(F)c2)c(F)c1,8,7-9,0.0,0.0
47029,CCCCCCC/C=C/C=C/CN,7,7-9,-0.55,-0.275
47030,O=C(OCc1ccc([N+](=O)[O-])cc1)N1CCN(C[C@@H]2C[C@H](SC(c3ccccc3)(c3ccccc3)c3ccccc3)CN2C(=O)OCc2ccc([N+](=O)[O-])cc2)CC1,7,7-9,0.25,0.175
47032,C[C@]12Cn3cnc(-c4ccc(F)cc4)c3C=C1CCC[C@@H]2C(=O)c1ccc(C(=O)O)s1,3,2-3,0.0,0.0
47034,COc1cccc2c1CCC2N(C)Cc1nc(-c2ccccc2)c(-c2ccccc2)o1,8,7-9,0.0,0.0
47035,CCCCCCn1cpc2ncnc(N)c21,6,4-6,0.0,0.0
47036,O=C(OCCCCl)N1Cc2cnc(NC3Cc4ccccc4C3)nc2C1,10,10,0.0,0.0
47037,COc1nc(N2CCC(O)CC2)nc2oc(-c3ccc(C4(N)CCC4)cc3)c(-c3ccccc3)c12,3,2-3,0.0,0.0
47038,COC(=O)C1CCN(C(=O)N(C)C)CC1,9,7-9,0.0,0.0
47039,CC(C)(C)OC(=O)Nc1cc(OCC(F)(F)F)c(I)cc1[N+](=O)[O-],10,10,0.0,0.017956349206349198
47041,CC1=N[C@@H](c2ccccc2)[C@@H](c2ccccc2)N1C(=O)OC(C)(C)C,1,1,0.0,0.0
47042,Nc1cc(Cl)ccc1C(=O)O,8,7-9,0.0,0.0041666666666666675
47043,O=C(Cc1ccc(OCc2ccsc2)cc1)NC1(C(=O)O)Cc2ccc(-c3ccc(Cl)cc3)cc2C1,10,10,0.0,0.0
47044,CC(C)(C)OC(=O)Cn1nc(I)c2nc(Cl)ccc21,6,4-6,0.0,0.0
47045,CN(C)Cc1c(-c2ccccc2)ccc2c(CCC3CCN(Cc4cccs4)CC3)noc12,6,4-6,0.0,0.0
47046,Brc1ccc(OCc2ccccc2)cc1,10,10,0.0,0.0
47047,COC1=C(OC)C(=O)C(Cc2cccc(C(=O)Nc3cccnc3)c2O)=C(C)C1=O,9,7-9,0.0,0.0
47048,COc1cc(N(C)S(C)(=O)=O)ccc1-c1nc2c(c(C3CCCCC3)nn2C)c(=O)[nH]1,8,7-9,0.0,0.0
47049,O=C(O)COc1nc(-c2ccc(F)cc2)cs1,10,10,0.0,-0.008333333333333335
47050,COc1cc(CNC(=O)c2cc(-c3ccc(Cl)c(C)c3)c(OCC(F)(F)F)cn2)on1,9,7-9,0.0,0.0
47051,N[C@@H](c1ccccc1)[C@@H](O)C(=O)O,8,7-9,0.0,0.1583333333333333
47052,Clc1ccc(-c2ccc(C#Cc3ccc(C#CCN4CCCC4)cc3)nc2)cc1,10,10,-0.1,-0.05
47053,CS(=O)(=O)OCc1c(Cl)cccc1C(F)(F)F,2,2-3,0.0,0.0
47055,CNc1nccc(Nc2cn3nc(Oc4cccc(NC(=O)c5cccc(C(F)(F)F)c5)c4)ccc3n2)n1,10,10,0.15,0.12500000000000003
47056,CCOC(=O)c1oc2cccc(OCCCN)c2c1C,10,10,0.0,0.023333333333333338
47058,O=c1oc2ccccc2n1CCCN1CCC(n2c(=O)[nH]c3cc(Cl)ccc32)CC1,7,7-9,0.0,0.0
47060,CCCCCCc1cccc(-c2nc(CCCO)c(C(=O)N3CCC(N4CCCC4)CC3)n2C)c1,6,4-6,0.0,-0.008333333333333335
47061,COC[C@H]1O[C@@H](n2cnc3c(NCC(c4ccccc4)c4ccccc4)nc(CCNS(=O)(=O)c4ccccc4)nc32)[C@H](O)[C@@H]1O,8,7-9,0.0,0.0
47062,Cc1ccc(NC(=O)Nc2ccccc2)cc1C#Cc1cncc2c1cnn2C,9,7-9,0.0,0.0
47063,NCC1Cc2cccc(-c3ccccc3)c2O1,9,7-9,0.0,0.0
47064,CC#CCOc1ccc(CCC(=O)O)cc1OC,9,7-9,0.0,0.0
47066,COC(=O)c1cc(C(=O)CN2CCN(c3ccccc3C)CC2)ccc1O,6,4-6,0.0,0.0
47067,O=C(NC1(C(=O)N[C@@H]2CCc3ccccc3-n3ccnc32)CC1)c1ccc(Cl)cc1,7,7-9,0.0,0.0
47068,COc1ccccc1CNc1cccn2nc(Nc3ccc(C)nc3)nc12,3,2-3,0.0,0.0
47069,CCCc1nc(C)n(-c2ccc(OC(C)(C)C(C)=O)cc2)c(=O)c1Cc1ccc(-c2ccccc2-c2noc(=O)[nH]2)cc1,8,7-9,0.0,-0.15416666666666665
47070,Nc1nc(OCCO)ccc1C(=O)O,8,7-9,0.2,0.1
47071,COCCOc1ccc(C(=O)c2cn(Cc3cccc(Br)n3)c3ccccc3c2=O)cc1C,9,7-9,0.0,0.0
47072,COC(=O)c1cccc2c1OCC2,9,7-9,0.0,0.0
47073,Cc1cccc(CN(C)C(=O)c2ccc(-c3cc(-c4nnc(C)o4)ccc3C)cc2)c1,9,7-9,0.0,0.0
47074,CCCc1cc(CO)cc(Cl)c1OC(C(=O)OC)c1ccc2c(c1)OCO2,10,10,0.0,0.0
47076,CCC(O)CNC(=O)OC(C)(C)C,10,10,0.0,0.0
47077,CCNC(=O)Nc1cc(C)c(Oc2ccnc3cc(OCCBr)c(OC)cc23)cc1C,10,10,0.0,0.0
47078,CCNC1CN(c2c(F)cc3c(=O)c(C(=O)O)cn(-c4nc(N)c(F)cc4F)c3c2Cl)C1,8,7-9,0.0,0.0
47079,O=c1[nH]c2c(c3ccccc13)Cc1c(CO)cccc1-2,10,10,0.0,-0.11666666666666667
47080,Nc1cccc(C2=NOC(c3c(Cl)cccc3Cl)C2)c1,9,7-9,0.0,0.0
47081,O=C(CC(F)(F)F)Nc1ccc(Sc2nc(Nc3ccccn3)cc(N3CC[C@H](F)C3)n2)cc1,7,7-9,0.0,0.0
47082,COC1=C(OC)C(=O)C(Cc2ccc(OCc3cccnc3)c(C(=O)Nc3ccc(OC)cc3)c2)=C(C)C1=O,6,4-6,0.0,0.0
47083,CN1CCC(C(=O)NCCn2ccc3ncnc(Nc4ccc(Oc5ccc6ccsc6c5)c(Cl)c4)c32)CC1,7,7-9,0.0,-0.02047619047619048
47084,COc1cc2ncnc(Oc3ccc(NC(=O)Nc4ccc(F)cc4)cc3)c2cc1OC,7,7-9,0.0,0.0
47085,COc1ccc(N2CCOCC2)c2sc(-c3nc4c([nH]3)CCN(C(=O)c3ccc(F)cc3)CC4)nc12,8,7-9,0.0,0.0
47086,CN(C)c1ccc2cc(C=C(C#N)C#N)c([Si](C)(C)C(C)(C)C)cc2c1,7,7-9,0.0,0.0
47087,CCOC(=O)Cn1ccc2cc(Br)ccc21,9,7-9,0.0,0.0
47088,Oc1ccc2ncc3c(c2c1)CCCC3,10,10,0.0,0.0
47089,CC(=O)c1ccc(-c2cc(C(=O)O)c3ccccc3n2)s1,10,10,0.0,0.0
47090,C[C@H](Nc1c(F)cc(N)c(Nc2cc(C3CC3)[nH]n2)c1F)c1ccc(F)cc1,10,10,0.0,0.0
47091,N[C@@H](Cc1ccccc1C(=O)c1ccccc1)C(=O)SCCC(=O)N1CCC[C@H]1C(=O)O,10,10,0.0,0.0033333333333333353
47092,CC1CCN(c2c(-c3c(F)cc(F)cc3F)c(O)nc3ncncc23)CC1,8,7-9,0.0,0.0
47093,COc1ccc(Cn2nc(CN3CCN(c4ccccc4OC)CC3)c3cc(OC)c(OC)cc32)cc1OC,8,7-9,0.05,0.025
47094,CCOc1cc(C(C)(C)C#N)c(Cl)cc1C1=N[C@@H](c2ccc(Cl)cc2)[C@@H](c2ccc(Cl)cc2)N1C(=O)N1CCN(CCS(C)(=O)=O)CC1,6,4-6,0.0,0.0
47095,Nc1ccc(NC(=O)Nc2ccccc2I)c(O)c1,10,10,0.0,0.0
47097,CNC(=O)[C@H]1C[C@H](Oc2cc3c(Nc4cccc(Cl)c4F)ncnc3cc2OC)CCN1,6,4-6,0.0,0.0
47098,Cc1c2c(nc3ccccc13)CCN(CCC(=O)O)CC2,10,10,0.0,0.0
47099,COc1cc2[nH]c(N(C)Cc3cccc(OCS(C)=O)c3)nc(=O)c2c(C)c1OC,8,7-9,0.0,0.0
47100,N#Cc1ccc(N2CCNC(=O)C2)cc1Cl,8,7-9,0.0,0.0
47101,CCCSc1ccc(F)cc1[N+](=O)[O-],10,10,0.0,0.0
47102,CN(C)CCOc1cccc(Nc2nccc(-c3c(-c4ccc(F)c(NC(=O)Cc5cccs5)c4)nn4ccccc34)n2)c1,10,10,0.05,0.025
47104,CCCNCc1cc(Oc2cccc(NC(=O)OCc3ccccc3)c2)ccc1[N+](=O)[O-],1,1,0.0,0.0
47105,Cc1oc(-c2cccs2)nc1CCOc1cccc(CN(CC(=O)O)S(=O)(=O)N2CCCc3ccccc32)c1,8,7-9,0.0,0.0
47106,CC#CC(=O)Nc1ccc(N=CN(C)C)c(C#N)c1,8,7-9,0.0,0.0
47107,Cc1nn(Cc2ccc(NC(=O)c3cc4ccccc4[nH]3)cc2F)c(C)c1CC(=O)O,9,7-9,0.0,0.0
47108,O=[N+]([O-])c1ccc(C=Cc2nccn2Cc2ccccn2)o1,4,4-6,0.0,0.0
47110,CCc1nc(CC(C)(C)C)c(CN)c(-c2ccc(C)cc2)c1CC(=O)N1CCC[C@H]1C(N)=O,10,10,0.45,0.225
47111,COC(=O)c1cc(NS(C)(=O)=O)ccc1Br,7,7-9,0.0,0.0
47112,CCC1CC(Nc2ncc(Br)cn2)CC(Cc2ccccc2)N1C(=O)OC(C)(C)C,9,7-9,0.0,0.0
47113,Cc1c(-c2cc(Nc3ccc(C(=O)N4CCOCC4)cn3)c(=O)n(C)c2)cccc1N1CCc2cc(N(C)C)ccc2C1=O,8,7-9,0.0,0.0016666666666666676
47114,COCCOc1ccc([N+](=O)[O-])cc1NC(=O)OC(C)(C)C,10,10,0.0,0.0
47115,c1ccc(CN(Cc2ccccc2)CC2CO2)cc1,10,10,0.0,0.0
47116,CS(=O)(=O)O[C@H]1CC(=O)N(Cc2ccc(Oc3ccc(F)cc3)nc2)C1,6,4-6,0.0,0.0
47117,N#Cc1cccc2c1CC(n1ccnc1C(N)=O)C2=O,9,7-9,0.0,0.0
47118,O[C@H]1CN(CCOc2ccc(OCc3ccccc3)cc2)CC[C@@]1(O)Cc1ccccc1,10,10,0.0,0.0125
47119,CCOC(=O)C(CC)(CC)NC(=O)c1ccc(Br)c(OCC2CC2)n1,6,4-6,0.0,0.0
47120,CCN(CC)CCCCc1ccc(N)cc1,9,7-9,0.0,0.0
47121,CCc1nccc(-c2ccc(C(=O)N3CCN(C4CCOCC4)CC3)c(F)c2)c1C#Cc1ccc(NC)nc1,8,7-9,0.0,0.0
47122,CC(C)(C)C(=O)c1ccc(C(=O)NC(=O)c2ccc(C(=O)C(C)(C)C)cc2)cc1,3,2-3,0.0,0.0
47123,C[C@H](N)C(=O)N[C@@H](CC1CC1)C(=O)N[C@@H](Cc1ccccc1)C(=O)[C@@]1(C)CO1,7,7-9,0.0,0.0
47124,CN1C(=O)C(F)(F)CN(C2CCCC2)c2nc(Nc3cc(F)ccc3F)ncc21,9,7-9,0.0,0.0
47125,COC1NC=C(C#N)c2c1c(Br)cn2C1CCCC1,7,7-9,0.0,0.0
47128,CN1CCN(c2ccc([N+](=O)[O-])c(C(=O)Nc3cccc(NC(=O)c4ccnc(N5CCOCC5)c4)c3)c2)CC1,9,7-9,0.0,0.0
47130,CC[C@](C)(O)[C@H]1CC[C@H]2[C@@H]3[C@@H](C)C[C@H]4N(C)C(=O)C=C[C@]4(C)[C@H]3CC[C@@]21C,10,10,0.0,0.0
47131,Cc1cc(Br)c(CNCc2cc(C(F)(F)F)cc(C(F)(F)F)c2)cc1C(F)(F)F,8,7-9,0.25,0.125
47132,CCC(F)(F)[C@]1(O)CC[C@H]2[C@@H]3CCC4=CC(=O)CCC4=C3[C@@H](c3ccc(C(C)=O)cc3)C[C@@]21C,7,7-9,0.0,0.0916666666666667
47133,c1ccc(CCC2(CCc3ccccc3)OCCO2)cc1,5,4-6,0.0,0.0
47134,CNC(=O)C1(C)NCCc2c1[nH]c1ccccc21,10,10,0.0,0.0
47135,O=C(NC(Cc1ccc(CC(F)(F)C(F)(F)F)cc1)C(O)c1cccc(Cl)c1)c1cccc2c(Cl)cccc12,10,10,0.0,0.0
47136,O=[N+]([O-])c1cccc(/C=C/c2ccccc2)c1,10,10,-0.1,-0.11166666666666672
47137,C=C(C)COc1cc(C)ccc1C,9,7-9,0.0,0.0
47138,CC(=O)Nc1nc2ccc(-c3cnc(Cl)c(NS(=O)(=O)c4cccc(OC(F)F)c4)c3)nn2c1-c1ccncc1,7,7-9,0.0,0.0
47139,CC(C)OC(=O)Cc1cc(C(F)(F)F)ccc1I,10,10,-0.05,-0.20166666666666666
47140,Cc1c(O)cccc1CC1CCCC=C1c1nc(-c2ccccc2)c(-c2ccccc2)o1,9,7-9,0.0,0.0
47141,CN(C(=O)c1c(O)c2cccc3c2n(c1=O)CCO3)c1ccc(F)cc1,7,7-9,0.0,0.0
47142,CCOC(=O)c1cnn(-c2ccc(NS(C)(=O)=O)cc2)c1C(F)(F)F,9,7-9,0.0,0.0
47143,CCOC(=O)CCc1nccn1-c1ccc(C(C)=O)cc1[N+](=O)[O-],5,4-6,0.0,0.0
47144,CNC(=O)COc1ccc2nc(CC(C)C)c(CNC(=O)OC(C)(C)C)c(-c3ccc(C)cc3)c2c1,9,7-9,0.0,0.0
47145,COc1cc(F)c2nc(C)c3c(C)nc(-c4ccccc4C)n3c2c1,10,10,0.0,0.0
47146,COc1cc[nH]c1/C=C1\C(=O)Nc2cccc(C#CC(O)c3ccc(O)cc3)c21,8,7-9,0.0,0.0
47147,COC(=O)c1cc(N2CCCCC2)nc(Cl)n1,6,4-6,0.0,0.0
47151,Cc1nc(-c2sc(NC(=O)CC(C)C)nc2-c2ccccc2)no1,9,7-9,0.0,0.0
47152,CCn1cc(-c2ccc(Cl)cc2Cl)nc1/C=C/c1ccc(-c2ccc(Oc3ccc(C(=O)OC)c(Br)c3)cc2)cc1,10,10,0.0,0.0
47154,CCOC(=O)/C=C/c1cn(Cc2ccc(OCc3csc(-c4ccccc4)n3)cc2)nc1-c1cccs1,5,4-6,0.0,0.0
47155,O=C(c1ccccc1)c1ccc(S(=O)(=O)N2CCc3occc3C2)cc1,10,10,0.0,0.0
47156,CCc1ccc(CCOc2ccc(N)cc2)nc1,7,7-9,0.0,0.0
47157,OCCN(Cc1ccccc1)c1ccc2c(-c3[nH]ncc3-c3cccc(Cl)c3)c[nH]c2n1,9,7-9,0.0,-0.039900793650793645
47158,CN1CCC(CNc2cnccc2C(=O)O)c2ccccc21,1,1,0.0,0.0
47159,Cc1noc2nc(C(N)C(C)C)n(Cc3cccc(F)c3)c(=O)c12,10,10,-0.95,-0.475
47160,O=C(O)c1ccccc1Nc1nccc(-c2ccc3ccccc3c2)n1,8,7-9,0.0,0.0
47161,Nc1nc(NCc2ccc3c(c2)OCO3)c2cc(Cl)ccc2n1,6,4-6,0.0,0.0
47163,Cc1ccc(S(=O)(=O)OC[C@H](CCC(=O)OC2CCCCC2)C[C@H]2COC(C)(C)N2C(=O)OC(C)(C)C)cc1,6,4-6,0.0,0.0
47165,COc1cc2c(Oc3ccc4[nH]ncc4c3)ncnc2cc1OCCCN1CCN(C(C)=O)CC1,6,4-6,0.0,0.19166666666666665
47166,Cc1cccc(-n2c(-c3ccc4ncnn4c3)c(C)n(Cc3cccnc3)c2=O)c1,6,4-6,0.0,0.0
47168,Cn1c(-c2cc(N3CCN(C(=O)OC(C)(C)C)CC3)ccc2F)nc2ccccc21,8,7-9,0.0,0.0
47169,CC1CC(N(C)C)C(O)C(OC2CCCCCCCCCCCCC2)O1,1,1,0.0,0.0
47170,CO[C@H](CNC(=O)OCc1ccccc1)c1ccc(O)cc1,8,7-9,0.0,0.014285714285714282
47171,COCCN(C)c1cc(Cl)ncn1,8,7-9,0.0,0.0
47172,Nc1ccc(-c2ncn[nH]2)cc1,10,10,0.0,0.0
47175,COc1cc(C)nc(-n2cncn2)n1,7,7-9,0.0,0.0
47177,CC(=O)N[C@@H]1[C@H](O)C=C(C(=O)O)O[C@H]1C(=O)NCCCCCc1ccccc1,9,7-9,0.0,-0.01765873015873016
47179,O=C(c1ccccc1Cl)N1CCc2ccccc2C1,8,7-9,0.0,0.0
47181,O=C(O)c1cn2cc(Br)cc(C(F)(F)F)c2n1,8,7-9,0.0,0.0
47182,Cc1nc(Cl)c([N+](=O)[O-])c(NCCC2CCN(Cc3ccccc3)CC2)c1C,8,7-9,0.0,0.0
47183,O=C(c1ccc(Cl)cc1)C1CCN(C(=O)c2ccc(N3CCCC3=O)nc2)CC1,8,7-9,0.0,0.0
47185,CCCO[C@H]1CC[C@H](N2CCC(Nc3cc(C)c(Cl)cc3[N+](=O)[O-])CC2)CC1,8,7-9,0.0,0.0
47186,CC(C)(C)OC(=O)N1CCN(c2ccc(N)cc2)C(=O)C1,9,7-9,0.0,0.002857142857142858
47187,COc1cc(C#N)ccc1C,10,10,-0.55,-0.275
47188,COc1cc(-c2cn(C3CCCC3)c3ncnc(Cl)c23)ccc1N,10,10,0.15,0.075
47189,C[C@H](CO)CN1C(=O)COc2ccc(F)cc21,10,10,0.0,0.0
47191,CCOC(=O)C(Cc1cccc(C(F)(F)F)c1)C(O)c1ccc(F)cc1,1,1,0.0,0.0
47192,CCc1ccc(OCc2ccccc2)c(CC)c1Cc1ncc[nH]1,4,4-6,0.0,0.0
47193,CC(C)(C)OC(=O)c1cn(CC(=O)OCc2ccccc2)c2ccc(Cl)cc12,8,7-9,0.0,0.0
47197,CCC(C)Oc1cccc(CC(=O)O)c1,10,10,0.0,0.0
47198,CCOC(=O)Oc1ccc([N+](=O)[O-])cc1,9,7-9,0.0,0.0
47199,CC(C)[C@H](N)C(=O)N[C@H](C(=O)N[C@@H](Cc1c[nH]c2ccccc12)C(=O)O)C(C)C,9,7-9,0.0,0.0
47200,CCCCC[C@H]1CC[C@H](c2cnc(-c3ccc(C#N)cc3)nc2)CC1,8,7-9,0.0,0.0
47201,CC(C)(C)OC(=O)N1CC(Oc2ccccc2C=O)C1,9,7-9,0.0,0.04750000000000001
47202,O=C(O)c1cc2cc(Cl)cc(Cl)c2nc1NC(Cc1c[nH]c2ccccc12)C(=O)O,6,4-6,0.0,0.0
47203,CCOC(=O)C1(c2ccc(-c3ccc(-c4onc(CC)c4Nc4nnc(-c5ccccc5)o4)cc3)cc2)CC1,9,7-9,0.0,0.0
47205,Cc1cc(C(=O)OCCC#N)ccc1Br,10,10,0.0,0.0
47207,CNc1nc(C2(C(=O)O)C=CON2)cs1,10,10,0.0,0.0
47209,CCNS(=O)(=O)c1ccc(-c2ccc(C#N)n2C)cc1,2,2-3,0.0,0.0
47210,COc1cccc(CC(=O)Nc2cc(-c3c(Nc4ccn(C)n4)nc4ccccn34)nc(C)n2)c1,8,7-9,0.0,0.0
47211,CCNCc1cc(-c2cccc(S(=O)(=O)CC)c2)c2c(c1)[nH]c1ncc(C)cc12,10,10,0.0,0.0
47212,Cc1nc2c3c(nn2c(C)c1Cl)CN(C(=O)c1ccccc1OCCN(C)CCO[Si](C)(C)C(C)(C)C)C3,10,10,0.0,0.0
47213,COc1ccc(-c2ccccc2)cc1,10,10,0.0,0.010317460317460319
47214,CC(=O)O[C@H](C)CCCCn1c(=O)c2c(=O)cc(C)n(Cc3ccccc3)c2n(C)c1=O,7,7-9,0.0,0.0
47216,CCOC(=O)NN=Cc1c[nH]c(C)n1,3,2-3,0.0,0.0
47217,CC(C)CCN1CCC(c2cc(-c3ccc(C(F)(F)F)cc3)cc(C(CC(C)C)C(=O)O)c2)CC1,8,7-9,-0.65,-0.325
47219,O=C(O)[C@H]1C[C@@H]1c1ccccc1,10,10,0.0,0.0
47220,CCCc1nc(C(C)O)c(C(=O)O)n1Cc1ccc(-c2ccccc2-c2nnn[nH]2)cc1,10,10,0.0,0.0
47221,CC(C)(Sc1ccc(CN(Cc2ccco2)Cc2nnc(-c3ccccc3)o2)cc1)C(=O)O,10,10,0.0,0.0
47222,C[C@H](NC(=O)c1ncc2onc(-c3ccccc3)c2c1O)C(=O)O,8,7-9,0.0,0.0
47223,COc1cc(C)ccc1OCCCBr,10,10,0.0,0.0
47225,O=C1C(=O)c2ccc(-c3ccncc3)cc2C2=C1SCC1(CCN(C(=O)c3cccc(Cl)c3)CC1)O2,7,7-9,0.0,0.0
47226,C[C@@H]1C[C@H](NC(=O)OC(C)(C)C)C(=O)N1CC(=O)O,9,7-9,-0.8,-0.4
47227,CC(=O)Nc1ccc(-c2nc(SCc3cccc(CN)n3)nc(N)c2C#N)cc1,10,10,0.0,0.13333333333333333
47228,CC1(NC(=O)OCc2ccccc2)CCN(c2ccc(C#N)cn2)CC1,10,10,0.0,0.0
47229,CCN1CCC(C2CCNCC2)CC1,8,7-9,0.0,0.0
47230,CCOC(=O)n1nnc2ccccc21,10,10,0.95,0.475
47231,CC1COc2c(N3Cc4cccc(Cl)c4C3)c(F)cc3c(=O)c(C(=O)O)cn1c23,7,7-9,0.0,0.0
47233,CC1c2ccccc2-c2ccc(F)cc2N1S(=O)(=O)c1ccc(O)cc1,10,10,0.0,0.0
47234,COc1cc(C(=O)Nc2ccccc2)ccn1,10,10,0.0,0.0
47235,Fc1ccc(Cc2nnc(Cl)c3c2CCC3)cc1,8,7-9,0.0,0.0
47236,COc1ccccc1COCCCOc1ccc(C2CCN(C(=O)OCc3ccccc3)CC2OCc2ccc3c(c2)N(CCCCO[Si](C(C)C)(C(C)C)C(C)C)C(=O)CO3)cc1,10,10,-0.3,-0.16666666666666669
47237,CS(=O)(=O)C1CCN(Cc2cc3c(N4CCOCC4)nc(-c4cnc(N)nc4)nc3s2)CC1,3,2-3,0.0,0.0
47239,COCCc1cnc2n1C[C@H](c1cccc(F)c1F)CC[C@H]2NC(=O)OC(C)(C)C,9,7-9,0.0,0.0
47241,CCOC(=O)[C@H](Cc1ccc(OC/C=C(\C)c2ccc(-c3ccc(C(C)C)cc3)cc2)cc1)OCC,8,7-9,0.0,0.0
47242,CSc1ncc(C(=O)O)c(NC2(c3ccccc3)CC2)n1,8,7-9,0.0,0.0
47243,CC(C)(C)OC(=O)NCCCCCCN1CCCC[C@@H]1C(=O)O,10,10,0.0,0.0
47245,CN(C(=O)OC(C)(C)C)C(C(=O)O)c1cccc(Br)c1,7,7-9,0.0,-0.04166666666666665
47247,CCc1cc2c(=O)n(CC(=O)C(C)(C)C)c(=O)n(Cc3ccc(-c4ccccc4C#N)cc3)c2s1,4,4-6,0.0,0.0
47248,CNc1cncc(Br)c1,8,7-9,0.0,0.008333333333333331
47249,CCCN(Cc1ccc(OCc2nc(-c3ccccc3)oc2C)cc1)c1nc(-c2ccccc2)c(CCC(=O)O)s1,7,7-9,0.15,0.1
47250,O=C(NCc1ccccc1)N1c2ccccc2CCc2ccccc21,7,7-9,0.0,0.0
47251,Cc1cc(=O)oc2cc(OCC(=O)NCCCCON)ccc12,8,7-9,0.0,-0.0023809523809523807
47252,Cc1csc(C(O)c2cn(C(c3ccccc3)(c3ccccc3)c3ccccc3)cn2)c1C,7,7-9,0.0,-0.01666666666666667
47253,O=C(NNc1ccccc1)C1CCC1,8,7-9,0.0,0.0
47254,CCOC(=O)c1cnc(N)c2c(COc3cccc(-c4nnn(Cc5ccc(OC)cc5)n4)c3)csc12,2,2-3,0.0,0.0
47256,N=C(COCCc1ccc(Cl)cc1)NC(=O)c1cc(Cl)cnc1Cl,2,2-3,0.0,0.0
47258,Cc1nn(COCC[Si](C)(C)C)c2cc(N)ccc12,10,10,0.0,0.0
47259,CCOC(=O)C1CCN(CCn2cccc(-c3ccc(C(=O)O)cc3)c2=O)CC1,9,7-9,-0.1,-0.05
47261,CCOC(=O)c1cc([C@H]2CCCN(C(=O)c3sc(-c4ccc(C(F)(F)F)cc4)nc3C)C2)ccc1C,8,7-9,0.0,0.0
47263,CCCc1nc(-c2cccc(C#Cc3ccc(I)cc3)c2)n(C)n1,10,10,0.1,0.05
47264,O=C(N[C@H]1CCC[C@@H]1Nc1cnc(C(F)(F)F)cn1)c1cc(Cl)ccc1-n1cccn1,3,2-3,0.0,0.0
47265,CCOC(=O)CCc1cc(OC)ncc1C(=O)OC,8,7-9,0.0,0.0
47266,Cc1nc(C(F)(F)F)ccc1COc1cc(C)c2c(CC(=O)O)csc2c1,10,10,0.0,0.0
47268,O=C(COc1cccc(F)c1)Nc1ccc(-c2nc3cc(Cl)ccc3o2)cc1,8,7-9,0.0,-0.07500000000000002
47269,C=CCOc1c(C)c(C(F)(F)F)nc(C(F)(F)F)c1C(=O)OCC,8,7-9,0.0,0.0
47271,Nc1cnc(-c2ccc(Cl)c(OCc3ccccc3)c2F)cn1,8,7-9,-0.65,-0.325
47273,COc1cccc2scc(C#Cc3ccc(C(=O)O)cc3)c12,9,7-9,0.0,0.058333333333333307
47274,CCOC(CNC(=O)c1ccncc1Nc1ccc(I)cc1F)OCC,1,1,0.0,0.0
47276,COC(=O)CCNC(=O)c1ccc2c(c1)nc(-c1ccc(CN)cc1)n2CCCN,8,7-9,0.1,0.05
47278,Nc1nccc(Oc2ccc3c(C(=O)Nc4ccc(Cl)c(C(F)(F)F)c4)cccc3c2)n1,8,7-9,0.0,-0.0375
47279,COc1cc2c(cc1O)CCNC2=O,9,7-9,0.0,0.03333333333333334
47280,CCN(CCO)CCCC1Oc2ccccc2N(c2ccccc2)S1(=O)=O,10,10,0.7,0.44166666666666676
47281,COc1ccc(C=O)nc1-c1ccc(S(C)=O)cc1,10,10,0.0,0.0
47284,CCC(CC)(c1ccc(OCC(O)C(C)(C)C)c(C)c1)c1cc(C)cs1,9,7-9,0.0,0.0
47286,CN(C)C(=O)[C@@H]1C[C@@H](O)CN1C(=O)OC(C)(C)C,9,7-9,0.0,0.0
47287,O=C(CC1CCCCC1)Nc1n[nH]c(-c2ccc(F)cc2)c1-c1ccncc1,7,7-9,0.0,0.0
47289,CN(Cc1cccc2c1C(=O)N(C1CCC(=O)NC1=O)C2=O)C(=O)Nc1ccc(Cl)cc1,6,4-6,0.0,0.0
47290,Oc1cc(Cl)cc2c1CCC2,10,10,0.0,0.0
47291,COCCOc1nc(N)c2[nH]c(=O)n(Cc3ccc(CN4CCC5(CC4)CN(CCOc4cccc(CC(=O)OC)c4)CCO5)cc3)c2n1,9,7-9,0.0,0.008333333333333335
47293,COc1cccc(-c2ccc3c(c2)NC(=O)C3=Cc2[nH]c(C)c(CCC(=O)O)c2C)c1,1,1,0.0,0.0
47294,CCc1nc2c(C)cc(C)nn2c1CO,6,4-6,0.0,0.0
47297,O=[N+]([O-])c1cnccc1O,9,7-9,0.0,0.0
47298,N#Cc1ccc(Cn2cncc2CCNC(=O)[C@@H]2CCCCN2CC(c2ccccc2)c2ccccc2)cc1,10,10,0.0,0.0
47299,COc1cc(Br)c(F)cc1-n1c(=O)cnc2cc(S(=O)(=O)Nc3ccon3)ccc21,7,7-9,0.0,0.0
47300,Cn1cccc1C(=O)Nc1cccc(Oc2ccc3nc(NC(=O)C4CC4)nn3c2)c1,7,7-9,0.0,0.0
47301,O=C(OC1CC=CC1)c1ccccc1,8,7-9,0.15,0.075
47303,CC(C)Nc1ncc(C(=O)O)cc1C#N,10,10,0.0,0.0
47304,CN(C)CCOCCC(N)=O,10,10,0.0,0.0
47305,CCn1cnc2c(-c3ccc(Cl)c(-c4ccc(S(=O)(=O)CC)cc4OC)c3)cnnc21,7,7-9,0.0,0.0
47306,CNc1ccccc1CSc1nc2c([nH]1)CCCC2,10,10,0.0,0.0
47307,Oc1ccc2c(c1)OCCO2,9,7-9,0.0,0.012499999999999997
47308,Cc1cnc(N2CCN(C(=O)c3cnc(N4CCN(C)C4=O)cn3)CC2)c(C)c1,6,4-6,0.0,0.0
47310,CCc1nc2c(C)cc(C)nc2n1Cc1ccc(-c2ccccc2-c2c(OCOC(=O)C(C)(C)C)c(=O)c2=O)cc1,9,7-9,0.0,0.0
47311,S=C=NCc1ccoc1,5,4-6,0.0,0.0
47312,S=C(Nc1cccnc1)N1CCN(c2nc(-c3ccccc3)ns2)CC1,3,2-3,-0.2,-0.1
47313,CCC1CN(C(Cc2ccc3ccccc3c2)C(=O)O)CCN1C(=O)C(Cc1ccc(F)cc1)NC(=O)OC(C)(C)C,7,7-9,0.0,0.0
47316,COc1cc(C#N)ccc1N,10,10,0.0,0.0
47317,CN(C)CCCOc1cc(N)c([N+](=O)[O-])cc1F,10,10,0.0,0.0
47318,Cn1ncc2c(Cl)cc(-c3ccc4[nH]ncc4c3)nc21,9,7-9,0.0,0.0
47320,CN1C(=O)CC[C@]2(C)c3ccc(-c4cccs4)cc3CC[C@@H]12,10,10,0.0,0.0
47321,O=S(=O)(CCO)NCc1nc2ccc(-c3c[nH]c4cc(F)ccc34)cc2o1,9,7-9,0.0,0.004166666666666666
47322,COc1ccc(-n2nc(C)cc2C)c(CO)c1,10,10,0.35,0.175
47324,CC(C)(C)OC(=O)NCCc1ccc(COS(C)(=O)=O)cc1,1,1,0.0,0.0
47325,CC1(C)OC(=O)Nc2ccc(-c3coc(C#N)c3)cc21,5,4-6,0.0,0.0
47326,Cn1cncc1C(=O)Nc1cccc(N(Cc2ccccc2)S(=O)(=O)c2ccccc2)c1,5,4-6,0.0,0.0
47327,Cc1ccnc(N2CC3CN(C(=O)c4ccccc4-c4ccccc4)CC32)n1,8,7-9,-0.95,-0.475
47328,CC(=O)NCc1cc(C2=NOC(c3cc(Cl)c(F)c(Cl)c3)(C(F)(F)F)C2)ccc1F,7,7-9,0.0,0.0
47329,COc1cc2c(cc1OC)/C(=C\c1ccc3cn[nH]c3c1)C(=O)N2,9,7-9,0.0,0.0
47330,O=C(Nc1cc(C(F)(F)F)ccc1Cl)c1cc(Br)ccc1O,9,7-9,0.0,0.0
47332,CC(C)(C)OC(=O)N1C(=O)CC12CCC2,6,4-6,0.0,0.0
47334,Cc1cc(NC(=O)c2c(C)n(CC(C)(C)O)n(-c3ccccc3)c2=O)ccc1-c1cccc2cnccc12,8,7-9,0.4,0.3041666666666667
47335,O=C(Nc1nnc(-c2ccco2)o1)c1cc(-c2ccc(-c3ccccc3)cc2)cs1,8,7-9,0.0,0.0
47336,COC[C@H](C)Oc1cc(Oc2cnc(S(C)(=O)=O)cn2)cc(-c2ccc(C(=O)O)[nH]2)c1,4,4-6,0.0,0.0
47337,COc1nc2cc(Cl)c(Cl)c(Cn3cc(CCCN4CCOCC4)cn3)c2nc1OC,7,7-9,0.0,0.0
47338,COc1cc2c(Nc3ccc(Cl)cc3F)ncnc2cc1OCCN(C)C(=O)c1ccncc1,9,7-9,0.0,0.0
47341,CCCCOC(=O)N1CCN(C(=O)[C@H](CCC(=O)OC(C)(C)C)NC(=O)c2cc(OCC(=O)N3CCC[C@H]3C(=O)O)n(-c3ccccc3)n2)CC1,8,7-9,0.0,0.0
47342,CC(=O)C=CC=Cc1ccc(OCc2ccccc2)cc1,9,7-9,0.0,0.0006944444444444448
47343,O=C(O[C@H]1CCNC1)c1ccc([N+](=O)[O-])cc1,7,7-9,0.0,0.0
47344,Cc1c(N2C(=O)N3CCC(=NO)[C@H]3[C@H]2C(F)(F)F)ccc(C#N)c1Cl,9,7-9,0.0,0.0
47345,COCCOc1cccc([N+](=O)[O-])c1,10,10,0.0,0.0
47346,N#CCCN1CCOCC1=O,10,10,0.0,0.0
47347,Cc1cccc(C)c1N(CCCc1cccnc1)C(=O)Cn1ccnc1C,7,7-9,0.0,0.0
47348,Fc1cnc(Cl)nc1Nc1ccc(Cl)nc1,5,4-6,0.0,0.0
47350,CC/C=C\CC/C=C/C=CCc1ccccc1,9,7-9,0.0,0.0
47351,CCOC(=O)C1CCC(N2CCCC2=O)CC1,6,4-6,0.0,0.0
47352,O=c1c2cc(C#CCc3ccccc3)ccc2ccn1Cc1ccc(F)cc1,10,10,0.0,0.0
47353,COc1cccc([C@@H](C)Nc2nc(Cl)ncc2Cl)c1,5,4-6,0.0,0.0
47354,C[C@@H](CO)NS(=O)(=O)c1ccccc1-c1ccc(-c2cnc3[nH]ccc3c2)c(F)c1,8,7-9,0.0,0.0
47355,Cc1csc2ncnc(N(C)C3Cc4ccccc4C3)c12,7,7-9,0.0,0.0
47356,CCOC(=O)OC(C)OC(=O)c1cc(C)c2[nH]c(=O)n(-c3cc(S(=O)(=O)C(C)(C)c4ccccc4)c(OC)cc3Cl)c2n1,3,2-3,0.0,0.0
47358,COC(=O)c1ccc(Cl)c(NC(=O)C(=O)NCC(OC)OC)c1,4,4-6,0.0,0.0
47359,CN(C)c1cc(-c2ccc3nc(NC(=O)Oc4ccccc4)sc3c2)cnc1Cl,8,7-9,0.0,0.0
47361,CCC(O)(C#Cc1ccc(C(CC)(CC)c2ccc(-c3cncc(CC(=O)O)c3)c(C)c2)cc1C)CC,10,10,0.0,0.0
47362,OC[C@@H](c1ccc(Cl)cc1)C1CC1,10,10,0.0,0.0
47364,CC(ON1C(C)(C)CC2(CC1(C)C)OCC(C)(C)CO2)c1ccc(O)cc1,9,7-9,-0.75,-0.375
47365,CCCN1[C@H](C)CN(c2cccc(C(C)=O)c2)C[C@@H]1C,10,10,0.0,-0.0023809523809523807
47367,O=S(=O)(Nc1ccc(O)cc1)c1cccc2ccccc12,9,7-9,0.0,0.0
47368,CCO[C@@H](Cc1ccc(OCc2ccccc2)cc1C)C(=O)N1C(=O)OC[C@@H]1Cc1ccccc1,7,7-9,0.0,0.0
47369,COc1cc(Br)cc(/C=C/C(=O)O)c1,8,7-9,0.0,0.0
47371,COCCCOCc1ccc([C@@H]2[C@@H](OC(c3ccc4c(c3)N(CCCOC)CCO4)S(=O)(=O)c3ccc(C)cc3)CNC[C@H]2O[Si](C(C)C)(C(C)C)C(C)C)cc1,10,10,0.0,0.052857142857142866
47372,CC(C)(C)OC(=O)NCC(O)CO,10,10,0.0,0.0
47373,Clc1ccc2c(C3=CCN(CCNc4ccccn4)CC3)c[nH]c2c1,10,10,-0.05,-0.0375
47374,CN(C)S(=O)(=O)c1ccc(O)cc1,10,10,0.0,0.0
47375,CC(C)(N)Cc1ccc(Oc2ccc(C(N)=O)cn2)cc1,9,7-9,0.0,0.0
47377,CC(O)Cn1cc(-c2ccccc2)c2ccccc2c1=O,9,7-9,-0.15,-0.075
47380,COc1nn2cc(-c3nc4c(OCc5cccc(-c6ccoc6)c5)cccc4o3)nc2s1,7,7-9,0.0,0.0
47381,CCCC1CC(=O)C2=C(C1)NC(C)=C(C#N)C2c1cc(N)c(N)c(Br)c1,10,10,0.05,0.025
47382,CNC(C)C(=O)NC1CCc2ccn3c2C1C(=O)CC(C(=O)NC1CCCc2ccccc21)C3,9,7-9,0.0,0.0
47384,C=C(C(C)=O)c1ccc(C(C)C)cc1,9,7-9,0.0,0.0
47385,COC1=C(OC)C(=O)C(Cc2ccc(OCc3cccnc3)c(C(=O)Nc3cc(OC)c(OC)c(OC)c3)c2)=C(C)C1=O,7,7-9,0.0,0.0
47386,CC(CN)c1ccccc1,10,10,-0.1,-0.05
47387,Cc1nc(C(=O)N2CCC[C@@H](NC(=O)c3c(C)nc4sccn34)C2)c(-c2cccc(F)c2)s1,6,4-6,0.0,0.0
47388,CCc1ccc([C@H]2C[C@@H](C(F)(F)F)n3ncc(C(=O)NCc4ccc(C)cn4)c3N2)cc1,6,4-6,0.0,0.0
47390,CCOc1cc(CN2CCC(NC(=O)c3cccc(OC)c3OC)CC2)ccc1Cl,8,7-9,0.0,0.0
47391,O=C(Nc1nc(-c2ccco2)c(C(=O)c2ccccc2)s1)c1ccc(N2CCOCC2)nc1,7,7-9,0.0,0.0
47392,CN[C@H](C(=O)O)C(C)(C)c1cccc(Br)c1,2,2-3,0.0,0.0
47393,O=C(O)c1ccc(S(=O)(=O)Nc2cccc3c(Cl)c[nH]c23)cc1,8,7-9,0.1,0.05
47394,CCOC(=O)c1cc2cc(C(=O)N3CCC(N(C)C)CC3)ccc2[nH]1,7,7-9,0.0,0.0
47396,CCc1cccc2ccc(C=O)c(OCOC)c12,9,7-9,0.0,0.0
47397,COC(=O)/C=C/c1ccc(C2CCCN2CCc2c(C(C)(C)C)[nH]c3cc(N)ccc23)cc1,9,7-9,0.0,0.0
47399,COC(=O)c1ccc(OCc2ccncc2)c(OC)c1,6,4-6,0.0,0.0
47400,N[C@H]1C[C@@H](n2cnc3c(NCC(c4ccccc4)c4ccccc4)nc(N4CC[C@@H](NC(=O)Nc5cccnc5)C4)nc32)[C@H](O)[C@@H]1O,10,10,0.0,0.012499999999999997
47401,Cc1ccc(C(=O)NC2CC2)cc1-c1ccc2c(NC3CCCCC3)nncc2c1,8,7-9,0.0,0.0
47402,Cc1c(C(=O)O)[nH]c2c(NS(=O)(=O)c3cccs3)cccc12,8,7-9,0.0,0.0
47404,COC(CN(C)C(=O)CNC(=O)OCc1ccccc1)OC,6,4-6,0.0,0.0
47405,c1cc(-c2ccc(CNC34CC5CC(CC(C5)C3)C4)o2)[nH]n1,9,7-9,0.0,0.0
47406,Cc1c(Cc2ccccc2S(=O)(=O)N2CCCC2)c2ccsc2n1CC(=O)O,10,10,0.0,0.0
47408,COC(=O)c1ccc(Cc2ccccc2O)cc1,9,7-9,-0.1,-0.05416666666666671
47409,C[C@H]1C[C@@H](c2ncc(C#Cc3ccc(Br)cc3)[nH]2)N(C(=O)OC(C)(C)C)C1,8,7-9,0.0,0.0
47411,O=Cc1ccc(-c2ccc(O)c(C3CCCCC3)c2)nc1,9,7-9,0.0,-0.2333333333333333
47412,COC(=O)CCNC(=O)c1cc(Cl)c([N+](=O)[O-])cc1[N+](=O)[O-],9,7-9,0.0,0.0
47413,CC(C)(C)OC(=O)NCc1ccc(C(=O)NCc2ccc(OCCC(=O)N3C[C@H]4OC(C)(C)O[C@@H]4C3)cc2)cc1,6,4-6,0.7,0.35
47415,O=C(CN1CCCC(c2ccccc2)(c2ccccc2)C1=O)NC1CCOc2ccc(F)cc21,7,7-9,0.0,0.0
47417,CC(C)C[C@H]1CN(C(=O)c2cc(-c3ccc(Cl)cc3F)on2)[C@@H](CC(C)C)C(=O)N1,9,7-9,0.55,0.33333333333333337
47418,CCOC(=O)CNC(=O)c1ccc(S(=O)(=O)Nc2ccccc2Oc2ccc(Br)cc2Cl)cc1,1,1,0.0,0.0
47419,CC(C)CNc1ccccc1CSc1nc2ncccc2[nH]1,9,7-9,0.0,0.0
47420,CCOC(=O)C(Cc1ccc(OCCc2ccc(OS(C)(=O)=O)cc2)c(C(C)(C)C)c1)OCC,9,7-9,0.0,0.0
47421,O=C(O)CC1CCN2C(=O)CCC2C1,10,10,0.3,0.15833333333333335
47422,Fc1ccc(-c2n[nH]cc2-c2ccnc(Nc3ccccc3F)n2)cc1,10,10,-0.05,-0.025
47425,COc1cc(OC)cc(Oc2cccc(F)c2CC(=O)O)c1,10,10,0.0,0.020337301587301584
47426,C=CCC1(C(=O)OCC)CCN(c2ncc(Br)cn2)CC1,9,7-9,0.0,0.0
47427,COc1ccc(C2=NN(C3CCN(C(=O)[C@@H](Cc4ccccc4)NC(=O)OC(C)(C)C)CC3)C(=O)C(C)(C)C2)c2c1OC(C)(C)C2,2,2-3,0.0,0.0
47428,CC(C)(C)OC(=O)[C@H](c1ccccc1)N1CN(c2ccccc2)C2(CCN(CCCC(=O)c3ccccc3)CC2)C1=O,7,7-9,0.0,0.0
47429,O=C1Cc2cc(OCc3ccccc3)ccc2C(=O)O1,2,2-3,0.0,0.0
47431,CCCCOC(OCCCC)[C@H](CCCNC(=N)N)NC(=O)[C@@H](N)CC(C)C,9,7-9,0.0,0.0
47432,O=C(O)c1ccc(N2CCC(c3cc(Cl)cc(Cl)c3)(C(F)(F)F)C2)cc1[N+](=O)[O-],9,7-9,0.0,0.0
47433,CC(C)(F)c1ccn2c(-c3ccc(F)c(-c4ccccc4C#N)c3)cnc2n1,2,2-3,0.0,0.0
47434,CC(C)(C)NS(=O)(=O)Cc1cc(Br)c(NC(=O)C(F)(F)F)c(Br)c1,6,4-6,0.0,0.0
47435,N#Cc1cc(Br)ccc1-n1cccn1,10,10,0.0,0.0
47436,Cc1cccc(C(F)(F)F)c1NC(=O)CCl,10,10,0.0,0.0
47437,N#Cc1ncccc1CBr,8,7-9,0.0,0.0
47438,Nc1ncc(Br)nc1CO,7,7-9,0.0,0.0
47439,O=C1c2ccccc2C(=O)N1c1ccn(Cc2cccc(Cl)c2F)n1,6,4-6,0.0,0.0
47440,Cc1nc2cc(OCc3ccccc3)c(OCc3ccccc3)cc2nc1C(=O)O,10,10,0.0,0.0
47441,Cc1ccc(NC(=O)C(F)(F)F)c(C(=O)O)c1,8,7-9,0.0,0.0
47442,OCc1ccc(Br)cc1F,10,10,-0.4,-0.2
47443,CC(C)(NC(=O)c1ccc(N2CC(F)(F)C2)c(OCC2CC2)n1)c1nccs1,8,7-9,0.0,0.2616666666666666
47444,COC(=O)CCCCCCNC(=O)C(Cn1ccnc1)NS(=O)(=O)c1ccc(Cl)cc1,2,2-3,0.0,0.0
47445,CC[C@H](C)Nc1cc(C(=O)O)cc(CC(C)(F)F)n1,10,10,0.0,0.0
47446,COc1cc2nc(C)nc(Oc3ccc(N)cc3)c2cc1OC,5,4-6,0.0,0.0
47447,CCOC(=O)C1(c2ccc(-c3ccc(-c4onc(C)c4Nc4cccc(C(=O)NC5CC5)n4)cc3)cc2)CC1,7,7-9,0.0,0.0
47448,COCc1cc(Nc2cc(-c3ccnc(N4CCc5c(cc6n5CCCC6)C4=O)c3CO)cn(C)c2=O)nn1C,7,7-9,0.0,0.0
47449,COC(=O)c1cc(-c2cc(Sc3cccc(OCCCNC(=O)OC(C)(C)C)c3)nc(N)n2)c(C)cc1OC,9,7-9,0.0,0.0
47450,C=CC(=O)Nc1cccc(Oc2ncnc(N)c2-c2ccc(Oc3ccccc3)cc2)c1,8,7-9,0.0,0.0
47453,Cc1ccccc1C(=O)Nc1ccc(C(=O)N2Cc3ccccc3Sc3ncccc32)cc1,5,4-6,0.0,0.0
47454,CCCCC(Cc1ccc(OCCNC(=O)c2c[nH]c3ccccc23)cc1)C(=O)O,9,7-9,-0.05,-0.025
47456,CCOC(=O)CCCCCCOc1cc2c(Nc3ccc(F)c(Cl)c3)ncnc2cc1OC,9,7-9,0.2,0.1
47457,Cc1cc(C(=O)N[C@H]2CC(=O)c3ccccc3N(CC(=O)OCc3ccccc3)C2=O)cc(C)c1O,9,7-9,0.0,0.0
47458,O=C(O)[C@@H]1CCCN1C(=O)OCC12CC3CC(CC(C3)C1)C2,9,7-9,0.0,0.0
47461,Cn1ncc(I)c1CO,8,7-9,0.0,0.0
47463,CCNc1nccc2c1c(C(N)=O)nn2-c1cccc(C#C[C@]2(O)CCN(C)C2=O)c1,9,7-9,0.0,-0.016666666666666666
47464,CN1CCN(C2Cc3ccc(C(F)(F)F)cc3Sc3ccc(F)cc32)CC1,5,4-6,0.0,0.0
47465,COc1ccc(CO)c2ccn(S(=O)(=O)c3ccccc3)c12,9,7-9,0.0,0.0
47466,COC(=O)c1cc(S(C)(=O)=O)c(NS(=O)(=O)c2sc3ccc(Cl)cc3c2C)cc1C,4,4-6,0.0,0.0
47467,O=C(CNC(=O)c1ccc(F)cc1)NC(c1ccccc1)c1cccs1,6,4-6,0.0,0.0
47469,CNC(=O)c1ccc(Oc2ccc3nc(N4CC[C@@H](N5CCCCC5)C4)sc3c2)nc1,9,7-9,0.2,0.1
47470,Cc1cc2c(ncn2C)c(Nc2cc(C(F)(F)F)nc(-c3cccnc3)n2)c1C,6,4-6,0.0,0.0
47472,O=S(=O)(NCCCCO)c1ccc(-c2ccccc2)cc1C(F)(F)F,10,10,1.0,0.5
47474,CC(C)(C)SSC[C@H](N)C(=O)O[C@H]1[C@@H](O)[C@H](n2cnc3c(N)ncnc32)O[C@@H]1COP(=O)(O)O[C@H]1C[C@H](n2ccc(N)nc2=O)O[C@@H]1COP(=O)(O)O,9,7-9,0.0,0.0
47475,O=C(Nc1cnc(Nc2cccnc2)nc1)c1cc(O)ccc1Cl,5,4-6,0.0,0.0
47476,CC1(c2cccc(-c3cc4ccc(Cl)cc4[nH]3)c2)COCC(N)=N1,10,10,0.0,0.05000000000000001
47477,CN1C(=O)C(F)(F)CN(C2CCCC2)c2nc(Nc3cccc4c3OC(F)(F)O4)ncc21,9,7-9,0.0,0.0
47478,Cc1cccc(CN(C(=O)CC#N)C2CC2)c1C,8,7-9,0.0,0.0
47479,CCN1C(=O)CCC(C)(C)c2ccc(Nc3ncc(Cl)c(Nc4c(F)cccc4S(C)(=O)=O)n3)cc21,3,2-3,0.0,0.0
47480,O=C1CCC(N2Cc3c(NC(=O)CCl)cccc3C2=O)C(=O)N1,9,7-9,0.0,0.0
47481,CC(C)(N)[C@H](NC(=O)c1ccc(C#C/C=C/C(O)CO)cc1)C(=O)NO,4,4-6,0.0,0.0
47482,NS(=O)(=O)c1cc2[nH]c(C(Cl)Cl)nc2cc1Cl,10,10,0.0,0.0
47483,C#Cc1ccc(OC(F)F)cc1,10,10,0.0,0.0
47484,Cc1ccc([N+](=O)[O-])c(N=C2SCC3(CCCC3)N2C2CCCC2)c1C,2,2-3,0.0,0.0
47485,CCNC(=O)c1cccc2c1CC(=O)N2,10,10,0.0,0.0
47486,CC#CCOc1cc(N2CCCC(C)C2)ncn1,8,7-9,0.0,0.0
47487,CCCc1c(OCc2cccc(C(=O)Nc3cccc(C(=O)O)c3)c2)ccc(C(C)=O)c1O,10,10,-0.05,-0.025
47488,CCCN(CCC)CCCCNCc1ccc(CN(Cc2ccc(C)cn2)Cc2ncc[nH]2)cc1,9,7-9,0.0,0.0
47490,COc1cccc(N(CCN2CCC(C(=O)c3ccc(F)cc3)CC2)C(=O)c2ccc(NC(C)=O)c(OC)c2)c1,7,7-9,0.0,0.0
47491,Cc1ncc(-c2nc(Nc3ccc(S(C)(=O)=O)nc3)ncc2F)n1C1CCOCC1,3,2-3,0.0,0.0
47493,CCOC(OCC)c1cc2cncc(-c3ccc(C(=O)O)cc3)c2o1,7,7-9,0.0,0.0
47494,Cc1ccc(NCc2ccc(N(C)C)cc2)cc1O,10,10,0.0,0.0
47498,O=C(N[C@@H](Cc1c[nH]c2ccccc12)C(=O)N(Cc1ccccc1)C1CCCCC1)OCC1c2ccccc2-c2ccccc21,8,7-9,0.0,0.0
47499,CCCNC(=O)c1nnc2c(-c3ccc4[nH]ccc4c3)cccc2c1N,6,4-6,0.0,0.0
47500,COC(=O)CC1Cc2ccc(NC(=O)CCNC(=O)OC(C)(C)C)cc2CN(C)C1=O,9,7-9,0.0,0.0
47501,CCC1(CC)CC(C)(C)c2cc(Br)cc(C(C)=O)c2O1,9,7-9,0.0,-0.01666666666666667
47502,CC(C)(C)OC(=O)N[C@H](c1ccc(C(F)(F)F)cc1)[C@H](CO[Si](C)(C)C(C)(C)C)OS(C)(=O)=O,2,2-3,0.0,0.0
47503,NCc1ccc(OCc2ccccc2)cc1,7,7-9,0.0,0.0
47504,CCOC(=O)CC1(c2ccc(OCc3ccc(C)c(C(F)(F)F)c3)cc2)COC1,10,10,0.0,0.0
47505,N#Cc1cc(-c2ccc(Cl)cc2F)c2c(c1)cc1n2CCCNC1=O,9,7-9,0.0,0.0
47506,CN(C(=O)OC(C)(C)C)c1cc(Oc2ccc(-c3ccc(OCc4ccccc4)cc3)cc2)ccc1[N+](=O)[O-],10,10,-0.45,-0.225
47508,Cc1cc(C)c(C(=O)CSc2nccn2C)c(C)c1,6,4-6,0.0,0.0
47509,Cc1cc(/C=C/C(F)(F)F)ccc1C(=O)Nc1nccc2cccnc12,5,4-6,0.0,0.0
47510,C=CC(c1ccccc1)c1cc(C)c2c(c1O)C(=NO)CC2,10,10,0.0,0.0
47511,FC(F)=C(F)CCSc1ncco1,5,4-6,-0.25,-0.13333333333333336
47512,CON(C)C(=O)c1ccc(-c2ccc(Cl)cc2)cn1,9,7-9,0.0,0.0
47514,CCCCCCCCCCCCCCOC(=O)CNC(=O)[C@@H]1CCCN1C(=O)[C@@H](N)Cc1cscn1,5,4-6,-0.1,-0.05
47515,N#CCC1(CCN)CC1,10,10,0.0,0.0
47516,COCCOCn1nccc1[C@H]1CCC(F)(F)C[C@@H]1O,10,10,0.0,0.0
47517,CNC1CN(c2c(F)cc3c(=O)c(C(=O)O)cn(-c4nc(N)c(F)cc4Cl)c3c2Cl)C1,8,7-9,0.0,0.0
47518,CC(C)Nc1ccc(F)c(F)c1F,8,7-9,0.0,0.0
47519,Cc1cc2cc(Cl)cnc2[nH]1,10,10,-0.2,-0.1
47521,CC(=O)c1cc(Br)ccc1Cl,10,10,0.0,0.014999999999999996
47523,Cc1c(Br)ccc(NC(=O)OC(C)(C)C)c1C(=O)OCc1ccccc1,9,7-9,0.0,0.0
47525,CN(C)CC=CCCCCCCCCCCCCCCCCCC[SiH3],9,7-9,0.0,0.0
47526,O=C(c1ccc(F)cc1)N1CCCC(O)C1,10,10,0.0,0.0
47529,Nc1cc(C(F)F)ccn1,10,10,0.0,0.0
47530,COC(=O)c1ccc(CNc2ccc(C(=Cc3ccc(F)cc3)C(=O)NC3CC3)cc2)cc1,7,7-9,0.0,0.0
47532,COC(=O)c1cccc2c(C(=O)C3C(C)(C)C3(C)C)c[nH]c12,8,7-9,0.0,0.0
47533,CCC(=O)c1ccc(-c2ccc(Cc3nc(-c4ccc(Cl)cc4Cl)cn3-c3ccc(NCC(=O)OC)cc3)cc2)cc1,10,10,0.0,0.0
47534,COC(=O)[C@@H]1C[C@@H](S(=O)(=O)c2ccc(F)cc2C(F)(F)F)CN1,7,7-9,0.0,0.0
47535,CC(C)C[C@H](NC(=O)c1cc2ccccc2s1)C(=O)NCC1CCCCN1C(=O)OC(C)(C)C,7,7-9,0.0,0.0
47536,CCOC(=O)c1ccc2c(c1)CC(C)(C)C(c1cccc(-c3ccc(C(=O)O)cc3)c1)N2,9,7-9,0.0,0.0
47538,C=CCNc1nc(NCC(C)(C)C)nc2ccc([N+](=O)[O-])cc12,7,7-9,0.0,0.0
47539,CCOCC(=O)Nc1c(C)cc(OC(=O)NC)cc1C,9,7-9,0.0,0.0
47540,O=C(O)CCCc1cc2ccc3ccc4ccc5ccc6ccc1c1c6c5c4c3c21,10,10,1.0,0.5083333333333334
47542,COCCOCOCC1COC(C)(C)O1,10,10,0.0,0.0
47544,Cc1cc(NC(=O)c2cc(NC3CCCCC3)ncn2)c(C)cc1O,8,7-9,0.0,0.0
47545,C[Si](C)(C)CCOCn1ccnc1CN(Cc1nccn1COCC[Si](C)(C)C)C(=O)c1ccc(CN(CCCCN)C(=O)OCc2ccccc2)cc1,9,7-9,0.0,0.0
47546,O=C(O)c1cccc2cc(-c3ccc(OCc4c(-c5c(Cl)cccc5Cl)noc4C4CCC4)cc3)ccc12,7,7-9,0.0,0.0
47547,CCOC(=O)c1cn2ncc(C#N)c(Nc3ccc(Oc4ccccc4OC(C)(C)C(=O)NCCO)cc3)c2c1C,3,2-3,0.0,0.0
47548,CC(C)CC(Oc1ccccc1)c1ccc(C(=O)O)cc1,10,10,0.0,0.0
47550,Cc1c(C2CC2)c(=O)n(-c2ccc(F)cc2)n1C,6,4-6,0.0,0.0
47551,CCCCc1nocc1COc1ccc(C(=O)O)cn1,10,10,0.0,0.0
47553,COC(=O)c1cc(C#CC(O)c2ccc3c(c2)C(C)(C)CCC3(C)C)cn1C(=O)OC(C)(C)C,4,4-6,0.0,0.0
47554,COCCN1CCc2ccc(Nc3ncc4ccc(-c5ccccc5)n4n3)cc2CC1,10,10,0.0,0.0
47555,CN(C)Cc1c(OCC2CC2)ccc2c(CCC3CCN(Cc4ccsc4)CC3)noc12,7,7-9,0.0,0.0
47556,COC(=O)c1ccc(Cl)c(C(=O)CC(C)=O)c1Cl,9,7-9,0.0,0.0
47557,Oc1cc(O)c(C=NNc2c(Cl)cc(C(F)(F)F)cc2Cl)c(O)c1,7,7-9,0.0,0.0
47558,COC(=O)c1cc(NC(=O)c2ccc(Cl)cc2Cl)cc(C(=O)c2ccc(N(C)c3ccc(Cl)cc3)cc2)c1,8,7-9,0.0,0.0
47559,N#Cc1ccc(C#CC2CCCCC2)nc1,8,7-9,0.0,0.0
47561,O=C(NCC(=O)N1CC(Oc2ccccc2Cl)C1)c1cn(-c2cccnc2)nn1,4,4-6,0.0,0.0
47562,CCOc1cccc(Oc2ccc([N+](=O)[O-])cc2)c1,10,10,1.0,0.5
47563,CCOc1ccc(C(F)(F)F)cc1-c1cccn2nc(Cl)nc12,8,7-9,0.0,0.0
47564,Cc1nccn1CCCO,10,10,0.0,0.0
47566,O=C(c1cccnc1)N(Cc1cc(=O)[nH]c2c(F)cccc12)c1cccc(Cl)c1,4,4-6,0.0,0.0
47567,NCCNc1ccc(N2CCOC2=O)cc1[N+](=O)[O-],10,10,0.0,0.0
47568,Cc1oc(-c2cccs2)nc1COc1ccc(CN(CC(=O)O)S(=O)(=O)N(C)C)cc1,7,7-9,0.0,0.0
47569,C[C@H]1CN(Cc2ccccc2)C(=O)[C@H](C)N1c1nc2c(C(=O)N[C@@H]3CN4CCC3CC4)cccc2o1,6,4-6,0.0,0.0
47570,COc1cc(-c2nn(CCNCCO)c3ncnc(N)c23)ccc1NC(=O)c1cc2ccccc2n1C,10,10,0.0,-0.15000000000000002
47571,Cc1n[nH]c2c(C)cc(C(=O)N3CCC4(CC3)Cc3cnn(C(C)C)c3C(=O)N4)cc12,9,7-9,0.0,0.0
47572,Cc1noc(C)c1C(=O)N(C)Cc1nc(NC(=O)NCc2cccc(F)c2)sc1C#N,8,7-9,0.0,0.0
47573,Cc1cc(C(=O)NC(CCC(=O)OCc2ccccc2)c2nc3cc(Cl)ccc3[nH]2)ccc1C(=O)N1CCCC1,7,7-9,0.0,0.0
47574,Cc1ccc(C(=O)O)cc1-c1ccc2nc(N)ncc2c1,10,10,0.0,0.04583333333333332
47575,Cc1cc(COc2ccc(Nc3ncnc4cccc(OC5CCN(C)CC5)c34)cc2Cl)nn1C,7,7-9,-0.05,-0.1833333333333333
47576,C=CCn1c(=O)n(C2CCN(c3ncnc4cc(OC)c(OC)cc34)CC2)c(=O)c2cc([N+](=O)[O-])ccc21,6,4-6,0.0,0.0
47577,COc1c(NC(=O)OCC(Cl)(Cl)Cl)cc(C(C)(C)C)cc1NS(C)(=O)=O,10,10,0.0,0.0
47578,Brc1ccccc1COC1CCCCC1,10,10,0.0,0.0
47580,NCCCOc1cc(Cl)c(C(=O)Nc2ccc(C[C@H](NC(=O)c3ccc(C(=O)NCc4cccc(O)c4)cc3Cl)C(=O)O)cc2)c(Cl)c1,10,10,0.6,0.3
47581,C[C@H](O[Si](C)(C)C(C)(C)C)[C@H](O)c1cccc(C(F)(F)F)c1F,8,7-9,0.0,-0.008333333333333335
47582,CC(O)CNCc1ccccc1Cl,9,7-9,0.0,0.0
47583,COCCC#Cc1cccc(CCCNC(=O)OC(C)(C)C)c1,10,10,0.0,0.0
47584,CCN(Cc1ccccc1Cl)C(=O)c1ccc(-c2cc(-c3nnc(C)o3)ccc2C)cc1,9,7-9,0.0,0.0
47586,CCSc1nc(=O)n(C(C)(C)C)c(=O)n1Cc1ccc(Cl)cc1,8,7-9,0.0,0.0
47587,Cn1c(N2CC[C@H](O)C2)nc2oc(-c3ccc(C4(N)CCC4)cc3)c(-c3ccccc3)c2c1=O,3,2-3,0.0,0.0
47588,CCN(CC)CCOc1cccc(Nc2nccc(-c3scnc3-c3cccc(NC(=O)Cc4cccs4)c3)n2)c1,8,7-9,0.0,0.0
47589,Cn1cc(-c2nc(NCCc3cccc(F)c3)c(C(=O)NC[C@H]3CCN3C(=O)OC(C)(C)C)cc2F)cn1,8,7-9,0.0,0.0
47591,CCCCC(Cc1ccc(OCCNC(=O)c2ccc(O)nc2)cc1)C(=O)O,10,10,0.0,0.0
47593,C/C=C(\CC)C(C)(C)CO,8,7-9,0.0,0.0
47594,CCCCOc1ccc(C)[n+]([O-])c1,9,7-9,0.0,0.0
47595,CS(=O)(=O)c1ccc(-c2nc3cc(Br)ccc3[nH]2)c(F)c1,8,7-9,0.0,0.0
47597,COC(=O)c1c(Cl)nc2ccc(C#N)cc2c1NCc1ccc(OC)c(Cl)c1,8,7-9,0.2,0.1
47598,ClCCCCSc1ccccc1,10,10,0.0,0.0
47601,CC(C)(C)OC(=O)NC1=N[C@](C)(c2cc(NC(=O)c3ccc(C#N)cn3)ccc2F)Cn2c1nc(Cl)c2C#N,4,4-6,0.0,0.0
47602,CN(CCN1CCN(C(=O)OC(C)(C)C)CC1)Cc1cccc(C(=O)Nc2ccc(N3CCCCC3)cc2-c2cc(C(=O)NCc3cccc(C(F)(F)F)c3)ccn2)c1,8,7-9,0.0,0.0008333333333333401
47603,COC(=O)[C@@H](C)NC1CCCCC1,8,7-9,0.0,0.0
47604,O=C(Nc1ccc(Oc2ccccc2)cc1)Oc1ccc2c(c1)CCN2Cc1ccccc1,4,4-6,0.0,0.0
47605,CCc1ccc(OC)c(Oc2ccccc2)c1,10,10,-0.1,-0.09666666666666666
47607,Cc1cnc(C(=O)NCCN(C)CCN)c[n+]1[O-],10,10,0.0,0.0
47608,CN1C=CC(CS(C)(=O)=O)=c2ccc3c4c([nH]c(=O)c-4c21)=CCN3C1CCN(C(=O)OC(C)(C)C)CC1,8,7-9,0.0,0.0
47609,OCC(F)=CC1(c2ccc(OC(F)F)cc2)CC1,8,7-9,0.0,0.0
47612,COC(=O)c1cccc(C(=O)N2CCC(CCN3C4CCC3CC(n3c(C)nc5ccccc53)C4)(c3ccccc3)CC2)c1,7,7-9,0.0,0.0
47613,O=C([C@@H]1C[C@@H](O)CN1)N1CCN(C(=O)c2cc(C(F)(F)F)cc(C(F)(F)F)c2)[C@H](Cc2ccccc2)C1,9,7-9,0.0,0.0
47614,C#Cc1ccc(CNC(C)C)cc1,10,10,0.35,0.175
47615,OCC1(O)CC2COCC(C1)N2,10,10,0.0,0.0
47616,CCCCNc1ncc(Br)c2[nH]c3ccc(F)cc3c12,7,7-9,0.0,0.0
47617,Cc1nc2ccc(I)cc2c(N2CCC[C@H](O)C2)c1S(C)(=O)=O,10,10,0.0,0.0
47618,Cc1ccc(NC(=O)N(C)Cc2cccc3c2CN(C2CCC(=O)NC2=O)C3=O)cc1Cl,6,4-6,0.0,0.0
47619,CC1C2=C(C=CC2(C)C)CCN1C(=O)c1cc2ncc(Br)cn2n1,3,2-3,0.0,0.0
47621,CS(=O)(=O)Nc1cccc(-c2nc3c(N4CCOCC4)nc(Cl)nc3s2)c1,8,7-9,0.0,0.0
47622,CCC(=O)N[C@H]1CC[C@H](Nc2nc(N3CCOCC3)nc(-n3c(C(F)F)nc4ccccc43)n2)CC1,9,7-9,0.0,0.0
47623,CCOC(=O)[C@H]1C[C@H](O)CN1C(=O)OC(C)(C)C,9,7-9,0.0,0.0
47624,COC(=O)c1cc(C2CCCN2)c2oc(N3CCO[C@H](C)C3)cc(=O)c2c1,10,10,0.0,0.0
47625,Sc1ccc(Br)c(Cl)c1,10,10,0.0,0.0
47626,CCc1cc2c(=O)n(CC(=O)c3ccc(OC)cc3)c(=O)n(Cc3ccc(-c4ccccc4C#N)cc3F)c2s1,1,1,0.0,0.0
47627,Cc1ccccc1OC(CCN(C)C)c1ccccc1,8,7-9,-1.0,-0.5
47628,CC[C@H](COC)n1cc(Br)nc(N2CCc3cc(Cl)cc(Cl)c32)c1=O,1,1,0.0,0.0
47629,COc1cc(C(=O)O)ccc1Cc1cn(C(F)F)c2ccc(NC(=O)OC3CCCC3)cc12,8,7-9,0.0,0.0
47631,Cc1cc(N2CCN(CCCCNC(=O)c3cn4ccccc4n3)CC2)nc(C(C)(C)C)n1,7,7-9,0.0,0.0
47632,Nc1cccc2c1C(=O)c1sccc1CS2,10,10,0.0,0.0
47633,C(#CC1CC1)C1=CCNCC1,9,7-9,0.0,0.0
47634,CC(C)(C)[SiH2]OC(C)(C)c1cccc(-c2ocnc2C(=O)O)c1,10,10,0.0,0.0
47636,Cc1cc(NC(=O)[C@@H](Cc2c[nH]cn2)NC(=O)c2ccc(Br)s2)ccc1C(=O)N1CCCC1,8,7-9,0.0,0.0
47638,CC(C)(C)OC(=O)N1CC[C@H](Oc2ccc([N+](=O)[O-])cc2)C1,9,7-9,0.0,0.0
47639,COc1ccc2c(c1)C(=O)C(=Cc1ccccc1)O2,10,10,0.0,0.0
47640,CC(C)(C)NC(=O)c1ccc(S(=O)(=O)Nc2cc(F)c(C(=O)O)c(F)c2)cn1,7,7-9,0.0,0.0
47642,Nc1ccc2c(c1)c(=O)[nH]n2Cc1ccc(Cl)cc1,10,10,0.0,0.0
47643,O=c1[nH]c2ccc([C@H]3CC[C@H](NCCCc4ccc(Cl)cc4F)CC3)cc2o1,10,10,0.0,0.0835714285714286
47644,COCCCN1CCOc2ccc(CO[C@@H]3CC[C@@H](CC(C)(C)C(=O)NC4CCOCC4)N(S(=O)(=O)c4ccc(C)cc4)C3)cc21,8,7-9,0.0,0.0
47646,COc1ncccc1CN1CCCCC1CC(=O)O,10,10,0.0,0.0
47647,COC(=O)Cc1cccc(NCCCBr)c1,9,7-9,0.0,0.0
47648,Cn1cc(-c2ccc3c(=O)n(C)cc(-c4nc(CS(C)(=O)=O)ncc4OCC4CC4)c3c2)cn1,6,4-6,0.0,0.0
47649,CC(C)(C)S(=O)N=C(c1cccc(OCCC(F)F)c1)c1cccnc1C#N,1,1,0.0,0.0
47650,O=C(O)CNC(=O)c1c(O)n(C2CCCN(C(=O)OCc3ccccc3)C2)c(=O)n(C2CCCCC2)c1=O,9,7-9,0.0,0.0
47651,CC(=O)Oc1cc(NS(=O)(=O)c2cccc3ccccc23)ccc1C(=O)O,10,10,0.0,0.029166666666666664
47652,Cc1ccccc1C(=O)Nc1ccc([C@H]2CCC(N3CCC[C@@H]3C)C2)cc1,10,10,0.0,0.0
47655,CC(=O)NCCc1ccccc1Cl,10,10,-0.6,-0.3
47656,CC(=O)NC[C@H]1CN(c2ccc3c(c2)CCCC(=Cc2ccc(F)cc2)C3=O)C(=O)O1,5,4-6,0.0,0.0
47657,CC(=O)OCC(=O)Nc1cccc(N2CCCCC2)c1C#N,4,4-6,0.0,0.0
47658,N[C@@H]1CO[C@H]2c3cc(F)ccc3Cc3ccccc3[C@H]2C1,10,10,0.0,-0.17916666666666664
47659,Cc1cc(-c2ccc(C(F)(F)F)cc2)nc(-c2ccnc(-c3cccc([N+](=O)[O-])c3)c2)c1,10,10,0.55,0.4416666666666667
47660,C#Cc1cc(Nc2ncnc3cc(OC)c(OC(C)=O)cc23)ccc1F,9,7-9,0.0,0.008333333333333335
47661,Cc1noc(C)c1CN1C(=O)c2ccccc2C1c1c(C)n(CC(=O)O)c2ccccc12,10,10,0.0,0.0
47662,CN(C)C(=O)c1cc2cnc(Nc3ccc(N4CC5CCC(CC4=O)N5C(=O)OC(C)(C)C)cn3)nc2n1C1CCC1,7,7-9,0.0,0.0
47663,O=[N+]([O-])c1ccc(NS(=O)(=O)c2ccc(CO)cc2)cc1C(F)(F)F,10,10,0.0,0.16666666666666666
47664,CC(Nc1ccc(F)c(Cl)c1)c1cc(C(=O)N(C)CCO)cc2c(=O)cc(N3CCOCC3)oc12,9,7-9,0.0,0.0
47665,CC(O)COCCCC(N(C)C)C1(c2ccc(Cl)cc2)CCC1,9,7-9,0.0,0.0
47666,COC(=O)[C@H]1CN(C(=O)C2(c3ccc(Cl)cc3)CCC2)CC[C@@H]1C,7,7-9,0.0,0.0
47667,Nc1ccc(N2CC3CC3C2)nc1,7,7-9,0.0,0.0
47668,CCOc1cc(C(C)(C)C)ccc1I,10,10,0.0,0.0
47669,O=C(O)CN(CBr)C(=O)c1ccccc1,10,10,0.0,-0.11666666666666667
47670,CC(NCCCNC(=O)OC(C)(C)C)c1nnn(-c2cccc(Cl)c2)n1,9,7-9,0.4,0.2
47671,O=C(Nc1cccnc1)N1c2nc(N3CCOC[C@@H]3CO)ccc2N2CC[C@H]1C2,10,10,0.0,0.0
47673,C=CCc1ccccc1N(C)CC=C,10,10,0.0,0.0
47674,Cc1cc(-c2ccc(CN)cc2)cnc1N,7,7-9,0.0,0.024166666666666663
47675,COC(=O)C(=Cc1ccc(OCCOc2ccc3ncccc3c2)cc1)C(=O)OC,10,10,0.0,0.0
47676,N#Cc1cccnc1-c1cccc(N)c1,10,10,0.0,0.0
47677,C[C@H](NCCO)c1ccccc1,9,7-9,-0.1,-0.05
47678,CCn1cc(-c2ccncc2)c(-c2ccc(C#Cc3ccc4ccccc4n3)cc2)n1,10,10,0.0,-0.045
47680,O=C(O)c1cn(Cc2nccs2)c2c(F)c(F)c(F)cc2c1=O,10,10,0.0,0.0
47682,C(#Cc1ccccn1)CCc1nc2ncccc2o1,10,10,0.0,0.0
47683,CCCC(NC(=O)Cc1cc(F)cc(F)c1)C(=O)Nc1cn(C(C)(C)CN(C)C)cn1,8,7-9,0.0,-0.056190476190476214
47684,COC(=O)CCc1ccc(C#Cc2ccncc2)cc1,7,7-9,0.0,0.0
47685,N#Cc1ccc(OCc2cccc(C(F)(F)F)c2)nc1,7,7-9,0.0,-0.008333333333333335
47687,CCN1C(=O)OC2(CCCN(C3CCN(C(=O)c4c(N)sc5ccccc45)CC3)C2)C1=O,2,2-3,0.0,0.0
47688,CC(=O)N1C[C@H](NC(=O)OC(C)(C)C)C(=O)N(C)c2ccccc21,9,7-9,0.0,0.004166666666666666
47689,CC(C)(C)OC(=O)N1CCC2(CCN(c3ccncc3)CC2)C1,7,7-9,0.0,0.0
47690,COc1ccc(C(O)C#Cc2cccc3c2/C(=C/c2[nH]ccc2OC)C(=O)N3)cc1,8,7-9,0.0,0.0
47691,NC(=O)C(Nc1cncc(-c2cc3c(cc2F)NC(=O)CC3)c1)c1ccccc1,9,7-9,0.0,0.1708333333333333
47692,CC(C)(C)OC(=O)N1CC(F)(F)C[C@H]1C(=O)O,9,7-9,0.0,0.0
47693,O=C(O)C1=C(c2ccc(F)cc2)CN(Cc2ccccc2)CC1,7,7-9,0.0,0.0
47694,Cn1c(-c2ccccc2)cc(=O)c(C(=O)O)c1-c1ccccc1,10,10,0.0,0.0
47695,CC1(CN)c2ccccc2Oc2ccccc21,10,10,0.0,0.004265873015873015
47696,CC(C)(C)OC(=O)N1CC=CC[C@H]1CO,9,7-9,-0.2,-0.1
47698,CN1CCN(c2ccc(C(=O)N(C)Cc3ccccc3)cc2S(N)(=O)=O)CC1,7,7-9,0.0,0.0
47700,CS(=O)(=O)c1cc(Cl)cc(Oc2ccc(Cl)c(-c3ncnc4c(C(F)(F)F)cccc34)c2)c1,10,10,0.0,0.014166666666666666
47701,CCN1CCc2ccc(Nc3ncc(Cl)c(N[C@H]4CCC[C@H]4C(N)=O)n3)cc2CC1,10,10,0.0,0.0
47702,O=C(O)CCc1cccc2[nH]c(=O)n(-c3cccc(S(=O)(=O)N4CCCc5ccccc54)c3)c(=O)c12,10,10,0.0,0.0
47703,C[C@@H](CN1C(=O)c2ccccc2C1=O)c1ccc([N+](=O)[O-])cc1,8,7-9,0.0,0.0
47705,N#Cc1ccc(Sc2c[nH]nn2)cc1,8,7-9,0.0,0.0
47706,O=C(NCCCN1CCOCC1)c1ccc2[nH]c(-c3nc4ccccc4[nH]c3=O)cc2c1,8,7-9,0.0,0.0
47707,CCN1CCC(N2C(=O)S/C(=C\c3ccc4c(cnn4Cc4ccc(Cl)cc4C(F)(F)F)c3)C2=O)CC1,7,7-9,0.1,0.05
47708,CC1c2c(nc(-c3ccc(NC(=O)NC4CC4)cc3)nc2N2CCOC[C@@H]2C)CS1(=O)=O,8,7-9,0.0,0.0
47709,Cc1c2c(n(-c3ccccc3Cl)c1-c1ccc(O)cc1)CCN(N1CCCCC1)C2=O,10,10,0.0,0.08059523809523812
47710,O=C(c1ccccc1)c1ccc(OCC(O)CCc2cccnc2)cc1,10,10,0.0,0.0
47711,CC1(C)CCC(C)(C)c2cc(-c3cc(-c4ccc(C(=O)O)cc4)ccc3OCCCN)ccc21,10,10,0.0,0.0
47713,CC1(C)OC[C@H](CONC(=O)c2oc3ccncc3c2Nc2ccc(I)cc2F)O1,3,2-3,0.0,0.0
47714,NCC1(O)CCC2(CC1)OCCO2,10,10,0.0,-0.06666666666666668
47715,O=C1CCCN1[C@H]1CC[C@@H](C(=O)Nc2ccc(-c3cc(F)cc(F)c3)cn2)CC1,7,7-9,0.0,0.0
47716,Cc1ccc(S(=O)(=O)OCC(C)(C)CS(N)(=O)=O)cc1,6,4-6,0.0,0.0
47718,CC(C)(C)OC(=O)NC1=N[C@@]2(c3ccccc3F)CO[C@@H](CO)C[C@H]2CS1,10,10,0.0,0.0
47720,CCOC(=O)C(CC#Cc1c(F)ccc2c1/C(=C/c1[nH]cnc1C)C(=O)N2)NC(C)=O,1,1,0.0,0.0
47721,N#Cc1ccc(O)c(N)c1,10,10,0.0,0.0
47722,CNCc1cccc(-c2[nH]c3cc(F)cc4c3c2CCNC4=O)c1,9,7-9,0.0,0.0
47723,COC(=O)c1ccc(-c2nc(NCc3cccc([N+](=O)[O-])c3)c3c4c(sc3n2)CCCC4)cc1,1,1,0.0,0.0
47724,COc1cccc(S(=O)(=O)NCCC(=O)N2CCc3ncn(C)c3C2c2ccc(C#N)c(F)c2)c1,9,7-9,0.0,0.0
47726,COCCCOc1cc(C[C@@H](C[C@H](N)[C@@H](O)C[C@H](C(=O)N[C@@H]2CCN(C)C2)C(C)C)C(C)C)ccc1OC,10,10,0.0,-0.08878968253968254
47727,C#CCN1CCCCC1C,8,7-9,0.0,0.0
47728,CCCCCN1C(=O)/C(=N\NC(=O)CC(C)(C)C)c2ccc(OC)cc21,1,1,0.0,0.0
47730,N#Cc1c(NC(=O)C2CCCCC2)sc(-c2ccccc2)c1C#N,8,7-9,1.0,0.5
47731,CS(=O)(=O)Oc1cccc2c1CC2,10,10,0.0,0.0
47732,C#CC(C)(C)Nc1ccc(Br)cc1,10,10,0.0,0.0
47733,Cc1ccccc1Cc1cccc(-c2ncc3c(n2)CCOC3)n1,9,7-9,0.0,0.0
47734,COc1ccc2c(Cc3ccc(OCCN4CCCCC4)cc3)c(-c3ccc(F)cc3)ccc2c1,9,7-9,0.8,0.4
47735,CCC(=O)N1N=C(c2ccc([N+](=O)[O-])cc2)c2cc(Cl)ccc2CC1C,8,7-9,0.0,0.0
47736,CC1(C)CC(C)(C)c2cc(C#Cc3ccc(C=O)cn3)ccc2O1,8,7-9,0.0,0.0
47737,COc1cc(F)c(C(C)C)cc1-c1ccc(C(F)(F)F)cc1CN1CC(c2cc(C(F)(F)F)cc(C(F)(F)F)c2)OC1=O,7,7-9,0.0,0.12666666666666665
47738,NC(=O)c1ccc(-c2nn(Cc3ccccc3)c3ccccc23)o1,9,7-9,0.0,0.0
47740,c1ccc(-c2csc3nc(NCC4CC4)nc(NCc4ccccn4)c23)cc1,8,7-9,0.0,0.0
47741,O=c1[nH]c2cc(Cl)c(Nc3ncnc4[nH]c5c(c34)CCCC5)cc2s1,7,7-9,0.0,0.0
47743,CCOC(=O)/C(=C/c1ccc2[nH]c(C)cc2c1)OCC,9,7-9,0.0,0.0
47744,C=CCOCC(OC)OC,6,4-6,0.0,0.0
47745,C=CCN(CCC(=O)O)C(=O)OCc1ccccc1,9,7-9,0.0,0.0
47746,NCc1cc(C(F)(F)F)nn1-c1cc(F)cc(F)c1,10,10,0.0,0.1583333333333333
47747,O=C(NO)c1ccc(-c2cccc(NCCc3ccccc3)n2)s1,10,10,0.0,0.0034722222222222225
47748,CN[C@H](Cc1ccc2ccccc2c1)C(=O)N1CCc2ccccc2C1,8,7-9,0.0,0.0
47749,COc1ccc2c(=O)[nH]c(-c3cc(C)c(OCCO)c(C)c3)nc2c1,10,10,0.0,-0.025
47750,Cc1c[nH]c2ncnc(N3CCC(OCc4ccccc4)(C(=O)Nc4cccc(OC(=O)N(C)C)c4)CC3)c12,6,4-6,0.0,0.0
47752,ON=C1CCOc2c(Br)cc(F)c(F)c21,6,4-6,0.0,0.0
47753,O=C(O)Cc1cccc(N/C(=C2\C(=O)Nc3ccccc32)c2ccccc2)c1,10,10,0.0,0.0
47754,CCN1CCN(c2ccc3nc(C)n(-c4cc(NC(=O)c5cccc(C(F)(F)F)c5)ccc4C)c(=O)c3c2)CC1,8,7-9,0.0,0.0
47755,CC(C)(C)OC(=O)CN1CC(c2cccs2)SCC(N)C1=O,7,7-9,0.0,0.0
47756,O=[N+]([O-])c1cc(I)ccc1Nc1cccc(-c2ccccn2)c1,10,10,-0.7,-0.3166666666666666
47757,Cn1nc(COc2ccc3ccn(CC(=O)O)c3c2)cc1-c1ccc(OC(F)(F)F)cc1,7,7-9,0.0,0.0
47758,c1ccc(-n2c3ccccc3c3cc(-c4ccc5[nH]c6ccccc6c5c4)ccc32)cc1,9,7-9,0.0,0.0
47759,Fc1cc(Cl)c(Oc2ncccn2)cc1N=C=S,10,10,0.0,0.0
47760,CO[C@H](C)C(=O)N[C@H]1CC[C@H](CCN2CCN(c3nccc4c3CCO4)CC2)CC1,8,7-9,0.0,0.0
47761,CC(C)(C)OC(=O)N1CCC(Sc2ccc3c(c2)oc(=O)n3C(c2ccccc2)(c2ccccc2)c2ccccc2)C1,9,7-9,0.0,0.0
47762,Cc1cnc(C2=CCC(C)(C)c3ccc(C#Cc4ccc(C(=O)O)cc4)cc32)s1,8,7-9,0.0,0.0
47763,Cc1cc(C(=O)N2CCCCc3ccccc32)ccc1CNC(=O)N1CC(=O)N(CC(=O)O)c2cccc(F)c21,6,4-6,0.0,0.0
47764,Nc1cccc(CC2CCOCC2)n1,10,10,0.0,0.0
47766,CCOC(=O)C(C)Oc1ccc(C)cc1,9,7-9,0.0,0.0
47767,CC(C)(C)OC(=O)n1ccc2c(CO)cccc21,10,10,0.0,0.0
47768,O=S(=O)(NCCCl)c1ccc(Nc2cnnc3cc(Cl)ccc23)cc1,9,7-9,0.0,0.0
47770,CC(C)(C)OC(=O)N1CCO[C@H](Cn2cc([N+](=O)[O-])cn2)C1,7,7-9,0.0,0.0
47771,CCOC(=O)c1cccc(Sc2c(C)n(-c3cnn(CC(F)(F)F)c3)c3cc(Cl)ccc23)c1,2,2-3,0.0,0.0
47772,c1ccc(C2CO2)cc1,10,10,0.0,0.16333333333333333
47773,O=Cc1cc2ccccc2nc1Cl,7,7-9,0.15,0.08333333333333334
47775,CC(C)C[C@H](NC(=O)N1CCCCCC1)C(=O)N[C@H](Cc1c[nH]c2ccccc12)C(=O)O,9,7-9,-0.05,-0.025
47776,Fc1ccc(Br)c(Oc2ccc(-c3cc(-c4nnn[nH]4)on3)cc2)c1,8,7-9,0.0,0.0
47777,Cc1cccc(Cl)c1CO,9,7-9,0.0,0.0
47778,Cc1cc(C2(c3cccc(O)c3)N=C(NC(=O)OC(C)(C)C)c3ncccc32)cc(C)n1,8,7-9,0.2,0.08452380952380953
47779,O=C1NC2(CCN(C(=O)Cc3ccccc3C(F)(F)F)CC2)c2c(Br)cccc21,10,10,0.0,0.0
47780,COc1ccc(S(=O)(=O)C(c2cnc(C(=O)NCCO)cc2C)c2cc(F)ccc2F)cc1,10,10,-0.75,-0.6308333333333336
47782,CC(C)N1Cc2c(NCc3cnc4ccccc4c3)ncnc2C1=O,7,7-9,0.0,0.0
47783,CCCCc1cn(C(C)(C)C)s/c1=N\C(=O)C1CCN(C(=O)OCC)C1,9,7-9,0.0,0.0
47784,Cc1nc(Oc2ccccc2)c(N)c(NCC(C)(C)O)c1C,8,7-9,0.0,0.0
47785,CCOC(=O)c1oc2cccc(OCCCNC3CCNCC3)c2c1C,9,7-9,-0.4,-0.31666666666666676
47786,O=[N+]([O-])c1cccc(-c2ccncc2)c1-c1ccc(OCc2ccc3ccccc3n2)cc1,9,7-9,0.0,0.0
47788,Nc1cccnc1N1CCNCC1,8,7-9,0.0,0.0
47790,COc1nc(Cc2ccc(F)cc2)nc(OC)c1[N+](=O)[O-],4,4-6,0.0,0.0
47791,CC(=Cc1ccc(C(=O)Oc2ccc(C(=N)N)cc2)s1)C(=O)OC(C)(C)C,7,7-9,0.05,0.025
47792,COC(=O)c1cc(NC(=O)C(F)(F)F)cnc1SCc1ccccc1,8,7-9,0.0,0.0
47793,COc1ccc2[nH]c(N[C@@H](Cc3ccc(OCCCC(=O)NC4=NCCCN4)cc3)C(=O)O)nc2c1,10,10,0.0,0.0
47794,NC(=O)NC[C@H]1CN(c2ccc(C3=NNC(=O)CS3)c(F)c2)C(=O)O1,10,10,0.0,0.0
47797,CNC(=O)c1cnc(N)s1,7,7-9,0.0,0.0
47799,CC(C)(C)OC(=O)NCc1ccc(-c2nc3ccnc(CO)c3cc2-c2ccccc2)cc1,8,7-9,0.0,0.0
47800,O=C(CCCCCCNC(=O)c1cc2cccc3c2n1CCC3)NO,10,10,0.0,0.0
47801,CN(C)CCCN(C)c1ccc(Br)cc1[N+](=O)[O-],10,10,0.0,0.0
47802,COC(=S)c1cc(Nc2ccc(-c3ccccc3)c(F)c2)c(C)s1,2,2-3,0.0,0.0
47804,OCCCOc1cc(F)ccc1Br,10,10,0.0,0.0
47805,CN(Cc1ccccc1)C(=O)Cc1ccc(-n2nc(C(F)(F)F)c3c2CCCC3)cc1,8,7-9,0.0,0.0
47806,COCC(=O)Nc1cc(COc2ccc([N+](=O)[O-])c3ccccc23)ccn1,9,7-9,0.0,0.0
47807,CC(C)(C)OC(=O)N1CCC[C@H](COc2nc(Cl)cc3nccnc23)C1,6,4-6,0.0,0.0
47808,Cc1cc(C)c(CNC(=O)c2ccc(CNc3ccccc3)cc2)c(O)n1,8,7-9,0.0,0.0
47809,Cc1cc(Br)cnc1N1CCN(c2cc(-c3ccc(F)cc3)nc(Cl)n2)[C@H](C)C1,6,4-6,0.0,0.0
47811,CCOC(=O)C=C(C)c1ccc(C(=O)OC(C)(C)C)cc1,7,7-9,0.0,-0.011190476190476192
47812,CCOC(=O)c1cc(C#N)c(N2CCC(S(=O)(=O)NC(=O)C(OC)c3ccccc3)CC2)nc1C,9,7-9,0.0,0.0
47813,CNc1ccc2c(c1)nc(C(C)(C)C)n2CC1CCC1,10,10,0.0,0.01666666666666667
47814,CCOC(=O)c1cc2cc(Cn3cc(C(CC)(OC(=O)c4ccc([N+](=O)[O-])cc4)C(F)(F)F)nn3)ccn2c1C(C)C,9,7-9,0.0,0.0
47815,O=C(N[C@H](CO)C(=O)O)OCc1ccccc1,8,7-9,0.0,0.0
47816,CC(C)C[C@@H](C(=O)O)N1CC(Oc2cccc3c2CCCC3)=CC1=O,10,10,0.0,0.0
47817,CC(C)(C)OC(=O)N1Cc2ncnc(Oc3ccc4c(ccn4C(=O)Nc4cc(C5(C=O)CC5)on4)c3)c2C1,10,10,0.0,0.0
47818,CCOC(=O)CN1CCN(C(=O)c2ccccc2)CC1,7,7-9,0.0,0.0
47819,N#CCNC(=O)C1CCCCC1NC(=O)c1cc2ccc(Cl)cc2[nH]1,9,7-9,1.0,0.5
47820,COC(=O)c1cc2[nH]c(-c3ccc(OCc4ccccc4)cc3NC(=O)CCl)c(C3CCCCC3)c2s1,7,7-9,0.0,0.0
47821,COc1ccc(S(=O)(=O)C(c2cnc(C(=O)NCCO)cc2C)c2cc(F)ccc2F)cc1F,10,10,-0.8,-0.5
47823,Cn1cc(-c2ccc(-c3ccc(C4=NC5(CC5)C(=O)N4C[C@@H]4CCN(C(=O)C5CC5)C4)cc3)cc2)cn1,10,10,0.0,0.0
47824,CC(C)(CC(=O)N1CCCC1)NCC(=O)N1C[C@@H](F)C[C@H]1C#N,9,7-9,0.0,0.0
47826,COc1cc(C=CC(=O)c2ccccc2)ccc1C=CC(=O)O,6,4-6,0.0,0.06749999999999996
47827,CC(C)(C)OC(=O)Nc1sc(-c2ccc(C#N)cc2)cc1C(=O)N1CCC(N2CCCC3(C2)CC(C)(C)OC3=O)CC1,9,7-9,0.0,0.0
47828,COC(=O)c1cc(-c2cnc(C)nc2)cc(-c2ccc(C)cn2)c1,7,7-9,0.0,0.0
47829,BrCCCCOC1CCCCO1,10,10,0.0,0.0
47830,CCOC(=O)C=Cc1ccc(C(F)(F)F)c(Cl)c1,9,7-9,0.0,0.0
47831,Oc1cc(C2=C(CCCCCCBr)c3cc(F)c(O)cc3CCC2)ccc1F,10,10,0.0,0.0
47832,O=C(C=C(Cl)Cl)c1cc(F)c(F)cc1F,5,4-6,0.0,0.0
47836,Cn1ncc(Cl)c1-c1cc(NC(=O)[C@H](CN)Cc2ccc(F)c(F)c2)sc1Cl,10,10,0.0,-0.007499999999999998
47837,CN(c1cccc(NC(=O)CN2C(=O)N(CC(=O)C(C)(C)C)c3ccccc3N(C3CCCCC3)C2=O)c1)c1nn[nH]n1,8,7-9,0.0,0.021666666666666667
47840,NCCOc1ccc([N+](=O)[O-])cc1,10,10,0.0,-0.08333333333333334
47841,O=[N+]([O-])c1ccc2c(c1)C(O)CCC2,10,10,0.0,0.0
47844,CCCOc1ccc(C)cc1-c1nc(N)c(N)c(=O)[nH]1,3,2-3,0.0,0.0
47846,C[C@@H](OCc1cc(F)cc(-c2cc(N)nn2-c2ccccc2)c1)C(F)(F)F,5,4-6,0.0,0.0
47847,OCc1cncn1C1Cc2ccccc2C1,6,4-6,0.0,0.0
47848,Clc1cccc(CNc2n[nH]c3ncnc(Nc4cccc(Cl)c4)c23)c1,7,7-9,0.0,0.0
47849,COc1ccc(-c2nnc(-c3ccc(N)c(N)c3)o2)cc1,9,7-9,-0.75,-0.375
47850,CCCC/C=C/c1cnc2ccc(NCc3ccncc3)nn12,2,2-3,0.0,0.0
47851,C=CCc1cccc2c1OCc1c(C(=O)O)ncn1-2,9,7-9,0.0,0.0
47852,CC(=O)Nc1ccccc1-c1ccc2c(c1)Oc1ccccc1C2C1CCNCC1,10,10,0.0,0.0
47855,CNc1nc(N2CC[C@H](c3cc(F)c(F)cc3F)[C@@H](NC(=O)OC(C)(C)C)C2)ccc1N,8,7-9,0.0,0.0
47856,Cc1cc(F)ccc1-c1cc(N2CC[C@H](O)[C@H]2CO)ncc1N(C)C(=O)C(C)(C)c1cc(C(F)(F)F)cc(C(F)(F)F)c1,10,10,0.0,0.0
47857,CCS(=O)(=O)c1cccc(Oc2cccc(-c3c(Cc4ccccc4)nn4c(C(F)(F)F)ccnc34)c2)c1,10,10,0.5,0.25
47859,CC(C)(CN)c1ccccc1,10,10,0.0,0.0
47860,Cc1ccccc1[C@H](CC(=O)c1ccc(=O)n(C)c1)c1ccc(Br)cc1,9,7-9,0.0,0.0
47861,O=C(N1Cc2ccc(S(=O)(=O)Nc3ccc(F)cc3)cc2C1)C(F)(F)F,6,4-6,0.0,0.0
47862,COCc1nc(Nc2ccc(C(F)(F)F)cc2)c2ccc(-c3ncccc3Cl)nc2n1,6,4-6,0.0,0.0
47863,Brc1ccc(SCc2cccnc2)cc1,9,7-9,0.0,0.0
47866,CC(C)(CNCc1cccc(-c2noc(C(F)(F)F)n2)c1)c1coc(-c2ccc(Cl)cc2)n1,8,7-9,0.0,0.0
47868,CCc1c(C(=O)O)cnn1-c1ccccc1,10,10,0.0,0.0
47871,CCC#CCOc1ncnc(Cl)c1F,9,7-9,0.0,0.0
47872,CCN(CC)c1ncc(C(=O)NC(CC)(CC)C(=O)OC)nc1OC(C)C,5,4-6,0.0,0.0
47873,Cc1ccc(NC(=O)CCl)cc1[N+](=O)[O-],10,10,0.0,0.0
47874,COC1CN(C(=O)OC(C)(C)C)CCC1N(C(=O)c1ccc(-c2cnco2)cc1)C1CC1,10,10,0.0,0.0
47875,CC(C)(CO)CNS(=O)(=O)c1ccc(CNC(=O)c2ccc(Cl)cc2)s1,10,10,0.0,0.0
47876,C#CCC(NC(=O)NCCCl)c1ccccc1,10,10,0.0,0.0
47877,CCOC(=O)C(C1CCN(C(=O)OC(C)(C)C)CC1)N1CC=C(B2OC(C)(C)C(C)(C)O2)CC1,2,2-3,0.0,0.0
47878,COc1ccccc1C=C1NC(=O)NC1=O,10,10,0.0,0.0
47882,CC(C)(CNC(=O)c1cccc(-c2noc(C(F)(F)F)n2)c1)c1cnc(-c2ccc(F)cc2)o1,10,10,0.0,0.0
47883,Nc1ccc(Cl)cc1C=C1OC(=O)c2ccccc21,10,10,0.0,0.0
47884,Nc1nc2c(s1)CCN(CC=Cc1ccoc1)CC2,8,7-9,0.0,0.0
47885,CCCCCCCCOc1c(O)c2ccc(OCCC(=O)OCC)cc2oc1=O,6,4-6,0.0,0.0
47886,O=S(=O)(NCC1CCCO1)c1ccc(-n2nc(C(F)(F)F)c3c2CCOC3)cc1,9,7-9,0.0,0.0
47887,CC(C)(C)NCCCNC(=O)Cn1cnc(-c2ccccc2)c1-c1ccccc1,10,10,0.0,0.0
47888,CN1CCC(Oc2cccc(CN)n2)CC1,9,7-9,0.0,0.0
47889,O=C1CCC(=O)N1CC(F)F,5,4-6,0.0,-0.06249999999999998
47890,N#Cc1cc(N2CCCC2=O)ccc1C(=O)N1CCN(c2ncc(C3CC3)cc2C2CC2)CC1,9,7-9,0.0,0.0
47891,Cn1ncc2cc(Oc3ccc(F)cc3CNC(=O)OC(C)(C)C)ccc21,9,7-9,0.0,0.0
47892,Cc1cccc(NC(=O)NC2N=C(c3ccccc3)c3ccccc3N(CC(=O)c3cccnc3)C2=O)c1,1,1,0.0,0.0
47894,Cc1ccccc1Sc1ccc2c(c1)OCC21CCN(CCC(=O)O)CC1,10,10,0.0,0.004047619047619048
47895,O=S(=O)(NC(CO)C(CC(F)(F)F)CC(F)(F)F)c1ccc(Cl)cc1,9,7-9,0.0,0.05333333333333331
47897,COc1ccc(CCC(=O)N(C)OC)cc1OC,9,7-9,0.0,0.0
47898,CC#CCOc1cc(Oc2c(F)cccc2F)ncn1,8,7-9,0.0,0.0
47901,O=S1(=O)N=C(NC23CC4CC(CC(C4)C2)C3)Nc2cc(Cl)sc21,10,10,0.0,0.0
47902,COCC(CC(=O)OC)Nc1ccccc1N,9,7-9,0.0,0.0
47903,CS(=O)(=O)CCCOc1ccc(/C=C/C(=O)O)c(Oc2ncc(C(F)(F)F)cc2Cl)c1,7,7-9,0.0,0.0
47905,CCOC(=O)C1(c2ccc(-c3ccc(-c4onc(C)c4NC(=O)OC(C)C4CC4)cc3)cc2)CC1,10,10,1.0,0.5
47906,OCc1ccc2[nH]ccc2c1,9,7-9,0.0,0.0
47909,Nc1ccnc(N2CCCC2)c1,9,7-9,-0.7,-0.35
47910,Cc1cc(Br)c2nc(N3CCOCC3)cc(=O)n2c1,7,7-9,-0.1,-0.05
47911,O=C(O)CNC(=O)c1ccc(NCCCCCCCCCCCCCCCCBr)cc1,10,10,0.0,0.0
47912,O=C(C1CCOCC1)N1CC=C(c2ccc(OCc3ccccc3)cc2)CC1,9,7-9,0.0,0.0
47913,CC[C@H](NC(=O)c1c(N2CCC[C@H]2CO)c(-c2ccccc2)nc2ccccc12)c1ccccc1,7,7-9,0.0,-0.006666666666666665
47914,Cn1c(=O)c2c(ncn2CCN2CCC(c3c[nH]c4ccccc34)CC2)n(C)c1=O,7,7-9,0.0,0.0
47915,CNC(=S)N1CCOCC1c1nnn(-c2cccc(Cl)c2)n1,9,7-9,0.0,0.0
47916,CN1CCC(Oc2ccc(-c3n[nH]c4ccc(C(=O)N[C@H](CCO)c5ccccc5)cc34)cc2Cl)CC1,5,4-6,0.0,0.0
47917,Cc1nccnc1-c1ccc(N)c(Cl)c1,8,7-9,0.0,-0.014166666666666671
47918,Cc1ccc([N+](=O)[O-])cc1NC(=O)c1cc(N2CCCN(C)CC2)ccc1[N+](=O)[O-],9,7-9,0.0,0.0
47919,COCc1cnn(-c2c(Cl)cc(C(F)(F)F)cc2Cl)n1,8,7-9,0.0,0.0
47920,COc1ccc(OC)c(CN(C(=O)Oc2c(C)cccc2C)c2ccnc(Nc3ccc(OCCN(C)C)cc3)n2)c1,3,2-3,-0.25,-0.125
47921,CC(C)(C)OC(=O)N1CCN(c2ccc(-c3cnc4[nH]c5cnc(-c6cccnc6)cc5c4c3)cc2)CC1,10,10,0.1,0.05
47923,CCOC(=O)c1[nH]c(C)c(-c2ccccc2C(F)(F)F)c1C,7,7-9,0.0,0.0
47925,O=C(C=Cc1ccccn1)Nc1cc(-c2ccco2)on1,5,4-6,0.25,0.125
47926,CC(C)(C)OC(=O)NCCCOc1cc(F)ccc1Br,9,7-9,0.0,0.0
47928,NNC(=O)c1ccccc1,7,7-9,0.1,0.07500000000000001
47929,Nc1nc(CCc2ccc3cc[nH]c3c2)cc(=O)n1CC1OCCO1,8,7-9,0.0,0.0
47930,Cc1ccnc(NC(=O)OC(C)(C)C)c1[N+](=O)[O-],7,7-9,0.0,0.0
47931,Cc1ccc(S(=O)(=O)OCC2Cc3cccc(-c4ccc(F)cc4)c3O2)cc1,6,4-6,0.0,0.0
47932,C[C@H](NC(=O)OC(C)(C)C)c1cccc(Oc2cc(Cl)ccc2N)c1,8,7-9,0.0,0.0
47933,CCCNc1nc(Nc2cccc(F)c2)ncc1C#C[C@@H]1CCC[C@H](N)C1,9,7-9,0.0,0.0
47934,Clc1sc(CN2CCOCC2)cc1Br,8,7-9,0.0,0.0
47935,Cc1cc(N2CCN(c3nc(-c4ccccc4)nc(C)c3C)CC2)cc(C)c1O,7,7-9,0.0,0.0
47936,CCOC(=O)Cn1ncc2c1CCCC2NS(=O)(=O)c1cccc(NC(=O)c2ccccc2)c1,7,7-9,0.0,0.0
47937,Nc1cc(Br)c(C(F)(F)F)cc1N,10,10,0.1,0.05
47938,O=C(Nc1cnn(Cc2ccc(Cl)c(Cl)c2)c1)c1ccc2c(c1)CCNC2,5,4-6,0.0,0.0
47940,COC(=O)c1ccc2c(c1)S(=O)(=O)c1ccccc1N=C2N1CCOCC1,7,7-9,0.0,0.0
47942,COc1cc(O)c2c(c1)OCCCCC=CCCCCOC2=O,9,7-9,0.0,0.0
47943,CCOC(=O)c1ccc(F)c(C)c1,9,7-9,0.0,0.0
47944,COc1cc([N+](=O)[O-])ccc1CCC(=O)N1CCCC1,10,10,0.0,0.0
47945,CSCCC(=O)N(C)c1cn(-c2cccnc2)nc1Cl,7,7-9,0.0,0.0
47946,Cc1ccncc1N1CCc2ccc(Cl)c(F)c2C1=O,2,2-3,0.0,0.0
47947,CCOC(=O)c1cccc(NC(=O)C(CS)Cc2ccccc2)c1,1,1,0.0,0.0
47949,C[C@H]1Oc2ccc(F)cc2N(CCN2CCOCC2)C(=O)[C@H]1NC(=O)C(C)(C)C(=O)NCC(F)(F)C(F)(F)F,6,4-6,-0.05,-0.025
47951,CC(C)(C)[Si](C)(C)Oc1ccc(Nc2cc(C#N)ccc2[N+](=O)[O-])cc1,10,10,-1.0,-0.5
47952,Nc1cc2c(Oc3ccc(I)cc3)cncc2s1,9,7-9,0.0,0.0
47953,Cc1cc2c(cc1C)C1(NC(=O)c3cccnc3)C(=O)c3ccccc3C1(O)O2,7,7-9,0.0,0.0
47954,O=C(Nc1cccc(C(F)(F)F)c1)C(=Cc1c(Cl)cccc1Cl)C(=O)Nc1cccc(C(F)(F)F)c1,5,4-6,0.0,0.0
47956,CNC(=O)c1cccc([N+](=O)[O-])c1Nc1cncc(F)c1,9,7-9,0.0,-0.028809523809523823
47957,Clc1nc2ncnn2c(NC2CCCC2)c1-c1ccsc1,3,2-3,0.0,0.0
47958,CNS(=O)(=O)c1ccc(C(C)=O)cc1,8,7-9,0.0,0.0
47959,CC(C)(C)OC(=O)N1CCN(c2ncc(OCc3cnc(N)nc3)cn2)CC1,10,10,0.0,-0.0035714285714285713
47961,CC(=O)Nc1ccc(-c2ccc(C(=C3CC(C)(C)CC(C)(C)C3)c3ccc(O)cc3)cc2)cc1,10,10,0.0,0.23583333333333334
47962,Oc1cccc2c(CSC(c3ccccc3)c3ccccc3)coc12,9,7-9,0.0,0.0
47964,COc1ccc(Cn2c3c(c(O)c(C(=O)O)c2=O)CCCc2cc4c(cc2-3)cc(C=O)n4C)c(OC)c1,4,4-6,0.0,0.0
47965,N[C@@H](CCC(=O)O)C(=O)N[C@@H](Cc1ccccc1)C(=O)OCc1ccccc1,9,7-9,0.0,0.0
47966,O=c1c2ccccc2c(-c2ccccc2)cn1CCCO,10,10,-0.45,-0.225
47967,CC(C)(C)OC(=O)N[C@@H](C[C@H](CNC(=O)OCc1ccccc1)OS(C)(=O)=O)C(=O)OC(C)(C)C,6,4-6,0.0,0.0
47969,CCCCC/C=C/C(=O)N[C@H](CC(C)C)C(=O)OC,7,7-9,0.0,0.0
47970,O=[N+]([O-])c1cc(Br)ccc1Cn1cc2nc(-c3cccc(F)c3F)nc-2cn1,8,7-9,0.0,0.0
47971,COC=C(C(=O)OC)c1c(C)nc2sc(-c3ccc(OC)cc3)nn12,7,7-9,0.0,0.0
47972,O=C(NCCC1CC1)c1ccc(N2CCN(C(=O)c3ccccc3C(F)(F)F)CC2)nc1,7,7-9,0.0,0.0
47973,O=[N+]([O-])c1ccnc(CBr)c1,6,4-6,0.0,0.0
47974,COc1cc(-c2cc(Br)cnc2F)c(N)cn1,9,7-9,0.0,0.0
47976,CCOC(=O)N=S(=O)(CC)c1ccc(Nc2ncc(Br)c(O[C@H](C)[C@@H](C)O)n2)cc1,10,10,0.0,0.0
47977,COc1cc(N2CCN(C(=O)OC(C)(C)C)CC2)ccc1[N+](=O)[O-],10,10,0.0,0.0
47978,COCC(N)COc1ccc(F)cc1,10,10,0.0,-0.08777777777777776
47979,Cc1ccc(C(NC(=O)Cc2ccc3oc(-c4c(C)noc4C)nc3c2)c2ccccc2)c(C)c1,6,4-6,0.0,0.0
47980,CCOC(=O)C1CCN(c2nccs2)CC1,4,4-6,0.0,0.0
47981,CCS(=O)(=O)N1CCC(c2c[nH]c3c(C(N)=O)cc(-c4csc(C(=O)C(C)C)c4)cc23)CC1,8,7-9,0.0,0.0
47982,O=Cc1ncn2c1CN=C(c1ccccc1Cl)c1cc(Cl)ccc1-2,8,7-9,0.0,0.0
47983,CCS(=O)(=O)N1CCC(c2c[nH]c3c(C(N)=O)cc(-c4ccc(CNCCCOC)s4)cc23)CC1,2,2-3,0.0,0.0
47985,CCC(NCc1ccccn1)c1ccc2c(c1)CC(C)O2,4,4-6,0.0,0.008333333333333335
47986,CCN1CCN(C(=O)Cc2ccc(I)cc2)CC1,6,4-6,0.0,0.0
47987,Nc1ncccc1C(=O)NCc1ccc(COc2ccccc2)cc1,7,7-9,0.0,0.0
47988,O=C(NCCO)Nc1cc([N+](=O)[O-])cc([N+](=O)[O-])c1,9,7-9,0.0,0.0
47989,CC1COC2(CCN(c3ccc(F)cc3C#N)CC2)O1,10,10,0.0,0.0
47990,C[C@H](O)[C@H]1CCN(Cc2ccccc2)C[C@@H]1c1ccc(F)c(F)c1,7,7-9,0.0,0.0
47991,Cc1ccc(O)c(N=Cc2ccc(-c3ccccc3C(F)(F)F)o2)c1,1,1,0.0,0.0
47992,CC1(C)COC(=O)N1C1CCNCC1,10,10,-0.2,-0.1
47993,Cc1c(-c2cc(F)ccc2F)nc2cc(F)ccc2c1Cl,10,10,0.0,0.0
47994,CCOc1cc(NCCSCc2[nH]cnc2C)nc2ccccc12,10,10,0.0,0.0
47995,Cn1ncc(NC(=O)[C@H](CCCCNC(=O)OC(C)(C)C)NC(=O)OCc2ccccc2)c1N,8,7-9,0.0,0.0
47996,c1ccc(N2CCN(c3nn(-c4ccccc4)c4ccccc34)CC2)cc1,8,7-9,0.0,0.0
47998,CCOC(=O)c1cc2cc(OCCCS(C)(=O)=O)cc(NS(=O)(=O)c3ccccn3)c2[nH]1,7,7-9,0.0,0.0
48000,CN1CCN(C2=CC3=c4ccccc4=C2C3)CC1,8,7-9,0.0,-0.04916666666666668
48001,COC1=C(OC)C(=O)C(Cc2ccc(C(=O)NC(C)C)cc2)=C(C)C1=O,9,7-9,0.0,0.0
48002,O=C(O)[C@@H]1C[C@@H](S(=O)(=O)c2ccccc2C(F)(F)F)CN1c1cc(C2CC2)n[nH]1,7,7-9,0.0,0.0
48003,C[C@@H]1COCCN1C(=O)c1ccc(Cl)cc1NS(=O)(=O)c1cccc2nccnc12,4,4-6,0.0,0.0
48005,CC(C)(C)OC(=O)N1[C@H](C(=O)NCc2cccc(Cl)c2F)C[C@@H]2CCCC[C@@H]21,6,4-6,0.0,0.0
48006,CN1CC(CC#N)C[C@@H]2c3cccc4c3C(CN4)C[C@H]21,3,2-3,0.0,0.0
48007,COc1cc(Cl)ccc1C#CCCO,10,10,0.0,0.0
48009,O=CCOCCc1ccccc1,9,7-9,0.0,0.0
48010,O=C(O)c1ccc(-c2ccc(C[C@@H]3CCN(C4CCCCC4)C3=O)c3ccccc23)cc1,10,10,0.0,0.0
48012,O=C(Cc1ccccc1O)Nc1ccccc1-c1cc2ccccc2[nH]1,10,10,0.0,0.0
48013,CC(C)(C)OC(=O)NC1CCN(c2ccc(S(=O)(=O)Nc3ncns3)cc2)CC1,9,7-9,0.0,0.0
48014,CN(C)S(=O)(=O)Oc1ccccc1S(N)(=O)=O,10,10,0.0,0.0
48015,O=C(NC1(C(=O)NCCCCO)CCCC1)OCc1ccccc1,10,10,0.0,0.0
48016,COC(=O)c1ccc(-c2ccc(C(F)(F)F)cc2)cc1,7,7-9,1.0,0.5166666666666667
48017,CCS(=O)(=O)N1CCN(C(=O)Cl)C1=O,5,4-6,0.0,0.0
48019,Nc1cccc(/C=C/CNC(=O)C(F)(F)F)c1,10,10,0.0,0.0
48021,C[C@H]1CN(C2COC2)CCN1c1ccc(Nc2cc(-c3cccc(-n4ncc5c6c(sc5c4=O)CCCC6)c3CO)cn(C)c2=O)nc1,9,7-9,0.05,0.025
48022,Cc1cc(=O)n(CC2OCCO2)c2cc(C3CCCCC3)ccc12,6,4-6,0.0,0.0
48023,COC(=O)CC(C)(C)C1OCCO1,7,7-9,0.0,0.0
48024,O=C(O)Cc1cnc(N=C2SC[C@@H]3Cc4ccccc4CN23)s1,10,10,0.0,0.0
48025,CC1(C)OC2CN(C(=O)COc3ccc(CNC(=O)c4ccc(C#N)cc4)cc3)CC2O1,6,4-6,0.0,0.0
48026,OCc1sc(Cl)nc1-c1ccc(Cl)cc1,8,7-9,0.0,0.0
48029,CCOC(=O)[C@@H](CCCCCCC1CCN(C(=O)OCc2ccccc2)CC1)N[C@H]1COc2ccccc2N(CC(=O)OC(C)(C)C)C1=O,10,10,0.0,0.0
48030,CC(N)(CCC(=O)O)c1ccc2c(C(F)(F)F)c(O[C@H]3CC[C@H](C(F)(F)F)CC3)ccc2c1,2,2-3,0.0,0.0
48031,CC(C)(C)OC(=O)Nc1ncc(-c2ccc3cncnc3c2)s1,8,7-9,0.0,0.0
48032,COc1ccc(CN(OC)C(=O)C=C2OC(C)(C)OC2=O)cc1,3,2-3,0.0,0.0
48036,CCC(=O)c1cc2n(c(=O)c1C)Cc1c-2nc2ccccc2c1COC(=O)CN,9,7-9,0.0,0.0
48038,Cc1ccc(-c2c(NS(=O)(=O)CCc3ccccc3)ncnc2OCCO)cc1,9,7-9,0.0,0.0
48041,Cc1cc(Oc2ncns2)cc2c1C(CC(=O)O)OB2O,10,10,0.0,0.0
48042,COCCOc1cccc(Nc2ccc(Oc3ccc(F)cc3)cn2)c1,9,7-9,0.0,0.0
48044,CC(C)S(=O)(=O)NC1CCc2cc(CO)ccc21,8,7-9,0.0,0.0
48045,COc1ccc(COc2coc(COC3CCCCO3)cc2=O)cc1,7,7-9,0.0,0.0
48047,CCCC(NC(=O)C(O)C(C)C)C(=O)Nc1cnccn1,10,10,0.0,0.0
48048,Cc1onc(-c2ccccc2)c1CN1C[C@@H](C)n2c(cc3cc(OC4CCN(C(C)C)CC4)ccc32)C1=O,6,4-6,0.0,0.0
48049,CC(C)c1cc(Cc2c(Cl)cc(-n3nc(C#N)c(=O)[nH]c3=O)cc2Cl)n[nH]c1=O,1,1,0.0,0.0
48050,COc1ccc(CN(c2nc(Nc3cc(C#N)cc(C4CCCC(=O)C4)c3Cl)nn3c(C#N)cnc23)C2CC2)cc1,8,7-9,0.0,0.0
48051,O=C(NN1CCOCC1)c1cnc(OCC(F)(F)F)c(C2CCCCC2)c1,3,2-3,0.0,0.0
48052,C[C@H]1CN(C(=O)OC(C)(C)C)CCN1S(=O)(=O)c1cccc(-c2ccnc(Cl)n2)c1,7,7-9,0.0,0.0
48053,CC(=O)O[C@H]1C[C@H](n2cnc3c(N[C@H]4CCc5ccccc54)ncnc32)O[C@@H]1CO,9,7-9,0.0,0.0
48055,CC(C)(C)OC(=O)N1CCC(COC(C#N)c2cc(Cl)cc3cn(COCC[Si](C)(C)C)nc23)(c2ccc(F)cc2)CC1,8,7-9,0.0,0.04458333333333332
48056,NCc1cc(-c2ncnc(Nc3cccc(Cl)c3)n2)ccn1,10,10,0.0,0.0
48057,c1c[nH]c(CC2CCCCC2)c1,7,7-9,0.0,0.0
48058,CC(C)(C)OC(=O)N1CCC(CCCO)C1,10,10,0.0,0.010515873015873011
48060,CC(O)(C#Cc1cc2c(cc1F)OCCn1cc(C(N)=O)nc1-2)C(F)(F)F,6,4-6,0.0,0.0
48061,CCOC(=O)c1cc2cccc(O)c2[nH]1,7,7-9,0.0,0.0
48062,CC1(C)OB(c2ccc3c(c2)CN(CC(F)(F)F)C3=O)OC1(C)C,10,10,0.0,0.0
48064,CC(C)N1CCN(Cc2ccc(F)c(C=O)c2)CC1,9,7-9,0.0,0.02676587301587301
48065,COC(=O)CCC#Cc1c([N+](=O)[O-])ccc2c1/C(=C/c1[nH]ccc1OC)C(=O)N2,7,7-9,0.0,0.0
48066,COc1ccc(C(=O)Nc2ccc(O)cc2Cl)cc1,9,7-9,0.3,0.15
48067,Cc1cc(OC2CCCCO2)ccc1-c1cccc(CO)c1,10,10,0.1,0.05
48068,CC1(C)OCc2cc([C@@H](O)CN=[N+]=[N-])ccc2O1,8,7-9,0.0,0.008333333333333338
48069,CCOC(=O)CCn1ccc2c(B3OC(C)(C)C(C)(C)O3)ccnc21,6,4-6,0.0,0.0
48071,CN1C2CCC1CC(OC(=O)Nc1ccccc1-c1ccccc1)C2,10,10,0.0,0.1583333333333333
48074,CN1CCN(C=C2SC(=O)N(CCCCSc3cccc4nccn34)C2=O)CC1,7,7-9,0.0,0.0
48076,Cc1cccc(NC(=O)NCC(=O)N(CC(=O)OC(C)(C)C)c2cccc(SC(F)(F)F)c2)c1,7,7-9,0.0,0.0
48077,O=C(c1ccc2occc(=O)c2c1)N1CCOCC1,6,4-6,0.0,0.0
48078,CC(=O)OC/C=C/c1cnc(-c2ccccc2)nc1Nc1cc(C2CC2)[nH]n1,7,7-9,0.0,0.0
48079,Cc1ccc(-c2cc(C(N)=O)nc(-c3cccc(C#C[C@]4(O)CCN(C)C4=O)c3)c2)cn1,10,10,0.0,0.0
48080,CC(C)(C)OC(=O)Nc1cccc(Oc2ccc3nc(NC(=O)C4CC4)sc3n2)c1,9,7-9,0.0,0.0
48082,C[C@H]1CC[C@@H](Oc2cc(F)c(C(=O)NS(=O)(=O)C3CC3)cc2C2CC2)CN1Cc1ccc(F)cc1Cl,6,4-6,0.0,0.019166666666666672
48083,CN1C(=O)Cn2cc(C(=O)NCc3ccc(Cl)cc3)c(=O)c3cc(I)cc1c32,5,4-6,-0.2,-0.1
48085,C=CCOC(=O)NCc1ccc(C(=O)O)cc1,8,7-9,0.0,0.0
48086,O=C(O)COc1ccc(SCc2cccc(OCc3ccc(C(F)(F)F)cc3)c2)c2c1CCC2,10,10,0.0,0.0
48088,Nc1cnn(CCO)c1N,8,7-9,-0.65,-0.325
48090,COc1ccccc1-n1ncc(C(=O)O)c1C,9,7-9,0.0,0.0
48092,CCc1cc2c(c(Cl)c1OC)OC(C(F)(F)F)C(C(=O)O)=C2,9,7-9,0.0,0.0
48093,COC(=O)Oc1cc(Nc2ncnc3cc(O)c(OC)cc23)c(F)cc1C,10,10,0.0,0.0
48094,CN(c1ncccc1CNc1nc(Nc2ccc(CNC(CO)CO)cc2)ncc1C(F)(F)F)S(C)(=O)=O,6,4-6,0.15,0.075
48096,CN(N=Cc1c2ccccc2cc2ccccc12)c1ccccc1,4,4-6,0.0,0.0
48097,Cc1cc(C#N)cc2c(=O)oc(=O)[nH]c12,10,10,0.0,0.0
48098,Clc1cncc(-n2cncn2)n1,6,4-6,0.0,0.0
48099,CCOC(=O)c1csc(CBr)n1,8,7-9,0.0,0.0
48100,CC(Oc1cccc(Oc2c(Cl)cc(C(F)(F)F)cc2Cl)c1)(C(=O)O)[N+](=O)[O-],10,10,0.0,-0.13916666666666666
48101,NC(=O)CCC(=NNC(N)=S)c1ccccc1,1,1,0.0,0.0
48102,Cn1c(=O)n(CCCCl)c2ccccc21,8,7-9,0.0,0.0
48104,Cc1ccc(S(=O)(=O)OC[C@H](C)N2C(=O)c3ccccc3C2=O)cc1,6,4-6,0.0,0.0
48105,CCOC(=O)/C=C/c1cc(SCc2ccccc2)c(F)cc1N,10,10,0.0,0.0
48108,Cn1c(C2CC2)nc2ccc(-n3ccc(OCc4csc(Br)c4)cc3=O)cc21,8,7-9,0.0,0.0
48109,CCCCCCCCCCCCOc1ccc(-c2ncc(-c3ccc(OCCCCCCCC)c(F)c3F)cn2)cn1,9,7-9,0.0,0.0
48110,O=C(CCCc1nc2ccccc2c(=O)[nH]1)N1CCC(c2nnc(-c3cccnc3)o2)CC1,8,7-9,0.0,0.0
48111,CC(C)(C)OC(=O)N1CCN(Cc2c(OCc3ccccc3)ccc3c2OCC3=O)CC1,8,7-9,-0.9,-0.45
48114,COc1ccc([N+](=O)[O-])c(F)c1,9,7-9,0.65,0.4916666666666666
48116,CC(C)c1ccc(Br)cc1,8,7-9,-0.4,-0.20833333333333334
48118,Cc1ncc(-c2ccc([C@H](C)N3CC[C@](CC(C)(C)O)(c4ccccc4)OC3=O)cc2)cn1,4,4-6,0.0,0.0
48119,COc1ccc(-c2ccc(C)cc2)cc1,8,7-9,-0.3,-0.15
48120,COC(=O)[C@@H]1CCCCN1Cc1ccccc1,8,7-9,0.0,0.0
48121,CCOC(=O)CC(O)c1ccc([N+](=O)[O-])c(C)c1,8,7-9,0.0,0.0
48122,CC(C)(C)OC(=O)NC12CCC1CN(c1c(F)cc3c(=O)c(C(=O)O)cn(C4CC4)c3c1Cl)C2,8,7-9,0.0,0.0
48123,Cc1cc(-c2cccc(O)c2)cc2c1nc(C)n2Cc1ccc(Cl)cc1Cl,9,7-9,0.0,0.0
48124,COc1ccc(CSc2nnc(-c3ccnc(NC(=O)CCc4ccccc4)c3)o2)cc1C#N,9,7-9,-0.35,-0.175
48125,COc1ccc(CNC(=O)c2cnc(CNC(=O)OC(C)(C)C)c3cc(OC)c(OC)cc23)cc1,5,4-6,0.0,0.0
48126,Cc1nnnn1-c1ccc(Br)cc1N,10,10,0.0,0.0
48127,CN(C)CCNC(=O)c1ccccc1-c1ccc(CSCCOc2ccccc2)cc1,9,7-9,0.0,0.0
48128,Clc1ccc(C(CNc2nc3ccccc3[nH]2)c2ccc(Cl)cc2)cc1,10,10,0.0,0.0
48129,N#CC1(c2cccc(CNC(=O)OCc3ccccc3)c2)CCN(C(=O)c2cncc(CCc3ccccc3)c2)CC1,5,4-6,0.0,0.0
48130,O=CCOCCCCOc1c(Cl)cc(OCC=C(Cl)Cl)cc1Cl,9,7-9,0.0,0.0916666666666667
48131,CCCCCC1CCC(C(=O)N[C@H]2CO[C@H]3[C@@H]2OC[C@@H]3NC(=O)C2CC2)CC1,10,10,0.0,0.0
48132,COc1ccc(CCNC(=O)C(N)=O)cc1OC1CCCC1,10,10,0.0,0.0
48133,COc1cccc(-c2c(C(=O)NCCO)[nH]c3ccc(NS(=O)(=O)c4ccc(C(C)(C)C)cc4)cc23)c1,10,10,0.0,-0.12166666666666666
48137,O=C(NCc1ccc(F)cc1)c1ccc(S(=O)(=O)n2cc(-c3ccccc3Cl)c3ccccc32)cc1,4,4-6,0.0,0.0
48138,CC(C)Oc1c(Cl)cc(F)c(-n2nnn(CCCF)c2=O)c1N,9,7-9,0.1,0.05
48139,CC(C)C1C2CCC1c1c(NC(=O)c3cn(C)nc3C(F)F)cccc12,6,4-6,0.0,0.0
48141,Cn1cnc2ccc(Oc3ccc(N)cc3)cc2c1=O,7,7-9,0.0,0.0
48142,CC1Cc2c(-c3cc(C(C)(C)C)cc(C(C)(C)C)c3)cccc2C1O,10,10,0.0,0.0
48143,COC(=O)c1ccc(C)c(/C=C/C(=O)OC(C)(C)C)c1,8,7-9,0.0,0.0
48144,Cc1ccc(-c2cc(Cl)ccc2OCc2cccc(F)c2F)n1-c1cc(N)cc(C(=O)O)c1,9,7-9,0.0,0.0
48145,Cc1cc(C)nc(C=O)c1,10,10,0.0,0.0
48147,CCOC(=O)Nc1ccccc1SCc1ncon1,8,7-9,0.0,0.0
48148,COc1ccc(CCC(=O)c2ccc(OC)c(CCC(C)C)c2OCC(=O)O)cc1,10,10,0.0,0.0
48149,CC(=O)N1CCN(Cc2cnc(-c3cc4c(C)ccc(N(C)S(=O)(=O)c5cccs5)c4[nH]3)s2)CC1,6,4-6,0.0,0.0
48150,CCc1oc2ccccc2c1C(=O)c1ccc(O)c(F)c1,9,7-9,0.0,0.0
48151,COC(=O)c1ncc2c(cc(CCc3ccccc3)c(=O)n2Cc2ccccc2)c1O,8,7-9,0.0,0.0
48152,Cc1nc2cccnc2n(-c2cccc(N)c2)c1=O,10,10,0.0,0.0
48153,COC=Cc1cccc(OC)c1OC,10,10,0.0,0.0
48154,O=C(NCc1ccccc1)NNC(=O)c1ccc(Cl)cc1,4,4-6,0.9,0.4666666666666667
48155,CN(CC(=O)c1ccc(N(C)C)cc1)Cc1cc2c(=O)c(C(=O)NCc3ccc(Cl)cc3)cn(C)c2s1,7,7-9,0.0,0.0
48157,COC(=O)c1cc2ccc(C#C[Si](C)(C)C)cc2s1,7,7-9,0.0,0.0
48158,CN1C(=O)COc2ccc(Br)c(Oc3ccccc3)c21,10,10,-0.65,-0.3166666666666667
48159,Cc1cc(N2N=C3c4ccc(C(=O)O)cc4OCC3C2C2=CCCC2)ccc1C#N,9,7-9,0.0,0.0
48160,CN1CCC(COc2cccc(N)c2)CC1,9,7-9,0.0,0.0
48162,CC(C)(C)OC(=O)N1CCN(C(=O)c2cccc(-c3ccnc(F)c3)n2)CC1,6,4-6,0.0,0.0
48164,O=C(c1ccc(F)c(C#Cc2ccccn2)c1)N1CCN(c2ncccn2)CC1,9,7-9,0.0,0.0
48165,CC(C)(C(=O)O)c1ccc(CNC(=O)c2cccnc2Oc2ccc3c(c2)OCO3)cc1,6,4-6,0.0,0.0
48166,CC(C)(C)OC(=O)N1CCC(CCN2CCN(c3cccc(C(=O)O)c3)CC2)CC1,8,7-9,0.0,0.0
48167,CS(=O)(=O)Nc1cccc(Nc2nc(NC3CCCC3)c3cc[nH]c3n2)c1,7,7-9,0.0,0.0
48168,Cc1cc(CC(=O)OC(C)C)n(C)n1,10,10,0.0,0.0
48170,Cc1nc(C(=O)N2C[C@@H]3CCC[C@@H]3[C@H]2CNC(=O)c2c(C)nc3sccn23)c(-c2ccc(Cl)cc2)s1,5,4-6,0.0,0.0
48171,Nc1cc(Br)cnc1Br,8,7-9,0.0,0.0
48173,CC(=O)N1c2ccc(NC(=O)c3cccc(C)c3Br)cc2C(C)(c2ccccc2)CC1(C)C,6,4-6,0.0,0.0
48174,CNc1ccnc(Cl)n1,8,7-9,0.0,0.0
48175,CC(C)CNc1nc(-c2ccccc2)cn2ccnc12,8,7-9,0.0,0.0
48176,COC(=O)c1ccc(O)c(C2=CCCC2(C)C)c1,8,7-9,0.0,0.0
48177,CCOC(=O)c1cnc(N2CCc3ccccc32)nc1OCc1ccc(OC)cc1,5,4-6,0.0,0.0
48178,CS(=O)(=O)c1cccc(-c2ccc(-n3nc(C(F)(F)F)cc3-c3ccccc3C(F)(F)F)cc2)c1,10,10,0.0,0.0
48179,COC(=O)C(CCCO)NC(=O)OC(C)(C)C,10,10,0.0,0.0
48180,Oc1cccc2cc(-c3ccncc3)oc12,9,7-9,0.0,0.0
48181,CC(C)c1ccc(C(=O)Nc2cc(CC(=O)O)ccc2NC(=O)c2cccc(C#N)c2)cc1,10,10,0.0,-0.017499999999999998
48182,Cc1nc2ccccc2n1-c1nc(N2CCOCC2)c2nc(CN3CCCC(C(C)(C)O)C3)sc2n1,8,7-9,0.0,0.0
48184,Ic1cnn(CCOC2CCCCO2)c1,7,7-9,0.0,0.0
48185,CC1(C)OCc2cc([C@@H](O)CNCCCCCCOCCOCc3cccc([N+](C)(C)C)c3)ccc2O1,10,10,0.0,-0.003611111111111118
48186,CC(C)(C)OC(=O)N1CCN(c2cccc3cc(Cc4cccc(Cl)c4)cnc23)CC1,9,7-9,0.0,0.0
48187,CCN(CC(O)(CNc1cccc2c1cnn2-c1ccccc1)C(F)(F)F)C(=O)c1ccccc1C,10,10,0.0,0.0
48188,N#Cc1cncc(-c2cc(C(=O)Nc3ccc(OC(F)(F)F)c(F)c3)cnc2N2CC[C@H](CO)C2)c1,6,4-6,1.0,0.5
48189,Cc1c(C=O)ccn1S(=O)(=O)c1cccnc1,8,7-9,0.0,0.0
48190,CCOC(=O)c1cc(Oc2ccc(C#N)cc2)cc(Oc2c(F)cc(CNC(=O)OC(C)(C)C)cc2F)c1,8,7-9,0.0,0.12499999999999997
48191,COc1ncc(-c2ccc3c(Nc4cccc(C(=O)O)c4)c(C(N)=O)cnc3c2)c(OC)n1,6,4-6,0.0,0.0
48192,O=C(N[C@H]1CC[C@H](CCN2CCN(c3nccc4c3OCC4)CC2)CC1)C(O)C(F)(F)F,8,7-9,0.0,0.0
48194,CN1CCN(C(=O)c2ccc(-c3ccc4ncc(-c5ccc(C#N)cc5)n4n3)cc2Cl)CC1,9,7-9,0.0,0.0
48196,Cc1cc(C(=O)Nc2cccc(C(=O)c3ccc4c(c3)NC(=O)C4=CNc3ccc(CO)cc3)c2)n(C)n1,3,2-3,0.0,0.0
48197,CC(C)(C)C(=O)SC/C(=C/c1ccccc1)C(=O)NCCC(=O)OCc1ccccc1,8,7-9,0.0,0.0
48198,COc1ccc2ccc(F)c(CCCO)c2n1,10,10,0.0,0.0
48199,O=C1NCC(O)c2cc3cccnc3n21,10,10,0.0,0.0
48200,Cc1c(Br)cncc1NC(=O)OC(C)(C)C,7,7-9,0.0,0.0
48201,COC(=O)C(C)(C)COC(=O)N1C[C@H](CN[C@H](C)c2cccc3ccccc23)[C@@H](c2ccccc2)C1,8,7-9,0.0,0.0
48203,Clc1cccc(-c2cnc(Nc3ccc4c(c3)OCCO4)nc2Nc2ccc3c(c2)OCCO3)c1,9,7-9,0.0,0.0
48205,CC(C)(C)OC(=O)NCC(=O)Nn1cccc1C(=O)c1ccccc1F,8,7-9,0.0,0.0
48206,CCN(CC1CCCC1)c1nc2c(cc1C=O)c(C)nn2C,8,7-9,0.0,0.0
48207,Oc1ccc(Cc2cc(I)ccc2Cl)cc1,10,10,0.25,0.14583333333333334
48208,CCOC(=O)n1c(=O)n(C2CCN(C(=O)OC(C)(C)C)CC2)c2ccccc21,8,7-9,0.0,0.0
48209,N#Cc1ccc2c(c1)c1c(n2Cc2ccsn2)C[C@H](N)C1,9,7-9,0.0,0.0
48210,CC(=O)N1CCN(c2ccc(Nc3ncc(F)c(N4CCC(N)CC4)n3)cc2)CC1,10,10,0.0,2.7755575615628915e-18
48211,CC[C@H]1C[C@H]2[C@@H]3CCC4=CC(=O)CC[C@@H]4[C@H]3CC[C@]2(C)[C@H]1OC(=O)COC(=O)[C@H](CC(C)C)NC(=O)OC(C)(C)C,1,1,0.0,0.0
48215,COc1ccc(-c2cc(N)c(C(=O)O)s2)cc1,8,7-9,0.0,0.0
48216,CC(Cc1c[nH]c2ccccc12)(NC(=O)OC1C2CC3CC(C2)CC1C3)C(=O)NCCC1=CCCc2ccccc21,9,7-9,0.0,0.0
48217,CCC(=O)N(c1ccccc1)C1(c2nnc(CC)o2)CCN(CCc2ccccc2)CC1,7,7-9,0.0,0.0
48219,CCOC(=O)Cc1cc(O)cc2c1CCCC2,10,10,0.0,0.0
48220,CCCCCCCCCCC[C@H](CC(=O)N[C@H](CO)C(=O)OCc1ccccc1)OC(=O)CCCCCCCCC,1,1,0.0,0.0
48221,Nc1ncc(Br)nc1-c1ccc(Cl)cc1,9,7-9,0.0,0.0
48222,CN1CCN(CCOc2ccn3c(C(=O)Nc4cccc5c4c(C4CC4)nn5Cc4cccn(C)c4=O)cnc3c2)CC1,8,7-9,0.0,0.0
48224,NCC(=O)Nc1cccc(-c2cc3nc(-c4cnc(N)nc4)nc(N4CCOCC4)c3s2)c1,7,7-9,0.0,0.0
48226,N#Cc1ccc2oc3c(-c4ccccc4F)c(O)c(F)cc3c2c1,9,7-9,0.0,0.0
48227,CC(C)CNc1cc(NC(=O)OC(C)(C)C)c(NC(=O)CC(=O)c2cccc(-c3cncnc3)c2)cc1Cl,1,1,0.0,0.0
48228,CCOC(=O)CC(c1cc(OCc2cnc(-c3cc(OC)ccc3F)c(OC3CCCCO3)c2)ncn1)C1CC1,10,10,0.0,-0.0225
48229,O=C(NCCCCCCO)c1cc([N+](=O)[O-])cc([N+](=O)[O-])c1N1CC1,10,10,0.0,-0.03333333333333334
48230,CCCCOc1c(CN2C(=O)c3ccccc3C2=O)n(CCC(=O)N2CCCC2)c(=O)c2cc(Cl)c(Cl)cc12,9,7-9,0.0,0.0
48232,CCCOc1ccc(-c2ccc(-c3ccc[se]3)cc2)c(F)c1F,10,10,0.0,0.0
48235,COC(=O)c1cc(-c2ccc(F)cc2)nn1CCCl,9,7-9,0.0,0.0
48236,Nc1cc(O)cc(Cl)c1NC(=O)C1CCOCC1,10,10,0.0,0.0
48237,CC(=O)N[C@@H](Cc1cc(F)cc(F)c1)[C@H](O)[C@H]1COC(C)(C)N1C(=O)OC(C)(C)C,10,10,0.0,0.0
48239,Cn1c(=O)c(-c2ccccc2)cc2c(O)c(C(=O)NCCC(=O)O)ncc21,6,4-6,0.0,0.0
48240,CCCCCOc1ccc(OC(=O)/C=C/c2ccc(OC(=O)OCC)cc2)cc1,8,7-9,0.0,0.2660119047619047
48241,CC1=C(C=O)C(C)(C)CC2(C1)OCCO2,6,4-6,0.0,0.0
48243,CS(=O)c1cccc(-c2nc(C=O)ccc2OCCO[Si](C)(C)C(C)(C)C)c1,9,7-9,0.0,0.0
48244,COC(=O)[C@@H]1CCN(S(=O)(=O)c2ccc(OC)cc2)[C@@H](C(=O)OC(C)(C)C)C1,5,4-6,0.0,0.0
48245,CCOC(=O)c1cn2cc(N)ccc2n1,7,7-9,0.0,0.0
48246,Cc1ccc2c(=O)n([C@H](C)CO)ccc2c1C(=O)NCc1ccc(C(F)(F)F)c(F)c1,10,10,0.0,0.0
48247,Cc1ccc(CN2CCC(n3cnc4c(N5CCOCC5)nc(-c5cncc(O)c5)nc43)CC2)s1,8,7-9,0.0,0.0
48248,Nc1c(Nc2ccc(I)cc2F)c(F)c(F)c2ccoc12,9,7-9,0.0,0.0
48249,COCCCN1C(=O)CCc2ccc(COC3CN(C(=O)OC(C)(C)C)CCC3c3ccc(OCCOCCc4ccccc4OC)cc3)cc21,10,10,0.0,0.0
48250,O=c1c2c(oc3cc(OCCN4CCOCC4)ccc13)C(=Cc1ccccc1)CC2,8,7-9,0.0,0.0
48252,CC/C=C\C/C=C\C/C=C\C/C=C\C/C=C\CCCCSC(CC)(CC)C(=O)N[C@@H](CC(C)C)C(=O)Nc1ccc(O)c(C(=O)O)c1,7,7-9,-0.1,-0.05
48253,C[C@@H]1CN(c2c(C=O)cc(C#Cc3cccs3)c(F)c2F)C[C@H](C)O1,9,7-9,0.0,0.0
48255,Cc1ccc(Oc2ccc3nc(NC(=O)C4CC4)cn3n2)cc1NC(=O)c1nn(C)cc1C,6,4-6,0.0,0.0
48256,C[C@@H](COC(C)(C)C)Oc1cc(Br)cc(C#N)c1,10,10,0.0,0.0
48257,Brc1ccc2c(c1)CCC21OCCO1,9,7-9,0.0,0.0
48258,CC(C)(C)OC(=O)N[C@@H](Cc1ccccc1)[C@H](O)CNCc1cccc(C(C)(C)O)c1,5,4-6,0.0,0.0
48259,Cc1nc(-c2cn(Cc3ccc(C(F)(F)F)cc3)nn2)sc1C(=O)NCc1ccccc1,3,2-3,0.0,0.0
48260,O=c1c(-c2cccc(F)c2)coc2cc(O)ccc12,9,7-9,0.0,0.0
48261,O=C1N(c2ccc(OC(F)(F)F)cc2)CCC12CCN(S(=O)(=O)c1ccccc1Cl)CC2O,9,7-9,0.0,0.024999999999999998
48262,Cc1c(C(=O)N[C@H]2CC[C@H](NC(=O)OC(C)(C)C)CC2)c2nccc(-c3cc(F)ccc3OCC3CC3)c2n1COCC[Si](C)(C)C,8,7-9,0.0,0.0
48263,N#CC1CCc2[nH]c3ccccc3c2C1,10,10,0.1,0.05
48264,Cn1cc(C2=CCN(CCCN3c4cccc5cccc(c45)S3(=O)=O)CC2)c2ccccc21,8,7-9,-0.8,-0.4
48266,CN(C(=O)Cc1ccc(Cl)c(Cl)c1)C1c2ccccc2CC1N1CCCC1,6,4-6,0.0,0.0
48267,CC(C)N(C(=O)CN1C(=O)C(NC(=O)Nc2ccccc2)n2cnnc2-c2ccccc21)c1ccccc1,8,7-9,0.0,0.0
48268,COc1ccccc1C1(N(Cc2ccccc2)[C@@H](C)C(=O)N(C)C)C(=O)Nc2ccc(Cl)cc21,9,7-9,0.0,0.0
48269,CC(C)(C)OC(=O)N1CCC(=O)C1,8,7-9,0.0,0.0
48270,COc1cccn(-c2ccc([N+](=O)[O-])cc2C)c1=O,9,7-9,0.0,0.0
48271,CN(C)CCNc1ccc(-c2nc3ccccc3o2)cc1[N+](=O)[O-],10,10,0.0,0.0
48272,CC1(C)[C@@H]2CC[C@@]1(C)c1c2c(=O)n(-c2ccc(F)cc2F)n1Cc1ccc(Cl)cc1,5,4-6,0.0,0.0
48273,COc1ccc(C(OC(C)=O)C(C)N2CCC(n3c(=O)[nH]c4ccccc43)CC2)cc1OC,9,7-9,0.0,0.0
48274,COc1ccccc1-c1nn(COCC[Si](C)(C)C)c2ncc(-c3cccc(C(O)c4ncccc4C)c3)cc12,7,7-9,0.0,0.0
48275,Cn1ccc2ccc([N+](=O)[O-])cc21,9,7-9,0.0,0.0
48276,COc1ccc2ncc(C(=O)O)cc2n1,10,10,0.0,0.0
48277,CCCCCc1ccc(-c2cc3cn([C@H]4C[C@H](OC(=O)OCc5ccccc5)[C@@H](CO)O4)c(=O)nc3o2)cc1,10,10,0.0,0.0
48278,Nc1ccc(-c2c(F)cccc2C(F)(F)F)cc1N,10,10,0.3,0.15
48280,CCOC(=O)c1c(O)c(-c2cccs2)nn(CCC(C)(C)C)c1=O,9,7-9,0.0,0.0
48281,Cc1ccc(NC(=O)c2cccc(N(C)C)c2)cc1NC(=O)c1ccc2ncccc2c1,9,7-9,0.35,0.175
48282,CC(O)(c1ccsc1)c1cc(Br)ccc1NC(=O)CCl,6,4-6,0.0,0.0
48283,CCOC(=O)c1csc(C(C)C)n1,7,7-9,0.0,0.0
48284,Oc1cccc2[nH]c(COCc3ccccc3)nc12,8,7-9,0.0,0.0
48286,COc1cc(Cl)ccc1N=c1scc(-c2ccc(F)cc2)n1CCCN(CC(=O)O)C(=O)OC(C)(C)C,9,7-9,0.55,0.275
48287,N[C@H]1CC[C@H](Nc2ccc([N+](=O)[O-])cn2)CC1,10,10,0.1,0.05
48288,N#CCC(=O)N1CCCC(n2nc(-c3ccc(Oc4ccccc4)cc3)c3c(N)ncnc32)C1,9,7-9,0.0,0.0
48290,O=C(Nc1ccc(CN(CCCN2CCOCC2)Cc2ccccc2)cc1)N1Cc2ccccc2C1,8,7-9,-0.05,-0.025
48291,Cc1nc(CCc2c(-c3ccccc3)noc2C)sc1C(=O)N[C@H]1CCOC1,5,4-6,0.0,0.0
48294,COc1cc(C=Nc2ccc(S(C)=O)cc2)ccc1F,4,4-6,0.0,0.0
48295,CN1CCN(c2cc3c(Nc4ccc5c(cnn5Cc5ccccc5)c4)ncnc3cn2)CC1,9,7-9,0.0,0.0
48296,COC(=O)c1cccc(N)c1C,8,7-9,0.0,0.0
48297,CN1C(=O)CCC1CNc1nc(Cl)ncc1Cl,7,7-9,0.0,0.0
48298,O=[N+]([O-])c1cccc(-c2csc(NN=C3CCN(Cc4ccccc4)CC3)n2)c1,1,1,0.0,0.0
48299,COc1cc(C#N)ccc1-c1nccc2cc(S(=O)(=O)Oc3c(F)c(F)c(F)c(F)c3F)ccc12,9,7-9,0.0,0.0
48300,CC(=O)OC[C@@H]1[C@@H](OC(C)=O)[C@@H](OC(C)=O)[C@H](c2c[nH]c3c(N)ncnc23)N1C(=O)OC(C)(C)C,9,7-9,0.0,0.0
48301,Oc1ccc(OCc2ccccc2)c(Br)c1,10,10,0.4,0.2
48303,Nc1ccccc1NC(=O)Nc1cccc(-n2c(=O)c(Cc3ccccc3)nc3cccnc32)c1,10,10,0.0,0.0
48305,CN(C)CCCN(C)C(=O)c1cnc(Cl)c(Cl)c1,8,7-9,0.0,0.0
48306,Cc1ccc(Nc2ccccc2)cc1C,10,10,0.3,0.15
48307,CN(C)C(=O)n1nc(C(C)(C)C)nc1SCC(=O)O,8,7-9,0.0,0.0
48308,O=C(NCCOc1ccc(OCC(F)(F)F)cc1)c1c(F)cccc1F,10,10,-0.05,-0.025
48309,N#CC(C(=O)NCC(=O)O)C(=O)c1nn(-c2ccccc2)c2c1Cc1ccccc1-2,8,7-9,0.0,0.0
48310,Nc1cccc(Oc2ncccc2C(=O)NCc2ccccc2Cl)c1,7,7-9,0.0,0.0
48311,Cc1cc(Nc2nccc(C(F)(F)F)n2)cc(-c2cncs2)c1,9,7-9,0.0,0.0
48312,CC(C)(C)OC(=O)N1CC[C@](F)(C(=O)O)C1,10,10,-0.05,-0.025
48313,CCCCCCCC(=O)N1CCCCCC1=O,7,7-9,0.0,0.0
48315,CCOC(=O)COc1cc(Oc2ccc(CN(Cc3ccc(F)cc3F)c3cccc([N+](=O)[O-])c3C)cc2)ccc1F,9,7-9,0.0,0.0
48316,CSc1ccc(-c2cnn(-c3cccc(Cl)c3)c(=O)c2OCC(C)C)cc1F,8,7-9,0.0,0.0
48318,CCOC(=O)NCCOS(C)(=O)=O,3,2-3,0.0,0.0
48321,CC(C)(C)OC(=O)N1CCc2c(sc3ncc(C#N)c(Nc4ccc(Cl)c(Cl)c4)c23)C1,9,7-9,0.0,0.0
48322,Cc1cnc(N2CCN(C(=O)c3ccc(N4C(=O)NC(=O)C4(C)C)cc3F)CC2)c(C)c1,8,7-9,0.0,0.0
48325,CCOc1nc(C)cc(=O)n1Cc1ccc(-c2ccccc2C#N)cc1,8,7-9,0.0,0.0
48326,Cc1cc(-c2ccc([C@H](C)N3CC[C@](CCO)(c4ccccc4)OC3=O)cc2)ccn1,9,7-9,0.0,0.0
48328,CCc1c(N[C@@H](C(=O)O)[C@H](C)O)ccc(C#N)c1Cl,4,4-6,0.0,0.0
48329,OCCN1CC(CF)C1,8,7-9,0.0,0.0
48330,OCC1CCN(c2nc3ccccc3s2)CC1,10,10,0.0,0.0
48331,CC(=O)c1cc2c(-c3cc(C(C)C)cc(C(C)C)c3OCC(F)(F)F)cccc2s1,8,7-9,0.0,0.0
48332,Cc1nnc2n1-c1ccc(-c3cncc(C(C)(C)C(=O)N(C)C)c3)cc1CC2,10,10,0.0,-0.019166666666666665
48333,COc1cc(C)nc(Nc2cc(N[C@@H]3CS(=O)(=O)CC[C@@H]3N)cnc2C#N)c1,9,7-9,0.0,0.0
48335,Cc1ccc(-c2ncccc2C#N)cc1,10,10,0.0,0.0
48336,O=c1ccc2ccc(F)c3c2n1CC3(O)CN1CCC(NCc2cc3c(nn2)OCCC3)CC1,1,1,0.0,0.0
48337,CCNC(=O)c1ccc(OC)c(/C=C/c2ccc(Cl)cc2)c1,10,10,0.0,0.0
48339,O=[N+]([O-])c1cccc(CO)c1,10,10,-0.25,-0.125
48340,O=C1COCCN1[C@H]1CC[C@@H](C(=O)Nc2cnc(-c3cc(F)cc(F)c3)cn2)CC1,6,4-6,0.0,0.0
48341,Cc1cnn(C)c1-c1cc(C(=O)O)oc1C,10,10,0.75,0.375
48342,CCOC(=O)c1cnn(CC)c1C(=O)Nc1ccn2cc(-c3ccccc3)nc2n1,5,4-6,0.0,0.0
48343,COC(=O)N1CCC(C(=O)O)CC1c1ccc(C(F)(F)F)c(F)c1,9,7-9,0.0,0.0
48344,COc1ccc(C(O)C(C)C)cc1OC,10,10,-0.25,-0.125
48345,CCOC(=O)C1=C(C)NC(CO)=C(C(=O)OCC)C1c1ccccc1/C=C/C(=O)OC(C)(C)C,9,7-9,0.0,0.0
48347,CCOc1ccc(CO)cc1Br,9,7-9,0.0,0.0
48348,CCOC(=O)Cc1ccc(OC)c(Oc2ccc(Br)cc2C=O)c1,9,7-9,0.0,0.0
48349,Cn1c(-c2ccccc2Cl)nnc1C1(C(=O)NC23CC4CC(CC(C4)C2)C3)CCC1,5,4-6,0.0,0.0
48350,Cc1nn(C)c(OCC(=O)C(C)(C)C)c1C(=O)c1ccc(Cl)cc1Cl,3,2-3,0.0,0.0
48351,Cc1ccc(S(=O)(=O)OC2CCN(Cc3ccccc3)C2)cc1,10,10,0.0,0.0
48352,NC[C@@H]1CNC[C@H]1C(F)(F)F,10,10,0.0,-0.005892857142857147
48353,COc1ccccc1CCNC(=O)/C=C/c1cccnc1,8,7-9,0.0,0.0
48355,Cc1ccc(-c2ccc(S(C)(=O)=O)cc2)n1-c1ccc(-c2ccoc2)cc1,3,2-3,0.0,0.0
48356,O=C(Nc1cnc2ccccc2n1)C1CCN(c2cnc3ccccc3c2)CC1,5,4-6,0.0,0.0
48357,CCCCOc1nc(N)c2nc(OC)n(Cc3ccc(OCCCCN4CCC(C(=O)OCC)CC4)cc3)c2n1,7,7-9,0.05,0.025
48359,CC(C)(C)OC(=O)N1CCC(CNC(=O)C(C)(C)NC(=O)c2ccc(S(=O)(=O)Nc3ccccc3Oc3ccccc3)cc2)CC1,8,7-9,0.0,0.04166666666666667
48360,CC(=O)Oc1cccc2c1CCCN2C(=O)OC(C)(C)C,8,7-9,0.0,0.0
48361,CCCOc1cc(C)c(NC(=O)Nc2cc3ccccc3cc2C(=O)N[C@H](C(=O)OC)C2CCCCC2)c(C)c1,7,7-9,0.0,0.0
48362,Cc1n[nH]c(N)c1-c1nc2ccc(S(=O)(=O)NCCN(C)C)cc2s1,9,7-9,0.0,0.0
48363,O=C(c1ccc(OCc2cnccn2)cc1)N1CCC[C@H]1CN1CCCC1,8,7-9,0.0,0.08333333333333331
48364,CC(C)(C)OC(=O)NC[C@H]1CC[C@@H](CN)CC1,10,10,0.0,0.005218253968253971
48365,C=C(OCC)c1c(C)nc(C)nc1NCc1ccc(Br)cc1,4,4-6,0.0,0.004166666666666666
48366,CC(C)(C)OC(=O)NC1CCN(S(=O)(=O)c2ccc(N)c(Cl)c2)CC1,10,10,0.0,0.0
48367,O=S(=O)(NCC(F)(F)F)c1ccc(Br)cc1,9,7-9,0.0,0.0
48368,CC(C)=CCC/C(C)=C\CC/C(C)=C/CO,7,7-9,0.05,0.025
48371,CC(C)(C)OC(=O)Nc1ccc(-c2ccc(NCCN3CCC(F)(F)CC3)nc2)cc1,8,7-9,0.0,0.18749999999999997
48372,CCCCCNCc1cncn1Cc1ccc(C#N)cc1,5,4-6,0.0,0.0
48373,Cn1cnc(-c2cc3nccc(Oc4ccc(NC(=S)NC(=O)Cc5ccccc5F)cc4F)c3s2)c1,2,2-3,0.0,0.0
48374,NC(=O)c1ccccc1NC(=O)C1CCCCC1,9,7-9,0.0,0.0
48375,CC(C)(C)OC(=O)N1CCC(Oc2c(Br)ccc3cnc(Nc4ccc(S(N)(=O)=O)cc4)nc23)CC1,10,10,0.0,0.0
48378,CN(C)S(=O)(=O)c1cc2cc(C(=O)O)oc2c(Cl)c1Cl,10,10,0.0,0.0
48379,CS(=O)(=O)c1ccc(N2CCC3(CC2)OCCO3)cc1,7,7-9,0.0,0.0
48380,CS(=O)(=O)NCC1(c2ccc(OCCCN3CCCC3)cc2)CCOCC1,8,7-9,0.0,0.0
48381,O=Cc1cc(-c2cccnc2F)n(S(=O)(=O)c2ccco2)c1,6,4-6,0.0,0.0
48382,C[SiH](C)c1cc(C(C)(C)C)cnc1-c1ccccn1,10,10,0.15,0.075
48383,Cc1cc(C)cc(COC(=O)N2CCC(N)CC2)c1,10,10,0.0,0.0
48384,CSc1ncc(-c2cc(CCN3C(=O)c4ccccc4C3=O)on2)c(OCc2ccccc2)n1,9,7-9,0.0,0.0
48385,Nc1ncccc1C(=O)NCc1ccc(Oc2cccc(F)c2)cc1,1,1,0.0,0.0
48386,Cc1c([C@@H](C)N(C)C(=O)C=Cc2cnc3c(c2)CCC(=O)N3)oc2ccccc12,8,7-9,0.0,0.0
48387,CC(C)(C)OC(=O)N1CCC(n2cc(Nc3ncc(C(F)(F)F)c(CCc4ccccc4C4(C(N)=O)CC4)n3)cn2)CC1,7,7-9,0.0,0.0
48389,CC(C)ON=C(C(=NOC(C)C)n1cncn1)c1nnn[nH]1,10,10,-0.45,-0.3458333333333333
48390,BrCc1ccc(-c2ccon2)cc1,10,10,0.0,0.0
48392,Fc1ccc(CNc2nc(-c3ccccn3)nc3sc(C(F)(F)F)cc23)cc1,3,2-3,0.0,0.0
48393,CN(C)c1ccc([N+](=O)[O-])cn1,8,7-9,0.0,0.0
48394,CN1C(=O)N(Cc2ccc(Cl)c(Cl)c2)CC1CCOc1ccc(CC(C)(Oc2ccccc2)C(=O)O)cc1,4,4-6,0.0,0.1041666666666667
48395,Cc1cc(C(C)N)ccc1C(C)(C)C#N,9,7-9,0.0,0.0
48396,C=CC(=O)Nc1cccc(-c2c(CO)ccc3cnc(Nc4ccc(N5CCN(C)CC5)cc4)nc23)c1,10,10,0.0,-0.009999999999999998
48398,CN(Cc1ccccc1SC1CC1)C(=O)C(F)(F)F,7,7-9,0.0,0.0
48399,CC(C)[C@]1(C(=O)N2CCN(c3cccc(C(F)(F)F)n3)CC2)CC[C@@H](N)C1,10,10,0.0,0.0
48400,Cc1ccsc1-c1nn(NC(=O)Cc2cc(F)cc(F)c2)c(=O)c2ccccc12,4,4-6,0.0,0.0
48403,CC(C)CNc1nccc(-c2sc(C3CCOCC3)nc2-c2cccc(NS(=O)(=O)c3ccoc3)c2F)n1,7,7-9,0.0,0.0
48407,Cc1cc(Sc2cc(C#CCN3CCOCC3)cc(OCCc3ccc(Cl)cc3)c2)ccc1OCC(=O)O,5,4-6,0.0,0.0
48409,Cc1cn(CCc2ccccc2N)cn1,10,10,0.0,0.029999999999999992
48410,N#Cc1cc(S(N)(=O)=O)ccc1OCC1(F)CCN(C2COC2)CC1,9,7-9,0.0,0.0
48411,C[C@@H]1CN(c2c(C3OCCO3)cc(C=O)c(F)c2F)C[C@H](C)O1,8,7-9,0.0,0.0
48412,Cc1ccc(Oc2ccc([N+](=O)[O-])cc2)c(O)c1,10,10,0.0,0.0
48414,C[C@@H](O)C(=O)N1CCN(c2nc3c(N4CCOCC4)nc(-c4cnc(N)nc4)nc3n2CC2CC2)C[C@@H]1C,7,7-9,0.0,0.0
48415,Cn1c(CO)cc2cccnc21,10,10,0.0,0.008333333333333335
48416,COc1cc(CCN2CCN(CCc3ccc([N+](=O)[O-])cc3)C(=O)C2)ccc1[N+](=O)[O-],10,10,0.0,0.0
48417,Clc1cc(OC2CCCCCC2)ncn1,8,7-9,0.0,0.0
48419,NCc1ccccc1S(=O)(=O)N1CCCC1,7,7-9,0.0,0.0
48420,CCOC(=O)C=Cc1ccc(C#CC2(O)CN3CCC2CC3)c(OCC)c1,10,10,0.0,0.0
48421,Nc1nc(-c2ccco2)c(-c2ccncn2)cc1C#Cc1ccccc1,6,4-6,0.0,0.0
48422,COCC(=O)Nc1nc2ccc(F)cc2s1,8,7-9,0.0,0.0
48423,Cc1cc(C(=O)NCCN2CCCC2)c(C=C2C(=O)Nc3cccc(-c4ccc(F)c(Cl)c4)c32)[nH]1,3,2-3,0.0,0.0
48424,Cn1c(C2CC2)nc2ccc(-n3ccc(OCc4cc(Br)c(Cl)s4)cc3=O)cc21,8,7-9,0.0,0.0
48425,CNC(=O)c1ccccc1Nc1cc(Nc2ccc(N3CCOCC3)cc2OC)ncc1Br,9,7-9,0.0,0.0
48426,CC(=O)NCCC1CCc2c(F)cc3nn(C)cc3c21,10,10,0.95,0.6083333333333333
48427,CS(=O)(=O)OCCCOc1ccc(C2CCN(C(=O)C3CCOCC3)CC2)cc1,2,2-3,0.0,0.0
48428,CC(NC=O)c1ccc(Cl)cc1,6,4-6,0.0,0.0
48429,Clc1nc(N2CCOCC2)c2ncn(CC3CC3)c2n1,5,4-6,0.0,0.0
48430,N#CCNC(=O)[C@@H]1CC(S(=O)(=O)c2ccc(F)cc2Cl)C[C@H]1COc1ccc(F)cc1,8,7-9,0.0,0.0
48431,CC1(C)C[C@@H](c2ccncc2NC(=O)c2ccc(F)c(Br)n2)C[C@@H](N2C(=O)c3ccccc3C2=O)C1,5,4-6,0.0,0.0
48432,CC(O)Cn1c(CO)nc(C(C)C)c1Sc1cc(Cl)cc(Cl)c1,10,10,0.25,0.125
48433,CC(C)(C)OC(=O)CN1C(=O)C(NC(CCc2ccccc2)C(=O)OCc2ccccc2)CCc2ccccc21,9,7-9,0.0,0.0
48434,O=C(NC1(CO)CCCCC1)OCc1ccccc1,10,10,0.0,0.0
48435,CC(C)(C)OC(=O)N1CCC2(CC1)CC(Oc1ccccc1F)C2,8,7-9,0.0,-0.00714285714285714
48436,CC(C)c1c(C(=O)O)nc(-c2ccc(F)cc2)n1CC[C@@H]1C[C@H](CC(=O)OC(C)(C)C)OC(C)(C)O1,10,10,0.0,0.0
48437,C(=C/c1nc(COc2ccccc2CCCn2ccnc2)co1)\c1ccccc1,7,7-9,0.0,0.0
48438,Ic1ccc(OC2CN(C3COC3)C2)cc1,8,7-9,0.0,0.0
48439,CC1(C)[C@@H](C(=O)Nc2cc(C(F)(F)F)n[nH]2)[C@@H]1c1ccccc1,8,7-9,0.0,0.0
48441,CCCCN(CC(=O)OC(C)(C)C)[C@H]1CC[C@H](NC(=O)c2cc3cc(C(=N)NC(=O)OCc4ccccc4)ccc3o2)CC1,9,7-9,0.0,0.0
48442,CC1(c2ccc(CNCCc3ccc(Cl)c(Cl)c3)cc2Cl)CC1,8,7-9,0.0,0.0
48443,OCc1cc2ncnc(Cl)c2s1,9,7-9,0.0,0.0
48445,CN(C(=O)Oc1ccc(Cl)cc1)[C@H]1CC[C@H](C(=O)O)CC1,10,10,0.55,0.275
48446,Cc1ccc(-c2oncc2C(=O)N2CCC3(CC2)c2ccccc2CN3S(C)(=O)=O)cc1,8,7-9,0.0,0.0
48447,Cc1cc(NC(=O)CC(=O)O)cc(C)c1Oc1ccc(O)c(S(=O)(=O)c2ccc(F)cc2)c1,4,4-6,0.0,0.0
48448,COc1ccc(Nc2cc(-c3ccccc3)nc(NC(=O)C(F)(F)F)n2)cc1Cl,5,4-6,0.0,-0.15416666666666667
48449,Ic1ccc(NC2CN3CCC2CC3)cc1,9,7-9,0.0,0.0
48450,COc1ccc(C(c2ccc3nccc(/C=C/c4ccccc4)c3c2)c2nccs2)cc1,9,7-9,0.0,0.0004960317460317471
48451,COC(=O)[C@@H](NC(=O)c1cc(C)sc1NC(=O)Nc1c(Cl)cccc1Cl)C1CCCCC1,1,1,0.0,0.0
48452,OCc1nc2cc(CN3CCN(C(c4ccccc4)c4ccccc4)CC3)ccc2[nH]1,10,10,0.0,0.0
48455,COCCOc1cc(Cl)c(C)n2nc(CCc3nc(N4CCCC4)nn3C)nc12,9,7-9,0.0,0.0
48456,Cc1ccc2c(Nc3ccc(Cl)cc3)nccc2c1Oc1ncccc1-c1ncnc2[nH]cnc12,10,10,0.0,0.0
48457,[CH3][Sn]([CH3])([CH3])[c]1ccccn1,10,10,0.0,0.0
48458,NS(=O)(=O)c1ccc(NC2CN(C3CCOC3)C2)c([N+](=O)[O-])c1,8,7-9,0.0,0.0
48459,CC(C)Oc1cccc(CO)c1,10,10,0.0,-0.033333333333333326
48460,Cn1cnc(Nc2nc(Cl)nc(NC(c3ccc(F)cc3)C3CCCC3)n2)c1,3,2-3,0.0,0.0
48461,O=C(O)CCCCC1CCCC1=O,8,7-9,0.0,0.0
48463,O=C(Nc1ccncc1F)c1cnc2c(NC3CC3)cc(Cl)nn12,5,4-6,0.0,0.0
48464,COc1cccc2c1c(NS(=O)(=O)c1ccc(Cl)s1)nn2Cc1cccc(CNC(=O)C2COCCN2C)c1,6,4-6,0.0,0.0
48465,Cc1cnc(Cl)nc1Nc1ccc2oc(=O)[nH]c2c1,7,7-9,0.0,0.0
48467,Cc1ncc(Cl)cc1CN,9,7-9,0.0,0.01666666666666667
48468,O=C(O)Cn1nc(C(F)(F)F)c2c1CCC2(F)F,10,10,0.0,0.0
48469,CC(=O)N1CCN(CCN2CCN(C(=O)/C=C/c3cccc(Cl)c3)CCC2=O)CC1,6,4-6,-0.95,-0.475
48470,O=C1NC(=O)C(=Cc2ccccc2)N1,8,7-9,0.0,0.0
48471,CC(C)CCNc1nc(Cl)ncc1N,2,2-3,0.0,0.0
48472,Nc1ncc(-c2ccc(-c3cccnc3OC3CCNCC3)cc2F)cn1,8,7-9,0.0,-0.008333333333333337
48473,O=C1c2ccccc2C(=O)N1CCCc1cccc(/C=C\c2ccccc2C(F)(F)F)c1,10,10,0.0,9.920634920634608e-05
48474,O=c1c2ccccc2oc2c(O)cccc12,9,7-9,0.0,0.0
48475,CC(CN(C)C)OC(=O)C(Cc1cc(=O)[nH]c2ccccc12)NC(=O)c1ccc(Cl)cc1,9,7-9,0.0,0.0
48476,O=c1[nH]cc(C(F)(F)F)c(=O)[nH]1,10,10,0.0,0.0
48477,CCCCCCSC(C(=O)O)c1ccc(Cl)c(Cl)c1,10,10,0.0,0.0
48478,CCC(CC)(Oc1ccc(Cl)cc1C1CC(=O)NC(c2cc(F)ccc2C)C12C(=O)N(C(=O)C(C)C)c1cc(Cl)ccc12)C(=O)NS(C)(=O)=O,8,7-9,0.0,-0.065
48481,CC(C)(C)OC(=O)N(CCCNS(=O)(=O)C(F)(F)F)Cc1cccc2nccn12,10,10,0.0,0.0
48482,COC(=O)C1CC(C)CN(C(=O)OC(C)(C)C)C1,8,7-9,0.0,0.0
48484,CC(C)(C)OC(=O)N1C2CCC1CN(c1cc(N(COCC[Si](C)(C)C)COCC[Si](C)(C)C)n3ncc(-c4ccc(-c5ccccc5)nc4)c3n1)C2,6,4-6,0.5,0.25
48485,CC(=O)N1CCCc2cc(CO)ccc21,10,10,0.0,0.0
48486,CN(C)C(=O)c1cccc(Nc2nccc(Nc3c(Cl)ccc4c3OCO4)n2)c1,8,7-9,0.0,0.0
48487,O=C(Nc1nc(C(Cl)(Cl)Cl)ns1)c1ccccc1F,2,2-3,0.0,0.0
48488,O=C1CN(c2ccncc2)CCN1c1ccc(OCc2ccccc2)cc1,8,7-9,0.0,0.0
48489,C[C@@H](CO)Oc1cc(Oc2ccc3c(ccn3C)c2)cc(C(=O)Nc2ccn(C)n2)c1,10,10,0.0,0.0
48490,O=C(COCc1ccc(C(=O)O)cc1)NCCCCCC(=O)Nc1cccc(-c2ccccc2)c1,10,10,0.0,0.0
48491,C#CC(C)(C)N1CCC(N2CCN(CCCN3CCCCC3)C2=C(C#N)C#N)CC1,8,7-9,0.0,0.0
48493,COc1cc(CNC(=O)C2CCCC(n3c(=O)c4c(C)onc4c4ccncc43)C2)cc(OC)c1OC,6,4-6,0.0,0.0
48494,COc1cc(NC(=O)c2cncc(N3C[C@H]4CN(C(=O)OC(C)(C)C)C[C@H]4C3)c2)cc(OC)c1,7,7-9,-0.1,-0.05
48496,O=C(CBr)NC(c1ccccc1)(c1ccccc1)c1ccccc1,8,7-9,0.0,0.0
48497,CS(=O)(=O)Oc1ccc(-c2cccs2)cc1,10,10,0.0,0.0
48498,O=C(O)c1cn(C2CC2)c2nc3c(F)c(N4CCN(Cc5ccco5)CC4)c(F)cc3cc2c1=O,10,10,0.0,0.0
48499,COc1ccc(S(=O)(=O)N(C)c2cc(OC)c(OC)c(OC)c2)cc1N,9,7-9,0.0,0.0
48500,O=C(O)CC1CCC2(CC1)OCCO2,10,10,0.0,0.0
48501,CCOC(=O)c1cc2c(n1CCN)CCCC2,10,10,-0.1,-0.18333333333333332
48502,CC(C)(C)CNc1nc(Cl)cc(Cl)n1,6,4-6,0.0,0.0
48503,CCOC(=O)C(C)(C)c1ccc([C@@H](O)CCCN2CCC(C(O)(c3ccccc3)c3ccccc3)CC2)cc1,7,7-9,0.0,-0.00547619047619048
48504,CC1CCN(c2ccc([N+](=O)[O-])cc2C(=O)c2ccccc2Cl)CC1,8,7-9,0.0,0.0
48507,N#Cc1ccc(OCCC2CCCCC2)nc1,7,7-9,0.0,0.0
48509,O=C(O)Cc1cccc(Cc2nc3c(F)c(F)cc(F)c3s2)c1,10,10,0.0,0.0
48510,CC(C)(C)OC(=O)N1CCN(c2ncccc2C=O)CC1,8,7-9,0.0,0.0
48512,CN1CCN(C(=O)c2[nH]c3ccccc3c2CO)CC1,8,7-9,0.0,0.0
48513,NNc1nc2c(s1)CCOc1ccc(Br)cc1-2,10,10,0.0,0.0
48514,O=C(CCOCCOc1ccccc1)NNC(=O)c1ccc(O)cc1,7,7-9,0.0,0.0
48515,O=[N+]([O-])c1cc(-c2nc3ccccc3[nH]2)cc(O)c1O,9,7-9,0.85,0.425
48516,COCCN(C)c1ccc(NC(=O)c2nc(C3CCCCC3)oc2C(F)(F)F)cn1,6,4-6,0.0,0.0
48517,CC(=O)OC(COCCOS(C)(=O)=O)c1cccc(Cl)c1,3,2-3,0.0,0.0
48519,CCOC(=O)Cc1ccc(-c2cccc(-c3onc(C)c3NC(=O)OC(C)c3ccccc3Cl)c2)cc1,6,4-6,-0.1,-0.05
48520,CNc1ccc(Cc2nc3c([nH]2)c(=O)n(Cc2ccccc2F)c(=O)n3CC2CC2)cc1,10,10,0.0,0.0
48521,COC(=O)CNS(=O)(=O)c1ccc2oc3cc(-c4noc(C(C)(C)C)n4)ccc3c2c1,7,7-9,0.0,0.0
48522,N[C@H]1CN(C(=O)NS(=O)(=O)Nc2cc(O)c(O)cc2C(=O)O)C1=O,8,7-9,0.0,0.0
48523,N#CC1(NC(=O)[C@@H]2C[C@@H](S(=O)(=O)c3ccccc3Cl)CN2C(=O)OC2CCCC2)CC1,9,7-9,0.0,0.0
48524,CCOC(=O)c1cc(-c2ccccc2)n(-c2cccc([N+](=O)[O-])c2)c1C,1,1,0.0,0.0
48525,[N-]=[N+]=NCC(=O)c1ccc(O)c(O)c1,7,7-9,0.0,0.0
48526,COc1ccc(-c2cc3c(O)c(C(=O)NCC(=O)O)ncc3s2)cc1,8,7-9,0.0,0.0
48527,Cc1cc(C(=O)CCc2ccc(F)cc2F)n(CC2CC2C)c1C,8,7-9,0.0,0.0
48528,C=C(C)C(=O)OCCCC1CO1,10,10,0.0,0.0
48530,Cc1c(COC(C)(C)C(=O)NCc2ccc(C(=O)O)cc2)nn(-c2ccc(Cl)cc2Cl)c1-c1ccc(C(F)(F)F)cc1,2,2-3,0.0,0.0
48531,O=C(Nc1c(C(O)(C(F)(F)F)C(F)(F)F)ccc2ccccc12)C1CCC1,10,10,0.0,0.0
48532,COc1cc(C#N)ccc1NC=O,10,10,0.0,0.0
48533,CC(C(=O)O)c1ccc(C#Cc2cc(CN(C)C3CC3)c3c(c2)C(C)(C)CC(C)(C)O3)cc1,10,10,0.0,0.0
48534,Cc1ccccc1-c1cc(N2CCC(N(C)C)CC2)nc2c1C(=O)N(Cc1cc(C(F)(F)F)cc(C(F)(F)F)c1)CCCO2,9,7-9,0.0,0.0
48535,O=C(c1ccc2c(c1)cc(C(=O)N1CCS(=O)(=O)CC1)n2CC1CC1)N1CCN(C2CCCC2)CC1,7,7-9,0.0,0.0
48536,CCC#Cc1cncc(Br)c1,8,7-9,0.0,0.0
48538,O=S(CCCN(CCO)CCCCCCC1=C(c2cccc(O)c2)CCCc2cc(O)ccc21)CCCC(F)(F)C(F)(F)F,10,10,-0.5,-0.25
48539,Cc1cccnc1Nc1nc2cc(C(=O)Nc3ccc4cn[nH]c4c3)c(N3CCC(N)CC3)cc2[nH]1,9,7-9,0.1,0.05
48541,COc1ccnc(COS(=O)(=O)c2ccc(C)cc2)c1,8,7-9,0.0,0.0
48542,Nc1cc(-c2nc3ccccc3o2)ccc1NCc1ccccc1,9,7-9,0.0,0.0
48543,CN(C(=O)c1ccccn1)c1cc(F)cc(F)c1,8,7-9,0.0,0.0
48544,C[C@H]1COc2c(F)c(F)c(N)c3c(=O)c(C#N)cn1c23,8,7-9,0.0,0.024999999999999994
48545,O=C(CC1CCN(Cc2ccccc2)CC1)Nc1cncnc1NCc1ccc(F)cc1,6,4-6,0.0,0.0
48546,COC(=O)c1cnc(O)c(CCC#N)c1,7,7-9,0.0,0.0
48547,C#CCOc1cnc(C(=O)O)c(C)n1,9,7-9,0.0,0.0
48548,COCc1nc2c(C(C)(C)O)cccc2n1Cc1ccc2c(c1)COc1cc(F)ccc1/C2=C(\C)C#N,10,10,0.0,0.0
48550,O=C1Nc2ccc(F)cc2Oc2sc3c(c21)CCCC3,9,7-9,0.0,0.0
48551,N#Cc1cc(-c2ccc(N)nc2)c2c(c1)cc1n2CCCNC1=O,4,4-6,1.0,0.5083333333333333
48552,C[C@@H](Oc1cncc(Cl)n1)c1cccc([N+](=O)[O-])c1,8,7-9,0.0,0.0
48553,CC1(C)CCc2cc(OC(=O)c3ccccc3)c(N3CC(=O)NS3(=O)=O)cc2C1,8,7-9,0.0,0.0
48554,CCCCCCC(C)O,10,10,0.0,0.0
48555,CCOC(=O)C(C)c1ccc(-c2ccc(-c3onc(C)c3CC(F)(F)CCc3ccccc3)cc2)cc1,9,7-9,0.0,0.0
48556,CC(=O)c1cccnc1NC(=O)C(C)(C)C,9,7-9,-0.1,-0.05
48557,O=C(O)c1cc(F)c(-c2cccc(C(F)(F)F)c2)nc1Oc1ccccc1Cl,9,7-9,0.0,0.018035714285714294
48558,CC(=O)OCc1ccc(Cl)cc1N([C@H](C)CCCBr)S(=O)(=O)c1ccc(Cl)cc1,10,10,0.0,0.0
48559,Cc1ccc(NCCCCl)cc1Cl,10,10,0.1,0.05
48560,COc1cc2nccc(Oc3ccc(N)c([N+](=O)[O-])c3)c2cc1OC,7,7-9,0.0,0.0
48561,O=C(Cc1ccc(Oc2ccccc2)cc1)Nn1nc(N2CCOCC2)c2ccccc2c1=O,3,2-3,0.0,0.0
48562,CCOC(C)O[C@@H]1OC=C(CO)[C@H]2CC[C@H](C)[C@@H]12,9,7-9,0.0,0.0
48563,CCNC[C@H](CC1CCCCC1)NC(=O)OC(C)(C)C,10,10,1.0,0.5
48564,COc1ccc(Cl)cc1NC(C)=O,10,10,0.0,0.0
48565,Nc1ccc(-c2cccnn2)cn1,8,7-9,0.0,0.034285714285714274
48566,CN(CCO)c1cncc(Cc2c(-c3ccc(Cl)cc3)nc3ccccn23)n1,9,7-9,0.0,0.0
48567,C[C@@H](NC1CCCC(c2ccccn2)C1)c1cccc2ccccc12,7,7-9,0.0,0.0
48568,COc1cccc(CCCCC(=O)O)c1,10,10,0.0,0.0
48569,O=[N+]([O-])c1cccc(Cl)c1CCBr,10,10,0.0,0.0
48570,COCCOc1cc(C(=O)OC)ccc1N,7,7-9,0.0,0.0
48574,CC(C)(C)OC(=O)n1ccc2cc(-c3ccncc3)ccc21,6,4-6,0.0,0.0
48576,O=C(N[C@H]1CC[C@H](CCN2CCN(c3nccc4c3CCO4)CC2)CC1)c1ccc(N2CCOCC2)cc1,8,7-9,0.0,0.0
48577,CCCc1c(CNC)ccc2ccccc12,10,10,0.0,0.0
48578,CCOC(=O)C(C#N)=C(c1ccc(F)cc1)c1ccc(F)cc1,9,7-9,0.0,0.008333333333333335
48579,Oc1ccc(CCOCCCCl)cc1,9,7-9,0.6,0.42500000000000016
48580,O=C(O)C(Cc1ccc(Oc2ccccc2)cc1)C(O)c1ccc(F)cc1,10,10,0.0,0.0
48581,COc1ccc(CNc2nc(-n3ccnc3C)nc3sc(C)c(Cl)c23)cc1Cl,1,1,0.0,0.0
48582,CCCc1c(C(=O)NC2CC2)nnn1-c1ccc(C(=O)NCCCc2ccccc2)cc1,8,7-9,0.0,0.0
48583,CS(=O)(=O)OC1CCN(Cc2ccccc2)C1,4,4-6,0.0,0.0
48584,CN1CCN(CC#Cc2cc3nccc(Oc4ccc(NC(=O)c5cccn(-c6ccc(F)cc6)c5=O)cc4F)c3s2)CC1,5,4-6,0.0,0.0
48585,Cc1cc(F)ccc1-c1cc(N2CCC[C@H]2CN2C(=O)c3ccccc3C2=O)ncc1N(C)C(=O)C(C)(C)c1cc(C(F)(F)F)cc(C(F)(F)F)c1,9,7-9,0.0,0.045833333333333316
48587,CN1CCC(=NN)CC1,9,7-9,0.0,0.0
48588,CCOC(=O)Cc1c(C)[nH]c2ccc(F)cc12,10,10,0.0,0.0
48589,CN(C(=O)Oc1ccc(NC(=O)CC(C)(C)C)cn1)c1ccccc1,7,7-9,0.0,0.0
48590,COC(=O)c1ccc(CN(CC2CC2)C(=O)c2ccc(Oc3ccccc3OC)cn2)cc1,8,7-9,0.0,0.0
48591,CC(CSC(=O)c1ccccc1)C(=O)N1Cc2ccccc2CC1C(=O)O,10,10,0.0,0.0
48592,CCCCCCCCCOC(=O)c1c[nH]c2ccccc12,10,10,0.0,0.0
48593,CCC(=O)c1[nH]c(-c2ccc(Cl)cc2)c(C)c1-c1ccc(S(N)(=O)=O)cc1,8,7-9,0.0,0.0
48595,COCCOc1ccn2c(-c3ccc4cccc(N5CCC(C)(NC(=O)OCc6ccccc6)CC5)c4n3)cnc2c1,8,7-9,0.0,0.0
48596,CN(c1ccc2c(c1C(=O)O)CCCC2)S(=O)(=O)c1ccccc1NCC1CCNCC1,7,7-9,0.0,0.0
48597,COC(=O)C[C@@H]1COc2cc(O[C@@H]3CCc4c(OC(F)(F)F)cccc43)ccc21,8,7-9,0.0,0.0
48598,COc1cccc(C(=O)c2ccc3ccccc3c2NC(=O)CBr)c1,10,10,0.0,0.0
48599,COC(=O)[C@H](C(C)C)N1Cc2ccc(-c3ccc(NC(=O)Nc4c(F)cccc4F)cc3)cc2C1=O,10,10,-0.15,-0.075
48601,CC(NC(=O)C(C)(C)CO)C(Cc1ccc(Cl)cc1)c1ccc(Cl)cc1,10,10,0.0,0.0
48602,O=C(O)C1CCC(c2cc3cccnc3c(-c3cccc(F)c3)n2)CC1,9,7-9,0.0,0.0
48603,O=C(/C=C/c1cnc(N[C@@H]2CCN(Cc3ccccc3F)C2)cn1)NO,10,10,0.0,0.0
48605,O=Cc1ccc(-c2cc(-c3c(-c4ccc(F)c(Cl)c4)nc4ccccn34)ccn2)cc1,9,7-9,0.0,0.0
48606,O=C1C(n2cc(C3CCN(c4ccncn4)CC3)nn2)CCc2c(F)cccc2N1CC(F)(F)F,8,7-9,0.2,0.1
48607,CCCOc1ccc(F)cc1N,10,10,0.0,0.0
48608,COc1ccc2c(c1N)CN(Cc1ccccc1)CC(=O)N2,9,7-9,0.0,0.0
48609,Cc1nc(Cl)cc2c1c(=O)[nH]n2C(c1ccccc1)(c1ccccc1)c1ccccc1,9,7-9,0.0,0.0
48610,COc1cc2c(cc1N1CCOCC1)C/C(=C\c1cc(Cl)ccc1C(F)(F)F)C2=O,8,7-9,0.0,0.0
48612,CN(C)Cc1ccc(CNC(=O)c2cccc(C#N)c2)cc1,6,4-6,0.0,0.0
48614,CCS(=O)(=O)N1CCC(c2c[nH]c3c(C(N)=O)cc(-c4cccc(N)c4)cc23)CC1,7,7-9,0.0,0.0
48616,CC(C)(C)OC(=O)N1CCC(c2ccc(Nc3ncc(C(F)(F)F)c(C#Cc4ccccc4C4(C(N)=O)CC4)n3)cn2)CC1,8,7-9,0.0,0.0
48617,CCC1(C)CC(=O)NN=C1c1ccc(C)c(N)c1,9,7-9,0.0,0.0
48618,COc1ncc(-c2ccc3ncc(C#CC(C)O)n3c2)cc1NS(=O)(=O)c1ccc(F)cc1F,7,7-9,0.0,0.0
48619,COc1cc2ncnc(Nc3nc4ccc(NC(=O)Nc5cccc(C(F)(F)F)c5)cc4s3)c2cc1OC,7,7-9,0.95,0.475
48620,CC(NC1CCCc2c(O)cccc21)c1nc(-c2ccccc2)c(-c2ccccc2)o1,9,7-9,0.0,0.0
48621,CCCOc1ccc(F)c2c(=O)c(-c3ccc(O)cc3)c[nH]c12,9,7-9,-0.05,-0.025
48622,O=[N+]([O-])c1cnc(N[C@H]2CC[C@H](O)CC2)nc1NC1CCCC1,8,7-9,0.0,0.0
48623,CC(=O)c1ccc(-c2ccc(C(=O)N3CCc4cc5c(cc43)C3(CCN(C)CC3)CO5)cc2)c(C)c1,6,4-6,0.0,0.0
48625,O=C(O)c1ccc(-c2ccc3[nH]nc(NC(=O)c4ccc(Cl)s4)c3c2)o1,8,7-9,0.0,0.0
48626,O=C(O)c1ccc(-c2csc(COC(=O)c3ccccc3)n2)cc1,10,10,0.0,0.0
48628,O=C1CCCN1C12CC3CC(CC(CO)(C3)C1)C2,9,7-9,0.0,0.0
48630,O=C(c1cc(C(F)(F)F)cc(C(F)(F)F)c1)N1CCNC[C@H]1Cc1c[nH]c2ccccc12,9,7-9,0.0,0.0
48632,COCCOc1cc2ncnc(Oc3ccc(CC(=O)Nc4ccc(N(C)C)cn4)c(OC)c3)c2cc1OC,8,7-9,0.0,0.0
48633,CCCn1c(COC)nc2c(N)nc3ccc(OCC4CCCN(C)C4)cc3c21,10,10,0.0,0.09583333333333333
48635,Nc1cc(COc2cccc(Br)c2)ccc1Sc1ccc(O)cc1,9,7-9,0.0,0.0
48636,NCc1cc(-c2ccccc2)c(=O)n2c1-c1sccc1CC2,9,7-9,0.0,-0.004166666666666666
48637,O=C(Nc1ccc(CO)cc1)c1csc(Cc2cc(Cl)ccc2OCc2ccccc2)n1,9,7-9,0.0,0.0
48639,C[C@H]1C(=O)N(CCC(C)(C)C(=O)N2CCC3(CC3)[C@H](O)C2)CCN1C(=O)Nc1ccc(C(F)(F)F)c(Cl)c1,10,10,0.0,0.0
48640,CCC(CC)(c1ccc(Br)cc1)c1ccc(OCc2ccccc2)c(C)c1,10,10,0.0,0.0
48641,COC(=O)COc1ccc(N)c(F)c1,7,7-9,0.0,0.0
48642,CCOP(=O)(CN(Cc1ccccc1)Cc1cc([N+](=O)[O-])cc2nc(OC)c(OC)nc12)OCC,9,7-9,0.0,0.0
48643,CC(C)N1CCN(C(=O)c2cccc(CN3CCCCC3)c2)CC1,7,7-9,-0.05,-0.025
48644,O=C1c2ccc(Br)cc2CN1CC(F)(F)F,10,10,0.9,0.5583333333333333
48645,O=CNNc1ccc(NC(=O)c2cccc(-n3nnnc3S)c2)cc1,7,7-9,0.0,0.0
48646,O=C1C(c2cccnc2)=C(c2ccccc2)c2ccc(OCC[N+]3([O-])CCOCC3)cc21,7,7-9,0.0,0.0
48647,O=C(O)c1csc(-c2ccc(F)nc2)c1,9,7-9,0.35,0.16666666666666669
48648,CCOC(=O)CC[C@H](NC(=O)c1ccc(CCC2CNc3nc(NC(=O)C(C)(C)C)[nH]c(=O)c3C2)s1)C(=O)OCC,9,7-9,0.0,0.0
48649,COC(=O)c1ccc(S(=O)(=O)N(Cc2ccc(Cl)cc2C(F)(F)F)c2ncc(Cl)cc2Cl)cc1,5,4-6,0.0,0.0
48650,Cc1cc(OCCC(C)Oc2ccc(OC(F)(F)F)cc2C(=O)c2cccs2)ccc1CCC(=O)O,10,10,0.0,0.0
48652,CC(NC(=O)C1(O)CCC(N)CC1)c1ccccc1,10,10,0.0,0.0
48653,CC(C)[Si](OCC[C@@H](C)Oc1cc(F)ccc1F)(C(C)C)C(C)C,10,10,0.0,0.033988095238095234
48655,COC(=O)C=Cc1ccc(I)cc1,8,7-9,0.0,0.0
48656,CC(C)Oc1ccc(-c2nc(-c3cc(F)cc4c(CCC(=O)O)c[nH]c34)no2)cc1C#N,10,10,0.0,0.0
48657,COc1cccc(OC)c1C1CCCC(=O)N1Cc1ccc(OC(F)F)nc1,4,4-6,0.0,0.0
48658,O=C1CN(c2cccc(-n3cc(-c4ccc(Cl)cc4Cl)nc3Cc3ccc(-c4ccc(Br)cc4)cc3)c2)S(=O)(=O)N1,10,10,1.0,0.5
48660,O=C(NCC(F)(F)F)c1ccc(C2=NOC(c3cc(Cl)cc(Cl)c3)(C(F)(F)F)C2)c2ccccc12,7,7-9,0.0,0.0
48661,CC1(C)OCC(CN2C(=O)C(NC(=O)c3cc4cc(Cl)ccc4[nH]3)Cc3ccccc32)CO1,7,7-9,0.0,0.0
48662,Cc1cccc(C)c1CNc1cc(C(=O)O)cc2c1nc(C)n2C,7,7-9,-0.15,-0.075
48664,CC(C)CCOc1ccc([N+](=O)[O-])cc1,9,7-9,-0.05,-0.025
48665,CC(C)(C)OC(=O)N[C@H]1C[C@H](O)C1,9,7-9,0.0,0.025
48667,O=C(O)C1CC(Br)=NN1c1ncccc1Cl,10,10,0.0,0.0
48668,CCCCCCCC(O)=C1C(=O)OC(C)(C)OC1=O,10,10,0.0,0.0
48669,Fc1cc(Br)cc(F)c1OCc1ccccc1,9,7-9,0.0,0.0
48670,OCC1(c2ccc(Cl)cc2)CCNCC1,9,7-9,0.0,0.03333333333333334
48671,CC(Oc1ccccc1)c1ccc(C(=O)O)cn1,10,10,0.0,0.0
48672,N#Cc1nc(C(=O)NC[C@H](Cc2ccccc2)C(=O)O)c(O)c2ccc(Oc3ccccc3)cc12,10,10,0.0,0.0
48673,O=C(O)c1ccc(CC(C(=O)N(c2ccccc2)c2ccc3cccc-3o2)c2ccc(C3=CCCCC3)cc2)cc1,8,7-9,0.0,0.0
48674,CC1=C(CNc2cccc(C(F)(F)F)c2)C(C)(C)CCC1,6,4-6,0.0,0.0
48675,O=C(c1ccc(OC2CCCCO2)cc1)c1ncco1,8,7-9,0.0,-0.0024999999999999996
48676,C[C@H](c1ccccc1)N(CC(=O)COc1ccccc1[N+](=O)[O-])C(=O)OCc1ccccc1,8,7-9,0.0,0.0
48677,CCOC(=O)N[C@H]1CCc2c(S(=O)(=O)Nc3ccccc3)ccc(OC)c2C1,8,7-9,0.0,0.0
48678,O=c1cc(NCC(CNCc2cn(Cc3ccccc3)c3ccccc23)c2ccccc2)[nH]c2ccccc12,9,7-9,0.0,0.0
48679,COc1ccc(S(=O)(=O)Nc2ncccn2)c2c1C[C@@H](NC(=O)C(F)(F)F)CC2,7,7-9,0.0,0.0
48680,COc1ccc(Cn2nnnc2C(=O)Nc2cccc(N3CCCCC3)c2C#N)cc1,6,4-6,0.0,0.0
48682,CNC(=O)[C@@H](NC(=O)c1nc(C(=O)c2ccccc2)n2c1CN(C(=O)OC(C)(C)C)CC2)C(C)(C)C,7,7-9,0.0,0.0
48683,Cc1nn(-c2ccccn2)c2nc3ccccc3c(NC3CC3)c12,9,7-9,0.0,0.0
48684,CC1(C)C(C(=O)c2c[nH]c3c(F)c(F)c(F)c(F)c23)C1(C)C,7,7-9,0.0,0.0
48685,CC(C)C(=O)c1cc(O)c(O)c([N+](=O)[O-])c1,8,7-9,0.0,0.0958333333333333
48686,N[C@@H]1CC[C@](COCc2cc(C(F)(F)F)cc(C(F)(F)F)c2)(c2ccccc2)C1,10,10,0.0,0.010833333333333337
48687,OCCN1Cc2ccccc2C1,8,7-9,0.0,0.0
48689,CC(NC(=O)OC(C)(C)C)c1ccc(O)cc1,6,4-6,0.0,0.0
48690,COc1cc(F)ccc1-c1ccn(-c2ccc3c4c(n(C)c3c2)CCN(C(=O)OC(C)(C)C)C4)c(=O)c1,7,7-9,0.0,0.0
48691,O=C1O[C@@H](Cn2ccnn2)CN1c1ccc(-c2ccc(C=NO)nc2)c(F)c1,7,7-9,0.0,0.0
48693,CC(C)(C)OC(=O)N1CCC(C(=O)NNC(=O)CCl)CC1,4,4-6,0.0,0.0
48694,Cc1ccc(-c2cc(OCC3COC(C)(C)O3)cc(C(=O)O)c2)c(C#N)c1,9,7-9,0.0,0.0
48696,COC(=O)c1ccc(-c2nc(NCCc3ccccc3)c3c(C)c(C)sc3n2)cc1,1,1,0.0,0.0
48697,Nc1ccc(CN2CCCC2)nc1,9,7-9,0.0,0.0
48698,COc1ccc(-c2cccnc2F)cc1CNC1CCC(N(C)C(=O)OC(C)(C)C)CC1,7,7-9,0.0,0.0
48699,CCOC(=O)C(=O)CSc1nc2ccccc2[nH]1,9,7-9,0.0,0.0
48700,OC(c1ccccc1)c1cccc(Cl)c1,10,10,0.0,0.0
48701,C=C[C@H](N)CO[Si](C)(C)C(C)(C)C,8,7-9,-0.1,-0.05
48702,COc1ncc(Br)cc1NS(C)(=O)=O,8,7-9,0.0,0.0
48703,Cn1cc(C=O)c2c(Oc3ccccc3)ccnc21,8,7-9,0.0,0.0
48704,N#Cc1c(NC(=O)NC(=O)c2ccccc2)sc2c1CCOC2,3,2-3,0.0,0.0
48705,COc1ccccc1OCCCc1nc(-c2ccc(Cl)cc2)co1,10,10,0.0,-0.0033333333333333353
48707,COc1ccc2c(c1)CCN(C(=O)c1nc(-c3ccc(F)cc3)nc3ccc(F)cc13)C2,4,4-6,0.25,0.125
48708,CCC(c1ccc(Cl)c2nc3n(c12)CCCN3c1ccc(Cl)cc1Cl)N(C)C(C)=O,7,7-9,0.0,0.0
48709,COc1ccc(CNc2nccc(Cl)c2N)c(OC)c1,7,7-9,0.0,0.0
48710,CCOP(=O)(Cc1cccc([N+](=O)[O-])c1)OCC,10,10,0.0,0.0
48711,Cn1cnc2cnc3ccc(Cl)cc3c21,8,7-9,0.0,0.0
48712,CC1(N)CN(c2c(F)cc3c(=O)c(C(=O)O)cn(-c4ccc(F)cc4F)c3c2F)C1,10,10,0.0,0.0
48713,NS(=O)(=O)c1cccc(CCCCOCCCCCCNCc2ccccc2)c1,8,7-9,0.0,0.0
48714,C=CC(=O)Nc1ccc2ncc(C#N)c(Nc3ccc(Br)cc3)c2c1,3,2-3,0.0,0.0
48715,CC(=O)N[C@@H]1C[C@H](NC(=O)OC(C)(C)C)CC[C@@H]1N1CC[C@H](N)C1=O,8,7-9,0.0,0.0
48716,COCc1ccc(F)c(C#Cc2cc(Cl)ccc2OCC(=O)OC(C)(C)C)c1,10,10,-0.8,-0.4
48717,CC(C)(C)OC(=O)NCc1cccc(CCC(=O)O)c1,9,7-9,0.0,0.0
48718,N#Cc1ccc(-c2ccc(C=O)cc2)cc1,10,10,0.0,-0.00888888888888888
48719,N[C@H](COCc1ccccc1)Cc1ccccc1,10,10,0.0,0.0
48720,CC(C)(C)c1cc(CO)n[nH]1,7,7-9,0.0,0.0
48722,CCCCOCCOc1ccc(-c2cc3c4c(c2)CCCN4CCC(C(=O)O)=C3)cc1,9,7-9,-0.5,-0.25
48723,Oc1nc(-c2ccc(F)cc2)c(CCN2CCC(=Cc3cccc(F)c3)CC2)s1,7,7-9,-0.5,-0.25
48724,CCOc1ccc(-c2ccc(C#N)cc2)cc1C=O,10,10,1.0,0.5
48725,COc1ccc(-n2nc3c4ccc(N)cc4[nH]cc-3c2=O)cc1,10,10,0.0,0.0
48726,O=C(NC1CC1)c1ccc(N2CCC(CCN3CCCCC3)CC2)c([N+](=O)[O-])c1,7,7-9,0.0,0.0
48727,CC(C)(C)OC(=O)[C@H](Cc1ccc(OCCCC(=O)NC2=NCCN2)cc1)NC(=O)OCC12CC3CC(CC(C3)C1)C2,10,10,0.0,0.0
48728,O=C(Nc1ccc(Cl)cn1)c1ccc(Cl)c([N+](=O)[O-])c1,6,4-6,0.0,0.0
48729,CC[C@H](C)c1onc(-c2c(Cl)cccc2Cl)c1COc1ccc(-c2ccc3nc(C(=O)O)ccc3c2)cc1,10,10,0.0,0.0
48731,Cc1c(-c2ccc(N(C)C)nc2)nc2cc(F)cc(F)c2c1Nc1cc(N2CCOCC2)cnc1N1CCOCC1,8,7-9,0.0,0.0
48732,Cc1ccc(C(=O)NC2CC2)cc1-n1cnc2ccc(N3CCN(CC(=O)O)CC3)cc2c1=O,10,10,0.15,0.11666666666666665
48733,Cc1ccc([C@@H]2COc3cc(O)ccc3[C@@H]2c2ccc(OCCN3CCCCC3)cc2)cc1,9,7-9,0.0,0.0
48734,CC(C)(C)OC(=O)COc1cccc2c1CCCCC2NS(=O)(=O)c1cccc(-c2ccccc2)c1,9,7-9,0.0,0.0
48735,O=C(Nc1ccc(C2(O)CC2)c(F)c1)Oc1ccccc1,9,7-9,0.0,0.0
48736,Nc1ccc(C(=O)N2Cc3cccn3Cc3ccccc32)cc1,4,4-6,0.0,0.0
48737,Nc1cnc(C2=CCCCO2)cn1,8,7-9,0.0,0.0
48738,O=C(NCC(=O)N1CCN(C(=O)c2cc(C(F)(F)F)ccc2C(F)(F)F)CC1)c1ccc(-c2ccccc2)cc1,9,7-9,0.0,0.0
48740,COc1c(Br)cc(C(=O)N2CCOc3ncc(-c4cccc(C(F)(F)F)c4)cc32)cc1Br,2,2-3,0.0,0.0
48741,Cc1cc(C(=O)O)c(C(F)(F)F)o1,10,10,0.0,0.0
48742,Cc1ncc(CNC(=O)c2ccc(C#N)cc2)c2c1OC(C)(C)OC2,7,7-9,0.0,0.0
48743,CN1CCCn2c1cc(OCCc1ccc(Oc3ccc(F)c(F)c3)nc1)nc2=O,8,7-9,-0.15,-0.075
48744,O=c1ccc2c([C@H](CBr)OC3CCCCO3)ccc(OCc3ccccc3)c2[nH]1,8,7-9,0.0,0.0
48745,COc1cccc([C@@H]2O[C@@H](CC(=O)O)c3nnc(C(F)(F)Cl)n3-c3ccc(C(F)(F)F)cc32)c1OC,9,7-9,0.0,0.0
48747,CCOC(=O)Cc1cccc(CBr)c1,10,10,0.0,0.0
48748,Brc1ccc2c(c1)N[C@H]1CCN2C1,9,7-9,0.0,0.0
48749,COc1ccc(Nc2nc(Nc3cccc(CCCO)c3C)ncc2Cl)c(NS(C)(=O)=O)c1,10,10,0.0,0.05166666666666667
48750,OCc1cnn2ccc(C(F)(F)F)cc12,5,4-6,0.0,0.0
48751,CCOC(=O)CSc1nc(Cl)cc(Nc2c(C)cc(C)cc2C)n1,6,4-6,0.0,0.0
48752,Cc1cc(Nc2nccc(C(F)(F)F)n2)cc(-c2ccc(Oc3ccc(C(=O)O)cc3)nc2)c1,8,7-9,0.0,0.0
48753,CC(=O)c1cc(Br)cs1,8,7-9,-0.55,-0.275
48754,CNC(=O)Nc1cccc(C)c1CO,10,10,0.0,0.0
48755,CCOc1cc(C(=O)NC2CCN(C)CC2)ccc1Nc1ncc2c(n1)N(C1CCCC1)CC(F)(F)C(=O)N2C,6,4-6,0.0,0.0
48756,COc1cc(OC)nc(-c2ccc(Oc3ccc4c(c3)CCN(C3CCC3)CC4)nc2)n1,7,7-9,0.0,0.0
48757,O=Cc1cncc(Br)c1,8,7-9,0.65,0.325
48758,Fc1cc(C2=NOC(COc3ccon3)C2)ccc1N1CCSCC1,6,4-6,0.0,0.0
48760,O=Cc1csc(NC(c2ccccc2)(c2ccccc2)c2ccccc2)n1,6,4-6,0.0,0.0
48761,C[N+](C)(C)CC(O)COc1ccc2sc3ccccc3c(=O)c2c1,9,7-9,0.0,0.0
48762,O=C1Nc2ncc(Br)cc2C1=Cc1ccc2c(/C=C/c3ccncc3)n[nH]c2c1,8,7-9,0.0,0.0
48763,COc1cc(OC)c2c(=O)[nH]c(-c3ccccc3Cl)nc2c1,9,7-9,0.0,0.0
48765,CC1(C)OC[C@H](CCN=[N+]=[N-])O1,8,7-9,0.0,0.0
48766,CC(C)(C)[Si](C)(C)OCCCCCCOC1CCN(Cc2ccccc2)CC1,6,4-6,0.0,0.0
48767,COc1ccc(CN2CC(Cn3cc(-c4cc(C)cc(Nc5cc(C(F)F)ccn5)n4)nn3)CC2=O)c(OC)c1,7,7-9,0.0,0.0
48768,Clc1nc(N2CCC2)c2nc(Cl)c(O[C@@H]3CCOC3)nc2n1,6,4-6,0.0,0.0
48770,CCCNc1nc(Cl)nc2c1ncn2C1CCOC1,5,4-6,0.0,0.0
48771,OCc1ccc(Sc2ccc(Cl)c(Cl)c2)cc1Br,10,10,-0.05,-0.2766666666666666
48772,Cc1ccn2c(C(=O)Nc3cc(-c4noc(CCC(C)(C)O)n4)ccc3C)cnc2c1,7,7-9,0.0,0.0
48773,O=C1C(=O)c2ccc(-c3cccnc3)cc2C2=C1SCC1(CCN(C(=O)c3cccc(Cl)c3)CC1)O2,8,7-9,0.0,0.0
48774,COc1cc(Cl)cc(C(C)Nc2cc(N3CCC(N(C)C)CC3)ccc2S(C)(=O)=O)c1OC,8,7-9,0.0,0.0
48775,COc1cc(-c2cnc3[nH]cc(C(=O)C4(C)CCCC4)c3n2)cc(OC)c1OC,8,7-9,0.0,0.0
48776,C[C@H](O)C(=O)N1CCN(Cc2cc3nc(-c4cnc(N)nc4)nc(N4CCOCC4)c3s2)CC1,7,7-9,0.0,0.0
48777,CCOP(=O)(Cc1ccc(OC)cc1[N+](=O)[O-])OCC,10,10,0.0,0.0
48778,CCOc1cc(C(CCOC)N2C(=O)c3ccccc3C2=O)ccc1OC,8,7-9,0.0,0.0
48779,Cn1ccc(NC(=O)c2cc(Oc3cc(F)cc(F)c3)c3c(c2)OC(C)(C)C3)n1,6,4-6,0.0,0.0
48780,Cn1cc(-c2cncc(-n3ncc4c5c(sc4c3=O)CCCC5)c2CO)cc(Nc2ccc(N3CCN(C4COC4)CC3)cn2)c1=O,9,7-9,0.05,0.025
48781,COC(=O)c1cccc2[nH]c(N3CC[C@H](N)[C@H](OC)C3)nc12,9,7-9,0.0,0.0
48783,CCOC(=O)CCCCn1c(C(=O)OCC)cc2c(Cl)cc(O)cc21,9,7-9,-0.05,-0.025
48784,CNC(=O)c1c(F)cccc1F,9,7-9,0.0,0.0
48785,Cc1csc2nc(-c3ccncc3)nc(NCCc3ccc4c(c3)OCCO4)c12,4,4-6,0.0,0.0
48788,Cn1cc(C(=O)Cc2ccccc2)c2ccccc21,10,10,0.95,0.475
48789,CC(C)Oc1ccncc1[N+](=O)[O-],7,7-9,0.0,0.0
48790,Cn1cc(C2c3ccc(Cl)cc3C=Cc3sc(NCc4ccccc4)nc32)c(=O)[nH]c1=O,6,4-6,0.0,0.0
48791,Cc1cccc(-c2c(F)cccc2[C@H](OCCN)[C@H]2CN(C(=O)OC(C)(C)C)CCO2)c1,9,7-9,0.0,0.0
48792,c1ccc2c(c1)SCCc1c-2n(CCN2CCCCC2)c2ccccc12,8,7-9,0.0,0.06666666666666668
48794,CN1C(=O)CC[C@]2(C)c3ccc(-c4ccc(Cl)cc4)cc3CC[C@@H]12,10,10,0.0,0.0
48795,CCOC(=O)N=C(CCOC)OCC,9,7-9,0.0,0.0
48796,CC(C)(C)c1cccc(CC(NC(=O)c2ccc(F)c3ccccc23)C(O)c2cccc(Cl)c2)c1,10,10,0.0,0.0
48797,CCCCCCOc1ccc(C2(O)CCNCC2)cc1,9,7-9,0.0,0.0
48798,CC1Cc2ccccc2N1NC(=O)c1ccc(Cl)c(S(=O)(=O)N(Cc2ccccc2C(=O)O)C(=O)OC(C)(C)C)c1,4,4-6,0.0,0.0
48800,O=C(c1cnc2ccc(Br)cc2c1Nc1cncc(CCN2CCCC2)c1)C1CC1,7,7-9,0.0,0.0
48801,O=C(NCC(F)(F)F)C1(CCCCN2CCN(c3ccccn3)CC2)c2ccccc2-c2ccccc21,8,7-9,0.0,0.0
48802,CC(C)(C)c1nc(-c2cccc(NS(=O)(=O)c3cccs3)c2F)c(-c2ccnc(N)n2)s1,8,7-9,0.0,0.0
48803,CC(C)(C)OC(=O)Nc1noc2cc(CNC(=O)Cc3c(C#N)ccc(NCC(F)(F)c4ccccn4)[n+]3[O-])ccc12,8,7-9,0.0,0.0
48804,CC1(C)CC(O)C(=NO)c2ccccc21,10,10,0.0,0.0
48805,COc1cccc(-c2cn3cc(C(=O)O)sc3n2)c1,9,7-9,0.0,0.0
48806,CCOC(=O)Cc1csc(-c2ccc(Cl)cc2)n1,9,7-9,0.0,0.0
48807,CN(C(=O)c1ccc(Br)cc1)[C@@H]1CCN(C(=O)C2CCN(C(=O)CO)CC2)C[C@H]1c1ccc(Cl)c(Cl)c1,6,4-6,0.0,0.0
48808,CCN(CCN1CCCc2cc(Br)ccc21)C(=O)OC(C)(C)C,10,10,0.0,0.0
48810,Cc1cc(C(=O)CC(c2ccc(Br)cc2)c2ccc(F)cc2C)ccn1,8,7-9,0.0,0.0
48811,CN(C)CCCOc1ccc(N2N=C3c4cc(F)ccc4CCC3CC2=O)cc1,9,7-9,0.0,0.0
48812,CNC(=O)C(C)(C)C[C@H]1C[C@H](c2ccc(COC[C@@H](C)COC)cc2)[C@@H](OCc2ccc3c(c2)N(CCCOC)CCO3)CN1S(=O)(=O)c1ccc(C)cc1,10,10,0.0,0.0
48813,C[C@@H](NC(=O)Cc1ccc(C(C)(C)O)cc1)c1ccc(OCC(F)(F)F)cn1,8,7-9,0.0,0.0
48814,CN(C)C(=O)c1ccc2cnc(Br)cc2n1,7,7-9,0.0,0.0
48815,COc1cc(NC2CN(C(=O)OC(C)(C)C)C2)ccc1[N+](=O)[O-],10,10,0.0,0.0
48816,Cc1nc2ccc(C(=O)NCC(=O)c3ccccc3)cc2[nH]1,8,7-9,0.0,0.0
48817,CC[C@@H](CS(=O)(=O)C(C)(C)C)N1C(=O)[C@H](CCO)O[C@H](c2cccc(Cl)c2)[C@H]1c1ccc(Cl)cc1,10,10,0.0,0.0
48818,CC(C)(C)[Si](C)(C)OC1CCC(=CC#N)CC1,2,2-3,0.0,0.0
48820,CCCCCCCCOc1ccc(C(=O)Oc2cc(Cl)c(Cl)cc2Cl)cc1,4,4-6,0.0,0.0
48821,CC(=O)Nc1ccc(OCC2CO2)cc1[N+](=O)[O-],9,7-9,0.0,0.0
48822,CC(C)N(C(=O)c1ccc2c(c1)N(CCN)C(=O)C2(C)C)[C@@H]1CCCN(C(=O)OC(C)(C)C)C1,10,10,0.0,0.03916666666666666
48823,O=S(=O)(N[C@H]1CC[C@@H](c2ccc(O)cc2O)CC1)c1cccc(-c2nnn[nH]2)c1,10,10,-0.15,-0.23083333333333336
48825,COC(=O)c1nc(-c2ccc(O)cn2)n(-c2ccc(OC)nc2)n1,8,7-9,0.0,0.0
48826,OC1CCC(Oc2ccc(Br)cc2)CC1,10,10,0.0,0.0
48827,O=C(Nc1ccn(-c2cccc(F)c2F)n1)c1ccccc1Br,3,2-3,0.0,0.0
48828,O=CCc1ccc(Nc2nc(-c3cccc(Cl)c3)nc3c2CCC3)cc1,9,7-9,0.0,0.0
48829,Cc1ccc(Nc2ccn(C)n2)c(C(=O)Nc2ccn(C)n2)n1,8,7-9,0.0,0.0
48830,O=[N+]([O-])c1ccc(N2CCC2)nc1,8,7-9,0.0,0.0
48831,COc1cc(-c2cccc(F)c2)c(F)cc1-n1c(=O)ccc2cc(SCc3ccccc3)ccc21,10,10,0.85,0.425
48832,Cc1cc(C)c(-c2nc3c4c(nn3c(N)c2CN)CSC4)c(C)c1,8,7-9,0.0,0.0
48833,NC(=O)c1nn(-c2ccc3c(c2)OCO3)c2c1CCc1ccc(NC(=O)c3cc(Cl)ncc3Cl)cc1-2,9,7-9,0.0,0.0
48834,Cc1ccc(NC(=O)c2ccc(CN3CCN(C(=O)OC(C)(C)C)CC3)c(C(F)(F)F)c2)cc1Nc1nccc(-c2cncc(Br)c2)n1,8,7-9,0.0,0.0
48836,N#CC=Cc1ccc(Cl)c(C(F)(F)F)c1,10,10,0.0,0.0
48837,COC(=O)C1CCC(OS(C)(=O)=O)CC1(C)C,2,2-3,0.0,0.0
48838,Cc1cnc(/C=N/S(=O)C(C)(C)C)n1C,5,4-6,0.0,0.0
48839,BrCc1ccc2onc(OC3CCCCO3)c2c1,9,7-9,0.0,0.0
48840,CCCC1(CC(=O)OCC)OCCc2c1[nH]c1c(C)c(CO)cc(C#N)c21,10,10,0.0,-0.009999999999999998
48841,CCOC(=O)CCNC(=O)C1CCCN(C(=O)c2sc(NC(=N)N)nc2C)C1,9,7-9,0.0,0.0
48842,Cc1nc(C(C)(NC(=O)c2ccc(N3CC(F)(F)C3)c(OCC3CC3)n2)C2CC2)no1,9,7-9,0.0,0.17916666666666664
48843,O=C(Nc1ccc(C(=O)N2CCCc3ccccc32)cc1)c1cccc(O)c1,6,4-6,0.0,0.0
48844,Nc1c(CO)sc2cnccc12,8,7-9,0.0,0.0
48845,O=C1c2ccccc2C(=O)N1CCn1nc(O)c2[nH]c3cc(Cl)ccc3c(=O)c2c1=O,7,7-9,0.0,0.0
48846,NC1(c2ccc(-c3c(-c4ccccc4)oc4c(-c5c[nH]nn5)cccc4c3=O)cc2)CCC1,9,7-9,0.0,0.0
48847,C[C@H]1OC[C@]2(c3cc(N)ccc3F)N=C(NC(=O)OC(C)(C)C)N(C)C(=O)[C@H]12,3,2-3,0.0,0.0
48848,Nc1cc(F)cc(Br)c1,10,10,0.0,0.0
48849,Cc1ccc(CCNC(=O)c2sc3nc(C)cc(C(F)(F)F)c3c2N)cc1,9,7-9,0.0,0.0
48850,COC(=O)[C@H]1c2ccc(OCc3cccc(NC(C)=O)c3)cc2CCN1C(=O)OC(C)(C)C,7,7-9,0.0,0.07833333333333334
48851,N#Cc1ccc(OCC(O)CN2CC3CC(C2)CN(c2nccs2)C3)cc1,9,7-9,0.0,0.0
48852,C#Cc1cccc(Nc2ncnc3ccc(C(=O)OC)cc23)c1,9,7-9,0.0,0.0
48853,Nc1ccc2oc(=O)[nH]c2c1,10,10,0.0,0.0
48854,N#Cc1ccc(COC(=O)Nc2cccc3cnccc23)cc1,9,7-9,0.0,0.0
48855,COc1ccc(Cn2nc(C)c3c(Nc4ccnc(SC)n4)cccc32)cc1,8,7-9,0.0,0.0
48856,C#CCOc1nc(Nc2cc(NC(=O)[C@@H](Cc3ccccc3)NC(=O)OC(C)(C)C)cc(C(=O)OC)c2)ncc1Br,5,4-6,0.0,0.0
48858,Cc1cncc(NC(=O)CBr)n1,1,1,0.0,0.0
48859,Cc1c2c(nc3cc(C(=O)O)ccc13)CCCC2,8,7-9,0.0,0.0
48861,COc1ccc(CC2c3cc(O)c(OC)cc3CCN2CC2CC2)cc1O,10,10,0.0,0.0
48862,CS(=O)(=O)Nc1cccc(CN2CCN(C(c3ccccc3)c3ccccc3)CC2)n1,9,7-9,0.0,0.0
48863,CN1C(=O)C[C@H](c2ccccc2)[C@@H]1[C@H](O)c1ccc(-c2ccc(F)c(Cl)c2)s1,10,10,0.0,0.0
48864,NS(=O)(=O)c1ccccc1S(=O)(=O)NC(=O)c1ccc(C#CC2CCCC2)c(CO)c1,1,1,0.0,0.0
48865,CCn1ccc2c(C=O)cccc21,10,10,0.0,0.0
48866,COCCOCCO[C@@H]1c2ccn3c(C)c(C)nc3c2N[C@H](c2ccccc2)[C@H]1O,10,10,0.05,0.025
48867,COCCOCCOCCOCCOCCOCCOCCOc1cc(Nc2nccc(Oc3ccc(N)c4ccccc34)n2)cc(OC)c1,8,7-9,0.0,0.0
48868,Cn1c(NCC(=O)c2ccccc2)nc(-c2ccncc2)cc1=O,9,7-9,0.0,-0.033333333333333326
48870,CCc1cccc(Oc2ccc(C(=O)OC)cc2C)c1Br,7,7-9,0.0,0.0
48871,Cc1ccccc1-c1cc2cc(O)c(Cl)c(Cl)c2s1,10,10,0.0,0.0
48872,CC(=O)C(CCCc1ccccc1)n1cnc2c(=O)[nH]c(Cc3ccc(OC(F)F)c(N)c3)nc21,10,10,0.0,0.0
48873,Cc1ccc(C(=O)Nc2ccc(OCCCc3cccc(-n4c(C)ccc4C)n3)cc2)c(-c2ccc(C(F)(F)F)cc2)c1,9,7-9,0.0,0.0
48874,CCCOc1ccc2c(-c3cccnc3)csc2c1,10,10,0.55,0.275
48876,Cc1nnc2n1-c1ccc(NC(=O)N(C)C)cc1C(c1ccccc1Cl)=NC2,9,7-9,0.0,0.0
48877,COc1cc(CO)nnc1OC,7,7-9,0.05,0.025
48878,Nc1ncn(-c2cccc(C(F)(F)F)c2)n1,7,7-9,0.0,0.0
48879,CCc1cc2c(s1)N(C(=O)NCCCN(C)C)CCN=C2c1ccccc1Cl,9,7-9,-0.05,-0.025
48881,CC(C)C(=O)Nc1cccc(C2CCN(CCCCNC(=O)C(c3ccccc3)c3ccccc3)CC2)c1,8,7-9,-0.05,-0.025
48882,O=C(N[C@H]1CC[C@H](CCN2CCCC2)CC1)c1ccc(S(=O)(=O)Nc2ccccc2C(=O)c2ccc(Cl)cc2Cl)cc1,3,2-3,0.05,0.025
48885,Cc1nc(N2CCN(CCc3ccccc3)C2=O)sc1C(=O)O,8,7-9,0.0,0.0
48886,Nc1ccc(-c2ccnc(-c3ccc(C(F)(F)F)cc3)n2)cc1,9,7-9,0.0,0.0
48887,NC(CCO)c1ccc(C(F)(F)F)nc1,10,10,0.0,-0.036666666666666674
48888,CC(C)(C)OC(=O)N1CCC(C(=O)NCC(=O)c2ccc([N+](=O)[O-])cc2)CC1,8,7-9,0.0,0.0
48889,COc1cc2cc(C#CC3CCCCC3)cnc2cc1OC,8,7-9,0.0,0.0
48892,COc1cccc(C(=O)C2CCN(C(=O)c3ccco3)CC2)c1,8,7-9,0.0,0.0
48894,C=C(c1cc(F)ccc1OCc1ccc(Cl)cc1Cl)n1ccnc1,6,4-6,0.0,0.0
48896,c1ccc(-c2cnc(NC3CCN(CC45CC(c6ccccc64)c4ccccc45)CC3)nc2)cc1,8,7-9,0.0,0.0
48897,CCOC(=O)Cc1c(C)n(Cc2ccc(Cl)cc2)c2ccc(OC)cc12,10,10,0.0,0.0
48898,Cc1ncc([N+](=O)[O-])n1CCN1C(=O)C2c3cccc4cccc(c34)C2C1=O,6,4-6,0.0,0.0
48899,CCc1cc(Oc2cccc(C#N)c2)ccc1CCC(=O)OC,10,10,0.0,-0.045833333333333316
48900,CC1(C)CC(=C(c2ccc(O)cc2)c2ccc(-c3ccoc3)cc2)CC(C)(C)C1,9,7-9,0.0,0.0
48902,CC(C)(C)[Si](C)(C)OCc1ccc(O)cc1,9,7-9,0.0,-0.044761904761904774
48903,FC(F)(F)c1cc(CO[C@@H]2CC[C@H]3CC[C@]2(c2ccccc2)N3)cc(C(F)(F)F)c1,9,7-9,0.0,0.050238095238095234
48904,CC1(C)CC[C@H](N)C(=O)O1,10,10,0.5,0.225
48905,CC(C(=O)O)N1CCC(c2ncc(-c3ccc(NC(=O)Nc4cc(F)c(F)cc4F)cc3)s2)CC1,9,7-9,0.0,0.0
48906,O=[N+]([O-])c1ccc(F)cc1OCCCOC1CCCCO1,8,7-9,0.0,0.0
48907,CNC(=O)C[C@H](C(=O)OC)C(C)C,9,7-9,0.0,0.0
48908,O=C(O)CCc1cccc(OC(F)(F)F)c1,10,10,-0.15,-0.075
48909,O=C(O)C(CC1CCCC1)N1C(=O)Cc2ccc(Cl)cc21,4,4-6,0.0,0.0
48910,COc1cc(CCc2cc(NC(=O)c3cnc(N4CCN(C5CC5)CC4)nc3)[nH]n2)cc(OC)c1,7,7-9,0.0,0.0
48915,COc1ccc(-c2cc(=Nc3c(C)cc(C)cc3C)n(C)c(N(C)Cc3ccccc3)n2)cc1OC,9,7-9,0.0,0.0
48916,CC(C)(C)OC(=O)N1CC2CNCC2C1,9,7-9,0.0,0.0
48917,Cc1ccc(-c2ccc([N+](=O)[O-])cn2)cc1,8,7-9,0.0,0.0
48918,CN(C)c1cc2c(cc1F)c(=O)c(C#N)cn2Cc1ccc(C(F)(F)F)cc1,8,7-9,0.0,0.0
48919,Cc1csc(C(=O)N2CCOCC2)c1Cl,4,4-6,0.0,0.0
48920,COC(=O)Cc1ccccc1C#Cc1nc(Nc2ccc(CNC(=O)OC(C)(C)C)cc2)ncc1C(F)(F)F,5,4-6,0.0,0.0
48921,O=C(O)c1nc2ccccc2n(-c2ccc3c(c2)OCCO3)c1=O,10,10,0.0,0.0
48923,C=C(C)C(=O)OCCCCCCCCCCc1cc(CCCCCCC)ccc1O,10,10,0.0,0.0
48925,Cc1cnc(N2CCC(O)CC2)nc1,10,10,0.0,0.0
48926,C[C@@H]1CCCN1CCc1ccc(Br)cc1,10,10,0.0,-0.06904761904761905
48927,CN1CCC(Sc2ncccc2C(=O)O)C1,10,10,0.0,0.0
48928,CC(O)c1ccccc1,10,10,0.0,0.0
48929,CCOC(=O)CC1CCN(C(=O)CC[C@H]2O[C@H](c3cccc(OC)c3OC)c3cc(Cl)ccc3-n3c(-c4nn[nH]n4)ccc32)CC1,8,7-9,0.0,0.0
48930,O=C1N=C(N2CCO[C@H](CO)C2)SC1=Cc1ccc2c(cnn2Cc2ncccc2C(F)(F)F)c1,10,10,0.0,0.0
48931,N#Cc1ccc(N(Cc2ccc(F)c(OC(=O)c3ccccc3)c2)n2cnnc2)cc1,9,7-9,0.0,0.0
48932,CCc1oc(-c2ccc(C(F)(F)F)cc2)cc1C(CCO[Si](C)(C)C(C)(C)C)OC,10,10,0.0,0.0
48933,Nc1ccc2nc(-c3ccccc3)oc2n1,9,7-9,0.0,-0.06249999999999998
48935,C(=C/c1ccccc1OCCCCn1ccnc1)\c1nc2ccccc2o1,10,10,0.0,0.0
48936,O=C(NC1CN2CCC1CC2)c1cccc(NS(=O)(=O)c2ccccc2)c1,9,7-9,0.0,0.0
48937,CCNS(=O)(=O)c1ccc(SCc2ccc(OC)cc2)cc1,10,10,0.0,0.0
48938,COC(=O)Nc1cccc(-c2sc(C(=O)OC)c(OCC(=O)OC(C)(C)C)c2Br)c1,9,7-9,0.0,0.0
48939,CCOC(=O)c1ccc(-c2ccccc2)[nH]1,7,7-9,0.0,0.33988095238095223
48940,CCCS(=O)(=O)N1CC(CNC(=O)c2ccc(Cl)cc2Cl)(c2ccccn2)C1,9,7-9,0.0,0.0
48941,NCCc1ccccc1-c1ccccc1,10,10,0.0,0.0
48942,COCCCc1nc(N2CCOCC2)cc(C)c1C(=O)OC,9,7-9,0.0,0.0
48943,CC(C)(C)OC(=O)N1CCC(n2ncc3c(Oc4ccccc4C#N)ncnc32)CC1,4,4-6,0.0,0.0
48944,CC(C)(C)c1ccccc1N1CCN(C(=O)C23CC4CC(CC(C(=O)O)(C4)C2)C3)CC1,9,7-9,0.0,0.0
48945,Cc1ccc(C(CCCCl)C(=O)NNC(=O)OC(C)(C)C)cc1,9,7-9,0.0,0.0
48946,N#Cc1nc2cccc([N+](=O)[O-])c2o1,5,4-6,0.0,0.004166666666666666
48949,CC(C)(C)OC(=O)N1CC[C@H](OS(=O)(=O)c2ccc([N+](=O)[O-])cc2)C1,7,7-9,0.0,0.0
48950,CS(=O)(=O)c1cccc(Nc2cccn3nc(Cl)nc23)c1,4,4-6,0.0,0.0
48951,CN(C)c1ccccc1SCC(N)=NO,7,7-9,0.0,0.0
48952,CC(C)(Oc1ccc(N)cc1Cl)c1ccccn1,7,7-9,0.0,0.0
48953,CCOCCNc1ccccc1C(=O)OCC,8,7-9,0.0,0.0
48955,C[C@@H](c1cccc(C(C)(C)O[SiH2]C(C)(C)C)n1)N(CCc1ccccc1)C(=O)OC(C)(C)C,7,7-9,0.0,0.0
48956,O=C(O)c1ccc(S(=O)(=O)n2cc(C3CC3)c3ccccc32)cc1,5,4-6,0.0,0.0
48957,COC(=O)[C@@H](CC(C)C)NC(=O)c1cc(OC)nc(OC)c1,6,4-6,0.0,0.0
48958,CC1(C)NC(=O)N(S(=O)(=O)c2ccc3ccccc3c2)C1=O,4,4-6,0.0,0.0
48959,C=CCc1c(OCc2ccccc2)ccc2ncccc12,10,10,0.0,0.0
48960,Cc1cccc(Cn2c(C)nc3c(Br)cc(N4CCOCC4)cc32)c1C,8,7-9,0.0,0.0
48961,C[Si](C)(C)C#Cc1ccc2oc(CN3CCCC3)nc2c1,6,4-6,0.0,0.0
48964,CC1CCN(c2nc(N(C)C#N)nc(Cl)c2-c2ccccc2)CC1,7,7-9,0.0,-0.07726190476190477
48965,O=C(O)c1ccc(-c2ncccn2)s1,10,10,0.0,0.034285714285714274
48967,Fc1cnc(Cl)nc1-n1ccc2ccccc21,7,7-9,0.0,0.0
48968,C=Cc1cc2cc([C@]3(OC)C[C@@H](C(=O)OC)N(C(=O)OC(C)(C)C)C3)ccc2cc1N(C)C,9,7-9,-0.2,-0.1
48969,COc1cc(C)c(-c2c(F)ccc3c(N)c4c(nc23)CN(C2CCC2)C4=O)cn1,6,4-6,0.0,0.25
48970,Cc1cc(N2CCOCC2)cc(C)c1NC(=O)CC(C)(C)C,8,7-9,0.0,0.0
48971,O=S(=O)(NCCCCO)c1ccc(-c2ccc(C(F)(F)F)cc2)c(F)c1,10,10,0.0,0.0
48972,COc1ncc(-c2ccc(C(=O)OC(C)(C)C)cc2C)cc1Cl,7,7-9,0.0,0.0
48973,CNc1ncc2cc(-c3cc(C(=O)Nc4cccc(C(F)(F)F)c4)ccc3C)cnc2n1,8,7-9,0.0,0.0
48976,CC(C)(C)OC(=O)N[C@H]1CCCN(c2ccncc2NC(=O)c2csc(-c3ccccc3F)n2)C1,8,7-9,0.0,0.0
48977,COc1c(Br)cc(C(=O)N2CCOc3ncc(-c4ccc(C#N)cc4)cc32)cc1Br,3,2-3,0.0,0.0
48978,CCCCCS(=O)(=O)NC(=O)CCc1ccc(OCCOC)cc1OCC1CCCO1,8,7-9,0.0,0.0
48979,CC1CCN(c2cc3nc(C(C)(C)C)sc3cc2N)CC1,9,7-9,0.0,0.0
48980,CS(=O)(=O)c1ccc(C(CC2CCC(=O)CC2)C(=O)Nc2cnccn2)cc1Cl,7,7-9,0.0,0.0
48983,CC(C)(C)OC(=O)N[C@@H]1CCN(c2cccc3ccc(O)cc23)C1,10,10,0.0,-0.03988095238095239
48984,CC(C)(C)OC(=O)Nc1cccc(-c2cnc(N)c(C(=O)Nc3ccncc3)c2)c1,8,7-9,0.0,-0.01666666666666667
48986,CC(C)(C)c1ccc(S(=O)(=O)Nc2ccc3sc(C(=O)NCCN4CCOCC4)c(-c4ccccc4)c3c2)cc1,8,7-9,0.0,0.0
48988,O=C1CCc2ccc(CO)cc2N1c1ccccc1,10,10,0.0,0.0
48990,CN1C(=O)c2ccc(CBr)cc2S1(=O)=O,10,10,-0.05,-0.03333333333333334
48991,COc1cc(CO)c(OC)c(C)c1C,10,10,0.0,0.0020238095238095223
48993,C=CCO[C@@H]1CN(C(=O)OC(C)(C)C)CC[C@@H]1NCc1ccccc1,10,10,0.0,0.0
48995,COC(=O)C1CC(=O)N(c2ccc(OCCCCl)cc2)C1,8,7-9,0.0,0.0
48996,COC(=O)[C@H]1CC[C@H](N(Cc2ccc(OC)cc2)C(=O)OCc2ccccc2)[C@@H]1c1ccc(F)cc1,6,4-6,0.0,0.0
48997,CN(CCN1CCOCC1)c1ccc(OCc2ccccc2)c(C(=O)Nc2cc(-c3ccccc3)ccc2C(=O)OC(C)(C)C)c1,8,7-9,0.95,0.475
48998,N#Cc1cnc(NC(=O)Nc2cc(Cl)ccc2OCCCN)cn1,10,10,-0.55,-0.275
48999,COC(=O)c1ccc(-c2nc(N3CCOCC3)nc3c2CCN3c2cccnc2)cc1,4,4-6,0.0,0.0
49000,O=C(NS(=O)(=O)N1CCC1)c1cc(C2CC2)c(OCC23CC4CC(C2)CC(OC(=O)C(F)(F)F)(C4)C3)cc1F,7,7-9,0.0,0.0
49001,CC1(C)CCNc2nc(-c3cccc(C(F)(F)F)c3)ccc21,10,10,0.05,0.058333333333333334
49002,CC1(C)Cc2cc(C(=O)O)ccc2NC1c1cccc(C(=O)N2CCCCC2)c1,8,7-9,0.0,0.0
49003,COC(=O)C1CNCc2ccc(OC)cc21,9,7-9,-0.15,-0.075
49004,COC(=O)C(Br)c1ccc2oc(Br)cc2c1,9,7-9,0.0,0.0
49006,Cc1nc2sccn2c1C(=O)NC[C@@H]1[C@H]2C[C@H]2CN1C(=O)c1ccccc1C1CCCCC1,6,4-6,0.0,0.0
49007,CCc1ccc(-c2c(-c3ccccc3)oc3ncnc(OC(C)CCCCC(=O)OC)c23)cc1,9,7-9,0.0,0.0
49008,CCCc1c(OCCCS(=O)CC2COC(CCC(=O)O)(CCC(=O)O)S2)ccc(C(C)=O)c1O,8,7-9,-0.95,-0.6791666666666667
49009,CC(C)(O)c1ccc(/C=C/C(=O)O)cc1O,9,7-9,0.0,0.0
49010,C[C@H]1C(=O)N([C@H](CO)CCC(=O)N2CCC3(CC3)[C@H](O)C2)CCN1C(=O)Nc1ccc(C(F)(F)F)c(C(F)(F)F)c1,10,10,0.0,-0.0916666666666667
49012,CC(C)OC(=O)N1CCC(CCCOS(C)(=O)=O)CC1,3,2-3,0.0,0.0
49013,Cc1ncc(CNC(=O)c2ccc(-c3ccccc3S(=O)(=O)NC(C)(C)C)cc2)c(CO)c1OCc1cccc(C#N)c1,9,7-9,0.0,0.0
49014,C#Cc1ccc(N)c(NC(=O)/C=C/c2ccc(NC(C)=O)cc2)c1,8,7-9,0.5,0.25
49015,COC(=O)c1c(N)c(-c2ccc(-c3cccnc3)cc2)nc2ccc(F)cc12,7,7-9,0.0,0.0
49016,c1cc(N2CCOCC2)ccc1OC12CC3CC(CC(C3)C1)C2,7,7-9,0.85,0.425
49017,O=C(Cl)OCc1ccc([N+](=O)[O-])o1,6,4-6,0.0,0.0
49018,CC(C)(F)C[C@H](N[C@@H](c1ccc(-c2ccc(C(O)C(F)(F)F)cc2)cc1)C(F)(F)F)C(=O)NC1(C#N)CC1,9,7-9,0.7,0.3666666666666667
49019,N=C(N)N1CCCC(CNC(=O)[C@@H](Cc2c[nH]c3ccccc23)NS(=O)(=O)c2ccc3ccccc3c2)C1,9,7-9,0.0,0.2375
49020,Cc1nc(NC(C)(C)CO)ccc1[N+](=O)[O-],10,10,0.0,0.0
49021,N#Cc1cccc(C=CC(=O)c2ccccc2)n1,8,7-9,0.0,0.0
49022,CC(C)(C)OC(=O)Nc1cc(N2CCC2)c(C(F)(F)F)cc1NC(=O)CC(=O)c1ccnc(C#N)c1,2,2-3,0.0,0.0
49024,O=S(=O)(Nc1cccc(-c2nnn[nH]2)c1)c1ccc(Cl)c(Cl)c1Cl,10,10,0.0,0.0
49027,O=C(O)Cn1c(SCc2ccccc2)nc2cc([N+](=O)[O-])ccc21,8,7-9,0.0,0.0
49028,Cn1cc(CCN)cn1,10,10,0.0,0.027500000000000007
49029,CC(C)CSc1ccc(S(C)(=O)=O)cc1C(=O)N1CCN(c2ncc(C(F)(F)F)cc2F)CC1,8,7-9,0.0,0.0
49031,O=C(O)CN1CCN(c2ccc(NC(=O)c3ccccc3-c3ccc(C(F)(F)F)cc3)cc2)CC1,9,7-9,0.0,0.0
49032,NCC1CC2(CCN1)OCCO2,9,7-9,0.0,0.015952380952380957
49033,CCc1nc(C(N)=O)c(Nc2ccc(N3CCC(N4CCN(C)CC4)CC3)cc2)nc1Oc1cccc([N+](=O)[O-])c1,7,7-9,0.0,0.0
49034,Cc1ccc2nc(-c3ccc(NC(=O)c4ccc([N+](=O)[O-])cc4)cc3)cn2c1,9,7-9,0.0,0.0
49035,COC(=O)c1ccnc(C(=O)N(C)C)c1,7,7-9,0.0,0.0
49036,CC1(C[C@H](O)[C@H](CC2CCCCC2)NC(=O)Nc2ccccc2)S(=O)(=O)CCCS1(=O)=O,7,7-9,0.0,0.0
49037,CN1C(=O)CN(NC(=O)CNC(=O)OCc2ccccc2)C(c2ccccc2)c2cc(Cl)ccc21,5,4-6,0.85,0.6716666666666667
49038,COc1ccc(Oc2ccccc2NS(=O)(=O)c2ccc(C(=O)NCCN3CCN(c4cnccn4)CC3)cc2)c(Cl)c1,3,2-3,0.0,0.0
49039,Cc1cc(C)c2oc(Nc3ccc(-c4nn(C5CCN(C)CC5)c5ncnc(N)c45)cc3)nc2c1,10,10,0.0,0.0
49040,CCN(CC)CCOc1ccc(OC2CCN(C(=O)OC(C)(C)C)CC2)cc1,8,7-9,0.0,0.0
49041,CS(=O)(=O)Oc1ccc(C(=O)O)c(Cl)c1,8,7-9,0.0,0.0
49042,Cc1c2n(c3ccccc13)C(=O)C(C(O)c1ncn(C(c3ccccc3)(c3ccccc3)c3ccccc3)c1C)CC2,3,2-3,0.0,0.0
49044,O=C1CCC(N2C(=O)c3cccc(NC(=O)c4ccc([N+](=O)[O-])cc4)c3C2=O)C(=O)N1,2,2-3,0.0,0.0
49046,NC(=O)c1ccc(OCCCCl)cc1,8,7-9,0.0,-0.05000000000000001
49047,CC(C)(C)c1nc(CNC(=O)c2cc(-c3ccc(Cl)cc3)c(OCC3CC3)cn2)cs1,7,7-9,0.0,0.13999999999999996
49049,C[C@](O)(COC(=O)N1CCN(c2ccc(OC(F)(F)F)cc2)CC1)Cn1cc([N+](=O)[O-])nc1Cl,9,7-9,0.0,0.0
49050,COc1ccc(CN2C(=O)CN(Cc3cccc(C[C@H](NC(=O)OC(C)(C)C)C(=O)O)c3)S2(=O)=O)cc1,8,7-9,0.0,0.0
49051,COc1cc(C(=O)N2CCN(CCO)CC2)ccc1Nc1ncc(Cl)c(-c2cnc3ccccn23)n1,8,7-9,0.0,0.0
49052,Fc1cccc(COc2ccc(Nc3ncncc3C#Cc3cccc(CNCCN4CCOCC4)n3)cc2Cl)c1,7,7-9,0.0,0.0
49053,COC(=O)c1cccc(-n2c(COC(C)=O)cc(OCc3ccc(F)cc3F)c(Br)c2=O)c1,8,7-9,0.15,0.075
49054,O=C(NCC(F)(F)F)c1ccc(-n2nnc(C(=O)NCCN3CCNC3=O)c2CCCCCF)cc1,7,7-9,0.0,0.0
49056,Cn1nc(-c2ccc(N)cc2)c2ccccc2c1=O,10,10,0.0,0.0
49057,COC(=O)c1cc(OC(F)F)n(C)n1,8,7-9,0.7,0.35
49059,Cc1ccccc1Cn1c(N2CCCCC(N)C2)nc2c1c(=O)[nH]c(=O)n2C,8,7-9,0.0,0.0
49060,O=C(NCc1ccc2c(c1)Nc1nccnc1S2)Nc1ccccc1,8,7-9,0.0,0.0
49061,Clc1cnc(N[C@H]2CC[C@H](NC[C@H]3CCCO3)CC2)cc1-c1cc(NCC2CCOCC2)cnc1Cl,10,10,0.0,0.0
49062,CNC(=O)CCCCCCCn1c(-n2ccnc2)c(C)c2ccccc21,10,10,0.0,0.0
49063,COC1=C(OC)C(=O)C(Cc2ccc(C(=O)Nc3ccc(OC)cc3)c(-c3cccnc3)c2)=C(C)C1=O,9,7-9,0.0,0.0
49064,CC(C(=O)O)c1ccc(CC2CSCC2O)cc1,10,10,0.0,0.0
49065,CC(C)(C)OC(=O)Nc1ncc(C[C@H]2C(=O)N([Si](C)(C)C(C)(C)C)[C@@H]2C(=O)OCc2ccccc2)s1,7,7-9,0.0,0.0
49066,O=C(c1ccccc1)c1cnc2c(C(F)(F)F)cccc2c1-c1cccc(OCC2CCCCC2)c1,10,10,0.0,0.0
49068,C=CCNc1c(C(=O)C(F)(F)F)c(C#N)nn1-c1c(Cl)cc(C(F)(F)F)cc1Cl,9,7-9,0.0,-0.03829365079365078
49069,O=C(NN=Cc1ccc2ccccc2n1)c1cccc([N+](=O)[O-])c1,1,1,0.0,0.0
49070,Clc1ccccc1C(c1ccccc1)(c1ccccc1)n1nnnc1-c1ccc(Br)cc1,6,4-6,0.0,0.0
49071,CS(=O)(=O)c1ccc(C(OC2C=CCCC2)C(=O)O)cc1Cl,8,7-9,0.0,0.0
49072,COC(=O)c1ccc(C(F)(F)F)cc1NC(C)=O,7,7-9,0.0,0.0
49073,CCOC(=O)/C=C/CNC(C)C,9,7-9,0.0,0.0
49074,Nc1snc2nc(-c3ccccc3)sc12,7,7-9,0.0,0.0
49076,NCCN1CCOCC1,9,7-9,0.05,0.025
49077,Cc1ccc(NC(=O)c2cccc(C(C)(C)C#N)c2)cc1Nc1ncnc2cc(OCCCBr)ccc12,9,7-9,0.0,0.0
49078,CC(=O)Nc1ncc(Sc2nnc(C)s2)s1,5,4-6,0.0,0.0
49079,O=C1CCC(COCc2cc(C(F)(F)F)cc(C(F)(F)F)c2)(c2ccccc2)C1,10,10,0.7,0.35
49080,CC(C)(C)OC(=O)NCCCn1cnc2c(NCc3ccccc3)nc3ccccc3c21,9,7-9,0.0,0.0
49081,C[C@@H]1CN(c2ncc(Cl)cc2Cl)CCN1,10,10,0.0,0.0
49083,O=S(=O)(c1ccc(O)cc1)c1c(-c2ccccc2)oc2ccc(Cl)cc12,10,10,0.0,0.0
49084,CC(C)Oc1nc(Cl)ccc1[N+](=O)[O-],8,7-9,0.0,0.0
49087,Oc1ccccc1C=NC1=NN(c2ccc(Br)c(C(F)(F)F)c2)CC1,1,1,0.0,0.0
49088,Cc1cccc([N+](=O)[O-])c1Nc1ccc(Cc2ccccc2)cc1,10,10,-0.95,-0.475
49089,CC1(C)CN(CC2Cc3nccnc3C2)c2nc(-c3ccncn3)cc(=O)n2C1,8,7-9,0.0,0.0
49090,Cc1ccc(NCCN(C)C)c([N+](=O)[O-])c1,10,10,0.0,0.0
49091,C[C@@H]1CN(c2ccc(S(=O)(=O)Nc3ccc(Cl)cc3C(=O)c3ccncc3)cc2)C[C@H](C)O1,10,10,-0.9,-0.45
49092,CC(C)(C)OC(=O)n1cnc(CO)c1,9,7-9,0.0,0.0
49093,Cc1cc(C)cc(C(=O)C(=O)c2cc(F)cc(F)c2)c1,6,4-6,-0.8,-0.4
49095,O=S1(=O)c2ccc(-c3cccc(C(F)(F)F)c3)nc2N[C@H]2CCN1C2,10,10,0.0,0.0
49096,COc1cc(CN2CCN(C(=O)C3=Cc4ccc(OCc5ccccc5)cc4CC3)CC2)cc(OC)c1OC,7,7-9,0.0,0.0
49097,CC#CCOc1ccc(C(=O)NC[C@@H](C(=O)O)N2CCCCC2)cc1,9,7-9,0.0,0.0
49098,COCCC(=O)c1sc(NC(=O)OC(C)(C)C)nc1-c1ccco1,8,7-9,0.0,0.0
49099,COc1cccc(N=Cc2cn3cc(C)ccc3n2)c1,4,4-6,0.0,0.0
49101,Cc1c(C2CC2)cc(Cl)c(N)c1F,10,10,0.0,0.0
49102,C[C@@H](O)c1ccccn1,4,4-6,0.0,0.0
49103,Cc1sc(C(=O)OC(C)C)cc1-c1csc(N)n1,7,7-9,0.0,0.0
49104,Cc1ccc2c(C=O)c[nH]c2c1,8,7-9,0.0,0.0
49105,Cc1cc([C@H](C)Nc2ncc(F)c(N3C(=O)OC[C@@H]3[C@H](C)F)n2)ncc1-c1ccnc(C(F)(F)F)c1,9,7-9,0.0,0.0
49106,CCn1nc(-c2ccc(C#N)cc2)c2c3cc(OC)c(OC)cc3ncc21,9,7-9,0.0,0.0
49107,CC(C)OC(=O)N1CCC(Oc2ccnc(Nc3ccc(S(C)(=O)=O)cc3F)c2)CC1,9,7-9,0.0,0.0
49108,O=C(CC1CCCC1)NC1CCN(CC23CC(c4ccccc42)c2ccc(Cl)cc23)CC1,8,7-9,0.0,0.0
49109,CN1CCCN(c2ccccc2C#N)CC1,10,10,0.0,0.0
49110,CC(C)C1(CCc2ccc(O)cc2)CC(O)=CC(=O)O1,10,10,0.0,0.0
49112,COC(=O)c1cc(I)cc(C(=O)O)c1,7,7-9,0.0,0.0
49113,Cc1cc(C)n2nc(CCc3nc(N(C)C4CC4)nn3C)nc2n1,7,7-9,0.0,0.0
49114,CCOC(=O)C1CCC(Oc2ccc(N)cn2)CC1,1,1,0.0,0.0
49115,COC(=O)c1cccc(OCc2ccccc2)c1,7,7-9,0.0,0.0
49116,N#Cc1ncc(Br)c(N(NC(=O)c2ccc(-c3ccc(CCl)cc3)nc2)C2CCCC2)n1,2,2-3,0.0,0.0
49117,CC(=O)N1CCC(c2nn(C)c3cc(F)ccc23)CC1,4,4-6,0.0,0.0
49118,Cn1c(C(F)F)nn(-c2cc(OCC(N)=O)c(Cl)cc2Cl)c1=O,10,10,0.0,0.0
49120,COc1cc2nccc(Oc3ccc(NC(=S)NC(=O)c4cc(C)cc(C)c4)cc3Cl)c2cc1OC,2,2-3,0.0,0.0
49121,COc1ccc(C(=O)c2ccc(N)cc2)cc1-c1cccc(Cl)c1,10,10,0.0,0.0
49122,OC(CBr)c1cncs1,7,7-9,0.0,0.0
49123,Fc1cc(Br)ccc1OCc1ccccc1,10,10,0.0,0.0
49124,CC(=O)SCCOCCOCCOCCOCCC(=O)NCCCCCN,10,10,0.0,0.0
49125,Cn1cncc1C(=O)c1ccc(C#N)c(F)c1,8,7-9,0.0,0.0
49126,COc1cc(F)c(F)cc1-c1ccc(OCC2CCN(C(=O)N(C)CC(=O)NS(C)(=O)=O)C2)cc1,10,10,0.0,0.0
49127,COC(=O)c1cc(F)c(-c2nn(Cc3c(Br)cccc3C(F)(F)F)c3cccc(F)c23)cc1OC,9,7-9,0.0,0.0
49128,CSc1ccc(C(=O)Nc2cccnc2C(=O)Nc2ccc(Cl)cn2)c(OC2CCN(C(=O)OC(C)(C)C)CC2)c1,8,7-9,0.0,0.0
49132,CC(C)(C)OC(=O)N[C@H]1CC[C@@H](N)CC1,10,10,0.0,0.0
49133,CCOC[C@H](NC(=O)c1cc2ccccc2cc1NC(=O)Nc1c(C)cc(C)cc1C)C(=O)O,10,10,0.0,0.0
49135,C[C@H]1O[C@@H](n2cc(F)c(=O)[nH]c2=O)[C@H](O)[C@@H]1O,9,7-9,0.0,-0.12873015873015872
49136,CCOC(CN(Cc1cccc2ccccc12)C(=O)[C@H](Cc1ccc(OC(C)(C)C)cc1)NC(=O)CONC(=O)NCc1ccccc1)OCC,5,4-6,0.0,0.0
49137,CN(C)C(=O)[C@@H](N)Cc1ccccn1,6,4-6,0.0,0.05000000000000001
49138,COC(=O)C1CCC(O)(C#C[Si](C)(C)C)CC1(C)C,7,7-9,0.0,0.0
49139,CC(C)[C@@H](C(=O)O)N1Cc2ccc(-c3ccc(NC(=O)c4cccnc4Cl)cc3)cc2C1=O,10,10,0.0,0.0
49140,CC(C)CCCCCCc1ccc(N)cc1,10,10,0.0,0.0
49141,C#CCOc1nc(N)c(C(F)(F)F)cc1Cl,9,7-9,-0.15,-0.075
49142,N#Cc1c(NC(=S)NC(=O)c2ccccc2)sc2c1CCCC2,8,7-9,0.0,0.0
49143,Cc1ccn2c(=O)c(CCN3CCC(c4c[nH]c5ccccc45)CC3)c(C)nc2c1,7,7-9,0.0,0.0
49145,Nc1cccc2c1ccn2-c1ncc(C(F)(F)F)cc1Cl,10,10,0.0,0.0
49146,C[C@H](Oc1ccc(Cl)cn1)[C@H]1CNC[C@@H]1c1ccc(Cl)c(F)c1,10,10,0.0,0.0
49147,CC(=O)Nc1nc(CN2CCN(C(c3ccccc3)c3ccccc3)CC2)cs1,7,7-9,0.0,0.0
49148,CN(Cc1ccc(-c2cc(C(F)(F)F)n(C)n2)s1)CC(O)c1ccccc1,10,10,0.0,0.0
49149,COc1ccc2c(CCNC(=O)c3cc(Cc4cccc(F)c4)on3)c[nH]c2c1,7,7-9,0.0,0.0
49150,CC(C)(C)OC(=O)NCCC[C@@H](CC(=O)NCCNC(=O)OC(C)(C)C)NC(=O)[C@@H](N)CCCNC(=O)OC(C)(C)C,10,10,0.0,0.0
49151,COc1ccc(CC2c3cc(OC)c(OC)cc3CCC2C2(CC(=O)O)C=CC=CC2)cc1OC,10,10,0.05,0.025
49152,NC(=O)N1CCCN(NC(=O)c2cc(OCc3ccccc3)c(OCc3ccccc3)cn2)C1=O,8,7-9,0.0,0.2333333333333333
49154,CN1C(=O)C(=Cc2cc(O)c(O)c([N+](=O)[O-])c2)SC1=S,4,4-6,0.0,0.0
49155,COc1ccc(Br)cc1-c1cc(Nc2ccc(CCO)cc2)nc(N)n1,8,7-9,0.0,0.0
49156,CC(C)(C)c1cc2c(c(C(C)(C)C)c1O)CCO2,8,7-9,0.0,0.0
49157,CCCc1c(OCCCBr)ccc2c1ccn2-c1ccc(Cl)cc1,10,10,0.0,0.0
49158,COc1ccc(S(=O)(=O)N(Cc2ccccc2)C2(C(=O)O)CCN(Cc3ccccc3)CC2)cc1,9,7-9,0.1,0.05
49159,CC(Oc1ccn(Cc2cccc(F)c2)c(=O)c1Br)c1ccccc1,8,7-9,0.0,0.0
49160,CC(C)(C)OC(=O)NCc1cncc(C2CC2)c1,9,7-9,0.0,0.0
49161,CCN(CC)C(=O)C(c1ccccc1)N1CCN(c2ccc(NC(=O)c3ccccc3-c3cccnc3)cc2F)CC1,10,10,0.0,0.0
49162,COC(=O)c1cc(C(C)C)no1,7,7-9,0.0,0.0
49163,CCOc1nc(C(=O)NCc2ccc(C(=O)NC)cc2)cc(N)c1C#N,6,4-6,-0.1,-0.05
49164,CCCCCCN(Cc1ccc(F)c(C(=O)OC)c1)S(=O)(=O)c1ccc(Br)cc1,6,4-6,0.0,0.0
49165,COCCNC(=O)COC1c2ccccc2C(=O)N1c1ccc2ccc(OC)nc2n1,9,7-9,0.0,0.0
49166,O=C(Nc1cc(Nc2ccc(N3CCOCC3)cc2)ncn1)Nc1c(F)cccc1F,7,7-9,0.0,0.0
49169,Cc1ccc(-c2cccc(F)c2)cc1CNc1c(F)ccc(O)c1F,9,7-9,0.0,0.0
49171,CC(Cc1cccc(CN(Cc2ccc(-n3cccn3)cc2)S(=O)(=O)c2ccccc2)c1)C(=O)O,8,7-9,0.3,0.15
49172,N#Cc1ccc(C#CCCCN=[N+]=[N-])cc1,10,10,-0.7,-0.35833333333333334
49174,CCc1ccc(N2Cc3cnc(Nc4ccc(F)cc4)nc3N([C@H]3CC[C@H](O)C3)C2=O)cc1,10,10,0.0,0.0
49175,O=C(O)c1ccccc1NCc1ccc(=O)[nH]c1,7,7-9,-0.2,-0.1
49176,CC(C)Oc1ccc(-c2noc(-c3ccc(N[C@H]4CC[C@@H](C(=O)O)C4)cc3)n2)cc1Cl,10,10,0.0,0.0
49177,O=C(NC1CCN(CCc2ccccc2)CC1)c1c[nH]c2ccc(F)cc12,7,7-9,0.0,0.0
49178,CN1C(=O)CN=C(c2ccccc2F)c2cc(NC(=O)NCCO)ccc21,9,7-9,-0.35,-0.23749999999999996
49181,C[C@H](Nc1ncnc2c1ncn2C1CCCCO1)c1nc2ccc(F)c(C(=O)O)c2n1-c1ccccc1,7,7-9,0.05,0.025
49182,CCc1cnc(-c2cc(Cl)c(N3CCC(C(=O)O)CC3)nc2NC)o1,10,10,0.0,0.0
49183,CCCCCCCN(CC)C(=O)Cc1ccc(N)cc1,10,10,0.0,0.0
49184,CCN1CCC(Cc2ccc(Cl)nc2)C1=C[N+](=O)[O-],10,10,-0.35,-0.175
49185,COC(=O)[C@@H](O)c1c(C)nc2cc(-c3cccc(Cl)c3)nn2c1-c1ccc(F)cc1,7,7-9,0.0,0.0
49187,COC(=O)c1ccccc1Nc1c(-c2cc(F)c3nccnc3c2)c(C)nn1-c1cc(F)ccc1F,7,7-9,0.0,0.0
49188,O=C(O)C(COC(F)F)N(Cc1ccccc1)Cc1ccccc1,9,7-9,0.0,0.0
49189,CC(=O)C(=Cc1cc(Cl)cc(Cl)c1)C(C)=O,3,2-3,0.0,0.0
49190,CN1CCCC1CCOc1ccc(-c2nnc(CSCCOc3ccccc3)o2)cc1,10,10,0.0,0.16666666666666663
49191,C[C@@H](NCc1ccc(C#CCCO)cc1)c1cccc2ccccc12,3,2-3,0.0,0.0
49192,COC(=O)c1cccc(C(=O)N(C)c2nc(C)cs2)c1,8,7-9,0.0,0.0
49193,CCCC(C(=O)O)c1c(C)nc(N2CC(C)CC(C)C2)nc1-c1ccc(C)cc1,7,7-9,0.0,0.0
49194,CCOC(=O)CSCCCC(O)c1ccco1,9,7-9,0.0,0.0
49196,CCSC(F)(F)C(Cn1cncn1)(OC)c1ccc(F)cc1F,6,4-6,0.0,0.0
49198,CCOc1ccc2ccccc2c1C(=O)n1cc(-c2ccc(OC)c(OC)c2)c2cccnc21,7,7-9,0.0,0.0
49199,CN(C)C1CCN(Cc2cc3nc(-c4ccc(OCc5ccccc5)c5nccn45)nc(N4CCOCC4)c3s2)CC1,5,4-6,0.0,0.0
49200,COc1c(Br)cc(C(=O)N2C(=O)COc3ccncc32)cc1Br,5,4-6,0.0,0.0
49201,COc1ccc2[nH]c(-c3cccc(Cl)c3)c(CCCN3CCC(c4cccc(NC(=O)C(C)C)c4)CC3)c2c1,1,1,0.0,0.0
49203,COc1cc2c(Oc3ccc4[nH]c(C)cc4c3F)ncnc2cc1OCC1CCN(C)CC1,9,7-9,0.0,0.0
49204,Cn1cc(B2OC(C)(C)C(C)(C)O2)cc1C(=O)OCc1ccccc1,8,7-9,0.0,0.006250000000000001
49205,O=C(NCCCN1CC=C(c2ccc(Cl)cc2)CC1)C(F)(F)F,10,10,0.55,0.275
49207,CC(C)(C)OC(=O)Nc1cc(N)cc(C(F)(F)F)c1,10,10,0.0,0.0
49208,CC(=O)c1ccc(N2CCN(C(=O)c3cc(C(N)=O)ccc3N3CCOCC3)CC2)c(F)c1,8,7-9,0.0,0.0
49209,Nc1ccc(-c2nc3cc(Br)cnc3[nH]2)cc1,10,10,0.0,0.0
49210,CCCCn1c(=O)c(NC(=O)Nc2c(C(C)C)cccc2C(C)C)c(-c2cccc(OCCNCC)c2)c2cccnc21,10,10,0.0,0.007916666666666659
49211,COC(=O)c1ccc(Cc2c[nH]c3ccc(NC(=O)OC4CCCC4)cc23)c(OC)c1,9,7-9,0.0,0.0
49212,CC(=O)COc1ccccc1[N+](=O)[O-],7,7-9,0.0,0.0
49213,CC(C)(C)OC(=O)c1nc(-c2ccc(C(F)(F)F)cc2)oc1-c1cccnc1N1CCCCC1,4,4-6,0.0,0.0
49214,CS(=O)(=O)N1CCN(S(=O)(=O)c2ccccc2-c2ccc(-c3cnc(N)cn3)c(F)c2)CC1,5,4-6,0.0,0.0
49215,CC(C)(C)OC(=O)N1CCc2c(C(F)(F)F)n[nH]c2C1,10,10,0.0,0.0
49216,Cc1cccc2c1nc(C(C)C)n2Cc1cc(=O)[nH]c2c(F)c(F)ccc12,8,7-9,0.0,0.0
49218,O=C1Nc2ccc(F)cc2C1=C1OCc2cc(CCCN3CCS(=O)(=O)CC3)ccc21,7,7-9,0.0,0.04773809523809525
49220,CC(c1oc2ccccc2c(=O)c1-c1ccccc1)n1cnc2c(N)ncnc21,8,7-9,0.0,-0.04583333333333335
49221,COc1ccc(Nc2cccc(Cl)c2[N+](=O)[O-])cc1,7,7-9,0.0,0.0
49223,CC(C)(C)OC(=O)N(CC1NCCc2c1[nH]c1ccccc21)[C@H](C(=O)OC1CCCC1)c1ccccc1,8,7-9,0.0,-0.007499999999999998
49224,O=C(Nc1cnccn1)C(CC1CCCC1)n1ncc(Oc2ccccc2C(F)(F)F)cc1=O,8,7-9,0.0,0.0
49225,CC(C)(C)OC(=O)NCCOc1noc(-c2cccnc2)c1Cl,9,7-9,0.0,0.0
49226,COc1cc(N2CCN(CC(F)(F)F)CC2)c2oc(C(=O)O)cc(=O)c2c1,7,7-9,0.0,0.0
49227,CC(=O)OC[C@H]1O[C@@H](OC(C)=O)[C@H](NC(=O)CC2CC2)[C@@H](OC(C)=O)[C@@H]1OC(C)=O,10,10,0.0,0.0
49229,CN1[C@@H](Cc2ccc(O)cc2)C(=O)N(Cc2cccc3ccccc23)CC2N(C(=O)NCc3ccccc3)CCC(=O)N21,9,7-9,0.0,0.0
49231,COC(=O)c1cccc(CN2C(=O)c3ccccc3C2=O)c1,8,7-9,0.0,0.07083333333333329
49232,CC(=O)C1=C(C)NC(C)=C(C(=O)CCCCCN2CCC(c3ccccc3)(c3ccccc3)CC2)C1c1cccc([N+](=O)[O-])c1,8,7-9,0.0,-0.08333333333333336
49233,Cc1cc(C)c(CC(=O)Nc2cc3ccccc3cc2C(=O)N[C@H](C(=O)O)C2CCCCC2)c(C)c1,9,7-9,0.0,0.0
49234,CCCCOC(=O)N1CCN(C(=O)CNC(=O)c2cc(OCC(=O)O)c3cc(C)c(C)cc3n2)CC1,10,10,-0.05,-0.025
49235,Cc1c(CCC(=O)O)ccc(OCc2cc(F)cc3cc(C#N)oc23)c1C,9,7-9,0.0,0.008333333333333338
49236,O=C1c2ccccc2C(=O)N1CC(OC1CCCCO1)c1cc2cccnc2[nH]1,9,7-9,0.0,0.0
49237,CC(C)(Cc1ccccc1)NC(=O)C(F)(F)F,9,7-9,0.0,0.0
49238,Cc1cccc(-c2nc3cccnn3c2-c2ccnc(NC(=O)C3CC3)c2)c1,9,7-9,0.0,0.0
49239,COC(=O)C1=C(C)NC(C)=C(C(=O)OC)C1c1cc([N+](=O)[O-])ccc1OCCCCNS(C)(=O)=O,9,7-9,0.0,0.0
49242,COCc1ccc(OC)c(Br)c1OC,10,10,0.0,-0.03416666666666666
49243,Cc1ccc2c(c1)C(c1ccc(F)cc1)CN2,8,7-9,0.0,0.0
49244,CCOCCC(=O)Oc1c2c(c(O)c3nccnc13)C(=O)N(Cc1ccc(Cl)c(Cl)c1)C2=O,6,4-6,0.0,0.0
49245,CC(Oc1cccc(Oc2c(Cl)cc(C(F)(F)F)cc2Cl)c1)C(=O)O,10,10,-0.75,-0.375
49246,CC(C)(C)OC(=O)N1[C@H](CO)CC[C@@H]1c1ccccc1,9,7-9,0.0,0.0
49247,COc1ccc(CN2C(=O)Cc3c(N4CCC(c5nc(-c6ccc(F)c(C(F)(F)F)c6)cn5CCN(C)C)CC4)ncnc32)c(OC)c1,5,4-6,0.25,0.125
49248,CCOC(=O)c1csc(Nc2ccc(C)cn2)n1,7,7-9,0.0,0.0
49249,Cc1cc(-c2cc(F)c(NN)cn2)on1,8,7-9,0.0,0.0
49250,COc1cc(C(=O)/C=C/c2cn(S(=O)(=O)c3ccccc3)c3ccccc23)cc(OC)c1OC,6,4-6,0.0,0.0
49251,CS(=O)(=O)N1CCCC(O)C1,9,7-9,0.0,0.0
49252,FC(F)(F)c1nnc2n1N=C(N1CCC(c3c[nH]c4ccccc34)CC1)CC2,8,7-9,-0.05,-0.025
49253,COc1cc(N2CCC(C(=O)O)CC2)ccc1Cl,10,10,0.0,-0.01333333333333333
49254,CCOC(C(=O)NCc1ccc(C#N)cc1)c1c(F)cc(-c2ccccc2)cc1F,8,7-9,0.0,0.0
49256,NC1CCN(C2CCC2)CC1,10,10,0.0,0.0
49257,CC(C)c1c(C(=O)NCc2ccc(F)c(F)c2)c2ccc(C(=O)NCC(C)(C)O)cc2n1Cc1ccccc1,6,4-6,0.7,0.35
49258,O=C(NC12CC3CC(CC(C3)C1)C2)c1nc(-c2cccnc2)n2ccccc12,7,7-9,0.0,0.0
49259,CS(=O)(=O)N1CCC(COc2nc(N[C@H]3CC[C@@H](C)CC3)ncc2-c2ccc(N3CCOCC3)cc2)CC1,7,7-9,0.0,0.0
49260,COc1cc2c(Oc3cc(C)c(C)nc3-c3ccccn3)ccnc2cc1OCCO,10,10,0.0,0.0
49261,CC(C)(C)OC(=O)NCc1cc(F)c(C#N)c(F)c1,8,7-9,0.0,0.0
49262,CC(=O)OCc1c(-c2cc(Nc3ccc(N4CCN(C)CC4)cn3)c(=O)n(C)c2)cc(F)cc1N1CCc2c(sc3c2CCCC3)C1=O,8,7-9,0.0,0.0
49263,Brc1ccc2ccn(Cc3ccccc3)c2c1,9,7-9,0.0,0.0
49264,CCOC(=O)C(Cc1ccc(OC(F)(F)F)cc1)C(O)c1ccc(F)cc1,3,2-3,0.0,0.0
49265,O=C1Nc2cccc(C3CCNCC3)c2C1=Cc1cc2ccccc2[nH]1,8,7-9,0.0,0.0
49266,NC[C@H]1COc2cccnc2O1,9,7-9,0.0,0.0
49267,COC/C=C/c1nn(C(c2ccccc2)(c2ccccc2)c2ccccc2)c2cc(NC(=O)N[C@H](C)c3ccccc3)ncc12,8,7-9,0.0,0.0
49268,CCCC(NC(=O)Cc1cc(F)cc(F)c1)C(=O)Nc1cn(C(C)(C)CNC)cn1,8,7-9,0.0,0.0
49269,CCOc1cc(CC(=O)NC(CC(C)C)c2ccccc2N2CCCCC2)ccc1C(=O)O,8,7-9,0.0,0.0
49270,OC1CCN(c2cccc(-n3ccnn3)c2)CC1,10,10,0.0,-0.06958333333333333
49271,COc1cc(C2CCN(CC(N)=O)CC2)ccc1Nc1ncc2c(OCOCC[Si](C)(C)C)cc(-c3ccccc3N(C)S(C)(=O)=O)n2n1,7,7-9,0.0,0.0
49272,COC1CN(C)CCc2ccccc21,10,10,0.0,0.018710317460317462
49273,Clc1cc(CBr)c(Cl)s1,8,7-9,0.0,0.0
49275,COc1ncccc1N,7,7-9,0.0,0.0
49276,O=Cc1ccc(C#Cc2ccc(C#Cc3ccsc3)nn2)cc1,10,10,-1.0,-0.5
49278,Cc1cc(-c2cc(C(F)(F)F)nc(-c3ccnc(-c4cccc(S(=O)(=O)NC(C)(C)C)c4)c3)n2)ccc1Cl,10,10,-1.0,-0.5
49280,NNc1cccc(Cl)n1,10,10,0.0,0.0
49282,CCCC(CC(=O)OC)c1ccc(OCc2ccc(OC/C(=N\OC)c3ccccc3)cc2)cc1,8,7-9,0.0,0.1308333333333333
49283,CN(C)CCCOC(=O)c1cc(N2CCCC2)c(Oc2ccccc2)c(S(N)(=O)=O)c1,9,7-9,0.0,0.0
49284,Cc1c(-c2ccccc2S(C)(=O)=O)nc2cc(F)ccc2c1N1CC(C)(C)c2ccc(N3CCOCC3)cc21,9,7-9,0.0,0.0
49285,CC(=O)Nc1ccc([C@H]2CN([C@H](C)c3ccccc3)CCO2)cc1,7,7-9,0.0,0.0
49286,CCNC(=O)Cn1c2c(c3cc(C)ccc31)CN(C)CC2,9,7-9,0.0,0.0
49287,Cc1nc(-c2c(C)c(C#N)c3nc(C4CC4)oc3c2F)cs1,8,7-9,0.0,0.0
49288,CC(C)N1CCN(C(=O)c2cccc(C=O)c2)CC1,9,7-9,0.0,0.0
49289,COc1ccc(C(=O)c2sc(C(C)C)cc2O)cc1,8,7-9,0.0,0.0
49290,Cc1ccc(C)c(Nc2ccnc(Nc3ccc(OCC(O)CN(C)C)cc3)n2)c1,8,7-9,-0.15,-0.075
49291,CN(C)C(=O)c1ccc(Br)cc1,9,7-9,0.0,0.0
49292,Cc1nc2nccc(Oc3ccc(NC(=O)Nc4cc(C(F)(F)F)ccc4F)c(F)c3)c2[nH]c1=O,8,7-9,0.0,0.0
49294,CN1Cc2cc(C(=O)NCc3cccnc3)ccc2NC(CC(=O)O)C1=O,9,7-9,0.0,0.0
49295,Cc1cc(Br)ccc1C(=O)Nc1cccc(C(C)(C)C)c1,9,7-9,0.0,0.0
49296,CC(O)CNc1c(S(=O)(=O)C(F)(F)F)c(C#N)nn1-c1c(Cl)cc(C(F)(F)F)cc1Cl,9,7-9,0.0,0.0
49299,OCc1nn(-c2ccccc2F)cc1CN1CCC2(CC1)OCC(F)(F)c1cc(Cl)sc12,10,10,0.0,0.0
49300,CCOC(=O)c1ncc(Cc2ccc(F)cc2)cc1NCCN1CCCS1(=O)=O,9,7-9,0.0,0.0
49301,COc1c2c(c(OC(c3ccccc3)c3ccccc3)c3nccnc13)C(=O)N(Cc1ccc(F)cc1)C2O,8,7-9,0.0,0.0
49302,NNC(=O)Cc1c(F)cc2ncccc2c1F,9,7-9,0.0,0.0
49303,O=C1c2ccccc2C(=O)N1CCCCn1ccc(-c2cccnc2)n1,9,7-9,0.0,0.0
49304,COC(=O)c1cc(N2CCSCC2)c(C(F)(F)F)cc1N,8,7-9,0.0,0.0
49305,O=[N+]([O-])c1ccnc(N2CCCC2)c1,9,7-9,0.0,0.0
49306,OCc1cc(-c2ccccc2)on1,8,7-9,0.0,0.0
49307,COc1cc2[nH]c(C(=O)O)cc2cc1Br,10,10,0.0,0.0
49308,COC(=O)Cc1cccc(OCCNC2CCN(c3nc4ccc(Cl)cc4s3)C2)c1,10,10,0.0,0.0
49309,Cc1cc(O)ccc1-c1cc2ccccn2c1C,10,10,0.0,0.0
49310,CCSCC(O)(C(Nc1cccc2nc(C)ccc12)c1ccc(F)c(O)c1F)C(F)(F)F,6,4-6,0.0,0.0
49311,Cc1nccc2c1c(=O)n(C)c1cc(OC[C@@H](N)CC(C)C)c(C(F)F)cc21,10,10,0.0,0.0
49312,Cc1ccc(NC(=O)c2ccnc(N3CCCC3)c2)cc1-n1cnc2ccc(N3CCN(C)CC3)cc2c1=O,10,10,0.0,0.0
49313,CC1(c2cc(Cn3ncc([N+](=O)[O-])n3)on2)OCCO1,2,2-3,0.0,0.0
49314,CC(C)(C)OC(=O)NCc1cc(F)c(Oc2cc(Oc3ccc(C#N)cc3)cc(C(=O)NC3CCC(NC(=O)OC(C)(C)C)CC3)c2)c(F)c1,8,7-9,0.0,0.008333333333333335
49316,NC(=O)N(Cc1ccc(N)cc1)OCc1ccccc1,7,7-9,0.0,0.0
49317,OC[C@H]1O[C@@H](n2cnc3c(NCC(c4ccccc4)c4ccccc4)nc(N4CCC(N5CCNCC5)C4)nc32)[C@H](O)[C@@H]1O,8,7-9,0.0,0.0
49318,Cc1ccc(N)cc1-c1ncc(F)cc1F,10,10,0.0,0.06666666666666668
49319,CCCCCCCCNc1ccc(C(=O)OCC)cc1[N+](=O)[O-],6,4-6,0.0,0.0
49321,FCCOc1cccc(CBr)c1,10,10,0.45,0.225
49322,CCCCCCCCOc1ccc(-c2ccc(C(C)=O)cc2)cc1F,10,10,0.0,-0.07892857142857143
49323,C[C@@H](c1cc(Cl)cc(Cl)c1)N1CCC(COc2cc(F)c(C(=O)NS(C)(=O)=O)cc2Cl)CC1,6,4-6,0.0,0.0
49325,CC(C)(C)OC(=O)N[C@H]1CC[C@H](Nc2nc(OCCO)c(C(N)=O)cc2F)CC1,9,7-9,0.0,0.16666666666666663
49326,CCOC(=O)CC1CCCc2c1n(Cc1ccc(Cl)cc1)c1c(Br)cc(F)cc21,10,10,0.0,0.05000000000000001
49327,C[C@H]1CC[C@@H](Oc2ccc3cc(CO)ccc3c2C(F)(F)F)CC1,7,7-9,0.0,0.0
49328,COc1cc2c(Oc3ccc4[nH]c(C)cc4c3F)ncnc2cc1OCCCBr,9,7-9,0.0,0.016666666666666666
49329,CCOP(=O)(Cc1cc(F)ccc1F)OCC,10,10,0.0,0.0
49332,COCOc1ccc(C(O)(CC(=O)O)c2ccccc2)cc1,10,10,0.0,0.0
49333,CC(C)CN1C(=O)c2ccc(OC(C)C)cc2C1=O,9,7-9,0.0,-0.008333333333333331
49334,Nc1ccc(OCCOc2ccccn2)cc1,8,7-9,0.0,0.0
49336,CC(C)(C)OC(=O)N1CCCN(c2nc3ccccc3n2Cc2ccco2)CC1,8,7-9,0.0,0.0
49337,CC(C)(C)OC(=O)N1CCN(c2ncnc3cc(-c4cnn(CCN5CCOCC5)c4)sc23)CC1,8,7-9,0.0,0.0
49338,CC1=CC(=O)CC(C)(C(F)(F)F)C1=O,8,7-9,0.1,0.05
49341,COc1ccc(CCCC2Sc3ccc(C(=O)O)cc3N(CC(=O)NO)C2=O)cc1,8,7-9,0.0,-0.01666666666666667
49342,O=C(NCc1ncn[nH]1)C(O)c1ccc(-c2noc(-c3onc(-c4ccccc4)c3C(F)(F)F)n2)cc1,9,7-9,0.0,0.0
49343,Clc1cc(-c2cccc3ncccc23)ncn1,6,4-6,0.0,0.0
49344,Brc1ccc(-c2ccccn2)cc1,10,10,0.0,0.0
49345,Fc1cnc(Cl)nc1NC(c1cc(C(F)(F)F)cc(C(F)(F)F)c1)c1cc(C(F)(F)F)cc(C(F)(F)F)c1,6,4-6,0.0,0.0
49346,C[C@H]1[C@H](NC(=O)OC(C)(C)C)CNCC1(C)C,10,10,0.25,0.125
49347,COC(=O)c1cc(Oc2ccc(C(F)(F)F)cc2Cl)cc(Cl)n1,9,7-9,0.0,0.014166666666666664
49348,N#Cc1ccc(CC(=O)NC2CCN(CCNc3ccccc3)CC2)cc1,9,7-9,0.0,-0.04166666666666667
49349,Cc1oc(-c2ccccc2)nc1COc1cc(COc2ncccc2C#N)on1,10,10,0.3,0.15
49351,CCOCCNC(=O)c1ccc(N2CCN(C(=O)c3ccccc3C(F)(F)F)CC2)nn1,9,7-9,0.0,0.11250000000000002
49353,CCOC(=O)c1sc(N)nc1-c1cccc(C#N)c1,9,7-9,0.0,0.0
49354,CNC(=O)N1CC[C@H](OCc2cc(C(F)(F)F)cc(C(F)(F)F)c2)[C@H](C(c2ccccc2)c2ccccc2)C1,10,10,0.0,0.0
49355,Cc1c(N2CCN(S(=O)(=O)c3cccnc3)CC2)nc2cc(F)cc(F)c2c1Nc1cncc(N2CCOCC2)c1,7,7-9,0.0,0.0
49356,CCc1nnc2c(O)nc3cc(OC)ccc3n12,8,7-9,0.0,0.0
49358,CC(C)(C)OC(=O)N1CCC(Oc2ncccc2F)CC1,9,7-9,0.0,0.0
49359,CCN1CCCC1CNC(=O)c1cccc(C2Nc3ccc(C(=O)O)cc3CC2(C)C)c1,3,2-3,0.0,0.0
49360,Nc1cc(Cl)nc(OCc2cccc3ccccc23)n1,10,10,0.0,0.0
49361,Cc1c(NC(=S)NCCN)ccc2c1OCC2,8,7-9,0.0,0.0
49362,CCOC(=O)c1cccc(OCc2ccccc2)c1CCCOS(C)(=O)=O,1,1,0.0,0.0
49363,Cc1ccc(S(=O)(=O)n2ccc3nc(NNC(=O)[C@@H]4CC[C@@H](NC(=O)OC(C)(C)C)C4)cnc32)cc1,4,4-6,0.0,0.0
49365,O=C(N[C@@H]1Cc2ccccc2[C@H]1C(CC1CC1)C(=O)O)c1cc2sc(Cl)c(Cl)c2[nH]1,9,7-9,0.25,0.125
49367,CC(CN(C)C)C(C)(O)c1cccc(O)c1,10,10,0.0,0.0
49369,CC(C)OC(=O)N1CCC(c2nc3cc(-c4ccc(C=O)cc4)ccc3o2)CC1,8,7-9,0.0,0.0
49370,CC(=O)Nc1nc(=O)[nH]cc1C(F)(F)F,4,4-6,0.0,0.0
49371,O=C(c1ccc2cncc(-c3ccc(Cl)cc3)c2n1)N1CCNCC1,8,7-9,0.0,0.0
49372,COc1ccc(N=Nc2ccc(O)c(C(=O)NCc3nnn[nH]3)c2)cc1,9,7-9,0.0,0.0
49373,Cc1cn(-c2ccc(C=O)cc2F)cn1,10,10,0.0,0.0
49374,CCC[CH2][Sn]([CH2]CCC)([CH2]CCC)[c]1cc2c3c(c1)CCN3C(=O)CC2,6,4-6,0.0,0.0
49375,Cc1c(-c2noc(-c3cnc(OC(C)C)c(Cl)c3)n2)ccc2c1CC(C(=O)O)C2,10,10,0.0,0.0
49376,N#Cc1ccc(N(Cc2ccc3nonc3c2)c2cncnc2)cc1,1,1,0.0,0.0
49377,CCC(CC)C(=O)Nc1ccc(N2CCC(C(c3ccccc3)c3ccccc3)CC2)c(F)c1,7,7-9,0.0,0.0
49378,C=CCOc1ccc(C[C@@H](C#N)NC(=O)OC(C)(C)C)cc1,8,7-9,0.0,0.0
49379,Cc1nn(C(C)c2cc(Cl)c(C#N)c3c2OCCN(C(=O)OC(C)(C)C)C3)c2ncnc(N)c12,9,7-9,0.0,0.0
49380,CC(=O)NCCNc1nc(Cl)ncc1C,9,7-9,0.0,0.0
49381,O=C(NCc1ccccc1OC(F)(F)F)c1ccc(OCC(F)(F)F)nc1,5,4-6,0.0,0.0
49382,CC(C)c1ccccc1C(=O)Nc1ccc(N2C(=O)CC(=O)Nc3c2ccc2ccccc32)cc1,7,7-9,0.0,0.0
49383,CC(C)(C)c1ccc(Nc2ccn(-c3ccccc3)n2)cc1,8,7-9,0.0,0.0
49384,CN1C(=O)C(CCN2CCN(c3ccc(F)cc3)CC2)Sc2ccccc21,7,7-9,0.0,0.0
49385,CC(C)[C@@H](NC(=O)OC(C)(C)C)C(=O)N1C2CCC1CN(C(=O)c1ccc(Nc3ncc4cc(C(=O)N(C)C)n(C5CCCC5)c4n3)nc1)C2,7,7-9,0.0,0.0
49387,CCCCCCCN(c1ccccc1)C(C)CCC,9,7-9,0.0,0.0
49388,COc1ccc(COc2cc(-c3nc(C(C)C)cs3)nc(-c3nc(C(F)(F)F)cs3)n2)cc1,6,4-6,0.0,0.0
49389,O=[N+]([O-])CCc1ccc(Br)cc1,10,10,0.0,0.0
49390,CC(C)(C)OC(=O)N1CCN(c2nc(C=O)nc3c(F)c(Br)c(Cl)cc23)CC1,6,4-6,0.0,0.0
49393,CC(=O)Nc1cnc(C)cn1,6,4-6,0.0,0.0
49394,O=C(O)c1sc(C(F)(F)F)cc1OCc1ccccc1,9,7-9,0.0,0.0
49395,COCCOCCOCCOc1cc(Nc2nccc(Oc3ccc(NC(=O)OC(C)(C)C)c4ccccc34)n2)cc(OC)c1,9,7-9,0.0,0.0
49397,CC(C)C[C@H](NC(=O)OC(C)(C)C)C(=O)N1CC(O)C(SCc2ccccc2)C1,10,10,0.0,0.0
49398,COc1cc(C(C)NC(=O)c2ccnc(N)n2)cnc1OCC(F)(F)F,9,7-9,0.0,0.0
49399,CNCc1ccc2c(c1OC)OCO2,10,10,0.0,0.0
49400,O=C(N[C@H]1CCCC[C@@H]1O)c1c[nH]c2cccnc12,7,7-9,-0.3,-0.15
49402,O=C(NCCc1c[nH]c2ccc(Cl)cc12)c1ccc(-c2ccccc2Cl)cc1,6,4-6,0.0,0.0
49403,Cc1ncc2n1-c1ccc(Cl)cc1C(c1ccccc1F)NC2,10,10,0.0,0.0
49405,Nc1ccc(Cc2ccc(F)cc2)cn1,10,10,0.0,0.0
49406,CCOC(=O)C(O)c1ccccc1COC1CCCCO1,7,7-9,0.0,0.030833333333333334
49407,O=[N+]([O-])CCc1ccc(CCC2CCCO2)cc1,10,10,0.0,0.0
49408,COC(=O)C(C)(C)Nc1cccc(C2Nc3ccc(C#N)cc3CC2(C)C)c1,8,7-9,0.0,0.0
49409,CCCCCCCCCCCCCCCCCCCCCCOc1ccc(CO)c(OCCCCCCCCCCCCCCCCCCCCCC)c1,9,7-9,0.7,0.4750000000000001
49410,CCOC(=O)CCc1cccc(NC(=O)c2cccc(-c3ccccc3)n2)c1,8,7-9,0.0,0.0
49412,Cc1c(C(=O)O)[nH]c(C(N)=O)c1S(=O)(=O)N1CCCC1,8,7-9,0.0,0.0
49414,COc1c(C)c(C(=O)c2ccc(C(F)(F)F)cc2F)c(OC)c2ccccc12,10,10,0.05,0.03333333333333334
49415,CC(C)Cc1ccc(-c2nc(-c3cnc(CO)cn3)no2)cc1,8,7-9,0.0,0.0
49416,CCS(=O)[C@@H]1NC(=O)[C@H]1NC(=O)COc1ccccc1,8,7-9,0.0,0.0
49417,OCc1ccccc1SCCCCl,10,10,0.0,0.0
49418,CC(=O)c1cnc2ccc(-c3cc(F)c(O)c(Cl)c3)cc2c1Nc1ccc(N2CCN(C)CC2)nc1,10,10,1.0,0.5
49419,CC(C)(C)OC(=O)NCCC1CCN(c2ccc(Br)cn2)CC1,10,10,0.0,0.0
49420,CC(C)(C)OC(=O)COc1c(Cl)cc([N+](=O)[O-])cc1Cl,7,7-9,0.0,0.0
49421,COC[C@@H]1CCN1c1c2c(nc3ccnn13)CCN(C(=O)OC(C)(C)C)CC2,6,4-6,0.0,0.0
49422,Cc1cc(-c2nc3ccc(CN4CCOCC4)cc3c(=O)[nH]2)cc(C)c1OCCO,9,7-9,0.0,0.0
49423,CCOC(=O)CCC(Cc1ccc2ccccc2c1)N(C)C(=O)c1cc(C(F)(F)F)cc(C(F)(F)F)c1,10,10,0.0,0.0
49424,CCCCc1nc2ccc(O)cc2n1Cc1ccc(-c2ccccc2C(=O)O)cc1,10,10,0.0,0.0
49425,Cc1onc(-c2ccccc2)c1COc1ccc(C(=O)NCCF)cn1,9,7-9,0.0,0.0
49426,CCNCCN(CC)C(c1ccccc1)(c1ccccc1)c1ccccc1,8,7-9,0.0,0.0
49427,CC(C)c1ccc(C(C)CN)cc1,9,7-9,0.0,0.0
49429,CCOC(=O)c1nc(C#N)c2c(c1O)c(Br)c(Br)n2Cc1ccc(OC)cc1,2,2-3,0.0,0.0
49430,CSc1ncc(-c2ccccc2Cl)c(C(=O)O)n1,9,7-9,0.0,0.0
49431,C=CCn1c(=O)ccc2cc(F)c(-n3c(=O)cc(C(F)(F)F)n(C)c3=O)cc21,9,7-9,0.0,0.0
49433,Cc1ccn(-c2ccc(C(=O)N3C[C@@H](N(C)C(=O)N(C)c4cc(C(F)(F)F)cc(C(F)(F)F)c4)[C@H](c4ccc(F)cc4)C3)cc2)n1,10,10,0.0,0.0
49434,CCCOc1c(OCCSc2ncc[nH]2)cc([C@H]2CC[C@H](c3cc(OC)c(OC)c(OC)c3)O2)cc1S(=O)(=O)CC(C)O,9,7-9,0.0,0.0
49435,COc1ccc(F)c(F)c1C(=O)c1cnc(NC2CCN(S(=O)(=O)CCCNCC(C)O)CC2)nc1N,5,4-6,1.0,0.5
49436,CCCc1c(Cc2ccc(-c3ccccc3-c3noc(=O)[nH]3)cc2)c(=O)n(C2CCC(O)CC2)c2ncnn12,9,7-9,0.0,0.0
49437,CC(C)(C)OC(=O)C(CN)c1ccccc1,7,7-9,0.0,0.0
49438,C[C@@H](C(=O)N1CCOCC1)N1CC[C@H](NS(=O)(=O)c2cc3cc(Cl)ccc3o2)C1=O,9,7-9,0.0,0.0
49439,O=C(Cc1ccccc1O)Nc1onc(-c2ccc(F)cc2)c1-c1ccncn1,9,7-9,0.0,-0.045000000000000005
49440,O=C(NCc1cccs1)c1nc2c(C(F)(F)F)cc(-c3ccc[nH]3)cn2c1Cl,5,4-6,0.0,0.0
49443,CN1C(=O)OC(C)(C)c2cc(-c3cccc(Br)c3)ccc21,10,10,0.0,0.0
49444,CN(CCN1CCSc2cc([N+](=O)[O-])ccc21)C(=O)OC(C)(C)C,10,10,0.0,0.0
49445,CSc1cc(=O)c2ccc(CO)cc2s1,9,7-9,0.0,0.0
49446,COc1cccc(CN(C)C(=O)/C=C/c2cnc3c(c2)CNCC(=O)N3)c1OCC(C)C,4,4-6,0.0,0.0
49447,O=C(O)c1cccn(-c2ccc(F)cc2)c1=O,10,10,0.0,0.0
49448,Nc1nc(CCF)ccc1C(=O)O,10,10,-0.1,-0.05
49449,Cc1ccc(NC(=O)c2ccoc2)cc1I,8,7-9,0.0,0.0
49450,Cc1ccc(-c2nc3n(c2-c2ccc(C4(N)CCC4)cc2)-c2cccnc2Nc2ccccc2-3)cc1N,8,7-9,0.0,0.0
49451,COC(=O)c1cc2ccc(-c3ccc(C(F)(F)F)nc3)cc2s1,8,7-9,0.0,0.0
49452,COC(=O)c1coc(CN2CCN(C(=O)c3ccc(NC(=O)NC4CCC4)cc3)CC2)n1,8,7-9,0.0,0.0
49453,Nc1ccc(CNC[C@H]2CCCO2)cc1,8,7-9,0.0,0.0
49455,CCOC(=O)c1cc(C#Cc2cccc(S(=O)(=O)Nc3ncccc3C)c2)ccc1O,9,7-9,-0.45,-0.225
49456,CCOC(=O)c1cc(-c2cc(C)ccn2)n(-c2ccc(Cl)nn2)n1,1,1,0.0,0.0
49457,O=CN1CCN(c2nc(N3CCS(=O)CC3)c3ncnc(SCc4ccc(F)cc4)c3n2)CC1,6,4-6,0.0,0.0
49458,COC[C@H]1C[C@H](OS(C)(=O)=O)CN1C(=O)OC(C)(C)C,9,7-9,0.0,0.0
49459,CC(C)(C)OC(=O)NC1(C(=O)N[C@H](C#N)Cc2ccc(-c3cccc(C#N)c3)cc2)CCOCC1,10,10,0.0,0.02083333333333333
49460,CC(C)(C)[SiH2]OC(C)(C)C1CC(O)(C#C[Si](C)(C)C)CCO1,1,1,0.0,0.0
49461,CC(C)(C)OC(=O)N[C@@H](CC(=O)N1CCn2c(nnc2C(F)(F)F)C1)Cc1cc(F)c(F)cc1F,10,10,0.0,0.0
49462,CCOC(=O)N=S(C)(=O)c1cccc(Nc2ncc(Br)c(OC)n2)c1,9,7-9,0.0,0.0
49464,Cc1cc(Nc2nccc(C(F)(F)F)n2)cc(-c2cnc(C3CCSCC3)s2)c1,9,7-9,0.0,0.0
49465,O=C(c1ccc(Cn2c3ccc(F)cc3c3c2cnn3C2CCCCO2)cc1)N1CCOCC1,7,7-9,0.0,-0.045
49466,CCCCCCCCCCCCCCCCCCCCOC(=O)c1ccccc1,9,7-9,0.0,0.0
49468,CC(O)c1cc(Br)ccc1NC(=O)CCl,10,10,0.0,0.0
49469,CCOC(=O)c1ncn2c1c(N)nc1cc(C(F)(F)F)ccc12,9,7-9,0.0,0.0
49470,COc1ccc2c(c1)CCn1c-2cc(NCCO)nc1=O,8,7-9,0.0,0.0
49471,CCN1C(=O)C(=O)c2ccccc21,8,7-9,0.0,0.0
49472,CC(C)(C)c1ccc(-c2scc(C=NNC(=S)Nc3ccc(C(=O)O)cc3)c2O)cc1,6,4-6,0.0,0.0
49473,COCCOc1cc2nccc(Nc3ccc(Cl)cc3F)c2cc1C#N,9,7-9,0.0,0.0
49474,CC(=O)NC1CCc2c([N+](=O)[O-])cc3[nH]c(=O)c(=O)[nH]c3c2C1,8,7-9,0.0,-0.10833333333333335
49475,Cc1cc(C(=O)N2CCN(C(=O)OC(C)(C)C)C[C@H]2C=O)c(-c2ccccc2)n1-c1ccccc1,7,7-9,0.0,0.0
49476,NCCSCc1nsc(Cl)n1,10,10,0.0,0.01573412698412699
49477,COc1ccc(N2CCN(c3ccc(-n4cnn(C(C)C)c4=O)cc3)CC2)cc1,9,7-9,0.0,0.0
49478,CCCCc1nc2cccc(CO)c2n1Cc1ccc(-c2ccccc2-c2nnn[nH]2)cc1,9,7-9,0.0,0.0
49480,CCOC(=O)c1cc2cc(OC(C)=O)ccc2n1Cc1ccc(Cl)c(I)c1,8,7-9,0.0,0.0
49481,Cn1cncc1C(O)(c1ccc(Cl)nc1)c1ccc2c(c1)c(-c1cccc(Cl)c1)cc(=O)n2C,8,7-9,0.0,0.0
49482,OCc1cccc(C2=CCCC2)c1,10,10,0.0,0.0
49484,CCCCOc1ccccc1OCC(=O)O,10,10,0.0,0.018809523809523814
49487,CSCC[C@H](C=O)NC(=O)OC(C)(C)C,10,10,0.05,0.025
49488,C[C@@H](NC(=O)C1(NC(=O)OC(C)(C)C)CCC(N)CC1)c1ccc(F)cc1,9,7-9,-0.35,-0.16666666666666666
49489,COc1cc(F)ccc1-c1cc2c(s1)c(=O)n(C1CCN(C(=O)OC(C)(C)C)CC1)c(=O)n2Cc1ccccc1,3,2-3,0.0,0.0
49490,CC(C)(C)OC(=O)N1CCN(c2nc(-c3ccnc(Cl)c3)nc3cncc(Cl)c23)CC1,6,4-6,0.0,0.0
49491,COCC[C@H](N)C(=O)N1CCOCC1,8,7-9,0.0,0.0
49492,CCCCN1CCN(c2cc(CO)ccc2C2CCC(C(C)(C)C)CC2)CC1,9,7-9,0.0,0.0
49494,CCc1cc(N)c(N)cc1Cl,10,10,0.0,0.0
49495,CN1CCN(Cc2ccc(-c3cc4nccc(Oc5ccc(NC(=S)NC(=O)Cc6ccccc6)cc5F)c4s3)o2)CC1,3,2-3,0.0,0.0
49496,CC1CCN(Cc2cccc(OCCCNC(=O)c3ccc[n+]([O-])c3)c2)CC1,5,4-6,0.0,0.0
49497,CCN(CC)C(=O)CC(NC(=O)C1CCCCN1C(=O)N1c2ccccc2Sc2ccccc21)C(=O)CF,7,7-9,0.0,0.0
49498,CCOc1ccc(N)cc1-c1nc2cccnc2c(=O)[nH]1,7,7-9,0.0,0.0
49499,CSc1ncc2cc(-c3ccc(-c4cncc(C)n4)cc3Cl)c(=O)n(CCN3CCN(C4COC4)CC3)c2n1,8,7-9,0.0,0.0
49500,C=CC(=O)OC(CC)(CC)C12CC3CC(CC(O)(C3)C1)C2,9,7-9,0.0,0.0
49501,O=C(O)c1cccc(S(=O)(=O)N2CCOCC2)c1,9,7-9,0.0,0.0
49502,COc1cc2cc(Nc3cc(C)[nH]n3)nc(OC3CCCC3)c2cc1OC,10,10,0.0,0.0
49504,O=C1c2ccc(N3CCCCC3)cc2C(=O)c2cc3ccccc3cc21,8,7-9,0.0,0.0
49505,O=C(O)C1(Cc2ccccc2)CCCC1,7,7-9,0.0,0.0
49506,Nc1ccc(C2CCOCC2)cn1,5,4-6,0.0,0.0
49507,CC1(C)OCc2cc([C@@H](O)CNCCCCCCOCCCCc3ccc4c(c3)S(=O)(=O)CCC4)ccc2O1,10,10,0.0,0.07083333333333329
49508,O=C(c1cc(Cc2n[nH]c(=O)c3c2CCCC3)ccc1F)N1CCCNCC1,10,10,0.0,0.0
49510,Cc1cc(C(=O)Nc2cnc3[nH]c(I)cc3c2)[nH]n1,3,2-3,0.0,0.0
49511,CCCC[C@]1(CC)CS(=O)(=O)c2cc(C(=O)O)c(OC)cc2[C@@H](c2ccccc2)N1,8,7-9,0.0,0.0
49512,CCc1cc2c(N3CCN(C(=O)c4ccc(-c5ccccc5)cc4)CC3)nc(NC(=O)c3cccnc3)nc2s1,7,7-9,0.0,0.0
49513,CC(C)(C)OC(=O)CNc1ccc([N+](=O)[O-])cc1,7,7-9,0.0,0.0
49516,COc1cc(COc2nn(-c3ccccc3)cc2/C=C\c2csc(C(C)C)n2)ccc1OCc1nc(-c2ccc(CC(=O)O)cc2)oc1C,9,7-9,0.0,0.0
49518,C=Cn1c(C)c(C)c2cnnc(OCc3ccccc3)c21,2,2-3,0.0,0.0
49519,CC[C@@H](Nc1nccc(-c2cc(F)c(OC)cc2C)c1[N+](=O)[O-])C1CC1,8,7-9,0.0,0.0
49520,CC(C)c1ccc(NC(=O)CC2NCC(C)(C)OC2=O)cc1,9,7-9,0.5,0.24166666666666664
49521,c1ccc2nc(N3CCNCC3)ccc2c1,9,7-9,0.0,0.0
49523,C=CC(=O)OOC(C)(CC)NS(C)(=O)=O,6,4-6,0.0,0.0
49524,COc1ccc2c(Oc3ccc(NC(C)=O)cc3)nc(Nc3cc[nH]n3)cc2c1,10,10,0.0,0.0
49526,OCC(O)CNc1nc(-c2ccc(Cl)c(Cl)c2)nc2ccccc12,8,7-9,0.0,0.0
49527,Cc1c[nH]c2c(Oc3ccc(Cl)cc3Cl)cc(F)cc12,9,7-9,0.0,0.0
49528,COc1cc2ncnc(Nc3cccc(Cl)c3F)c2cc1OC1CCN(S(=O)(=O)CCCN(C)C)CC1,8,7-9,0.0,0.0
49530,CCOC[C@H](Oc1ncnc2c1cnn2-c1ncccc1Cl)C(=O)OC,6,4-6,0.0,0.0
49531,CN(C)C(=O)CCCCCl,9,7-9,-0.1,-0.05
49532,N#Cc1cc2[nH]c(-c3ccc(OCc4ccccc4)cc3)c(C3CCCCC3)c(=O)n2n1,8,7-9,0.0,0.0
49533,NS(=O)(=O)c1ccc(C#Cc2cnn3ccc(-c4ccc(Cl)cc4)nc23)s1,2,2-3,0.0,0.0
49535,COc1cc(C)c2c(ccn2C(=O)OC(C)(C)C)c1C(=NS(=O)C(C)(C)C)C(F)(F)F,8,7-9,0.0,0.0
49536,CS[C@H]([C@@H](C)C(=O)NCCc1cccc(O)c1)[C@@H]1CCCN1C(=O)OC(C)(C)C,10,10,0.0,0.0
49537,COc1ccc2ncc(OCCN3CCC(NC(=O)OC(C)(C)C)CC3)nc2c1,8,7-9,0.0,0.1583333333333333
49538,CNC(=O)N1CC[C@H](OCc2cc(C(F)(F)F)cc(C(F)(F)F)c2)[C@H](Cc2ccccc2)C1,10,10,0.0,0.0
49539,COc1cc(NC(=O)C(=O)c2c(C)n(Cc3ccc(Cl)cc3)c3ccc(O)cc23)ccn1,10,10,0.0,0.0880357142857143
49540,CC(Cc1ccc(OCCN2CCCCC2)cc1)(C(=O)O)S(=O)(=O)c1ccc(Br)cc1,9,7-9,0.0,0.0
49541,CCC(CC)(NC(=O)c1ccc(N2CC(F)(F)C2)c(OCC2CC2)n1)C(=O)N1CC(F)(F)C1,8,7-9,0.0,0.0
49542,CCCCCCCNCc1cccc(OC)c1OCc1ccccc1,7,7-9,0.0,0.0
49543,Cc1c(C)c2c(c(C)c1O)C(C)(C)CN2C(=O)C(C)(C)C,8,7-9,0.0,0.0
49544,Cc1nnc(-c2ccc3occ(-c4ccc(C(=O)N5CCOCC5)c(F)c4)c3c2)o1,8,7-9,0.0,0.0
49546,O=S(=O)(Nc1cccc(COCC(F)(F)F)n1)c1cc(C(F)(F)F)ccc1Cl,1,1,0.0,0.0
49548,CC(C)c1ccc(CCN(Cc2nccs2)S(=O)(=O)c2cc(C#N)ccc2O)cc1,10,10,-0.05,-0.025
49549,COC(=O)c1ccc(O)c(C(F)(F)F)c1,8,7-9,0.0,0.0
49550,CC(C)(C)OC(=O)N1CCCc2c(ccc(N3CC[C@H](NS(=O)(=O)c4ccc5cc(Cl)ccc5c4)C3=O)c2F)C1,4,4-6,0.0,0.0
49551,Cc1cc(B2OC(C)(C)C(C)(C)O2)cc(C)c1OCCOS(C)(=O)=O,8,7-9,0.0,0.0
49553,CC(C)(C)c1ccc(O)c(-c2ccc(C=O)o2)c1,10,10,0.0,0.0
49554,COc1ccc(Cl)c(-c2ccc(N)nc2N)c1,10,10,-0.35,-0.18333333333333335
49555,O=C(CO)N1C2CCC1CC(Nc1ccc3[nH]ncc3c1)C2,7,7-9,0.0,0.0
49556,C#Cc1cc(-c2csc(Cn3cc(C(=O)OCC)cn3)n2)cc(C(F)(F)F)c1,10,10,0.0,0.0
49557,COc1ccc(C(=O)NCCCC(=O)N2CCc3c(OC)ccc(N4CCN(C)CC4)c3C2)cc1,7,7-9,0.05,0.19166666666666662
49558,COC(=O)CN1C(=O)N(C(C)C)C(=O)C1(C)c1ccccc1,8,7-9,0.0,-0.01666666666666667
49559,CC(C)(C)NS(=O)(=O)c1ccccc1-c1ccc(-c2nnc(N)s2)c(F)c1,8,7-9,0.0,0.0
49560,CC(=O)Nc1cc2nc(C)c(-c3cc(NC(=O)OC(C)(C)C)c(F)cc3F)cc2cn1,7,7-9,0.0,0.0
49561,FC(F)(F)c1nc2cc(Cl)c(-c3ccc(Cl)cc3Cl)cc2[nH]1,9,7-9,0.55,0.275
49562,CC(C)(C=O)c1ccc(Cl)cc1,10,10,0.0,0.0
49563,C[C@@H](CNc1ccc(OC(F)(F)F)cc1)NC(=O)[C@H](CS(=O)(=O)Cc1ccccc1)NC(=O)N1CCOCC1,9,7-9,0.0,0.0
49565,Cc1oc(-c2ccc(Br)cc2)nc1CCN1CC[C@@H](CF)C1,10,10,0.55,0.3666666666666668
49566,CC(=O)NCc1ccc2oc([N+](=O)[O-])c(-c3ccccc3)c2c1,7,7-9,0.0,0.0
49567,O=C(O)c1c(Cl)cc(=O)n2c1CCC2,10,10,0.0,0.0
49568,CCC(=O)C(CCCCCCc1ccccc1O)C(=O)CC,10,10,0.0,0.0
49569,COCCN1CCC(=O)N(C)c2cnc(Nc3ccc(C(=O)NC4CCN(C)CC4)cc3OC)nc21,9,7-9,0.0,0.0
49572,COc1cc(N)nc(C(N)=O)c1,9,7-9,0.0,0.0
49573,CCOc1ccc(N)c(Br)c1,8,7-9,0.0,-0.03333333333333334
49574,COc1ccc(C(=O)Nc2c(Cl)cncc2Cl)c2cc(C=O)nn12,7,7-9,0.0,0.0
49575,COc1nc2c(cc1I)c(=O)c(C(=O)NCc1ccc(Cl)cc1)cn2C,7,7-9,0.0,0.0
49576,Cn1c(CN2CCN(c3ccc4nnc(C(F)(F)F)n4n3)CC2)cc2ccccc21,8,7-9,0.0,0.0
49577,Brc1ccc(Cn2cnc3ccccc32)cc1,6,4-6,0.0,0.0
49578,Cc1ncccc1C(=O)N(C)c1cccnc1Cl,5,4-6,0.0,0.008333333333333331
49579,CCC1C(=O)N(CC)CCc2cc(N)c(OC)cc21,10,10,0.0,0.0
49580,COc1ccc2oc(C(=O)C(C)(C)C)c(CC(=O)NCCC(C)(C)C)c2c1,10,10,0.0,0.0
49581,CCOC(=O)CCc1cccc(C(O)=C2C(=O)N(C(C)=O)c3cc(F)ccc32)c1,3,2-3,0.0,0.0
49582,CC(C)(C#N)c1cccc(Nc2cc(NCCN)nnc2C(N)=O)n1,9,7-9,0.0,0.041666666666666685
49584,C#Cc1ccc(C(C)(C)CCC(C)C)cc1,10,10,0.0,0.0
49585,Cc1onc(-c2ccccc2F)c1COc1ccc(C(=O)NCC(F)(F)C(F)(F)F)cn1,9,7-9,0.0,0.0
49586,CC(O)CCn1cnc(C(=O)N[C@@H](C)Cn2ccc(-c3ccc(C#N)c(Cl)c3)n2)c1,10,10,0.0,-0.07432539682539682
49588,COC(=O)C1=C(C)NC(C)=C(C(=O)OC)N1c1cccc(NC(=S)NCCCN2CCC(C(C)(C)C)CC2)c1,9,7-9,0.0,0.0
49589,CN(C/C=C/c1cccc(C#N)c1)c1ccc(OC2CCN(C(=O)OC(C)(C)C)CC2)cc1,10,10,0.0,-0.022083333333333337
49591,Clc1ccc(-c2ccn(CC3CO3)n2)cc1Cl,7,7-9,0.0,0.0
49592,O=C(OCCl)OCCCOCc1ccccc1,10,10,0.95,0.475
49593,Oc1ccc(-c2ccc(-c3nc(C(F)(F)F)cn3Cc3ccccc3)o2)cc1,8,7-9,0.25,0.125
49594,Cc1oc(-c2ccc(C(F)(F)F)cc2)nc1CCOc1ccc(CN(CC(=O)O)S(=O)(=O)N2CCCc3ccccc32)cc1,4,4-6,0.0,0.0
49596,CS(=O)(=O)Nc1ccccc1CC#N,10,10,0.0,0.0
49597,C#Cc1ccc(C[C@H](OC)C(=O)OCC)cc1,10,10,0.0,0.0
49598,COCCCOC(=O)c1cnccc1S(=O)(=O)C1CCOC1C,10,10,0.0,0.0
49599,CC(=O)c1cnc(Br)s1,7,7-9,0.0,0.0
49600,CSc1ncc2ccc(CNc3ccccc3)n2n1,8,7-9,0.0,0.0
49601,Cc1cc(C)cc(CN(C)C2CCCn3c2c(-c2ccccc2)c2cc(C)c(C)cc2c3=O)c1,8,7-9,0.0,0.0
49603,O=C(NCCN1CCOCC1)c1ccc(Cl)cc1,9,7-9,0.0,0.0
49604,Cc1nc2cc(C(=O)N3CCC[C@@H]4c5ccccc5C[C@@H]43)ccc2[nH]1,8,7-9,0.0,0.0
49605,N#CCc1ccc(OCc2ccc(OC(F)(F)F)cc2)cc1,10,10,0.0,0.0
49606,CN(C)CCCOc1c2c(nc3ccccc13)O[C@@H]1C[C@@H](C(=O)O)N(C1)C(=O)[C@H](C1Cc3ccccc3C1)NC(=O)O[C@@H]1C[C@H]1CCCCC2,4,4-6,0.0,0.0
49607,Cc1nn(C)c(C)c1-c1cccc(CCN(C)C)c1,9,7-9,0.0,0.0
49608,CC(C)(C)OC(=O)N(CCOc1cc(Cl)cc(C(=O)N(CCCn2ncnn2)c2ccccc2F)c1)c1ccncc1,10,10,0.0,0.0
49609,CS(=O)(=O)c1ccc(CNC(=O)c2ccc(F)nc2)c(Cl)c1,4,4-6,0.0,0.0
49612,Cc1c(CN(C)C(=O)/C=C/c2cnc3c(c2)CCC(=O)N3)oc2ccccc12,8,7-9,0.0,0.0
49616,CCCCCCCCCCCCCCCC(=O)OC(CCCCCCCCCCCCCCC)CC(=O)NCC(=O)N[C@@H](Cc1ccccc1)C(=O)O,8,7-9,0.0,0.0
49618,Nc1ccc(-n2ccnc2)cc1,10,10,0.0,0.0
49619,CC(C)(C)OC(=O)N1CCC(CCOc2ccc(Br)cc2)CC1,8,7-9,0.0,0.17999999999999997
49620,C=C(c1ccc(CN2C(=O)CSC2=O)cc1)c1cc2c(cc1C)C(C)(C)CCC2(C)C,4,4-6,0.0,0.0
49621,CCOc1cc(CN2CCC(Nc3ccc4cc(F)ccc4n3)CC2)ccc1OC,7,7-9,0.0,0.0
49622,Cc1cnc2[nH]cc(CN)c2c1,9,7-9,0.0,-0.05
49624,CCCC(CC)N(OCc1ccccc1)C(=O)Nc1ccccc1,1,1,0.0,0.0
49625,C[C@@H](NC(=O)OC(C)(C)C)C(=O)N1CC(C#N)C1,9,7-9,0.0,0.0
49627,C[C@H](N)c1nc2ccn(C)c2cc1N(C)C1CN(C(=O)OC(C)(C)C)C1,5,4-6,0.0,0.0
49629,NC[C@H]1CN(C[C@@H]2COc3c(F)ccc4ccc(=O)n2c34)C[C@H]1O,10,10,0.0,0.0
49631,COCC(COC)Nc1cc(C#CC(C)(C)C)sc1C(=O)OC,8,7-9,0.0,0.0
49632,CCOC(=O)CN1CCc2cc(OC)ccc2C1=O,9,7-9,0.0,0.0
49633,Cc1ccc(-c2cc(C(=O)O)cc3c2ncn3CC(C)C)nc1,7,7-9,0.0,0.0
49634,CC(C)(C)OC(=O)N1CCC(CN=[N+]=[N-])(C2CCCCC2)CC1,10,10,0.0,0.0
49635,O=C(O)c1cc2[nH]c(-c3ccccc3)c(C3CCCCC3)c2s1,7,7-9,0.0,0.0
49636,Cc1c(-c2ccccc2)sc(N)c1C(=O)N1CCC(N2CCCC3(C2)CC(C)(C)OC3=O)CC1,4,4-6,0.0,0.0
49637,CC(C)(C)OC(=O)n1c(-c2ccc(Cl)c3c2C(=O)NC3)cc2cc(CNc3ccc(CCO)cc3)ccc21,10,10,0.0,0.0
49639,COc1ccc(-n2nc(CO)cc2-c2ccc(Cl)c(Cl)c2)cc1,8,7-9,0.0,-0.008333333333333331
49640,CNc1cccc(-c2ccc3nnc(C)n3n2)c1,10,10,0.4,0.20833333333333334
49641,COc1ccc(C(=O)NCc2ccc(OCCN(C)C)cc2)cc1OC,6,4-6,0.0,0.0
49644,CC(C)CCNC(=O)CCCc1ccc([N+](=O)[O-])cc1,10,10,0.0,0.0
49645,C[C@H](O)[C@H](CO)N(Cc1ccc(OC(F)F)cc1F)S(=O)(=O)c1ccc(Cl)cc1,10,10,0.0,0.0
49646,Cc1ccccc1S(=O)(=O)Nc1cccc2c3c([nH]c12)C(=O)CCC3,9,7-9,0.0,0.0
49647,CC(C)(NC(=O)OCc1ccccc1)C(=O)N[C@@H]1CCc2cc([N+](=O)[O-])ccc2NC1=O,6,4-6,0.0,0.0
49648,COC(=O)c1cc(NC(=O)c2cc(F)cc(C(F)(F)F)c2)ccc1Cl,7,7-9,0.0,0.0
49649,CN(C[C@@H](N)C[C@H]1CC[C@H](F)CC1)C(=O)OCc1ccccc1,10,10,0.0,0.0
49650,O=C(O)c1[nH]c(=O)n(C2CCCN(C(=O)OCc3ccccc3)C2)c1-c1ccccc1,9,7-9,0.0,0.0
49651,Cc1csc2ccc3[nH]c4c(c3c12)CN(C)CC4,3,2-3,0.4,0.2
49652,Cc1nnc(-c2cccc(OCc3csc4c(C(=O)NCCO)cnc(N)c34)c2)o1,6,4-6,0.0,0.0
49653,Cc1ccc(-c2ccc3c(c2)C=C(C(=O)NC2CCN(CCN(C)C4CCOCC4)CC2)CCO3)cc1,8,7-9,0.0,0.0
49654,CCn1nc(C)c2cc([N+](=O)[O-])ccc21,10,10,0.0,0.0
49655,COC(=O)c1cn(-c2cc(C(=O)O)ccc2C)nn1,6,4-6,-0.3,-0.14166666666666666
49656,O=C1CC(CBr)CN1c1ccc(F)cc1,10,10,0.0,0.0
49657,O=[N+]([O-])c1cnc2ccc(OCc3ccccc3)cc2c1NCC1CCOCC1,9,7-9,0.0,0.0
49658,C=CCC(=O)N1[C@@H](C=O)CCC[C@H]1c1ccc(F)cc1,7,7-9,0.0,0.0
49659,CC(C)(C#N)c1ccc(-n2c(=O)n(S(=O)(=O)c3cc(F)cc(F)c3)c3cnc4ccc(Br)cc4c32)cc1,1,1,0.0,0.0
49660,Nc1cccc(OCc2ccccc2)c1O,10,10,0.0,0.0
49662,FC(F)(F)C1(c2cc(Cl)c(Cl)c(Cl)c2)CC(c2ccc(CBr)c(Cl)c2)=NO1,9,7-9,0.0,0.0
49663,COC(OC)C(CNC(=O)c1cc2cc(OC(F)(F)F)cc(N(C)S(=O)(=O)c3cccs3)c2[nH]1)SCc1ccccc1,5,4-6,0.7,0.35
49665,CCCCCOc1ccc(C=O)cc1C,10,10,0.0,0.0
49667,Nc1cc(N)nc(SCCCC(=O)NC/C=C\COc2cc(CN3CCCCC3)ccn2)n1,5,4-6,0.0,0.0
49669,O=C(O)c1cc(N2CCN3CCC2CC3)ncc1[N+](=O)[O-],8,7-9,0.0,0.0
49670,C=CCOc1ccc(C)c(Nc2ccnc(Nc3cccc(C(=O)O)c3)n2)c1,8,7-9,0.0,0.0
49671,O=C(O)c1csc(NC(=O)c2ccccc2-c2ccccc2)n1,10,10,0.0,0.0
49673,O=C(O)C1(c2cccc(OCCCN(Cc3cccc(C(F)(F)F)c3Cl)CC(c3ccccc3)c3ccccc3)c2)CCC1,10,10,0.25,0.3583333333333333
49674,CCCN1Cc2cc(Oc3cccc(CNCc4c(C)cc(C)cc4C)c3)ccc2N=C1NC(=O)OC(C)(C)C,6,4-6,0.95,0.475
49675,OCc1cc(Cl)ccc1OCc1ccccc1,10,10,0.0,0.0
49676,CN(Cc1ccccc1Cl)C(=O)c1nnn(Cc2cc(C(F)(F)F)cc(C(F)(F)F)c2)c1Cl,5,4-6,0.0,0.0
49677,Nc1ccc(Oc2cc(NC(=O)N3CCN(CCN4CCCC4)CC3)ncn2)c(F)c1,6,4-6,0.05,0.025
49678,COc1nc(Cl)nc(-c2ccc(Cl)c(C)c2)n1,9,7-9,0.0,0.0
49680,O=Cc1ccc(-c2cc3c(c(C45CC6CC(CC(C6)C4)C5)c2)OCO3)cc1,10,10,1.0,0.5
49681,CC(C)(C)OC(=O)N1CCC[C@H]1COc1cncc(N2CCC(CCOc3ccccc3)CC2)c1,9,7-9,0.0,0.0
49683,CCCCCCCc1ccc(CN(C(=O)c2ccncc2)c2ccc(O)c(C(=O)OC)c2)cc1,1,1,0.0,0.0
49684,C=CC(=O)NCC(C)(C)CN(CC)CC,7,7-9,0.0,0.0
49685,Cc1nc(NC(=O)C2CC2c2ccccc2)sc1C(=O)NCc1ccccc1,6,4-6,0.0,0.0
49686,O=Cc1cccc2cc[nH]c12,8,7-9,0.75,0.375
49687,O=C(NCC(=O)N(CC1CCN(Cc2ccc(Cl)cc2)CC1)CC(c1ccccc1)c1ccccc1)c1ccccc1,7,7-9,0.0,0.0
49688,CC(C)(C)OC(=O)CNS(=O)(=O)c1ccc2c(Cl)cnc(NC(=N)N)c2c1,2,2-3,0.0,0.0
49689,CC(=O)N1CCCOc2ccc([N+](=O)[O-])cc21,9,7-9,0.0,0.0
49690,O=C1CN(C2CCN(C(=O)c3nc4c(C(F)(F)F)cc(-c5cn[nH]c5)cn4c3Cl)CC2)C(=O)N1,9,7-9,0.0,0.0
49691,CC(C)C(Nc1ccc(C(F)(F)F)cc1Cl)C(=O)OCc1cccc(C(=O)c2ccccc2)n1,9,7-9,0.0,0.0
49692,O=C(Nc1cnccc1[C@H]1OC[C@H](CO)CO1)c1ccc(F)c(-c2c(F)cccc2F)n1,9,7-9,-0.7,-0.35
49693,CC(=O)Oc1cccc2c1c1nn(-c3ccccc3C)c(=O)c-1cn2Cc1ccc(-n2cccn2)cc1,10,10,-0.45,-0.29583333333333334
49694,O=C(O)CN(c1cccc(C(F)(F)F)c1)S(=O)(=O)c1ccccc1,9,7-9,0.0,0.004166666666666666
49695,Cc1cccc(-c2c(CO)oc(=O)c3ccccc23)c1,8,7-9,0.0,0.0
49696,CC(C)(C)C(CSC(F)F)=NO,2,2-3,0.0,0.0
49697,Cc1ccccc1CN(c1ccc(C#N)c(Cl)c1)[C@H]1CC(=O)N(CCCO)C1,10,10,0.05,0.025
49698,Cc1ccc(Nc2cc(NCCN)nnc2C(N)=O)nc1C(C)C,9,7-9,0.0,0.0
49699,COC(=O)Cc1ccc(F)cc1I,9,7-9,0.0,0.0
49700,O=C1C(=O)N(Cc2ccc(F)nc2)c2ccc(S(=O)(=O)N3CC[C@H]3COc3ccccc3)cc21,8,7-9,0.0,0.0
49701,N#Cc1ccc(-c2ccc3c(c2)CCC(=O)C3)cc1,10,10,0.0,0.0
49702,CN1CCN(c2ccc(-c3ccc4c(c3)C=C(C(=O)Nc3ccc(CN(C)C5CCOCC5)cc3)CCO4)cc2)CC1,7,7-9,0.0,0.0
49703,CC(C)(C)OC(=O)N(CC(F)(F)F)c1cc(-c2nc(C(=O)O)co2)ccn1,10,10,0.0,0.0
49704,COc1ccc2ncc(Cl)c(CC=C[C@H]3CC[C@H](NC(=O)OC(C)(C)C)CC3)c2c1,7,7-9,0.8,0.4
49705,CCN(CC)C(=O)c1ccc(OC)cc1-c1ncccc1C,9,7-9,0.0,0.00843253968253968
49706,CC(C)(C#N)c1ccc(N)cn1,8,7-9,0.0,0.0
49707,CC(C)Cc1onc(C(=O)O)c1C(F)(F)F,8,7-9,0.0,0.0
49708,CC#CCOc1cc(Oc2ccc(C#N)cc2)ncn1,8,7-9,0.0,0.0
49710,Cn1ncc(NC(=O)c2nc(-c3c(F)cccc3F)sc2N)c1C1CCC(N)CC1,10,10,0.0,0.004444444444444444
49711,Cc1cccc(NC(=O)c2cccc(N)c2)c1C,3,2-3,0.0,0.0
49712,C[C@H]1C(=O)Nc2c(N)cc(Cl)cc2N1C(=O)OCc1ccccc1,9,7-9,0.0,0.0
49713,CCCN1CCC(c2cc(OC)c(Nc3nccc(-c4c(-c5cccc(C(=O)Nc6c(F)cccc6F)c5)nc5ccccn45)n3)cc2C)CC1,8,7-9,-0.25,-0.125
49714,COCc1ncnc(NC2CSC(c3ccccc3)C2)c1OC,7,7-9,0.0,0.0
49715,NCC1CCCN1Cc1ccccc1,9,7-9,0.0,-0.0024999999999999996
49716,CC(=O)N(c1cccc(OCC(=O)O)c1)C1CCc2ccc(-c3cccc(F)c3)cc21,4,4-6,0.0,0.0
49717,COc1ccc(C(=O)c2ccccn2)c(Cl)c1Cl,9,7-9,0.0,0.0
49718,O=C(CSc1nc2ccc([N+](=O)[O-])cc2s1)N1CCCc2ccccc21,7,7-9,0.0,0.0
49719,Cc1ccc(Oc2ccc3nc(NC(=O)CN4CCN(C)CC4)sc3c2)cc1NC(=O)c1cccc(C2(C#N)CC2)c1,9,7-9,0.0,0.0
49721,C[Si](C)(C)C#Cc1cc(-c2cc(-c3ccc(CN4CCCCC4)cc3)cnc2F)c(N)cn1,9,7-9,0.0,0.0
49722,Cc1cc([N+](=O)[O-])c(Nc2ccccc2C(C)C)cc1-c1ccccc1,10,10,-0.95,-0.475
49723,CCOC(=O)c1ccc(N)nc1,9,7-9,0.0,0.011666666666666665
49724,O=C(NCCc1c[nH]c2ccc(Cl)cc12)c1cccc(-c2ccccc2Cl)c1,8,7-9,0.0,0.0
49725,CCNC(=O)Nc1nc2cc(Br)nc(Br)c2s1,10,10,0.0,0.0
49726,CC(C)Oc1ccc(C(=O)OCc2ccccc2)cc1C(C)(C)C,7,7-9,0.0,0.0
49727,CC(C)(C)OC(=O)N1C[C@H](O)C[C@H]1C(=O)O,9,7-9,0.0,0.0
49730,CN(C[C@H](O)[C@@H](O)[C@H](O)[C@H](O)CO)c1nccc(-c2ccc(C(=O)NCCc3ccc4[nH]cc(C#N)c4c3)cc2)n1,10,10,0.0,0.0
49731,COC(CC(=O)O)c1ccc(NC(=O)C(C)Oc2ccc(C(C)C)cc2Br)cc1,10,10,0.0,0.0
49732,CC(C)C(=O)Nc1cccc(C2CCN(CCCc3c(-c4ccc(I)cc4)[nH]c4ccccc34)CC2)c1,1,1,0.0,0.0
49733,N#CC1CCC2CSc3ccccc3C(=O)N2C1,10,10,0.0,0.0
49734,Cc1nc(-c2nc(-c3ccc(OC(F)(F)F)cc3)no2)nn1Cc1cccc(N)c1,7,7-9,0.0,0.0
49735,CC1CCN(C(=O)Oc2noc3nc(Cl)ccc23)CC1,9,7-9,0.0,0.0
49737,COc1nc(Cl)cc(NCCc2ccc(-c3nnc(C)o3)cc2)n1,8,7-9,0.9,0.45
49738,CNS(=O)(=O)c1ccccc1Nc1nc(Cl)ncc1[N+](=O)[O-],8,7-9,0.0,0.0
49739,O=C(NCCCCn1cncn1)c1ccc(Cl)c(Cl)c1,8,7-9,0.0,0.0
49740,Cc1ccc2c(OCCN3CCC(=Cc4cccc([N+](=O)[O-])c4)CC3)cccc2n1,7,7-9,0.0,0.0
49742,C[C@@]1(Cc2ccc(C#N)cc2)C(=O)N(c2cc(Cl)c(F)c(Cl)c2)c2ncc(C(=O)NC3(C(=O)NC4(c5ncc(I)cn5)CC4)CC3)n21,9,7-9,0.0,0.0
49743,COC[C@H](C)Oc1cc(OCc2ccccc2)cc(-c2nc3cccnc3[nH]2)c1,10,10,0.0,0.0
49744,COC(=O)c1ccc(C2(NC(=O)c3cc(Cl)cnc3N3CC(Oc4cccc(F)c4)C3)CC2)nc1,7,7-9,0.0,0.0
49746,COc1cc2nccc(Oc3ccc(NC(=O)Nc4ccc(Cl)c(Cl)c4)cc3)c2cc1OC,7,7-9,0.0,0.0
49747,NC(=O)C1(c2ccc(Br)cc2)CC1,10,10,0.0,-0.006845238095238092
49748,CCc1c(/C=C/OC)cccc1-c1nsc(-c2ccc(OC(C)C)c(Cl)c2)n1,1,1,0.0,0.0
49749,CC(C)(C)c1ccc2c(N3CCCC3)nc(Nc3cccc(Cl)c3)nc2c1,7,7-9,0.0,0.0
49750,CN(C)c1ncccc1N,7,7-9,0.0,0.0
49751,CC(C)C1CCc2ncnc(N3CC4(CCN(Cc5ccccc5)CC4)c4c(CN)cccc43)c21,6,4-6,0.0,0.0
49752,C=C(C)c1snc(-c2ccc(CC)cc2)c1COc1ccc(CCC(=O)OCC)c(C)c1C,7,7-9,0.0,0.0
49753,CC(C)(C)OC(=O)NCC(=O)N1CCN(Cc2ccccc2)CC1,7,7-9,0.0,0.0
49754,O=C(O)c1cc(F)ccc1NCc1ccncc1,8,7-9,0.0,0.0
49756,COCCNC[Si](C)(C)C,10,10,0.0,0.0
49757,Cc1cc(-c2ccc(F)c(F)c2)cc(CNc2c(F)ccc(O)c2F)c1C,10,10,0.0,0.0
49758,COc1cccc2cc(-n3nc(OCCN4CCOCC4)cc3C)ccc12,7,7-9,0.0,0.0
49759,O=C1CCC(COS(=O)(=O)c2ccccc2)N1,8,7-9,0.0,0.0
49760,CC(C)(C)OC(=O)N[C@H]1CC[C@H](COS(C)(=O)=O)CC1,2,2-3,0.0,0.0
49761,O=C(O)CCc1ccc(OCc2cccc(-c3ccccc3C(=O)O)c2)cc1,10,10,0.0,-0.0014484126984126975
49762,Nc1cccc2[nH]ncc12,10,10,0.0,0.0
49763,C=CCCOCC=NO,8,7-9,0.0,0.0
49765,CNC1CCCc2cccnc21,10,10,0.0,0.0
49766,CC1(C)Cc2nc(C3CCN(c4ncc(OCCCCC(=O)O)cn4)CC3)c(C(F)c3ccc(C(F)(F)F)cc3)c(C3CCC(F)(F)CC3)c2C(O)C1,8,7-9,0.0,0.0
49768,CNC(=S)NNC(=S)NCCCOc1cccc(CN2CCCCC2)c1,4,4-6,0.0,0.0
49769,CCOC(=O)/C=C/c1cccc2nscc12,8,7-9,0.0,0.0
49770,CC(N)c1ccc(C(=O)Nc2ccccc2C(=O)Nc2ccc(Cl)cn2)c(O)c1,7,7-9,0.0,0.0
49772,CC(C)C1=C2[C@H]3CC[C@@H]4[C@@]5(C)CC[C@H](OC(=O)CC(C)(C)C(=O)O)C(C)(C)[C@@H]5CC[C@@]4(C)[C@]3(C)CC[C@@]2(/C=C/C(=O)N[C@@H](C)c2cccc(Cl)c2)CC1=O,7,7-9,0.0,-0.021666666666666674
49775,CC(C)c1cc(C(=O)Nc2cc(Oc3ccc4nc(NC(=O)C5CC5)cn4n3)ccc2F)n(C)n1,6,4-6,0.0,0.0
49777,c1ccc(CSc2nsc(OCc3cncnc3)n2)cc1,6,4-6,0.0,0.0
49778,COCC1C[C@@H](COc2cccnc2)N(C)C1=O,10,10,0.65,0.325
49779,COc1ccc(-c2ccc(-n3nccc3-c3ccc(OC)c(O[C@@H]4CCOC4)c3)cc2)cn1,8,7-9,0.0,0.0
49780,CSc1ccc(C2=C(c3ccccc3)C(=O)OC23CCC3)cc1,9,7-9,0.0,0.0
49781,CCCC[C@H](NC(=O)O[C@@H](Cc1nnc(-c2ccccc2)o1)C(C)(C)C)C(=O)OC,6,4-6,0.0,0.0
49782,COCC(=O)Nc1cc(C(=O)OC)cnc1Cl,8,7-9,0.0,0.0
49783,COC(=O)c1cccc(CN=[N+]=[N-])c1,8,7-9,0.0,0.0
49784,COc1ccc(C(=O)Nc2ccc(C(C)(C)C#N)cc2)c(Cl)c1OC,10,10,0.0,0.0
49785,CC(C)C[C@H](NC(=O)c1ccc(NC2CC2)c(OCC2CC2)n1)C(N)=O,6,4-6,0.0,0.0
49786,C=C(C)C1(CC(C)C)CCN(CC(=O)NC)C1=O,10,10,0.0,0.0
49787,O=C(NC1CC1)c1ccc2cc(Br)ccc2c1,7,7-9,0.0,0.0
49788,COc1ccc(CCCC2CO2)cc1,10,10,0.0,0.0
49790,CCOC(=O)CNc1ccc(C)cc1,7,7-9,0.0,0.0
49791,CCCOc1cc(NC2CCNCC2)ccc1C(N)=O,3,2-3,0.0,0.0
49792,COc1cc([C@@H](C)N[C@H]2CC[C@@H](c3ccc(CC(=O)N4CC(O)C4)cc3)C2)ccc1F,10,10,0.0,0.0
49793,Cn1c(=O)c(-c2ccc(F)cc2)cc2c3cc(-c4csc(COC(=O)C(C)(C)C)n4)ccc3n(C)c21,7,7-9,0.0,0.0
49796,CCCCc1ccc(C#Cc2cccc(F)c2CCC)cc1,10,10,0.0,-0.058333333333333307
49798,COc1cc(O)c(C=O)cc1C,10,10,0.0,0.13999999999999999
49801,Cc1cc(Cl)cc(C)c1CO,10,10,-0.6,-0.3
49802,CC(=O)Nc1ccc(F)c(F)c1,10,10,0.0,0.0
49803,Cc1c(SCc2ccco2)cc[n+]([O-])c1C,10,10,0.0,0.0
49804,CN1C(=O)CCc2cc(Br)c(N)cc21,10,10,0.0,-0.012499999999999997
49805,Cc1c(C(=O)O)ccc2cccnc12,8,7-9,0.0,0.03452380952380953
49807,C=CCn1c2c(c(=O)n1-c1ccc(F)cc1F)[C@H]1CC[C@]2(C)C1(C)C,5,4-6,0.0,0.0
49808,N[C@@H]1C(=O)N[C@@H]1Oc1ccccc1,6,4-6,0.0,0.0
49810,CC(=O)Nc1cc(C)c(Br)cc1C(C)=O,10,10,0.0,-0.125
49811,CCOc1cc(C(C)(C)C)ncc1C1=N[C@@](C)(c2ccc(Cl)cc2)[C@@](C)(c2ccc(Cl)cc2)N1C(=O)N1CCN(C(=O)CNc2nccs2)CC1,5,4-6,0.0,0.0
49812,COc1ccccc1C1(O)C(O)CC(c2ccccc2)(c2ccccc2)C2CN(C(=O)Cc3c[nH]c4ccccc34)CC21,10,10,0.0,0.0
49813,CCCCn1c(=O)n(Cc2ccccc2O[Si](C)(C)C(C)(C)C)c(=O)c2c1nc(Cc1ccc(NC(C)=O)cc1)n2COC(=O)C(C)(C)C,8,7-9,0.0,0.05000000000000001
49815,Cc1cc(Nc2nc(Cl)nc3c2cnn3-c2ccccc2)n[nH]1,5,4-6,0.0,0.0
49816,Fc1ccc(-c2csc(NN=C3CCN(Cc4ccccc4)CC3)n2)cc1,4,4-6,0.0,0.0
49817,COc1ccccc1OCCN1CCC(NC(=O)c2ccccc2)CC1,8,7-9,0.0,0.0
49818,Nc1cccc(-c2c3n(c4ncnc(N)c24)CCCC3)c1,10,10,-0.35,-0.175
49819,COC(OC)c1cc(Oc2cccc(NC(=O)OCc3ccccc3)c2)ccc1[N+](=O)[O-],10,10,0.0,0.0
49820,CC(C)Oc1ccc(CO)cc1,8,7-9,0.0,-0.012499999999999997
49821,CCc1cc2c(cc1CC)CC(NC(=O)C(F)(F)F)C2,7,7-9,-0.8,-0.4
49822,CC(=O)Nc1cc(Br)ccc1C(=O)N1CCC(N(C)C)CC1,5,4-6,0.0,0.0
49825,O=C(Nc1c(C(O)(C(F)(F)F)C(F)(F)F)ccc2ccccc12)c1cc(Cl)cc(Cl)c1,9,7-9,0.0,0.0
49826,CCOC(=O)C=Cc1ccc(C2CCCCC2)c(Cl)c1,8,7-9,0.0,-0.017619047619047628
49827,Cc1ccc(CNc2cccc3nc(NC(=O)c4cccnc4)nn23)o1,6,4-6,0.0,0.0
49828,CCOC(=O)C1CCN(CCOc2ccc(O)cc2)CC1,8,7-9,0.05,0.025
49831,CC(C)C(=O)Nc1cccc(C2CCN(CCCCC(Oc3ccc(Cl)cc3)c3ccc(F)cc3)CC2)c1,6,4-6,0.0,0.0
49833,CCc1nc(I)c(I)n1CCNC(=O)OC(C)(C)C,8,7-9,0.0,0.0
49834,[N-]=[N+]=NCCc1ccccc1[N+](=O)[O-],10,10,0.0,0.0
49835,O=C(Nc1ccnc(N2CCNCC2)c1)c1cccc2c1Cc1ccccc1-2,10,10,0.0,-0.012499999999999997
49837,CC(C)(C)OC(=O)N1CCn2c(cc3ccccc32)C1,10,10,0.0,0.0
49838,CCCCCN1CCCCCC1=O,10,10,0.0,0.0
49839,CC(O)C(C)n1ncn(-c2ccc(N3CCN(c4ccc(O)cc4)CC3)cc2)c1=O,8,7-9,0.0,-0.008333333333333335
49841,O=C1OC(=O)c2cc(C(F)(F)F)ccc21,9,7-9,0.0,0.0
49842,CS(=O)(=O)c1ccc2nc(-c3cccc(C(F)(F)F)c3)c(CN3CCC(N4CCC(F)(F)C4)CC3)c(C(=O)O)c2c1,6,4-6,0.0,0.0
49844,C=CCn1c(Cl)nc2c1c(=O)[nH]c(=O)n2CC(F)(F)F,8,7-9,0.0,0.024999999999999994
49845,CCOc1cc2c(cc1OC)CCN(CC(=O)NC1CCc3ccccc31)C2Cc1ccc(OC)c(OC)c1,6,4-6,0.0,-0.050833333333333355
49846,Cc1nc2cc(Sc3cccc4cnccc34)c([N+](=O)[O-])cc2s1,8,7-9,0.65,0.325
49847,Fc1cccc(CSc2nc(Cl)cc(OC3COC(c4ccccc4)OC3)n2)c1F,8,7-9,0.0,0.0
49848,CCS(=O)(=O)N1CCC(c2c[nH]c3c(C(N)=O)cc(-c4cccc(CNCc5ccsc5)c4)cc23)CC1,7,7-9,-0.95,-0.475
49849,O=C(Nc1ccc(N2CCOCC2=O)cc1)C1CCCN1,7,7-9,0.0,0.0
49850,ClC(Cl)=CCOc1ccc(Sc2ccc(Cl)cc2)cc1Br,9,7-9,0.0,0.0
49851,O=C(O)C(CO)c1ccc(Nc2ncc(-c3ccc(OC(F)F)cc3)cn2)cc1,10,10,0.0,0.0
49853,CC(=O)N(C)c1ccc(CO)cc1,10,10,0.25,0.15
49854,COC(=O)c1cc(N)ccc1Br,7,7-9,0.0,0.0
49855,COC1(c2ccccc2C)CCc2c(C(=O)O)cc3c(nc(C)n3C)c2O1,6,4-6,-0.2,-0.1
49856,COc1cc(-c2ccc(Nc3ccc(C(=O)NCc4cccnc4)cc3)c3ncnn23)ccn1,9,7-9,0.0,-0.023749999999999993
49857,CC(=O)NC(CCc1ccc(-c2ccc(Sc3ccc(C)cc3)cc2F)cc1Cl)(COC(C)=O)COC(C)=O,10,10,0.0,0.0
49858,O=C(O)c1cccnc1Oc1cccc(C(F)(F)F)c1,9,7-9,0.0,0.0
49859,COc1ccc(CO[C@H](CO)CNC(=O)OC(C)(C)C)cc1OC,10,10,0.0,0.0
49861,CCC(O)(CC)Cn1nc(-c2c(C)n(CC(=O)O)c3ccc(F)cc23)c2ccccc2c1=O,10,10,-0.55,-0.275
49863,CS(=O)(=O)c1ccc(-c2ccccc2)c(C(=O)N2CCN(c3ccccc3)CC2)c1,9,7-9,0.0,0.0
49864,O=C(O)c1cc(F)c(F)cc1Nc1cc(F)c(F)cc1F,8,7-9,0.0,0.0
49865,O=C(Nc1ccc(C(=O)N2Cc3ccccc3Oc3ncccc32)cn1)c1ccccc1-c1ccccc1,6,4-6,0.0,0.0
49866,CN1CCN=C1c1cccc(Oc2nc(Oc3cc(C(=N)N)ccc3O)c(F)c(N(C)C3(C(=O)O)CCCC3)c2F)c1,9,7-9,0.0,-0.010357142857142865
49867,NNC(=O)c1ccc(NC(=O)c2ccccc2F)cc1F,8,7-9,0.0,0.0
49869,CC(C)(C)OC(=O)NC(CS(=O)(=O)CCN)C(=O)OC(C)(C)C,10,10,0.0,0.0
49870,COc1cc(C)c(NC(=O)c2cccnc2Cl)c(Br)n1,6,4-6,0.0,0.0
49871,CC#CCOc1cc(C#CCN2CCOCC2)cc(Sc2ccc(OCC(=O)O)c(C)c2)c1,5,4-6,0.0,0.0
49872,COc1cc(CO)cc(Cl)c1I,10,10,0.0,0.029166666666666664
49873,OCc1cccc2nc(Br)nn12,7,7-9,0.0,0.0008333333333333373
49874,O=C(c1cccc(F)c1)c1ccccc1Nc1ncccc1[N+](=O)[O-],6,4-6,0.0,0.0
49875,COc1cc(CCO)cc2c1OCO2,10,10,0.0,0.0
49876,Cc1ccnc(Cl)c1/C=C/n1cnc2c(Nc3ccc(P(C)(C)=O)cc3)ncnc21,3,2-3,0.0,0.0
49877,CCn1nc(NC(=O)NS(=O)(=O)c2ccccc2C(=O)OC)nc1SC,8,7-9,0.0,0.0
49878,COc1cc(Nc2nc(C)cc(Cc3ccccc3)n2)ccc1-n1cnc(C)n1,3,2-3,0.0,0.0
49879,Cc1cc(CC(=O)N2C[C@H](O)C[C@H]2C(=O)O)on1,9,7-9,0.0,0.08333333333333336
49880,CC(=O)NCc1cccc(CN)c1,9,7-9,0.05,0.025
49881,CC(N)C(=O)Nc1cc(-c2ccccc2)n[nH]1,8,7-9,0.0,0.0
49884,CN(C(=O)OCc1ccccc1)[C@H]1CC[C@@H](O)CC1,10,10,0.0,0.0
49887,NC(=O)N1CCC(Br)C1=O,9,7-9,0.0,0.0
49889,CCOC(=O)c1ccc2c(c1)CCC2N(CCc1c[nH]c2ccccc12)S(C)(=O)=O,7,7-9,0.0,0.0
49890,Cc1nn(-c2c(F)cccc2C#N)cc1C=O,8,7-9,0.0,0.0
49891,O=C(O)c1cnc2ncnn2c1O,10,10,0.0,0.0
49893,CC[C@@H](c1ccccc1)N1Cc2cc3c(cc2C[C@H]1C(=O)N[C@@H](Cc1ccc(-c2ccc(Cl)cc2)cc1)C(=O)OC)N(C)C(=O)[C@H](c1ccc(O)cc1)O3,10,10,0.0,0.08666666666666664
49894,CCOC(=O)CCN(C)C(=O)c1ccc(NC(c2oc3ccc(OC)cc3c2C)C(CC)CC)cc1,10,10,0.0,0.0
49896,CCOC(=O)Oc1ccc(F)cc1F,2,2-3,0.0,0.0
49898,COc1cc(C2CCN(CC(N)=O)CC2)ccc1Nc1ncc2c(C)cc(-c3ccccc3N(C)S(C)(=O)=O)n2n1,6,4-6,0.0,0.0
49903,COc1ccc2c(c1)[C@]1(C[C@H]1c1ccc3c(-c4ccc(N5CCC(OC(C)=O)CC5)cc4)n[nH]c3c1)C(=O)N2,10,10,0.0,0.0
49904,C[C@H](CO)n1ccc2c(C(=O)NCC3(O)CCCCCC3)c(Cl)ccc2c1=O,10,10,0.9,0.6083333333333332
49906,Clc1ccc(-c2ccccc2)cc1,10,10,0.0,0.016666666666666673
49907,CC(C)OC(=O)N1CC(O[C@H](C)C(=O)O)C1,10,10,0.0,0.0
49908,CCOC(=O)C1CN(Cc2cc(-c3cc(-c4ccc(CC(C)C)cc4)no3)cs2)C1,8,7-9,0.0,0.0
49909,COCc1nc(-c2cn3c(n2)-c2ccc(C4CCN(C(=O)OC(C)(C)C)CC4)cc2OCC3)n(C(C)C)n1,7,7-9,0.0,0.0
49910,O=C(O)c1sc(-c2ccc(Cl)cc2)nc1CBr,6,4-6,0.0,0.0
49911,Nc1cn(C2COC2)cn1,6,4-6,0.0,0.0
49912,CC(C)(C)OC(=O)N1CCC(O)(c2ccc(Cl)cc2)C(OCc2ccc3ccccc3c2)C1,8,7-9,0.0,0.0
49913,CC(C)(C)c1ccccc1N1CCN(C(=O)C2CCCO2)CC1,10,10,1.0,0.5
49914,CCC(C)c1ccccc1OC(=O)Cl,8,7-9,0.0,0.0
49915,CC(=O)NCC1CN(c2ccc(-c3ccc(COS(C)(=O)=O)cc3)c(F)c2)C(=O)O1,3,2-3,0.0,0.0
49916,COC(=O)[C@H](Cc1ccc(CCCC(C)O)s1)NC(=O)OC(C)(C)C,8,7-9,0.0,0.0
49917,CC(C)C(c1ccc(N)cc1)n1cncn1,6,4-6,0.0,0.0
49918,COCc1cccc(CNC(=O)c2nc3scc(COCc4ccc(C(=O)O)cc4)c3c(=O)[nH]2)c1,9,7-9,0.0,0.0
49919,COC(=O)[C@H](Cc1ccc(-c2c(C(F)(F)F)cc(C)n(C)c2=O)cc1)NC(=O)c1c(Cl)cccc1Cl,9,7-9,0.0,0.0
49921,C/C(=C\[C@H](C(C)C)N(C)C(=O)[C@@H](NC(=O)[C@@H](N)Cc1cccc2ccccc12)C(C)(C)C)C(=O)O,5,4-6,0.0,0.025
49922,Cn1c(=O)c2ccccc2n(CCCN2CCN(C(c3ccccc3)c3ccccc3)CC2)c1=O,6,4-6,0.0,0.049999999999999975
49923,CC(O)(CNC(=O)c1cnc(Br)c(-c2ccc(Cl)cc2)n1)C1CC1,8,7-9,0.0,0.0
49924,CC1(C)OC(=O)N2CC[C@H](CC(=O)O)C[C@@H]21,8,7-9,0.0,0.0
49927,CCOC(=O)COc1c(C(=O)OC)sc2c1sc1c(N(CC3CCCCC3)C(C)=O)cccc12,6,4-6,0.0,0.0
49929,Nc1nc(N)c(C(=O)O)nc1Cl,10,10,0.0,0.0
49930,Nc1cccc2c1C(O)(C(F)(F)F)CC(=O)N2,10,10,0.0,-0.13785714285714284
49931,Cn1cc(C2=C(c3c4n(c5ccccc35)CCC(CNC(=O)c3ccccc3)C4)C(=O)NC2=O)c2ccccc21,10,10,-0.25,-0.125
49932,CCOC(=O)C(Cc1ccc(OCc2ccccc2)cc1)OCC,10,10,0.0,0.0
49933,CC(=O)c1cc(C(=O)c2ccc3ccccc3c2)c[nH]1,8,7-9,0.0,0.0
49934,C#Cc1c(N)cc(C(F)(F)F)cc1Br,10,10,0.0,0.0
49937,COc1ccc(-c2nc3cc(F)c(F)cc3n2C(COc2c(C)cc(-c3nnn[nH]3)cc2C)C2CCCCC2)c(OC)n1,2,2-3,0.0,0.0
49938,O=CN1CCC(Oc2c(F)c(F)c(F)c(F)c2F)(c2ccccc2)CC1,9,7-9,0.0,0.0
49939,CCOC(=O)C1CCC(=O)N1Cc1ccc(F)cc1,8,7-9,0.0,0.0
49940,CN(C(=O)c1cc2c(s1)-c1ccc(Br)cc1OCC2)c1ccccc1Cl,9,7-9,0.0,0.0
49941,C=CCNc1nc(NC(=O)NC(C)(C)C)c2cc([N+](=O)[O-])ccc2n1,9,7-9,0.0,0.16666666666666663
49942,Cc1c(C(=O)O)cnn1-c1ncc(Br)cc1Cl,10,10,0.0,0.0
49943,O=C(O)c1nn(C(=O)c2c(Cl)cccc2C(F)(F)F)c2cccc(F)c12,10,10,0.0,0.0
49945,CCOC(=O)Cn1ncc2c1CCC[C@H]2N,10,10,0.0,0.0
49946,CCOC(=O)N1C(C)(C)COC1(C)C,6,4-6,0.0,0.0
49948,COc1ccccc1CNC(=O)c1cc(C(F)(F)F)nn1-c1cccc(CN)c1,9,7-9,0.0,0.0
49951,O=S(=O)(c1ccc(C#Cc2cnn3c(C(F)F)cc(-c4ccc(C(F)(F)F)cc4)nc23)cc1)N1CCOCC1,7,7-9,0.35,0.175
49952,COc1cc2nncc(-c3ccc(OCC4CC4)nc3)c2cc1OC,8,7-9,0.0,0.054761904761904755
49953,CC1(C)OB(c2cnn(Cc3ccncc3)c2)OC1(C)C,8,7-9,0.0,0.0
49954,COc1ccc(Nc2cc(C)nc(SCC#N)n2)cc1,5,4-6,0.0,0.0
49955,CC(C)c1nnc2ccc(OC3CCC(CC(=O)O)CC3)cn12,10,10,0.0,0.0
49956,CC(O)c1ccncc1-c1ccc2oc(=O)n(C)c2c1,9,7-9,0.0,0.0
49957,COc1ccc(C=NNC(=N)N)c(C)c1C,8,7-9,0.0,0.0
49958,CCCC[C@H](NC(=O)c1nc2ccccc2cc1NC(=O)Nc1c(Cl)cccc1Cl)C(=O)O,9,7-9,0.0,0.0
49959,CC(C)(N)Cc1nc(-c2ccccc2)no1,10,10,0.0,0.0
49960,CCCCn1cnc2c1c(=O)n(CCCP(=O)(OCC)OCC)c(=O)n2CCCC,7,7-9,0.0,0.027500000000000004
49964,COc1ccc(-c2ccccc2)cc1CN1C[C@@H]2CCCN2[C@H](C(c2ccccc2)c2ccccc2)C1,8,7-9,0.0,0.0
49967,Nc1cccc(C(=O)NCC(=O)NC(CC(=O)O)c2ccccc2)c1,8,7-9,0.0,0.0
49968,O=c1ccoc(CO)c1OCc1ccccc1,8,7-9,0.0,0.0
49969,CN1CCN(CCOc2ccc([N+](=O)[O-])cn2)CC1,8,7-9,0.0,0.0
49970,CC(Oc1cc(-n2cnc3cc(CO)ncc32)sc1C(N)=O)c1ccccc1C(F)(F)F,10,10,0.0,0.0
49972,CCC(CC)Nc1nc(SC)nc(Cl)c1C=O,5,4-6,0.0,0.0
49973,O=C1CCC(C2CCC3(CC2)OCCO3)N1,7,7-9,0.0,0.0
49974,CC(N)c1ncc(F)cn1,10,10,-0.45,-0.225
49975,CCc1ccc(Cl)cc1-c1c(C#N)ccn1S(=O)(=O)c1ccccc1,10,10,0.0,0.0
49976,COC(=O)c1cc(I)ccc1OCc1ccc(F)cc1,6,4-6,0.0,0.0
49977,CC(C)(C)c1nc2cc(S(=O)(=O)N3CCC[C@H](C(=O)O)C3)ccc2n1CC1CCOCC1,10,10,0.0,0.0
49978,CN(C)Cc1cc(N2C3CCC2COC3)nc(-c2ccc(NC(=O)NC3CC3)cc2)n1,9,7-9,0.0,0.0
49979,CCOC(=O)c1cc(C#N)c(NC2CCC(C(=O)O)C2)nc1C,9,7-9,0.0,0.0
49980,CC1CC(=NCc2cc(C(F)(F)F)cc(C(F)(F)F)c2)c2cc(C(F)(F)F)ccc2N1C(=O)OCc1ccccc1,4,4-6,0.0,0.0
49981,Cc1nnn(-c2ccc(N)cc2)n1,10,10,0.0,0.0
49982,CN1CCN(c2ccc(-c3c(CO)nc4ccccn34)cn2)CC1,10,10,0.0,0.0
49983,CC(C)c1cn(C2C3CC4CC(C3)CC2C4)c(=O)n1CC1CC1,8,7-9,0.0,0.0
49985,CC(C)(C)CC1NC(C(=O)Nc2ccsc2C(N)=O)C(c2cccc(Cl)c2F)C1(C#N)c1ccc(Cl)cc1F,1,1,0.0,0.0
49986,Cc1onc(-c2ccc(F)cc2)c1CNc1cc(C(=O)NC(C)C)n(C)n1,7,7-9,0.0,0.0
49989,Cc1onc(-c2cccc(F)c2)c1-c1cn(-c2cccc(C(=O)NC3CCCC3)c2)cn1,10,10,0.0,0.0
49991,COC(=O)[C@@H]1Cc2cc(N)c(O)cc2CN1C(=O)OC(C)C,7,7-9,0.0,0.0
49992,Cc1c(C=O)c2ccccc2n1C(=O)c1cccc2ccccc12,8,7-9,0.0,0.0
49993,O=C(NCCOc1ccc(CC(Oc2ccccc2)C(=O)O)cc1)c1ccc(-c2ccc(C(F)(F)F)cc2)cc1,10,10,0.0,0.0
49994,O=C1c2cc(Br)ccc2CCC1Cc1cccnc1,9,7-9,0.0,0.0
49995,Cc1nc(COc2ccc(Cn3cc(CCC(=O)O)c(-c4ccccc4)c3)cc2)cs1,9,7-9,0.0,0.0
49997,c1cc(CCC2OCCO2)c2ccncc2c1,8,7-9,0.0,0.0
49998,CC(C)(C)c1ccc(S(=O)(=O)NCc2ccc(C(=O)Nc3ccc(F)nc3)cc2)cc1,2,2-3,0.0,0.0
49999,CC(C)Oc1c(F)c(F)c(N)c2c(=O)c(C(=O)O)cn(C3CC3)c12,9,7-9,0.0,0.0
50000,O=C(CCN1CCN(c2ccccc2)CC1)c1ccc2c(c1)OCO2,7,7-9,0.0,0.0
50001,CCOC(=O)Nc1ccc(NCc2ccc(Cl)s2)cc1-c1cnc2ccccc2c1,9,7-9,-0.55,-0.275
50002,CCOC(=O)C(C)=NNc1ccc(CC)cc1,8,7-9,0.0,0.0
50003,COc1cc(C=C2C(=O)CCc3cc(Cl)ccc32)c([N+](=O)[O-])cc1OC,9,7-9,0.0,0.0
50004,COc1ccc(C(=O)N[C@H](C)c2cccc(Cl)c2)cc1S(=O)(=O)N1CCOCC1,7,7-9,0.0,0.0
50005,CC(C)(C)OC(=O)N1Cc2cc(NC(=O)c3ccccc3N)ccc2C(C)(C)C1,7,7-9,0.0,0.0
50006,C=CC1(OCc2ccccc2)COC1,7,7-9,0.0,0.0
50008,COC(=O)C(Br)c1ccc(OCOc2ccc(Cl)cc2)cc1,1,1,0.0,0.0
50009,CCCNC(=O)C1CCN(c2cc(-c3ccccc3)nc3ccc(F)cc23)CC1,10,10,0.0,0.0
50010,COC(=O)c1cc(OC)c(OCCCCl)cc1N,2,2-3,0.0,0.0
50011,CN[C@H](C)C(=O)NCCCc1ccc(F)cc1,8,7-9,0.0,0.0
50012,O=CNc1nc(C(=NOC2CCCC2)C(=O)O)cs1,10,10,0.0,0.0
50013,O=[N+]([O-])c1cccnc1Nc1ccc2[nH]ccc2c1,10,10,0.0,0.0
50014,COC(=O)c1ccc2c(c1)OCC(=Cc1ccc(F)cc1)C2=O,4,4-6,0.0,0.0
50016,COC(=O)[C@H]1C[C@H](S(=O)(=O)c2ccc(N=[N+]=[N-])cc2C(F)(F)F)C[C@@H]1OC,8,7-9,0.0,0.0
50017,COc1ccc(CC=C(C)c2ccc3ccccc3c2)cc1,9,7-9,0.0,0.0
50019,O=C(O)[C@@H](C1CCCCC1)N1C[C@H](CN2CCC(c3ncc(Cc4ccccc4)s3)CC2)[C@@H](c2ccccc2)C1,10,10,0.0,0.0
50021,COc1ccc(/C=N/[C@H](COc2ccc(-c3ccc(OC(F)(F)F)cc3)cc2)CN2C(=O)NC(C)(C)C2=O)cc1,10,10,0.0,0.0
50022,COc1ccc(-c2[nH]c3ccccc3c2CCNCCCc2ccc3[nH]ccc3c2)cc1OC,10,10,0.0,0.0
50023,CC(=O)OCC(C)(C)C(=O)N(C1CCC(O)CC1)[C@H]1CCN(C(=O)OCc2ccccc2)C1,10,10,-0.05,-0.025
50024,COc1cccc(-c2ccc3nc(NC(=O)c4cccnc4)nn3c2)c1,4,4-6,0.0,0.0
50026,OCc1cccc(OCCF)c1,10,10,0.0,-0.0030555555555555588
50027,Cc1onc(-c2ncc(Cl)cc2Cl)c1C(=O)NC1CCCC(CNC(=O)OCc2ccccc2)C1,7,7-9,0.0,0.0041666666666666675
50028,Cc1ccc(NC(=O)CCN)c(O)c1,10,10,0.0,0.0
50029,CN(Cc1ccc(C=O)c(F)c1)C(=O)OC(C)(C)C,7,7-9,0.15,0.18333333333333332
50032,Cc1cc([N+](=O)[O-])ccc1Oc1ccnc(N)c1,9,7-9,0.0,0.0
50033,COC(=O)c1[nH]c2cc(Cl)cc3c2c1C(CC(=O)O)CC3,9,7-9,0.0,0.0
50034,COc1cc(C(F)(F)F)cc(SC)c1C(=O)NC1(c2ccccc2)CC(O)CN(C)C1,9,7-9,0.0,0.0
50035,Cc1nn(CC(C)CO)c(-c2ccc(F)cc2)c1Br,10,10,0.0,0.0
50036,COC(=O)c1cc(SCc2ccc(OC)cc2)c(F)c(F)c1Nc1ccccc1F,1,1,0.0,0.0
